"experiment","n","k","rep","method","time","detected"
"vary_n",256,0,1,"PELT",0.004,1
"vary_n",256,0,1,"SVP BIC",0,1
"vary_n",256,0,1,"SVP BIC calibrated",0.002,1
"vary_n",256,0,1,"SVP BIC multiscale",0,1
"vary_n",256,0,2,"PELT",0.001,3
"vary_n",256,0,2,"SVP BIC",0.002,2
"vary_n",256,0,2,"SVP BIC calibrated",0.001,2
"vary_n",256,0,2,"SVP BIC multiscale",0.001,3
"vary_n",256,0,3,"PELT",0.001,1
"vary_n",256,0,3,"SVP BIC",0,1
"vary_n",256,0,3,"SVP BIC calibrated",0,1
"vary_n",256,0,3,"SVP BIC multiscale",0.001,1
"vary_n",256,0,4,"PELT",0.00100000000000011,1
"vary_n",256,0,4,"SVP BIC",0.00099999999999989,1
"vary_n",256,0,4,"SVP BIC calibrated",0,1
"vary_n",256,0,4,"SVP BIC multiscale",0.002,3
"vary_n",256,0,5,"PELT",0.00099999999999989,1
"vary_n",256,0,5,"SVP BIC",0,1
"vary_n",256,0,5,"SVP BIC calibrated",0,1
"vary_n",256,0,5,"SVP BIC multiscale",0,1
"vary_n",256,0,6,"PELT",0.00100000000000011,1
"vary_n",256,0,6,"SVP BIC",0.00100000000000011,1
"vary_n",256,0,6,"SVP BIC calibrated",0,1
"vary_n",256,0,6,"SVP BIC multiscale",0,1
"vary_n",256,0,7,"PELT",0.00100000000000011,1
"vary_n",256,0,7,"SVP BIC",0,1
"vary_n",256,0,7,"SVP BIC calibrated",0.00100000000000011,1
"vary_n",256,0,7,"SVP BIC multiscale",0,1
"vary_n",256,0,8,"PELT",0.00100000000000011,2
"vary_n",256,0,8,"SVP BIC",0,1
"vary_n",256,0,8,"SVP BIC calibrated",0.00100000000000011,2
"vary_n",256,0,8,"SVP BIC multiscale",0.002,2
"vary_n",256,0,9,"PELT",0,1
"vary_n",256,0,9,"SVP BIC",0,1
"vary_n",256,0,9,"SVP BIC calibrated",0,1
"vary_n",256,0,9,"SVP BIC multiscale",0,1
"vary_n",256,0,10,"PELT",0,1
"vary_n",256,0,10,"SVP BIC",0,1
"vary_n",256,0,10,"SVP BIC calibrated",0.00099999999999989,1
"vary_n",256,0,10,"SVP BIC multiscale",0,1
"vary_n",256,0,11,"PELT",0,1
"vary_n",256,0,11,"SVP BIC",0.00099999999999989,1
"vary_n",256,0,11,"SVP BIC calibrated",0.00100000000000033,1
"vary_n",256,0,11,"SVP BIC multiscale",0,1
"vary_n",256,0,12,"PELT",0.00099999999999989,1
"vary_n",256,0,12,"SVP BIC",0.00099999999999989,1
"vary_n",256,0,12,"SVP BIC calibrated",0,1
"vary_n",256,0,12,"SVP BIC multiscale",0,1
"vary_n",256,0,13,"PELT",0.00099999999999989,1
"vary_n",256,0,13,"SVP BIC",0,1
"vary_n",256,0,13,"SVP BIC calibrated",0,1
"vary_n",256,0,13,"SVP BIC multiscale",0,1
"vary_n",256,0,14,"PELT",0.00099999999999989,1
"vary_n",256,0,14,"SVP BIC",0,1
"vary_n",256,0,14,"SVP BIC calibrated",0,1
"vary_n",256,0,14,"SVP BIC multiscale",0,1
"vary_n",256,0,15,"PELT",0.00099999999999989,1
"vary_n",256,0,15,"SVP BIC",0,1
"vary_n",256,0,15,"SVP BIC calibrated",0,1
"vary_n",256,0,15,"SVP BIC multiscale",0,1
"vary_n",256,0,16,"PELT",0.00099999999999989,1
"vary_n",256,0,16,"SVP BIC",0,1
"vary_n",256,0,16,"SVP BIC calibrated",0.00099999999999989,1
"vary_n",256,0,16,"SVP BIC multiscale",0,1
"vary_n",256,0,17,"PELT",0,1
"vary_n",256,0,17,"SVP BIC",0,1
"vary_n",256,0,17,"SVP BIC calibrated",0,1
"vary_n",256,0,17,"SVP BIC multiscale",0,1
"vary_n",256,0,18,"PELT",0.00099999999999989,1
"vary_n",256,0,18,"SVP BIC",0,1
"vary_n",256,0,18,"SVP BIC calibrated",0,1
"vary_n",256,0,18,"SVP BIC multiscale",0,1
"vary_n",256,0,19,"PELT",0.00099999999999989,1
"vary_n",256,0,19,"SVP BIC",0.00099999999999989,1
"vary_n",256,0,19,"SVP BIC calibrated",0.00200000000000022,2
"vary_n",256,0,19,"SVP BIC multiscale",0.00100000000000033,3
"vary_n",256,0,20,"PELT",0.00099999999999989,1
"vary_n",256,0,20,"SVP BIC",0,1
"vary_n",256,0,20,"SVP BIC calibrated",0.00099999999999989,2
"vary_n",256,0,20,"SVP BIC multiscale",0.00199999999999978,3
"vary_n",319,0,1,"PELT",0.00100000000000033,1
"vary_n",319,0,1,"SVP BIC",0.00099999999999989,1
"vary_n",319,0,1,"SVP BIC calibrated",0,1
"vary_n",319,0,1,"SVP BIC multiscale",0.00199999999999978,2
"vary_n",319,0,2,"PELT",0,1
"vary_n",319,0,2,"SVP BIC",0,1
"vary_n",319,0,2,"SVP BIC calibrated",0,1
"vary_n",319,0,2,"SVP BIC multiscale",0,1
"vary_n",319,0,3,"PELT",0.00100000000000033,1
"vary_n",319,0,3,"SVP BIC",0.00099999999999989,1
"vary_n",319,0,3,"SVP BIC calibrated",0,1
"vary_n",319,0,3,"SVP BIC multiscale",0,1
"vary_n",319,0,4,"PELT",0.00200000000000022,1
"vary_n",319,0,4,"SVP BIC",0,1
"vary_n",319,0,4,"SVP BIC calibrated",0.00099999999999989,1
"vary_n",319,0,4,"SVP BIC multiscale",0,1
"vary_n",319,0,5,"PELT",0.00099999999999989,1
"vary_n",319,0,5,"SVP BIC",0.00099999999999989,1
"vary_n",319,0,5,"SVP BIC calibrated",0.00100000000000033,1
"vary_n",319,0,5,"SVP BIC multiscale",0,1
"vary_n",319,0,6,"PELT",0.000999999999999446,1
"vary_n",319,0,6,"SVP BIC",0.00100000000000033,1
"vary_n",319,0,6,"SVP BIC calibrated",0.000999999999999446,1
"vary_n",319,0,6,"SVP BIC multiscale",0,1
"vary_n",319,0,7,"PELT",0.00100000000000033,1
"vary_n",319,0,7,"SVP BIC",0.000999999999999446,1
"vary_n",319,0,7,"SVP BIC calibrated",0.00100000000000033,1
"vary_n",319,0,7,"SVP BIC multiscale",0,1
"vary_n",319,0,8,"PELT",0.000999999999999446,1
"vary_n",319,0,8,"SVP BIC",0,1
"vary_n",319,0,8,"SVP BIC calibrated",0.00300000000000011,2
"vary_n",319,0,8,"SVP BIC multiscale",0.00199999999999978,3
"vary_n",319,0,9,"PELT",0,1
"vary_n",319,0,9,"SVP BIC",0,1
"vary_n",319,0,9,"SVP BIC calibrated",0.000999999999999446,1
"vary_n",319,0,9,"SVP BIC multiscale",0,1
"vary_n",319,0,10,"PELT",0.000999999999999446,1
"vary_n",319,0,10,"SVP BIC",0,1
"vary_n",319,0,10,"SVP BIC calibrated",0.00100000000000033,1
"vary_n",319,0,10,"SVP BIC multiscale",0.000999999999999446,1
"vary_n",319,0,11,"PELT",0.00100000000000033,1
"vary_n",319,0,11,"SVP BIC",0,1
"vary_n",319,0,11,"SVP BIC calibrated",0,1
"vary_n",319,0,11,"SVP BIC multiscale",0,1
"vary_n",319,0,12,"PELT",0.000999999999999446,1
"vary_n",319,0,12,"SVP BIC",0.000999999999999446,1
"vary_n",319,0,12,"SVP BIC calibrated",0,1
"vary_n",319,0,12,"SVP BIC multiscale",0,1
"vary_n",319,0,13,"PELT",0.00100000000000033,1
"vary_n",319,0,13,"SVP BIC",0,1
"vary_n",319,0,13,"SVP BIC calibrated",0.000999999999999446,1
"vary_n",319,0,13,"SVP BIC multiscale",0,1
"vary_n",319,0,14,"PELT",0.00100000000000033,1
"vary_n",319,0,14,"SVP BIC",0.00100000000000033,1
"vary_n",319,0,14,"SVP BIC calibrated",0.00100000000000033,1
"vary_n",319,0,14,"SVP BIC multiscale",0,1
"vary_n",319,0,15,"PELT",0.00100000000000033,1
"vary_n",319,0,15,"SVP BIC",0,1
"vary_n",319,0,15,"SVP BIC calibrated",0,1
"vary_n",319,0,15,"SVP BIC multiscale",0,1
"vary_n",319,0,16,"PELT",0.000999999999999446,1
"vary_n",319,0,16,"SVP BIC",0,1
"vary_n",319,0,16,"SVP BIC calibrated",0.000999999999999446,1
"vary_n",319,0,16,"SVP BIC multiscale",0,1
"vary_n",319,0,17,"PELT",0.00100000000000033,1
"vary_n",319,0,17,"SVP BIC",0.000999999999999446,1
"vary_n",319,0,17,"SVP BIC calibrated",0,1
"vary_n",319,0,17,"SVP BIC multiscale",0,1
"vary_n",319,0,18,"PELT",0,1
"vary_n",319,0,18,"SVP BIC",0,1
"vary_n",319,0,18,"SVP BIC calibrated",0.00100000000000033,1
"vary_n",319,0,18,"SVP BIC multiscale",0,1
"vary_n",319,0,19,"PELT",0.00100000000000033,1
"vary_n",319,0,19,"SVP BIC",0.00100000000000033,1
"vary_n",319,0,19,"SVP BIC calibrated",0.00100000000000033,1
"vary_n",319,0,19,"SVP BIC multiscale",0,1
"vary_n",319,0,20,"PELT",0.00100000000000033,1
"vary_n",319,0,20,"SVP BIC",0,1
"vary_n",319,0,20,"SVP BIC calibrated",0.00199999999999978,2
"vary_n",319,0,20,"SVP BIC multiscale",0.00100000000000033,3
"vary_n",397,0,1,"PELT",0,1
"vary_n",397,0,1,"SVP BIC",0.00100000000000033,1
"vary_n",397,0,1,"SVP BIC calibrated",0.00100000000000033,1
"vary_n",397,0,1,"SVP BIC multiscale",0,1
"vary_n",397,0,2,"PELT",0,1
"vary_n",397,0,2,"SVP BIC",0.00100000000000033,1
"vary_n",397,0,2,"SVP BIC calibrated",0.000999999999999446,1
"vary_n",397,0,2,"SVP BIC multiscale",0,1
"vary_n",397,0,3,"PELT",0.00100000000000033,1
"vary_n",397,0,3,"SVP BIC",0.000999999999999446,1
"vary_n",397,0,3,"SVP BIC calibrated",0,1
"vary_n",397,0,3,"SVP BIC multiscale",0,1
"vary_n",397,0,4,"PELT",0.00100000000000033,1
"vary_n",397,0,4,"SVP BIC",0,1
"vary_n",397,0,4,"SVP BIC calibrated",0.00100000000000033,1
"vary_n",397,0,4,"SVP BIC multiscale",0.00100000000000033,1
"vary_n",397,0,5,"PELT",0.000999999999999446,1
"vary_n",397,0,5,"SVP BIC",0.00100000000000033,1
"vary_n",397,0,5,"SVP BIC calibrated",0.00100000000000033,1
"vary_n",397,0,5,"SVP BIC multiscale",0,1
"vary_n",397,0,6,"PELT",0,1
"vary_n",397,0,6,"SVP BIC",0,1
"vary_n",397,0,6,"SVP BIC calibrated",0,1
"vary_n",397,0,6,"SVP BIC multiscale",0,1
"vary_n",397,0,7,"PELT",0.00100000000000033,1
"vary_n",397,0,7,"SVP BIC",0.000999999999999446,1
"vary_n",397,0,7,"SVP BIC calibrated",0.00100000000000033,1
"vary_n",397,0,7,"SVP BIC multiscale",0,1
"vary_n",397,0,8,"PELT",0.00100000000000033,1
"vary_n",397,0,8,"SVP BIC",0.00100000000000033,1
"vary_n",397,0,8,"SVP BIC calibrated",0,1
"vary_n",397,0,8,"SVP BIC multiscale",0,1
"vary_n",397,0,9,"PELT",0.00100000000000033,1
"vary_n",397,0,9,"SVP BIC",0.00100000000000033,1
"vary_n",397,0,9,"SVP BIC calibrated",0.000999999999999446,1
"vary_n",397,0,9,"SVP BIC multiscale",0,1
"vary_n",397,0,10,"PELT",0.00100000000000033,1
"vary_n",397,0,10,"SVP BIC",0,1
"vary_n",397,0,10,"SVP BIC calibrated",0.00100000000000033,1
"vary_n",397,0,10,"SVP BIC multiscale",0,1
"vary_n",397,0,11,"PELT",0.000999999999999446,1
"vary_n",397,0,11,"SVP BIC",0.00100000000000033,1
"vary_n",397,0,11,"SVP BIC calibrated",0,1
"vary_n",397,0,11,"SVP BIC multiscale",0.000999999999999446,1
"vary_n",397,0,12,"PELT",0.00100000000000033,1
"vary_n",397,0,12,"SVP BIC",0.00100000000000033,1
"vary_n",397,0,12,"SVP BIC calibrated",0,1
"vary_n",397,0,12,"SVP BIC multiscale",0,1
"vary_n",397,0,13,"PELT",0,1
"vary_n",397,0,13,"SVP BIC",0,1
"vary_n",397,0,13,"SVP BIC calibrated",0.000999999999999446,1
"vary_n",397,0,13,"SVP BIC multiscale",0,1
"vary_n",397,0,14,"PELT",0.00100000000000033,1
"vary_n",397,0,14,"SVP BIC",0.000999999999999446,1
"vary_n",397,0,14,"SVP BIC calibrated",0,1
"vary_n",397,0,14,"SVP BIC multiscale",0,1
"vary_n",397,0,15,"PELT",0.000999999999999446,1
"vary_n",397,0,15,"SVP BIC",0.00100000000000033,1
"vary_n",397,0,15,"SVP BIC calibrated",0,1
"vary_n",397,0,15,"SVP BIC multiscale",0,1
"vary_n",397,0,16,"PELT",0.00100000000000122,1
"vary_n",397,0,16,"SVP BIC",0,1
"vary_n",397,0,16,"SVP BIC calibrated",0,1
"vary_n",397,0,16,"SVP BIC multiscale",0,1
"vary_n",397,0,17,"PELT",0,1
"vary_n",397,0,17,"SVP BIC",0.000999999999999446,1
"vary_n",397,0,17,"SVP BIC calibrated",0,1
"vary_n",397,0,17,"SVP BIC multiscale",0,1
"vary_n",397,0,18,"PELT",0.000999999999999446,1
"vary_n",397,0,18,"SVP BIC",0.000999999999999446,1
"vary_n",397,0,18,"SVP BIC calibrated",0.000999999999999446,1
"vary_n",397,0,18,"SVP BIC multiscale",0,1
"vary_n",397,0,19,"PELT",0.000999999999999446,1
"vary_n",397,0,19,"SVP BIC",0,1
"vary_n",397,0,19,"SVP BIC calibrated",0,1
"vary_n",397,0,19,"SVP BIC multiscale",0,1
"vary_n",397,0,20,"PELT",0.00100000000000122,1
"vary_n",397,0,20,"SVP BIC",0.000999999999999446,1
"vary_n",397,0,20,"SVP BIC calibrated",0,1
"vary_n",397,0,20,"SVP BIC multiscale",0.00100000000000122,1
"vary_n",494,0,1,"PELT",0.00100000000000122,1
"vary_n",494,0,1,"SVP BIC",0,1
"vary_n",494,0,1,"SVP BIC calibrated",0.00100000000000122,1
"vary_n",494,0,1,"SVP BIC multiscale",0,1
"vary_n",494,0,2,"PELT",0.00100000000000122,1
"vary_n",494,0,2,"SVP BIC",0.000999999999999446,1
"vary_n",494,0,2,"SVP BIC calibrated",0.000999999999999446,1
"vary_n",494,0,2,"SVP BIC multiscale",0,1
"vary_n",494,0,3,"PELT",0.000999999999999446,1
"vary_n",494,0,3,"SVP BIC",0.000999999999999446,1
"vary_n",494,0,3,"SVP BIC calibrated",0.00100000000000122,1
"vary_n",494,0,3,"SVP BIC multiscale",0.000999999999999446,1
"vary_n",494,0,4,"PELT",0.000999999999999446,1
"vary_n",494,0,4,"SVP BIC",0.000999999999999446,1
"vary_n",494,0,4,"SVP BIC calibrated",0.00100000000000122,1
"vary_n",494,0,4,"SVP BIC multiscale",0.000999999999999446,1
"vary_n",494,0,5,"PELT",0.000999999999999446,1
"vary_n",494,0,5,"SVP BIC",0,1
"vary_n",494,0,5,"SVP BIC calibrated",0.000999999999999446,1
"vary_n",494,0,5,"SVP BIC multiscale",0,1
"vary_n",494,0,6,"PELT",0.000999999999999446,1
"vary_n",494,0,6,"SVP BIC",0,1
"vary_n",494,0,6,"SVP BIC calibrated",0.000999999999999446,1
"vary_n",494,0,6,"SVP BIC multiscale",0.00100000000000122,1
"vary_n",494,0,7,"PELT",0.000999999999999446,1
"vary_n",494,0,7,"SVP BIC",0.00100000000000122,1
"vary_n",494,0,7,"SVP BIC calibrated",0.00699999999999967,2
"vary_n",494,0,7,"SVP BIC multiscale",0.00699999999999967,2
"vary_n",494,0,8,"PELT",0,1
"vary_n",494,0,8,"SVP BIC",0,1
"vary_n",494,0,8,"SVP BIC calibrated",0.00100000000000122,1
"vary_n",494,0,8,"SVP BIC multiscale",0,1
"vary_n",494,0,9,"PELT",0.000999999999999446,1
"vary_n",494,0,9,"SVP BIC",0,1
"vary_n",494,0,9,"SVP BIC calibrated",0,1
"vary_n",494,0,9,"SVP BIC multiscale",0,1
"vary_n",494,0,10,"PELT",0.00100000000000122,1
"vary_n",494,0,10,"SVP BIC",0.000999999999999446,1
"vary_n",494,0,10,"SVP BIC calibrated",0.000999999999999446,1
"vary_n",494,0,10,"SVP BIC multiscale",0.000999999999999446,1
"vary_n",494,0,11,"PELT",0,1
"vary_n",494,0,11,"SVP BIC",0.000999999999999446,1
"vary_n",494,0,11,"SVP BIC calibrated",0,1
"vary_n",494,0,11,"SVP BIC multiscale",0.000999999999999446,1
"vary_n",494,0,12,"PELT",0.00100000000000122,1
"vary_n",494,0,12,"SVP BIC",0,1
"vary_n",494,0,12,"SVP BIC calibrated",0.000999999999999446,1
"vary_n",494,0,12,"SVP BIC multiscale",0,1
"vary_n",494,0,13,"PELT",0.00100000000000122,1
"vary_n",494,0,13,"SVP BIC",0,1
"vary_n",494,0,13,"SVP BIC calibrated",0.000999999999999446,1
"vary_n",494,0,13,"SVP BIC multiscale",0.000999999999999446,1
"vary_n",494,0,14,"PELT",0.000999999999999446,1
"vary_n",494,0,14,"SVP BIC",0,1
"vary_n",494,0,14,"SVP BIC calibrated",0.000999999999999446,1
"vary_n",494,0,14,"SVP BIC multiscale",0,1
"vary_n",494,0,15,"PELT",0.00100000000000122,1
"vary_n",494,0,15,"SVP BIC",0.000999999999999446,1
"vary_n",494,0,15,"SVP BIC calibrated",0.000999999999999446,1
"vary_n",494,0,15,"SVP BIC multiscale",0,1
"vary_n",494,0,16,"PELT",0.000999999999999446,1
"vary_n",494,0,16,"SVP BIC",0,1
"vary_n",494,0,16,"SVP BIC calibrated",0,1
"vary_n",494,0,16,"SVP BIC multiscale",0,1
"vary_n",494,0,17,"PELT",0.000999999999999446,1
"vary_n",494,0,17,"SVP BIC",0.000999999999999446,1
"vary_n",494,0,17,"SVP BIC calibrated",0.000999999999999446,1
"vary_n",494,0,17,"SVP BIC multiscale",0,1
"vary_n",494,0,18,"PELT",0.00100000000000122,1
"vary_n",494,0,18,"SVP BIC",0.00100000000000122,1
"vary_n",494,0,18,"SVP BIC calibrated",0,1
"vary_n",494,0,18,"SVP BIC multiscale",0,1
"vary_n",494,0,19,"PELT",0.000999999999999446,1
"vary_n",494,0,19,"SVP BIC",0.000999999999999446,1
"vary_n",494,0,19,"SVP BIC calibrated",0.000999999999999446,1
"vary_n",494,0,19,"SVP BIC multiscale",0,1
"vary_n",494,0,20,"PELT",0.000999999999999446,1
"vary_n",494,0,20,"SVP BIC",0.000999999999999446,1
"vary_n",494,0,20,"SVP BIC calibrated",0,1
"vary_n",494,0,20,"SVP BIC multiscale",0,1
"vary_n",614,0,1,"PELT",0.000999999999999446,1
"vary_n",614,0,1,"SVP BIC",0.00100000000000122,1
"vary_n",614,0,1,"SVP BIC calibrated",0.00600000000000023,2
"vary_n",614,0,1,"SVP BIC multiscale",0.00999999999999979,3
"vary_n",614,0,2,"PELT",0.00100000000000122,1
"vary_n",614,0,2,"SVP BIC",0.00100000000000122,1
"vary_n",614,0,2,"SVP BIC calibrated",0.000999999999999446,1
"vary_n",614,0,2,"SVP BIC multiscale",0,1
"vary_n",614,0,3,"PELT",0.00100000000000122,1
"vary_n",614,0,3,"SVP BIC",0.00100000000000122,1
"vary_n",614,0,3,"SVP BIC calibrated",0.000999999999999446,1
"vary_n",614,0,3,"SVP BIC multiscale",0,1
"vary_n",614,0,4,"PELT",0.000999999999999446,1
"vary_n",614,0,4,"SVP BIC",0.000999999999999446,1
"vary_n",614,0,4,"SVP BIC calibrated",0.000999999999999446,1
"vary_n",614,0,4,"SVP BIC multiscale",0.000999999999999446,1
"vary_n",614,0,5,"PELT",0.000999999999999446,1
"vary_n",614,0,5,"SVP BIC",0,1
"vary_n",614,0,5,"SVP BIC calibrated",0.000999999999999446,1
"vary_n",614,0,5,"SVP BIC multiscale",0,1
"vary_n",614,0,6,"PELT",0.00199999999999889,1
"vary_n",614,0,6,"SVP BIC",0.00100000000000122,1
"vary_n",614,0,6,"SVP BIC calibrated",0.00100000000000122,1
"vary_n",614,0,6,"SVP BIC multiscale",0,1
"vary_n",614,0,7,"PELT",0.00100000000000122,1
"vary_n",614,0,7,"SVP BIC",0,1
"vary_n",614,0,7,"SVP BIC calibrated",0.000999999999999446,1
"vary_n",614,0,7,"SVP BIC multiscale",0,1
"vary_n",614,0,8,"PELT",0.000999999999999446,1
"vary_n",614,0,8,"SVP BIC",0,1
"vary_n",614,0,8,"SVP BIC calibrated",0.000999999999999446,1
"vary_n",614,0,8,"SVP BIC multiscale",0,1
"vary_n",614,0,9,"PELT",0.00100000000000122,1
"vary_n",614,0,9,"SVP BIC",0.00100000000000122,1
"vary_n",614,0,9,"SVP BIC calibrated",0,1
"vary_n",614,0,9,"SVP BIC multiscale",0,1
"vary_n",614,0,10,"PELT",0.000999999999999446,1
"vary_n",614,0,10,"SVP BIC",0.00100000000000122,1
"vary_n",614,0,10,"SVP BIC calibrated",0.00100000000000122,1
"vary_n",614,0,10,"SVP BIC multiscale",0,1
"vary_n",614,0,11,"PELT",0.000999999999999446,1
"vary_n",614,0,11,"SVP BIC",0.000999999999999446,1
"vary_n",614,0,11,"SVP BIC calibrated",0.000999999999999446,1
"vary_n",614,0,11,"SVP BIC multiscale",0,1
"vary_n",614,0,12,"PELT",0.000999999999999446,1
"vary_n",614,0,12,"SVP BIC",0,1
"vary_n",614,0,12,"SVP BIC calibrated",0.000999999999999446,1
"vary_n",614,0,12,"SVP BIC multiscale",0,1
"vary_n",614,0,13,"PELT",0.000999999999999446,1
"vary_n",614,0,13,"SVP BIC",0.000999999999999446,1
"vary_n",614,0,13,"SVP BIC calibrated",0,1
"vary_n",614,0,13,"SVP BIC multiscale",0,1
"vary_n",614,0,14,"PELT",0.00100000000000122,1
"vary_n",614,0,14,"SVP BIC",0.000999999999999446,1
"vary_n",614,0,14,"SVP BIC calibrated",0.000999999999999446,1
"vary_n",614,0,14,"SVP BIC multiscale",0,1
"vary_n",614,0,15,"PELT",0.000999999999999446,1
"vary_n",614,0,15,"SVP BIC",0.000999999999999446,1
"vary_n",614,0,15,"SVP BIC calibrated",0.00100000000000122,1
"vary_n",614,0,15,"SVP BIC multiscale",0,1
"vary_n",614,0,16,"PELT",0.000999999999999446,1
"vary_n",614,0,16,"SVP BIC",0,1
"vary_n",614,0,16,"SVP BIC calibrated",0.00500000000000078,2
"vary_n",614,0,16,"SVP BIC multiscale",0.00999999999999979,2
"vary_n",614,0,17,"PELT",0.000999999999999446,1
"vary_n",614,0,17,"SVP BIC",0.000999999999999446,1
"vary_n",614,0,17,"SVP BIC calibrated",0.000999999999999446,1
"vary_n",614,0,17,"SVP BIC multiscale",0,1
"vary_n",614,0,18,"PELT",0.000999999999999446,1
"vary_n",614,0,18,"SVP BIC",0.000999999999999446,1
"vary_n",614,0,18,"SVP BIC calibrated",0.000999999999999446,1
"vary_n",614,0,18,"SVP BIC multiscale",0,1
"vary_n",614,0,19,"PELT",0.000999999999999446,1
"vary_n",614,0,19,"SVP BIC",0,1
"vary_n",614,0,19,"SVP BIC calibrated",0.00100000000000122,1
"vary_n",614,0,19,"SVP BIC multiscale",0,1
"vary_n",614,0,20,"PELT",0.00100000000000122,1
"vary_n",614,0,20,"SVP BIC",0.00100000000000122,1
"vary_n",614,0,20,"SVP BIC calibrated",0.00100000000000122,1
"vary_n",614,0,20,"SVP BIC multiscale",0,1
"vary_n",765,0,1,"PELT",0.00100000000000122,1
"vary_n",765,0,1,"SVP BIC",0.00100000000000122,1
"vary_n",765,0,1,"SVP BIC calibrated",0.00100000000000122,1
"vary_n",765,0,1,"SVP BIC multiscale",0,1
"vary_n",765,0,2,"PELT",0.000999999999999446,1
"vary_n",765,0,2,"SVP BIC",0.00100000000000122,1
"vary_n",765,0,2,"SVP BIC calibrated",0.000999999999999446,1
"vary_n",765,0,2,"SVP BIC multiscale",0,1
"vary_n",765,0,3,"PELT",0.000999999999999446,1
"vary_n",765,0,3,"SVP BIC",0.000999999999999446,1
"vary_n",765,0,3,"SVP BIC calibrated",0.000999999999999446,1
"vary_n",765,0,3,"SVP BIC multiscale",0,1
"vary_n",765,0,4,"PELT",0.00199999999999889,1
"vary_n",765,0,4,"SVP BIC",0.000999999999999446,1
"vary_n",765,0,4,"SVP BIC calibrated",0.00100000000000122,1
"vary_n",765,0,4,"SVP BIC multiscale",0,1
"vary_n",765,0,5,"PELT",0.000999999999999446,1
"vary_n",765,0,5,"SVP BIC",0.000999999999999446,1
"vary_n",765,0,5,"SVP BIC calibrated",0.00100000000000122,1
"vary_n",765,0,5,"SVP BIC multiscale",0,1
"vary_n",765,0,6,"PELT",0.000999999999999446,1
"vary_n",765,0,6,"SVP BIC",0.00100000000000122,1
"vary_n",765,0,6,"SVP BIC calibrated",0.00100000000000122,1
"vary_n",765,0,6,"SVP BIC multiscale",0,1
"vary_n",765,0,7,"PELT",0.000999999999999446,1
"vary_n",765,0,7,"SVP BIC",0.00100000000000122,1
"vary_n",765,0,7,"SVP BIC calibrated",0.00100000000000122,1
"vary_n",765,0,7,"SVP BIC multiscale",0,1
"vary_n",765,0,8,"PELT",0.000999999999999446,1
"vary_n",765,0,8,"SVP BIC",0.000999999999999446,1
"vary_n",765,0,8,"SVP BIC calibrated",0.000999999999999446,1
"vary_n",765,0,8,"SVP BIC multiscale",0,1
"vary_n",765,0,9,"PELT",0.00100000000000122,1
"vary_n",765,0,9,"SVP BIC",0.00100000000000122,1
"vary_n",765,0,9,"SVP BIC calibrated",0.00100000000000122,1
"vary_n",765,0,9,"SVP BIC multiscale",0,1
"vary_n",765,0,10,"PELT",0.00200000000000067,1
"vary_n",765,0,10,"SVP BIC",0.00100000000000122,1
"vary_n",765,0,10,"SVP BIC calibrated",0.00100000000000122,1
"vary_n",765,0,10,"SVP BIC multiscale",0,1
"vary_n",765,0,11,"PELT",0.000999999999999446,1
"vary_n",765,0,11,"SVP BIC",0.000999999999999446,1
"vary_n",765,0,11,"SVP BIC calibrated",0.0109999999999992,2
"vary_n",765,0,11,"SVP BIC multiscale",0.0109999999999992,2
"vary_n",765,0,12,"PELT",0.00100000000000122,1
"vary_n",765,0,12,"SVP BIC",0.000999999999999446,1
"vary_n",765,0,12,"SVP BIC calibrated",0.000999999999999446,1
"vary_n",765,0,12,"SVP BIC multiscale",0,1
"vary_n",765,0,13,"PELT",0.000999999999999446,1
"vary_n",765,0,13,"SVP BIC",0.00100000000000122,1
"vary_n",765,0,13,"SVP BIC calibrated",0.000999999999999446,1
"vary_n",765,0,13,"SVP BIC multiscale",0,1
"vary_n",765,0,14,"PELT",0.000999999999999446,1
"vary_n",765,0,14,"SVP BIC",0.000999999999999446,1
"vary_n",765,0,14,"SVP BIC calibrated",0.000999999999999446,1
"vary_n",765,0,14,"SVP BIC multiscale",0,1
"vary_n",765,0,15,"PELT",0.000999999999999446,1
"vary_n",765,0,15,"SVP BIC",0.00100000000000122,1
"vary_n",765,0,15,"SVP BIC calibrated",0.000999999999999446,1
"vary_n",765,0,15,"SVP BIC multiscale",0,1
"vary_n",765,0,16,"PELT",0.000999999999999446,1
"vary_n",765,0,16,"SVP BIC",0.000999999999999446,1
"vary_n",765,0,16,"SVP BIC calibrated",0.000999999999999446,1
"vary_n",765,0,16,"SVP BIC multiscale",0,1
"vary_n",765,0,17,"PELT",0.000999999999999446,1
"vary_n",765,0,17,"SVP BIC",0.000999999999999446,1
"vary_n",765,0,17,"SVP BIC calibrated",0.000999999999999446,1
"vary_n",765,0,17,"SVP BIC multiscale",0,1
"vary_n",765,0,18,"PELT",0.00100000000000122,1
"vary_n",765,0,18,"SVP BIC",0.00100000000000122,1
"vary_n",765,0,18,"SVP BIC calibrated",0.000999999999999446,1
"vary_n",765,0,18,"SVP BIC multiscale",0,1
"vary_n",765,0,19,"PELT",0.00100000000000122,1
"vary_n",765,0,19,"SVP BIC",0.00100000000000122,1
"vary_n",765,0,19,"SVP BIC calibrated",0.00100000000000122,1
"vary_n",765,0,19,"SVP BIC multiscale",0,1
"vary_n",765,0,20,"PELT",0.00100000000000122,1
"vary_n",765,0,20,"SVP BIC",0.00100000000000122,1
"vary_n",765,0,20,"SVP BIC calibrated",0.00100000000000122,1
"vary_n",765,0,20,"SVP BIC multiscale",0,1
"vary_n",952,0,1,"PELT",0.000999999999997669,1
"vary_n",952,0,1,"SVP BIC",0.00100000000000122,1
"vary_n",952,0,1,"SVP BIC calibrated",0.00100000000000122,1
"vary_n",952,0,1,"SVP BIC multiscale",0,1
"vary_n",952,0,2,"PELT",0.00100000000000122,1
"vary_n",952,0,2,"SVP BIC",0.00100000000000122,1
"vary_n",952,0,2,"SVP BIC calibrated",0.00100000000000122,1
"vary_n",952,0,2,"SVP BIC multiscale",0,1
"vary_n",952,0,3,"PELT",0.00100000000000122,1
"vary_n",952,0,3,"SVP BIC",0.00100000000000122,1
"vary_n",952,0,3,"SVP BIC calibrated",0.00100000000000122,1
"vary_n",952,0,3,"SVP BIC multiscale",0,1
"vary_n",952,0,4,"PELT",0.00199999999999889,1
"vary_n",952,0,4,"SVP BIC",0.00100000000000122,1
"vary_n",952,0,4,"SVP BIC calibrated",0.00100000000000122,1
"vary_n",952,0,4,"SVP BIC multiscale",0,1
"vary_n",952,0,5,"PELT",0.00100000000000122,1
"vary_n",952,0,5,"SVP BIC",0.00200000000000244,1
"vary_n",952,0,5,"SVP BIC calibrated",0.00100000000000122,1
"vary_n",952,0,5,"SVP BIC multiscale",0,1
"vary_n",952,0,6,"PELT",0.00199999999999889,1
"vary_n",952,0,6,"SVP BIC",0.00100000000000122,1
"vary_n",952,0,6,"SVP BIC calibrated",0.0100000000000016,2
"vary_n",952,0,6,"SVP BIC multiscale",0.0119999999999969,3
"vary_n",952,0,7,"PELT",0.000999999999997669,1
"vary_n",952,0,7,"SVP BIC",0.00100000000000122,1
"vary_n",952,0,7,"SVP BIC calibrated",0.000999999999997669,1
"vary_n",952,0,7,"SVP BIC multiscale",0,1
"vary_n",952,0,8,"PELT",0.00199999999999889,1
"vary_n",952,0,8,"SVP BIC",0.00100000000000122,1
"vary_n",952,0,8,"SVP BIC calibrated",0.00100000000000122,1
"vary_n",952,0,8,"SVP BIC multiscale",0,1
"vary_n",952,0,9,"PELT",0.000999999999997669,1
"vary_n",952,0,9,"SVP BIC",0.00100000000000122,1
"vary_n",952,0,9,"SVP BIC calibrated",0.000999999999997669,1
"vary_n",952,0,9,"SVP BIC multiscale",0.000999999999997669,1
"vary_n",952,0,10,"PELT",0.00100000000000122,1
"vary_n",952,0,10,"SVP BIC",0.00100000000000122,1
"vary_n",952,0,10,"SVP BIC calibrated",0.00100000000000122,1
"vary_n",952,0,10,"SVP BIC multiscale",0.0169999999999995,2
"vary_n",952,0,11,"PELT",0.00200000000000244,1
"vary_n",952,0,11,"SVP BIC",0.00199999999999889,1
"vary_n",952,0,11,"SVP BIC calibrated",0.000999999999997669,1
"vary_n",952,0,11,"SVP BIC multiscale",0.00100000000000122,1
"vary_n",952,0,12,"PELT",0.00100000000000122,1
"vary_n",952,0,12,"SVP BIC",0.00100000000000122,1
"vary_n",952,0,12,"SVP BIC calibrated",0.000999999999997669,1
"vary_n",952,0,12,"SVP BIC multiscale",0,1
"vary_n",952,0,13,"PELT",0.000999999999997669,1
"vary_n",952,0,13,"SVP BIC",0.000999999999997669,1
"vary_n",952,0,13,"SVP BIC calibrated",0.00200000000000244,1
"vary_n",952,0,13,"SVP BIC multiscale",0,1
"vary_n",952,0,14,"PELT",0.00199999999999889,1
"vary_n",952,0,14,"SVP BIC",0.000999999999997669,1
"vary_n",952,0,14,"SVP BIC calibrated",0.00100000000000122,1
"vary_n",952,0,14,"SVP BIC multiscale",0,1
"vary_n",952,0,15,"PELT",0.000999999999997669,1
"vary_n",952,0,15,"SVP BIC",0.00199999999999889,1
"vary_n",952,0,15,"SVP BIC calibrated",0.00199999999999889,1
"vary_n",952,0,15,"SVP BIC multiscale",0,1
"vary_n",952,0,16,"PELT",0.00100000000000122,1
"vary_n",952,0,16,"SVP BIC",0.000999999999997669,1
"vary_n",952,0,16,"SVP BIC calibrated",0.00199999999999889,1
"vary_n",952,0,16,"SVP BIC multiscale",0.00100000000000122,1
"vary_n",952,0,17,"PELT",0.00199999999999889,1
"vary_n",952,0,17,"SVP BIC",0.00100000000000122,1
"vary_n",952,0,17,"SVP BIC calibrated",0.00100000000000122,1
"vary_n",952,0,17,"SVP BIC multiscale",0,1
"vary_n",952,0,18,"PELT",0.00199999999999889,1
"vary_n",952,0,18,"SVP BIC",0.00200000000000244,1
"vary_n",952,0,18,"SVP BIC calibrated",0.00199999999999889,1
"vary_n",952,0,18,"SVP BIC multiscale",0.00100000000000122,1
"vary_n",952,0,19,"PELT",0.00100000000000122,1
"vary_n",952,0,19,"SVP BIC",0.000999999999997669,1
"vary_n",952,0,19,"SVP BIC calibrated",0.00200000000000244,1
"vary_n",952,0,19,"SVP BIC multiscale",0,1
"vary_n",952,0,20,"PELT",0.00100000000000122,1
"vary_n",952,0,20,"SVP BIC",0.00199999999999889,1
"vary_n",952,0,20,"SVP BIC calibrated",0.00200000000000244,1
"vary_n",952,0,20,"SVP BIC multiscale",0,1
"vary_n",1185,0,1,"PELT",0.00200000000000244,1
"vary_n",1185,0,1,"SVP BIC",0.00199999999999889,1
"vary_n",1185,0,1,"SVP BIC calibrated",0.00199999999999889,1
"vary_n",1185,0,1,"SVP BIC multiscale",0,1
"vary_n",1185,0,2,"PELT",0.00199999999999889,1
"vary_n",1185,0,2,"SVP BIC",0.00100000000000122,1
"vary_n",1185,0,2,"SVP BIC calibrated",0.00199999999999889,1
"vary_n",1185,0,2,"SVP BIC multiscale",0,1
"vary_n",1185,0,3,"PELT",0.00199999999999889,1
"vary_n",1185,0,3,"SVP BIC",0.00100000000000122,1
"vary_n",1185,0,3,"SVP BIC calibrated",0.00199999999999889,1
"vary_n",1185,0,3,"SVP BIC multiscale",0,1
"vary_n",1185,0,4,"PELT",0.000999999999997669,1
"vary_n",1185,0,4,"SVP BIC",0.00100000000000122,1
"vary_n",1185,0,4,"SVP BIC calibrated",0.00199999999999889,1
"vary_n",1185,0,4,"SVP BIC multiscale",0,1
"vary_n",1185,0,5,"PELT",0.00199999999999889,1
"vary_n",1185,0,5,"SVP BIC",0.00100000000000122,1
"vary_n",1185,0,5,"SVP BIC calibrated",0.00199999999999889,1
"vary_n",1185,0,5,"SVP BIC multiscale",0,1
"vary_n",1185,0,6,"PELT",0.00200000000000244,1
"vary_n",1185,0,6,"SVP BIC",0.00199999999999889,1
"vary_n",1185,0,6,"SVP BIC calibrated",0.00200000000000244,1
"vary_n",1185,0,6,"SVP BIC multiscale",0,1
"vary_n",1185,0,7,"PELT",0.00199999999999889,1
"vary_n",1185,0,7,"SVP BIC",0.00100000000000122,1
"vary_n",1185,0,7,"SVP BIC calibrated",0.00199999999999889,1
"vary_n",1185,0,7,"SVP BIC multiscale",0,1
"vary_n",1185,0,8,"PELT",0.00199999999999889,1
"vary_n",1185,0,8,"SVP BIC",0.00199999999999889,1
"vary_n",1185,0,8,"SVP BIC calibrated",0.00200000000000244,1
"vary_n",1185,0,8,"SVP BIC multiscale",0,1
"vary_n",1185,0,9,"PELT",0.00200000000000244,1
"vary_n",1185,0,9,"SVP BIC",0.00199999999999889,1
"vary_n",1185,0,9,"SVP BIC calibrated",0.00199999999999889,1
"vary_n",1185,0,9,"SVP BIC multiscale",0.00100000000000122,1
"vary_n",1185,0,10,"PELT",0.00199999999999889,1
"vary_n",1185,0,10,"SVP BIC",0.00100000000000122,1
"vary_n",1185,0,10,"SVP BIC calibrated",0.00100000000000122,1
"vary_n",1185,0,10,"SVP BIC multiscale",0,1
"vary_n",1185,0,11,"PELT",0.00100000000000122,1
"vary_n",1185,0,11,"SVP BIC",0.00199999999999889,1
"vary_n",1185,0,11,"SVP BIC calibrated",0.00199999999999889,1
"vary_n",1185,0,11,"SVP BIC multiscale",0.00100000000000122,1
"vary_n",1185,0,12,"PELT",0.00100000000000122,1
"vary_n",1185,0,12,"SVP BIC",0.00100000000000122,1
"vary_n",1185,0,12,"SVP BIC calibrated",0.00199999999999889,1
"vary_n",1185,0,12,"SVP BIC multiscale",0,1
"vary_n",1185,0,13,"PELT",0.000999999999997669,1
"vary_n",1185,0,13,"SVP BIC",0.00200000000000244,1
"vary_n",1185,0,13,"SVP BIC calibrated",0.00199999999999889,1
"vary_n",1185,0,13,"SVP BIC multiscale",0,1
"vary_n",1185,0,14,"PELT",0.00200000000000244,1
"vary_n",1185,0,14,"SVP BIC",0.00100000000000122,1
"vary_n",1185,0,14,"SVP BIC calibrated",0.00199999999999889,1
"vary_n",1185,0,14,"SVP BIC multiscale",0,1
"vary_n",1185,0,15,"PELT",0.00199999999999889,1
"vary_n",1185,0,15,"SVP BIC",0.00100000000000122,1
"vary_n",1185,0,15,"SVP BIC calibrated",0.00199999999999889,1
"vary_n",1185,0,15,"SVP BIC multiscale",0,1
"vary_n",1185,0,16,"PELT",0.00199999999999889,1
"vary_n",1185,0,16,"SVP BIC",0.00100000000000122,1
"vary_n",1185,0,16,"SVP BIC calibrated",0.00199999999999889,1
"vary_n",1185,0,16,"SVP BIC multiscale",0,1
"vary_n",1185,0,17,"PELT",0.00100000000000122,1
"vary_n",1185,0,17,"SVP BIC",0.00199999999999889,1
"vary_n",1185,0,17,"SVP BIC calibrated",0.00199999999999889,1
"vary_n",1185,0,17,"SVP BIC multiscale",0,1
"vary_n",1185,0,18,"PELT",0.00200000000000244,1
"vary_n",1185,0,18,"SVP BIC",0.00199999999999889,1
"vary_n",1185,0,18,"SVP BIC calibrated",0.00100000000000122,1
"vary_n",1185,0,18,"SVP BIC multiscale",0,1
"vary_n",1185,0,19,"PELT",0.00199999999999889,1
"vary_n",1185,0,19,"SVP BIC",0.00100000000000122,1
"vary_n",1185,0,19,"SVP BIC calibrated",0.00100000000000122,1
"vary_n",1185,0,19,"SVP BIC multiscale",0,1
"vary_n",1185,0,20,"PELT",0.00300000000000011,1
"vary_n",1185,0,20,"SVP BIC",0.00199999999999889,1
"vary_n",1185,0,20,"SVP BIC calibrated",0.00199999999999889,1
"vary_n",1185,0,20,"SVP BIC multiscale",0,1
"vary_n",1475,0,1,"PELT",0.00200000000000244,1
"vary_n",1475,0,1,"SVP BIC",0.00200000000000244,1
"vary_n",1475,0,1,"SVP BIC calibrated",0.00199999999999889,1
"vary_n",1475,0,1,"SVP BIC multiscale",0,1
"vary_n",1475,0,2,"PELT",0.00199999999999889,1
"vary_n",1475,0,2,"SVP BIC",0.00200000000000244,1
"vary_n",1475,0,2,"SVP BIC calibrated",0.00199999999999889,1
"vary_n",1475,0,2,"SVP BIC multiscale",0.000999999999997669,1
"vary_n",1475,0,3,"PELT",0.00199999999999889,1
"vary_n",1475,0,3,"SVP BIC",0.00200000000000244,1
"vary_n",1475,0,3,"SVP BIC calibrated",0.00199999999999889,1
"vary_n",1475,0,3,"SVP BIC multiscale",0.00100000000000122,1
"vary_n",1475,0,4,"PELT",0.00199999999999889,1
"vary_n",1475,0,4,"SVP BIC",0.00199999999999889,1
"vary_n",1475,0,4,"SVP BIC calibrated",0.00199999999999889,1
"vary_n",1475,0,4,"SVP BIC multiscale",0.00100000000000122,1
"vary_n",1475,0,5,"PELT",0.00200000000000244,1
"vary_n",1475,0,5,"SVP BIC",0.00199999999999889,1
"vary_n",1475,0,5,"SVP BIC calibrated",0.00199999999999889,1
"vary_n",1475,0,5,"SVP BIC multiscale",0,1
"vary_n",1475,0,6,"PELT",0.00300000000000011,1
"vary_n",1475,0,6,"SVP BIC",0.00199999999999889,1
"vary_n",1475,0,6,"SVP BIC calibrated",0.00199999999999889,1
"vary_n",1475,0,6,"SVP BIC multiscale",0,1
"vary_n",1475,0,7,"PELT",0.00300000000000011,1
"vary_n",1475,0,7,"SVP BIC",0.00200000000000244,1
"vary_n",1475,0,7,"SVP BIC calibrated",0.00199999999999889,1
"vary_n",1475,0,7,"SVP BIC multiscale",0,1
"vary_n",1475,0,8,"PELT",0.00300000000000011,1
"vary_n",1475,0,8,"SVP BIC",0.00199999999999889,1
"vary_n",1475,0,8,"SVP BIC calibrated",0.00199999999999889,1
"vary_n",1475,0,8,"SVP BIC multiscale",0,1
"vary_n",1475,0,9,"PELT",0.00300000000000011,1
"vary_n",1475,0,9,"SVP BIC",0.00199999999999889,1
"vary_n",1475,0,9,"SVP BIC calibrated",0.00199999999999889,1
"vary_n",1475,0,9,"SVP BIC multiscale",0.000999999999997669,1
"vary_n",1475,0,10,"PELT",0.00300000000000011,1
"vary_n",1475,0,10,"SVP BIC",0.00200000000000244,1
"vary_n",1475,0,10,"SVP BIC calibrated",0.00200000000000244,1
"vary_n",1475,0,10,"SVP BIC multiscale",0,1
"vary_n",1475,0,11,"PELT",0.00300000000000011,1
"vary_n",1475,0,11,"SVP BIC",0.000999999999997669,1
"vary_n",1475,0,11,"SVP BIC calibrated",0.00200000000000244,1
"vary_n",1475,0,11,"SVP BIC multiscale",0,1
"vary_n",1475,0,12,"PELT",0.00300000000000011,1
"vary_n",1475,0,12,"SVP BIC",0.00199999999999889,1
"vary_n",1475,0,12,"SVP BIC calibrated",0.00200000000000244,1
"vary_n",1475,0,12,"SVP BIC multiscale",0,1
"vary_n",1475,0,13,"PELT",0.00100000000000122,1
"vary_n",1475,0,13,"SVP BIC",0.00199999999999889,1
"vary_n",1475,0,13,"SVP BIC calibrated",0.00200000000000244,1
"vary_n",1475,0,13,"SVP BIC multiscale",0.00100000000000122,1
"vary_n",1475,0,14,"PELT",0.00199999999999889,1
"vary_n",1475,0,14,"SVP BIC",0.00199999999999889,1
"vary_n",1475,0,14,"SVP BIC calibrated",0.00199999999999889,1
"vary_n",1475,0,14,"SVP BIC multiscale",0,1
"vary_n",1475,0,15,"PELT",0.00300000000000011,1
"vary_n",1475,0,15,"SVP BIC",0.00199999999999889,1
"vary_n",1475,0,15,"SVP BIC calibrated",0.00200000000000244,1
"vary_n",1475,0,15,"SVP BIC multiscale",0,1
"vary_n",1475,0,16,"PELT",0.00200000000000244,1
"vary_n",1475,0,16,"SVP BIC",0.00199999999999889,1
"vary_n",1475,0,16,"SVP BIC calibrated",0.00199999999999889,1
"vary_n",1475,0,16,"SVP BIC multiscale",0,1
"vary_n",1475,0,17,"PELT",0.00300000000000011,1
"vary_n",1475,0,17,"SVP BIC",0.00199999999999889,1
"vary_n",1475,0,17,"SVP BIC calibrated",0.00199999999999889,1
"vary_n",1475,0,17,"SVP BIC multiscale",0.00100000000000122,1
"vary_n",1475,0,18,"PELT",0.00200000000000244,1
"vary_n",1475,0,18,"SVP BIC",0.00200000000000244,1
"vary_n",1475,0,18,"SVP BIC calibrated",0.00199999999999889,1
"vary_n",1475,0,18,"SVP BIC multiscale",0.00100000000000122,1
"vary_n",1475,0,19,"PELT",0.000999999999997669,1
"vary_n",1475,0,19,"SVP BIC",0.00199999999999889,1
"vary_n",1475,0,19,"SVP BIC calibrated",0.00100000000000122,1
"vary_n",1475,0,19,"SVP BIC multiscale",0.000999999999997669,1
"vary_n",1475,0,20,"PELT",0.00200000000000244,1
"vary_n",1475,0,20,"SVP BIC",0.00199999999999889,1
"vary_n",1475,0,20,"SVP BIC calibrated",0.00200000000000244,1
"vary_n",1475,0,20,"SVP BIC multiscale",0,1
"vary_n",1836,0,1,"PELT",0.00300000000000011,1
"vary_n",1836,0,1,"SVP BIC",0.00300000000000011,1
"vary_n",1836,0,1,"SVP BIC calibrated",0.00199999999999889,1
"vary_n",1836,0,1,"SVP BIC multiscale",0,1
"vary_n",1836,0,2,"PELT",0.00400000000000134,1
"vary_n",1836,0,2,"SVP BIC",0.00300000000000011,1
"vary_n",1836,0,2,"SVP BIC calibrated",0.00199999999999889,1
"vary_n",1836,0,2,"SVP BIC multiscale",0,1
"vary_n",1836,0,3,"PELT",0.00300000000000011,1
"vary_n",1836,0,3,"SVP BIC",0.00300000000000011,1
"vary_n",1836,0,3,"SVP BIC calibrated",0.00300000000000011,1
"vary_n",1836,0,3,"SVP BIC multiscale",0.000999999999997669,1
"vary_n",1836,0,4,"PELT",0.00400000000000134,1
"vary_n",1836,0,4,"SVP BIC",0.00199999999999889,1
"vary_n",1836,0,4,"SVP BIC calibrated",0.00200000000000244,1
"vary_n",1836,0,4,"SVP BIC multiscale",0,1
"vary_n",1836,0,5,"PELT",0.00400000000000134,1
"vary_n",1836,0,5,"SVP BIC",0.00300000000000011,1
"vary_n",1836,0,5,"SVP BIC calibrated",0.00199999999999889,1
"vary_n",1836,0,5,"SVP BIC multiscale",0,1
"vary_n",1836,0,6,"PELT",0.00199999999999889,1
"vary_n",1836,0,6,"SVP BIC",0.00200000000000244,1
"vary_n",1836,0,6,"SVP BIC calibrated",0.00200000000000244,1
"vary_n",1836,0,6,"SVP BIC multiscale",0.00100000000000122,1
"vary_n",1836,0,7,"PELT",0.004999999999999,1
"vary_n",1836,0,7,"SVP BIC",0.00300000000000011,1
"vary_n",1836,0,7,"SVP BIC calibrated",0.00199999999999889,1
"vary_n",1836,0,7,"SVP BIC multiscale",0,1
"vary_n",1836,0,8,"PELT",0.00200000000000244,1
"vary_n",1836,0,8,"SVP BIC",0.00199999999999889,1
"vary_n",1836,0,8,"SVP BIC calibrated",0.00300000000000011,1
"vary_n",1836,0,8,"SVP BIC multiscale",0,1
"vary_n",1836,0,9,"PELT",0.00300000000000011,1
"vary_n",1836,0,9,"SVP BIC",0.00200000000000244,1
"vary_n",1836,0,9,"SVP BIC calibrated",0.00300000000000011,1
"vary_n",1836,0,9,"SVP BIC multiscale",0,1
"vary_n",1836,0,10,"PELT",0.00400000000000134,1
"vary_n",1836,0,10,"SVP BIC",0.00199999999999889,1
"vary_n",1836,0,10,"SVP BIC calibrated",0.00300000000000011,1
"vary_n",1836,0,10,"SVP BIC multiscale",0,1
"vary_n",1836,0,11,"PELT",0.00400000000000134,1
"vary_n",1836,0,11,"SVP BIC",0.00300000000000011,1
"vary_n",1836,0,11,"SVP BIC calibrated",0.00199999999999889,1
"vary_n",1836,0,11,"SVP BIC multiscale",0,1
"vary_n",1836,0,12,"PELT",0.00500000000000256,1
"vary_n",1836,0,12,"SVP BIC",0.00200000000000244,1
"vary_n",1836,0,12,"SVP BIC calibrated",0.00300000000000011,1
"vary_n",1836,0,12,"SVP BIC multiscale",0,1
"vary_n",1836,0,13,"PELT",0.00199999999999889,1
"vary_n",1836,0,13,"SVP BIC",0.00200000000000244,1
"vary_n",1836,0,13,"SVP BIC calibrated",0.00199999999999889,1
"vary_n",1836,0,13,"SVP BIC multiscale",0.000999999999997669,1
"vary_n",1836,0,14,"PELT",0.00300000000000011,1
"vary_n",1836,0,14,"SVP BIC",0.00199999999999889,1
"vary_n",1836,0,14,"SVP BIC calibrated",0.00300000000000011,1
"vary_n",1836,0,14,"SVP BIC multiscale",0,1
"vary_n",1836,0,15,"PELT",0.00300000000000011,1
"vary_n",1836,0,15,"SVP BIC",0.00200000000000244,1
"vary_n",1836,0,15,"SVP BIC calibrated",0.00300000000000011,1
"vary_n",1836,0,15,"SVP BIC multiscale",0.00100000000000122,1
"vary_n",1836,0,16,"PELT",0.004999999999999,1
"vary_n",1836,0,16,"SVP BIC",0.00199999999999889,1
"vary_n",1836,0,16,"SVP BIC calibrated",0.00300000000000011,1
"vary_n",1836,0,16,"SVP BIC multiscale",0.00100000000000122,1
"vary_n",1836,0,17,"PELT",0.00300000000000011,1
"vary_n",1836,0,17,"SVP BIC",0.00300000000000011,1
"vary_n",1836,0,17,"SVP BIC calibrated",0.00199999999999889,1
"vary_n",1836,0,17,"SVP BIC multiscale",0,1
"vary_n",1836,0,18,"PELT",0.00300000000000011,1
"vary_n",1836,0,18,"SVP BIC",0.00200000000000244,1
"vary_n",1836,0,18,"SVP BIC calibrated",0.00199999999999889,1
"vary_n",1836,0,18,"SVP BIC multiscale",0,1
"vary_n",1836,0,19,"PELT",0.00199999999999889,1
"vary_n",1836,0,19,"SVP BIC",0.00199999999999889,1
"vary_n",1836,0,19,"SVP BIC calibrated",0.00200000000000244,1
"vary_n",1836,0,19,"SVP BIC multiscale",0,1
"vary_n",1836,0,20,"PELT",0.00399999999999778,1
"vary_n",1836,0,20,"SVP BIC",0.00200000000000244,1
"vary_n",1836,0,20,"SVP BIC calibrated",0.00199999999999889,1
"vary_n",1836,0,20,"SVP BIC multiscale",0,1
"vary_n",2285,0,1,"PELT",0.004999999999999,1
"vary_n",2285,0,1,"SVP BIC",0.00300000000000011,1
"vary_n",2285,0,1,"SVP BIC calibrated",0.00300000000000011,1
"vary_n",2285,0,1,"SVP BIC multiscale",0.00100000000000122,1
"vary_n",2285,0,2,"PELT",0.004999999999999,1
"vary_n",2285,0,2,"SVP BIC",0.00300000000000011,1
"vary_n",2285,0,2,"SVP BIC calibrated",0.00300000000000011,1
"vary_n",2285,0,2,"SVP BIC multiscale",0,1
"vary_n",2285,0,3,"PELT",0.00400000000000134,1
"vary_n",2285,0,3,"SVP BIC",0.00300000000000011,1
"vary_n",2285,0,3,"SVP BIC calibrated",0.00300000000000011,1
"vary_n",2285,0,3,"SVP BIC multiscale",0,1
"vary_n",2285,0,4,"PELT",0.004999999999999,1
"vary_n",2285,0,4,"SVP BIC",0.00300000000000011,1
"vary_n",2285,0,4,"SVP BIC calibrated",0.00300000000000011,1
"vary_n",2285,0,4,"SVP BIC multiscale",0.00100000000000122,1
"vary_n",2285,0,5,"PELT",0.00300000000000011,1
"vary_n",2285,0,5,"SVP BIC",0.00300000000000011,1
"vary_n",2285,0,5,"SVP BIC calibrated",0.00300000000000011,1
"vary_n",2285,0,5,"SVP BIC multiscale",0.0919999999999987,2
"vary_n",2285,0,6,"PELT",0.004999999999999,1
"vary_n",2285,0,6,"SVP BIC",0.00300000000000011,1
"vary_n",2285,0,6,"SVP BIC calibrated",0.00300000000000011,1
"vary_n",2285,0,6,"SVP BIC multiscale",0.00100000000000122,1
"vary_n",2285,0,7,"PELT",0.00400000000000134,1
"vary_n",2285,0,7,"SVP BIC",0.00300000000000011,1
"vary_n",2285,0,7,"SVP BIC calibrated",0.00300000000000011,1
"vary_n",2285,0,7,"SVP BIC multiscale",0,1
"vary_n",2285,0,8,"PELT",0.00300000000000011,1
"vary_n",2285,0,8,"SVP BIC",0.00300000000000011,1
"vary_n",2285,0,8,"SVP BIC calibrated",0.00300000000000011,1
"vary_n",2285,0,8,"SVP BIC multiscale",0.00100000000000122,1
"vary_n",2285,0,9,"PELT",0.00399999999999778,1
"vary_n",2285,0,9,"SVP BIC",0.00300000000000011,1
"vary_n",2285,0,9,"SVP BIC calibrated",0.00300000000000011,1
"vary_n",2285,0,9,"SVP BIC multiscale",0,1
"vary_n",2285,0,10,"PELT",0.00399999999999778,1
"vary_n",2285,0,10,"SVP BIC",0.00300000000000011,1
"vary_n",2285,0,10,"SVP BIC calibrated",0.00300000000000011,1
"vary_n",2285,0,10,"SVP BIC multiscale",0.00100000000000122,1
"vary_n",2285,0,11,"PELT",0.00399999999999778,1
"vary_n",2285,0,11,"SVP BIC",0.00300000000000011,1
"vary_n",2285,0,11,"SVP BIC calibrated",0.00300000000000011,1
"vary_n",2285,0,11,"SVP BIC multiscale",0.000999999999997669,1
"vary_n",2285,0,12,"PELT",0.00500000000000256,1
"vary_n",2285,0,12,"SVP BIC",0.00300000000000011,1
"vary_n",2285,0,12,"SVP BIC calibrated",0.00300000000000011,1
"vary_n",2285,0,12,"SVP BIC multiscale",0,1
"vary_n",2285,0,13,"PELT",0.00400000000000134,1
"vary_n",2285,0,13,"SVP BIC",0.00199999999999889,1
"vary_n",2285,0,13,"SVP BIC calibrated",0.00199999999999889,1
"vary_n",2285,0,13,"SVP BIC multiscale",0.00100000000000122,1
"vary_n",2285,0,14,"PELT",0.00500000000000256,1
"vary_n",2285,0,14,"SVP BIC",0.00300000000000011,1
"vary_n",2285,0,14,"SVP BIC calibrated",0.00300000000000011,1
"vary_n",2285,0,14,"SVP BIC multiscale",0,1
"vary_n",2285,0,15,"PELT",0.00700000000000145,1
"vary_n",2285,0,15,"SVP BIC",0.00300000000000011,1
"vary_n",2285,0,15,"SVP BIC calibrated",0.00300000000000011,1
"vary_n",2285,0,15,"SVP BIC multiscale",0.00100000000000122,1
"vary_n",2285,0,16,"PELT",0.00399999999999778,1
"vary_n",2285,0,16,"SVP BIC",0.00300000000000011,1
"vary_n",2285,0,16,"SVP BIC calibrated",0.00300000000000011,1
"vary_n",2285,0,16,"SVP BIC multiscale",0.000999999999997669,1
"vary_n",2285,0,17,"PELT",0.00500000000000256,1
"vary_n",2285,0,17,"SVP BIC",0.00300000000000011,1
"vary_n",2285,0,17,"SVP BIC calibrated",0.00199999999999889,1
"vary_n",2285,0,17,"SVP BIC multiscale",0,1
"vary_n",2285,0,18,"PELT",0.00400000000000134,1
"vary_n",2285,0,18,"SVP BIC",0.00200000000000244,1
"vary_n",2285,0,18,"SVP BIC calibrated",0.00300000000000011,1
"vary_n",2285,0,18,"SVP BIC multiscale",0,1
"vary_n",2285,0,19,"PELT",0.00500000000000256,1
"vary_n",2285,0,19,"SVP BIC",0.00300000000000011,1
"vary_n",2285,0,19,"SVP BIC calibrated",0.00300000000000011,1
"vary_n",2285,0,19,"SVP BIC multiscale",0,1
"vary_n",2285,0,20,"PELT",0.00700000000000145,1
"vary_n",2285,0,20,"SVP BIC",0.00300000000000011,1
"vary_n",2285,0,20,"SVP BIC calibrated",0.00300000000000011,1
"vary_n",2285,0,20,"SVP BIC multiscale",0,1
"vary_n",2844,0,1,"PELT",0.00900000000000034,1
"vary_n",2844,0,1,"SVP BIC",0.00399999999999778,1
"vary_n",2844,0,1,"SVP BIC calibrated",0.00300000000000011,1
"vary_n",2844,0,1,"SVP BIC multiscale",0.00100000000000122,1
"vary_n",2844,0,2,"PELT",0.0069999999999979,1
"vary_n",2844,0,2,"SVP BIC",0.00300000000000011,1
"vary_n",2844,0,2,"SVP BIC calibrated",0.00399999999999778,1
"vary_n",2844,0,2,"SVP BIC multiscale",0.000999999999997669,1
"vary_n",2844,0,3,"PELT",0.0100000000000016,1
"vary_n",2844,0,3,"SVP BIC",0.00400000000000134,1
"vary_n",2844,0,3,"SVP BIC calibrated",0.00300000000000011,1
"vary_n",2844,0,3,"SVP BIC multiscale",0,1
"vary_n",2844,0,4,"PELT",0.00500000000000256,1
"vary_n",2844,0,4,"SVP BIC",0.00400000000000134,1
"vary_n",2844,0,4,"SVP BIC calibrated",0.184000000000001,2
"vary_n",2844,0,4,"SVP BIC multiscale",0.153000000000002,2
"vary_n",2844,0,5,"PELT",0.0130000000000017,1
"vary_n",2844,0,5,"SVP BIC",0.00400000000000134,1
"vary_n",2844,0,5,"SVP BIC calibrated",0.00300000000000011,1
"vary_n",2844,0,5,"SVP BIC multiscale",0,1
"vary_n",2844,0,6,"PELT",0.00600000000000023,1
"vary_n",2844,0,6,"SVP BIC",0.00300000000000011,1
"vary_n",2844,0,6,"SVP BIC calibrated",0.00400000000000134,1
"vary_n",2844,0,6,"SVP BIC multiscale",0.00100000000000122,1
"vary_n",2844,0,7,"PELT",0.00600000000000023,1
"vary_n",2844,0,7,"SVP BIC",0.00299999999999656,1
"vary_n",2844,0,7,"SVP BIC calibrated",0.00299999999999656,1
"vary_n",2844,0,7,"SVP BIC multiscale",0.00100000000000122,1
"vary_n",2844,0,8,"PELT",0.00300000000000011,1
"vary_n",2844,0,8,"SVP BIC",0.00399999999999778,1
"vary_n",2844,0,8,"SVP BIC calibrated",0.00300000000000011,1
"vary_n",2844,0,8,"SVP BIC multiscale",0.00100000000000122,1
"vary_n",2844,0,9,"PELT",0.00799999999999912,1
"vary_n",2844,0,9,"SVP BIC",0.00399999999999778,1
"vary_n",2844,0,9,"SVP BIC calibrated",0.00400000000000134,1
"vary_n",2844,0,9,"SVP BIC multiscale",0,1
"vary_n",2844,0,10,"PELT",0.00799999999999912,1
"vary_n",2844,0,10,"SVP BIC",0.00400000000000134,1
"vary_n",2844,0,10,"SVP BIC calibrated",0.00400000000000134,1
"vary_n",2844,0,10,"SVP BIC multiscale",0,1
"vary_n",2844,0,11,"PELT",0.00600000000000023,1
"vary_n",2844,0,11,"SVP BIC",0.00399999999999778,1
"vary_n",2844,0,11,"SVP BIC calibrated",0.00300000000000011,1
"vary_n",2844,0,11,"SVP BIC multiscale",0.000999999999997669,1
"vary_n",2844,0,12,"PELT",0.00700000000000145,1
"vary_n",2844,0,12,"SVP BIC",0.00300000000000011,1
"vary_n",2844,0,12,"SVP BIC calibrated",0.00300000000000011,1
"vary_n",2844,0,12,"SVP BIC multiscale",0.00100000000000122,1
"vary_n",2844,0,13,"PELT",0.004999999999999,1
"vary_n",2844,0,13,"SVP BIC",0.00399999999999778,1
"vary_n",2844,0,13,"SVP BIC calibrated",0.00400000000000134,1
"vary_n",2844,0,13,"SVP BIC multiscale",0.00100000000000122,1
"vary_n",2844,0,14,"PELT",0.0069999999999979,1
"vary_n",2844,0,14,"SVP BIC",0.00300000000000011,1
"vary_n",2844,0,14,"SVP BIC calibrated",0.205000000000002,2
"vary_n",2844,0,14,"SVP BIC multiscale",0.207000000000001,2
"vary_n",2844,0,15,"PELT",0.0069999999999979,1
"vary_n",2844,0,15,"SVP BIC",0.00400000000000134,1
"vary_n",2844,0,15,"SVP BIC calibrated",0.00400000000000134,1
"vary_n",2844,0,15,"SVP BIC multiscale",0,1
"vary_n",2844,0,16,"PELT",0.004999999999999,1
"vary_n",2844,0,16,"SVP BIC",0.00400000000000134,1
"vary_n",2844,0,16,"SVP BIC calibrated",0.00400000000000134,1
"vary_n",2844,0,16,"SVP BIC multiscale",0,1
"vary_n",2844,0,17,"PELT",0.00600000000000023,1
"vary_n",2844,0,17,"SVP BIC",0.00300000000000011,1
"vary_n",2844,0,17,"SVP BIC calibrated",0.00400000000000134,1
"vary_n",2844,0,17,"SVP BIC multiscale",0,1
"vary_n",2844,0,18,"PELT",0.00799999999999912,1
"vary_n",2844,0,18,"SVP BIC",0.00399999999999778,1
"vary_n",2844,0,18,"SVP BIC calibrated",0.00299999999999656,1
"vary_n",2844,0,18,"SVP BIC multiscale",0,1
"vary_n",2844,0,19,"PELT",0.00799999999999912,1
"vary_n",2844,0,19,"SVP BIC",0.00300000000000011,1
"vary_n",2844,0,19,"SVP BIC calibrated",0.00400000000000134,1
"vary_n",2844,0,19,"SVP BIC multiscale",0.00100000000000122,1
"vary_n",2844,0,20,"PELT",0.0069999999999979,1
"vary_n",2844,0,20,"SVP BIC",0.00300000000000011,1
"vary_n",2844,0,20,"SVP BIC calibrated",0.00300000000000011,1
"vary_n",2844,0,20,"SVP BIC multiscale",0,1
"vary_n",3540,0,1,"PELT",0.0110000000000028,1
"vary_n",3540,0,1,"SVP BIC",0.00500000000000256,1
"vary_n",3540,0,1,"SVP BIC calibrated",0.00500000000000256,1
"vary_n",3540,0,1,"SVP BIC multiscale",0,1
"vary_n",3540,0,2,"PELT",0.017000000000003,1
"vary_n",3540,0,2,"SVP BIC",0.00400000000000489,1
"vary_n",3540,0,2,"SVP BIC calibrated",0.00500000000000256,1
"vary_n",3540,0,2,"SVP BIC multiscale",0,1
"vary_n",3540,0,3,"PELT",0.0120000000000005,1
"vary_n",3540,0,3,"SVP BIC",0.00399999999999778,1
"vary_n",3540,0,3,"SVP BIC calibrated",0.00399999999999778,1
"vary_n",3540,0,3,"SVP BIC multiscale",0,1
"vary_n",3540,0,4,"PELT",0.0120000000000005,1
"vary_n",3540,0,4,"SVP BIC",0.00500000000000256,1
"vary_n",3540,0,4,"SVP BIC calibrated",0.00499999999999545,1
"vary_n",3540,0,4,"SVP BIC multiscale",0,1
"vary_n",3540,0,5,"PELT",0.00799999999999557,1
"vary_n",3540,0,5,"SVP BIC",0.00399999999999778,1
"vary_n",3540,0,5,"SVP BIC calibrated",0.00499999999999545,1
"vary_n",3540,0,5,"SVP BIC multiscale",0,1
"vary_n",3540,0,6,"PELT",0.00999999999999801,1
"vary_n",3540,0,6,"SVP BIC",0.00499999999999545,1
"vary_n",3540,0,6,"SVP BIC calibrated",0.00399999999999778,1
"vary_n",3540,0,6,"SVP BIC multiscale",0,1
"vary_n",3540,0,7,"PELT",0.00800000000000267,1
"vary_n",3540,0,7,"SVP BIC",0.00399999999999778,1
"vary_n",3540,0,7,"SVP BIC calibrated",0.00500000000000256,1
"vary_n",3540,0,7,"SVP BIC multiscale",0.00100000000000477,1
"vary_n",3540,0,8,"PELT",0.0069999999999979,1
"vary_n",3540,0,8,"SVP BIC",0.00400000000000489,1
"vary_n",3540,0,8,"SVP BIC calibrated",0.00399999999999778,1
"vary_n",3540,0,8,"SVP BIC multiscale",0,1
"vary_n",3540,0,9,"PELT",0.00800000000000267,1
"vary_n",3540,0,9,"SVP BIC",0.00500000000000256,1
"vary_n",3540,0,9,"SVP BIC calibrated",0.00499999999999545,1
"vary_n",3540,0,9,"SVP BIC multiscale",0,1
"vary_n",3540,0,10,"PELT",0.00900000000000034,1
"vary_n",3540,0,10,"SVP BIC",0.00499999999999545,1
"vary_n",3540,0,10,"SVP BIC calibrated",0.00500000000000256,1
"vary_n",3540,0,10,"SVP BIC multiscale",0,1
"vary_n",3540,0,11,"PELT",0.0109999999999957,1
"vary_n",3540,0,11,"SVP BIC",0.00500000000000256,1
"vary_n",3540,0,11,"SVP BIC calibrated",0.00399999999999778,1
"vary_n",3540,0,11,"SVP BIC multiscale",0.000999999999997669,1
"vary_n",3540,0,12,"PELT",0.00799999999999557,1
"vary_n",3540,0,12,"SVP BIC",0.00399999999999778,1
"vary_n",3540,0,12,"SVP BIC calibrated",0.00500000000000256,1
"vary_n",3540,0,12,"SVP BIC multiscale",0,1
"vary_n",3540,0,13,"PELT",0.00800000000000267,1
"vary_n",3540,0,13,"SVP BIC",0.00499999999999545,1
"vary_n",3540,0,13,"SVP BIC calibrated",0.00399999999999778,1
"vary_n",3540,0,13,"SVP BIC multiscale",0,1
"vary_n",3540,0,14,"PELT",0.0120000000000005,1
"vary_n",3540,0,14,"SVP BIC",0.00500000000000256,1
"vary_n",3540,0,14,"SVP BIC calibrated",0.00400000000000489,1
"vary_n",3540,0,14,"SVP BIC multiscale",0,1
"vary_n",3540,0,15,"PELT",0.00999999999999801,1
"vary_n",3540,0,15,"SVP BIC",0.00499999999999545,1
"vary_n",3540,0,15,"SVP BIC calibrated",0.00399999999999778,1
"vary_n",3540,0,15,"SVP BIC multiscale",0.00100000000000477,1
"vary_n",3540,0,16,"PELT",0.00900000000000034,1
"vary_n",3540,0,16,"SVP BIC",0.00500000000000256,1
"vary_n",3540,0,16,"SVP BIC calibrated",0.00399999999999778,1
"vary_n",3540,0,16,"SVP BIC multiscale",0,1
"vary_n",3540,0,17,"PELT",0.007000000000005,1
"vary_n",3540,0,17,"SVP BIC",0.00399999999999778,1
"vary_n",3540,0,17,"SVP BIC calibrated",0.00399999999999778,1
"vary_n",3540,0,17,"SVP BIC multiscale",0,1
"vary_n",3540,0,18,"PELT",0.0120000000000005,1
"vary_n",3540,0,18,"SVP BIC",0.00499999999999545,1
"vary_n",3540,0,18,"SVP BIC calibrated",0.00499999999999545,1
"vary_n",3540,0,18,"SVP BIC multiscale",0,1
"vary_n",3540,0,19,"PELT",0.0129999999999981,1
"vary_n",3540,0,19,"SVP BIC",0.00499999999999545,1
"vary_n",3540,0,19,"SVP BIC calibrated",0.00499999999999545,1
"vary_n",3540,0,19,"SVP BIC multiscale",0.000999999999997669,1
"vary_n",3540,0,20,"PELT",0.0109999999999957,1
"vary_n",3540,0,20,"SVP BIC",0.00399999999999778,1
"vary_n",3540,0,20,"SVP BIC calibrated",0.00500000000000256,1
"vary_n",3540,0,20,"SVP BIC multiscale",0,1
"vary_n",4406,0,1,"PELT",0.00999999999999801,1
"vary_n",4406,0,1,"SVP BIC",0.00600000000000023,1
"vary_n",4406,0,1,"SVP BIC calibrated",0.00500000000000256,1
"vary_n",4406,0,1,"SVP BIC multiscale",0.00100000000000477,1
"vary_n",4406,0,2,"PELT",0.0110000000000028,1
"vary_n",4406,0,2,"SVP BIC",0.00600000000000023,1
"vary_n",4406,0,2,"SVP BIC calibrated",0.00600000000000023,1
"vary_n",4406,0,2,"SVP BIC multiscale",0,1
"vary_n",4406,0,3,"PELT",0.0149999999999935,1
"vary_n",4406,0,3,"SVP BIC",0.00500000000000256,1
"vary_n",4406,0,3,"SVP BIC calibrated",0.00600000000000023,1
"vary_n",4406,0,3,"SVP BIC multiscale",0.000999999999997669,1
"vary_n",4406,0,4,"PELT",0.00900000000000034,1
"vary_n",4406,0,4,"SVP BIC",0.00500000000000256,1
"vary_n",4406,0,4,"SVP BIC calibrated",0.00499999999999545,1
"vary_n",4406,0,4,"SVP BIC multiscale",0.000999999999997669,1
"vary_n",4406,0,5,"PELT",0.0180000000000007,1
"vary_n",4406,0,5,"SVP BIC",0.00500000000000256,1
"vary_n",4406,0,5,"SVP BIC calibrated",0.00600000000000023,1
"vary_n",4406,0,5,"SVP BIC multiscale",0,1
"vary_n",4406,0,6,"PELT",0.0120000000000005,1
"vary_n",4406,0,6,"SVP BIC",0.00500000000000256,1
"vary_n",4406,0,6,"SVP BIC calibrated",0.00600000000000023,1
"vary_n",4406,0,6,"SVP BIC multiscale",0,1
"vary_n",4406,0,7,"PELT",0.00900000000000034,1
"vary_n",4406,0,7,"SVP BIC",0.00600000000000023,1
"vary_n",4406,0,7,"SVP BIC calibrated",0.00499999999999545,1
"vary_n",4406,0,7,"SVP BIC multiscale",0.000999999999997669,1
"vary_n",4406,0,8,"PELT",0.0110000000000028,1
"vary_n",4406,0,8,"SVP BIC",0.00499999999999545,1
"vary_n",4406,0,8,"SVP BIC calibrated",0.00500000000000256,1
"vary_n",4406,0,8,"SVP BIC multiscale",0,1
"vary_n",4406,0,9,"PELT",0.0130000000000052,1
"vary_n",4406,0,9,"SVP BIC",0.00600000000000023,1
"vary_n",4406,0,9,"SVP BIC calibrated",0.00600000000000023,1
"vary_n",4406,0,9,"SVP BIC multiscale",0.000999999999997669,1
"vary_n",4406,0,10,"PELT",0.0180000000000007,1
"vary_n",4406,0,10,"SVP BIC",0.00500000000000256,1
"vary_n",4406,0,10,"SVP BIC calibrated",0.00600000000000023,1
"vary_n",4406,0,10,"SVP BIC multiscale",0.000999999999997669,1
"vary_n",4406,0,11,"PELT",0.00999999999999801,1
"vary_n",4406,0,11,"SVP BIC",0.00500000000000256,1
"vary_n",4406,0,11,"SVP BIC calibrated",0.00600000000000023,1
"vary_n",4406,0,11,"SVP BIC multiscale",0,1
"vary_n",4406,0,12,"PELT",0.0210000000000008,1
"vary_n",4406,0,12,"SVP BIC",0.00500000000000256,1
"vary_n",4406,0,12,"SVP BIC calibrated",0.00600000000000023,1
"vary_n",4406,0,12,"SVP BIC multiscale",0,1
"vary_n",4406,0,13,"PELT",0.00800000000000267,1
"vary_n",4406,0,13,"SVP BIC",0.00600000000000023,1
"vary_n",4406,0,13,"SVP BIC calibrated",0.230999999999995,2
"vary_n",4406,0,13,"SVP BIC multiscale",0.210999999999999,3
"vary_n",4406,0,14,"PELT",0.0150000000000006,1
"vary_n",4406,0,14,"SVP BIC",0.00600000000000023,1
"vary_n",4406,0,14,"SVP BIC calibrated",0.00600000000000023,1
"vary_n",4406,0,14,"SVP BIC multiscale",0.00100000000000477,1
"vary_n",4406,0,15,"PELT",0.0180000000000007,1
"vary_n",4406,0,15,"SVP BIC",0.00600000000000023,1
"vary_n",4406,0,15,"SVP BIC calibrated",0.00600000000000023,1
"vary_n",4406,0,15,"SVP BIC multiscale",0,1
"vary_n",4406,0,16,"PELT",0.0120000000000005,1
"vary_n",4406,0,16,"SVP BIC",0.00500000000000256,1
"vary_n",4406,0,16,"SVP BIC calibrated",0.00600000000000023,1
"vary_n",4406,0,16,"SVP BIC multiscale",0,1
"vary_n",4406,0,17,"PELT",0.017000000000003,1
"vary_n",4406,0,17,"SVP BIC",0.00499999999999545,1
"vary_n",4406,0,17,"SVP BIC calibrated",0.00600000000000023,1
"vary_n",4406,0,17,"SVP BIC multiscale",0.00100000000000477,1
"vary_n",4406,0,18,"PELT",0.017000000000003,1
"vary_n",4406,0,18,"SVP BIC",0.00500000000000256,1
"vary_n",4406,0,18,"SVP BIC calibrated",0.00499999999999545,1
"vary_n",4406,0,18,"SVP BIC multiscale",0,1
"vary_n",4406,0,19,"PELT",0.0109999999999957,1
"vary_n",4406,0,19,"SVP BIC",0.00599999999999312,1
"vary_n",4406,0,19,"SVP BIC calibrated",0.00600000000000023,1
"vary_n",4406,0,19,"SVP BIC multiscale",0,1
"vary_n",4406,0,20,"PELT",0.0069999999999979,1
"vary_n",4406,0,20,"SVP BIC",0.00600000000000023,1
"vary_n",4406,0,20,"SVP BIC calibrated",0.205000000000005,2
"vary_n",4406,0,20,"SVP BIC multiscale",0.207999999999998,4
"vary_n",5484,0,1,"PELT",0.0120000000000005,1
"vary_n",5484,0,1,"SVP BIC",0.00800000000000267,1
"vary_n",5484,0,1,"SVP BIC calibrated",0.0069999999999979,1
"vary_n",5484,0,1,"SVP BIC multiscale",0,1
"vary_n",5484,0,2,"PELT",0.0269999999999939,1
"vary_n",5484,0,2,"SVP BIC",0.0069999999999979,1
"vary_n",5484,0,2,"SVP BIC calibrated",0.0069999999999979,1
"vary_n",5484,0,2,"SVP BIC multiscale",0,1
"vary_n",5484,0,3,"PELT",0.0140000000000029,1
"vary_n",5484,0,3,"SVP BIC",0.0069999999999979,1
"vary_n",5484,0,3,"SVP BIC calibrated",0.00900000000000034,1
"vary_n",5484,0,3,"SVP BIC multiscale",0.000999999999997669,1
"vary_n",5484,0,4,"PELT",0.0319999999999965,1
"vary_n",5484,0,4,"SVP BIC",0.0069999999999979,1
"vary_n",5484,0,4,"SVP BIC calibrated",0.0069999999999979,1
"vary_n",5484,0,4,"SVP BIC multiscale",0.000999999999997669,1
"vary_n",5484,0,5,"PELT",0.0289999999999964,1
"vary_n",5484,0,5,"SVP BIC",0.007000000000005,1
"vary_n",5484,0,5,"SVP BIC calibrated",0.007000000000005,1
"vary_n",5484,0,5,"SVP BIC multiscale",0,1
"vary_n",5484,0,6,"PELT",0.0140000000000029,1
"vary_n",5484,0,6,"SVP BIC",0.007000000000005,1
"vary_n",5484,0,6,"SVP BIC calibrated",0.00800000000000267,1
"vary_n",5484,0,6,"SVP BIC multiscale",0.000999999999997669,1
"vary_n",5484,0,7,"PELT",0.0279999999999987,1
"vary_n",5484,0,7,"SVP BIC",0.0069999999999979,1
"vary_n",5484,0,7,"SVP BIC calibrated",0.0069999999999979,1
"vary_n",5484,0,7,"SVP BIC multiscale",0.00100000000000477,1
"vary_n",5484,0,8,"PELT",0.0219999999999985,1
"vary_n",5484,0,8,"SVP BIC",0.00800000000000267,1
"vary_n",5484,0,8,"SVP BIC calibrated",0.007000000000005,1
"vary_n",5484,0,8,"SVP BIC multiscale",0,1
"vary_n",5484,0,9,"PELT",0.0169999999999959,1
"vary_n",5484,0,9,"SVP BIC",0.0069999999999979,1
"vary_n",5484,0,9,"SVP BIC calibrated",0.0069999999999979,1
"vary_n",5484,0,9,"SVP BIC multiscale",0.000999999999997669,1
"vary_n",5484,0,10,"PELT",0.0269999999999939,1
"vary_n",5484,0,10,"SVP BIC",0.0069999999999979,1
"vary_n",5484,0,10,"SVP BIC calibrated",0.0069999999999979,1
"vary_n",5484,0,10,"SVP BIC multiscale",0,1
"vary_n",5484,0,11,"PELT",0.0190000000000055,1
"vary_n",5484,0,11,"SVP BIC",0.0069999999999979,1
"vary_n",5484,0,11,"SVP BIC calibrated",0.007000000000005,1
"vary_n",5484,0,11,"SVP BIC multiscale",0.00100000000000477,1
"vary_n",5484,0,12,"PELT",0.0180000000000007,1
"vary_n",5484,0,12,"SVP BIC",0.0069999999999979,1
"vary_n",5484,0,12,"SVP BIC calibrated",0.0069999999999979,1
"vary_n",5484,0,12,"SVP BIC multiscale",0.000999999999997669,1
"vary_n",5484,0,13,"PELT",0.027000000000001,1
"vary_n",5484,0,13,"SVP BIC",0.00600000000000023,1
"vary_n",5484,0,13,"SVP BIC calibrated",0.0069999999999979,1
"vary_n",5484,0,13,"SVP BIC multiscale",0,1
"vary_n",5484,0,14,"PELT",0.0269999999999939,1
"vary_n",5484,0,14,"SVP BIC",0.007000000000005,1
"vary_n",5484,0,14,"SVP BIC calibrated",0.00600000000000023,1
"vary_n",5484,0,14,"SVP BIC multiscale",0.000999999999997669,1
"vary_n",5484,0,15,"PELT",0.0189999999999984,1
"vary_n",5484,0,15,"SVP BIC",0.007000000000005,1
"vary_n",5484,0,15,"SVP BIC calibrated",0.0069999999999979,1
"vary_n",5484,0,15,"SVP BIC multiscale",0,1
"vary_n",5484,0,16,"PELT",0.0189999999999984,1
"vary_n",5484,0,16,"SVP BIC",0.0069999999999979,1
"vary_n",5484,0,16,"SVP BIC calibrated",0.0069999999999979,1
"vary_n",5484,0,16,"SVP BIC multiscale",0.000999999999997669,1
"vary_n",5484,0,17,"PELT",0.0260000000000034,1
"vary_n",5484,0,17,"SVP BIC",0.007000000000005,1
"vary_n",5484,0,17,"SVP BIC calibrated",0.0069999999999979,1
"vary_n",5484,0,17,"SVP BIC multiscale",0,1
"vary_n",5484,0,18,"PELT",0.0130000000000052,1
"vary_n",5484,0,18,"SVP BIC",0.007000000000005,1
"vary_n",5484,0,18,"SVP BIC calibrated",0.0069999999999979,1
"vary_n",5484,0,18,"SVP BIC multiscale",0.00100000000000477,1
"vary_n",5484,0,19,"PELT",0.0150000000000006,1
"vary_n",5484,0,19,"SVP BIC",0.00800000000000267,1
"vary_n",5484,0,19,"SVP BIC calibrated",0.007000000000005,1
"vary_n",5484,0,19,"SVP BIC multiscale",0.000999999999997669,1
"vary_n",5484,0,20,"PELT",0.027000000000001,1
"vary_n",5484,0,20,"SVP BIC",0.0069999999999979,1
"vary_n",5484,0,20,"SVP BIC calibrated",0.0069999999999979,1
"vary_n",5484,0,20,"SVP BIC multiscale",0,1
"vary_n",6826,0,1,"PELT",0.036999999999999,1
"vary_n",6826,0,1,"SVP BIC",0.00999999999999801,1
"vary_n",6826,0,1,"SVP BIC calibrated",0.00999999999999801,1
"vary_n",6826,0,1,"SVP BIC multiscale",0.00100000000000477,1
"vary_n",6826,0,2,"PELT",0.0420000000000016,1
"vary_n",6826,0,2,"SVP BIC",0.00899999999999324,1
"vary_n",6826,0,2,"SVP BIC calibrated",0.00900000000000034,1
"vary_n",6826,0,2,"SVP BIC multiscale",0.000999999999997669,1
"vary_n",6826,0,3,"PELT",0.0210000000000008,1
"vary_n",6826,0,3,"SVP BIC",0.00900000000000034,1
"vary_n",6826,0,3,"SVP BIC calibrated",0.00800000000000267,1
"vary_n",6826,0,3,"SVP BIC multiscale",0.000999999999997669,1
"vary_n",6826,0,4,"PELT",0.0259999999999962,1
"vary_n",6826,0,4,"SVP BIC",0.00900000000000034,1
"vary_n",6826,0,4,"SVP BIC calibrated",0.00900000000000034,1
"vary_n",6826,0,4,"SVP BIC multiscale",0.00100000000000477,1
"vary_n",6826,0,5,"PELT",0.0429999999999993,1
"vary_n",6826,0,5,"SVP BIC",0.00900000000000034,1
"vary_n",6826,0,5,"SVP BIC calibrated",0.00900000000000034,1
"vary_n",6826,0,5,"SVP BIC multiscale",0.00100000000000477,1
"vary_n",6826,0,6,"PELT",0.0459999999999994,1
"vary_n",6826,0,6,"SVP BIC",0.00900000000000034,1
"vary_n",6826,0,6,"SVP BIC calibrated",0.00900000000000034,1
"vary_n",6826,0,6,"SVP BIC multiscale",0.00100000000000477,1
"vary_n",6826,0,7,"PELT",0.0189999999999984,1
"vary_n",6826,0,7,"SVP BIC",0.0109999999999957,1
"vary_n",6826,0,7,"SVP BIC calibrated",0.00900000000000034,1
"vary_n",6826,0,7,"SVP BIC multiscale",0.000999999999997669,1
"vary_n",6826,0,8,"PELT",0.0399999999999991,1
"vary_n",6826,0,8,"SVP BIC",0.00999999999999801,1
"vary_n",6826,0,8,"SVP BIC calibrated",0.00900000000000034,1
"vary_n",6826,0,8,"SVP BIC multiscale",0.00100000000000477,1
"vary_n",6826,0,9,"PELT",0.0449999999999946,1
"vary_n",6826,0,9,"SVP BIC",0.00900000000000034,1
"vary_n",6826,0,9,"SVP BIC calibrated",0.00999999999999801,1
"vary_n",6826,0,9,"SVP BIC multiscale",0.000999999999997669,1
"vary_n",6826,0,10,"PELT",0.027000000000001,1
"vary_n",6826,0,10,"SVP BIC",0.00900000000000034,1
"vary_n",6826,0,10,"SVP BIC calibrated",0.00900000000000034,1
"vary_n",6826,0,10,"SVP BIC multiscale",0.000999999999997669,1
"vary_n",6826,0,11,"PELT",0.0429999999999993,1
"vary_n",6826,0,11,"SVP BIC",0.00999999999999801,1
"vary_n",6826,0,11,"SVP BIC calibrated",0.00900000000000034,1
"vary_n",6826,0,11,"SVP BIC multiscale",0.00100000000000477,1
"vary_n",6826,0,12,"PELT",0.0310000000000059,1
"vary_n",6826,0,12,"SVP BIC",0.00900000000000034,1
"vary_n",6826,0,12,"SVP BIC calibrated",0.00900000000000034,1
"vary_n",6826,0,12,"SVP BIC multiscale",0.000999999999997669,1
"vary_n",6826,0,13,"PELT",0.0430000000000064,1
"vary_n",6826,0,13,"SVP BIC",0.00900000000000034,1
"vary_n",6826,0,13,"SVP BIC calibrated",0.00900000000000034,1
"vary_n",6826,0,13,"SVP BIC multiscale",0,1
"vary_n",6826,0,14,"PELT",0.0429999999999993,1
"vary_n",6826,0,14,"SVP BIC",0.00900000000000034,1
"vary_n",6826,0,14,"SVP BIC calibrated",0.00799999999999557,1
"vary_n",6826,0,14,"SVP BIC multiscale",0.00100000000000477,1
"vary_n",6826,0,15,"PELT",0.0330000000000013,1
"vary_n",6826,0,15,"SVP BIC",0.00999999999999801,1
"vary_n",6826,0,15,"SVP BIC calibrated",0.00900000000000034,1
"vary_n",6826,0,15,"SVP BIC multiscale",0.000999999999997669,1
"vary_n",6826,0,16,"PELT",0.0239999999999938,1
"vary_n",6826,0,16,"SVP BIC",0.00900000000000034,1
"vary_n",6826,0,16,"SVP BIC calibrated",0.00900000000000034,1
"vary_n",6826,0,16,"SVP BIC multiscale",0.00100000000000477,1
"vary_n",6826,0,17,"PELT",0.0409999999999968,1
"vary_n",6826,0,17,"SVP BIC",0.00900000000000034,1
"vary_n",6826,0,17,"SVP BIC calibrated",0.00799999999999557,1
"vary_n",6826,0,17,"SVP BIC multiscale",0.000999999999997669,1
"vary_n",6826,0,18,"PELT",0.036999999999999,1
"vary_n",6826,0,18,"SVP BIC",0.00900000000000034,1
"vary_n",6826,0,18,"SVP BIC calibrated",0.00900000000000034,1
"vary_n",6826,0,18,"SVP BIC multiscale",0.000999999999997669,1
"vary_n",6826,0,19,"PELT",0.0229999999999961,1
"vary_n",6826,0,19,"SVP BIC",0.00900000000000034,1
"vary_n",6826,0,19,"SVP BIC calibrated",0.00900000000000034,1
"vary_n",6826,0,19,"SVP BIC multiscale",0.000999999999997669,1
"vary_n",6826,0,20,"PELT",0.0339999999999989,1
"vary_n",6826,0,20,"SVP BIC",0.00900000000000034,1
"vary_n",6826,0,20,"SVP BIC calibrated",0.00999999999999801,1
"vary_n",6826,0,20,"SVP BIC multiscale",0.00100000000000477,1
"vary_n",8496,0,1,"PELT",0.0679999999999978,1
"vary_n",8496,0,1,"SVP BIC",0.0120000000000005,1
"vary_n",8496,0,1,"SVP BIC calibrated",0.0110000000000028,1
"vary_n",8496,0,1,"SVP BIC multiscale",0.000999999999997669,1
"vary_n",8496,0,2,"PELT",0.0529999999999973,1
"vary_n",8496,0,2,"SVP BIC",0.0109999999999957,1
"vary_n",8496,0,2,"SVP BIC calibrated",0.0110000000000028,1
"vary_n",8496,0,2,"SVP BIC multiscale",0.000999999999997669,1
"vary_n",8496,0,3,"PELT",0.0409999999999968,1
"vary_n",8496,0,3,"SVP BIC",0.0120000000000005,1
"vary_n",8496,0,3,"SVP BIC calibrated",0.0110000000000028,1
"vary_n",8496,0,3,"SVP BIC multiscale",0.000999999999997669,1
"vary_n",8496,0,4,"PELT",0.0330000000000013,1
"vary_n",8496,0,4,"SVP BIC",0.0109999999999957,1
"vary_n",8496,0,4,"SVP BIC calibrated",0.0109999999999957,1
"vary_n",8496,0,4,"SVP BIC multiscale",0.000999999999997669,1
"vary_n",8496,0,5,"PELT",0.0420000000000016,1
"vary_n",8496,0,5,"SVP BIC",0.0109999999999957,1
"vary_n",8496,0,5,"SVP BIC calibrated",0.0110000000000028,1
"vary_n",8496,0,5,"SVP BIC multiscale",0.00199999999999534,1
"vary_n",8496,0,6,"PELT",0.0279999999999987,1
"vary_n",8496,0,6,"SVP BIC",0.0110000000000028,1
"vary_n",8496,0,6,"SVP BIC calibrated",0.0109999999999957,1
"vary_n",8496,0,6,"SVP BIC multiscale",0.000999999999997669,1
"vary_n",8496,0,7,"PELT",0.0419999999999945,1
"vary_n",8496,0,7,"SVP BIC",0.0120000000000005,1
"vary_n",8496,0,7,"SVP BIC calibrated",0.0120000000000005,1
"vary_n",8496,0,7,"SVP BIC multiscale",0.00100000000000477,1
"vary_n",8496,0,8,"PELT",0.0649999999999977,1
"vary_n",8496,0,8,"SVP BIC",0.0110000000000028,1
"vary_n",8496,0,8,"SVP BIC calibrated",0.0109999999999957,1
"vary_n",8496,0,8,"SVP BIC multiscale",0.00100000000000477,1
"vary_n",8496,0,9,"PELT",0.0659999999999954,1
"vary_n",8496,0,9,"SVP BIC",0.0110000000000028,1
"vary_n",8496,0,9,"SVP BIC calibrated",0.0110000000000028,1
"vary_n",8496,0,9,"SVP BIC multiscale",0.00100000000000477,1
"vary_n",8496,0,10,"PELT",0.044000000000004,1
"vary_n",8496,0,10,"SVP BIC",0.0110000000000028,1
"vary_n",8496,0,10,"SVP BIC calibrated",0.0120000000000005,1
"vary_n",8496,0,10,"SVP BIC multiscale",0.000999999999997669,1
"vary_n",8496,0,11,"PELT",0.0379999999999967,1
"vary_n",8496,0,11,"SVP BIC",0.0110000000000028,1
"vary_n",8496,0,11,"SVP BIC calibrated",0.0109999999999957,1
"vary_n",8496,0,11,"SVP BIC multiscale",0.00199999999999534,1
"vary_n",8496,0,12,"PELT",0.0459999999999994,1
"vary_n",8496,0,12,"SVP BIC",0.0109999999999957,1
"vary_n",8496,0,12,"SVP BIC calibrated",0.0110000000000028,1
"vary_n",8496,0,12,"SVP BIC multiscale",0.00100000000000477,1
"vary_n",8496,0,13,"PELT",0.0320000000000036,1
"vary_n",8496,0,13,"SVP BIC",0.0109999999999957,1
"vary_n",8496,0,13,"SVP BIC calibrated",0.0110000000000028,1
"vary_n",8496,0,13,"SVP BIC multiscale",0.000999999999997669,1
"vary_n",8496,0,14,"PELT",0.0660000000000025,1
"vary_n",8496,0,14,"SVP BIC",0.0110000000000028,1
"vary_n",8496,0,14,"SVP BIC calibrated",0.0109999999999957,1
"vary_n",8496,0,14,"SVP BIC multiscale",0.00100000000000477,1
"vary_n",8496,0,15,"PELT",0.027000000000001,1
"vary_n",8496,0,15,"SVP BIC",0.0120000000000005,1
"vary_n",8496,0,15,"SVP BIC calibrated",0.0109999999999957,1
"vary_n",8496,0,15,"SVP BIC multiscale",0.000999999999997669,1
"vary_n",8496,0,16,"PELT",0.070999999999998,1
"vary_n",8496,0,16,"SVP BIC",0.0120000000000005,1
"vary_n",8496,0,16,"SVP BIC calibrated",0.0109999999999957,1
"vary_n",8496,0,16,"SVP BIC multiscale",0.00100000000000477,1
"vary_n",8496,0,17,"PELT",0.0609999999999999,1
"vary_n",8496,0,17,"SVP BIC",0.0110000000000028,1
"vary_n",8496,0,17,"SVP BIC calibrated",0.0110000000000028,1
"vary_n",8496,0,17,"SVP BIC multiscale",0.00200000000000244,1
"vary_n",8496,0,18,"PELT",0.0690000000000026,1
"vary_n",8496,0,18,"SVP BIC",0.0109999999999957,1
"vary_n",8496,0,18,"SVP BIC calibrated",0.0110000000000028,1
"vary_n",8496,0,18,"SVP BIC multiscale",0.000999999999997669,1
"vary_n",8496,0,19,"PELT",0.0609999999999999,1
"vary_n",8496,0,19,"SVP BIC",0.0110000000000028,1
"vary_n",8496,0,19,"SVP BIC calibrated",0.0110000000000028,1
"vary_n",8496,0,19,"SVP BIC multiscale",0.000999999999997669,1
"vary_n",8496,0,20,"PELT",0.0519999999999996,1
"vary_n",8496,0,20,"SVP BIC",0.0109999999999957,1
"vary_n",8496,0,20,"SVP BIC calibrated",0.0110000000000028,1
"vary_n",8496,0,20,"SVP BIC multiscale",0.00200000000000244,1
"vary_n",10575,0,1,"PELT",0.109000000000002,1
"vary_n",10575,0,1,"SVP BIC",0.0139999999999958,1
"vary_n",10575,0,1,"SVP BIC calibrated",0.0139999999999958,1
"vary_n",10575,0,1,"SVP BIC multiscale",0.00100000000000477,1
"vary_n",10575,0,2,"PELT",0.0869999999999962,1
"vary_n",10575,0,2,"SVP BIC",0.0139999999999958,1
"vary_n",10575,0,2,"SVP BIC calibrated",0.0150000000000006,1
"vary_n",10575,0,2,"SVP BIC multiscale",0.00100000000000477,1
"vary_n",10575,0,3,"PELT",0.0910000000000011,1
"vary_n",10575,0,3,"SVP BIC",0.0139999999999958,1
"vary_n",10575,0,3,"SVP BIC calibrated",0.0140000000000029,1
"vary_n",10575,0,3,"SVP BIC multiscale",0.00200000000000244,1
"vary_n",10575,0,4,"PELT",0.0670000000000002,1
"vary_n",10575,0,4,"SVP BIC",0.0140000000000029,1
"vary_n",10575,0,4,"SVP BIC calibrated",0.0140000000000029,1
"vary_n",10575,0,4,"SVP BIC multiscale",0.000999999999997669,1
"vary_n",10575,0,5,"PELT",0.0510000000000019,1
"vary_n",10575,0,5,"SVP BIC",0.0130000000000052,1
"vary_n",10575,0,5,"SVP BIC calibrated",1.127,2
"vary_n",10575,0,5,"SVP BIC multiscale",1.691,2
"vary_n",10575,0,6,"PELT",0.101999999999997,1
"vary_n",10575,0,6,"SVP BIC",0.0140000000000029,1
"vary_n",10575,0,6,"SVP BIC calibrated",0.0139999999999958,1
"vary_n",10575,0,6,"SVP BIC multiscale",0.000999999999997669,1
"vary_n",10575,0,7,"PELT",0.0549999999999997,1
"vary_n",10575,0,7,"SVP BIC",0.0139999999999958,1
"vary_n",10575,0,7,"SVP BIC calibrated",0.0129999999999981,1
"vary_n",10575,0,7,"SVP BIC multiscale",0.000999999999997669,1
"vary_n",10575,0,8,"PELT",0.0929999999999964,1
"vary_n",10575,0,8,"SVP BIC",0.0129999999999981,1
"vary_n",10575,0,8,"SVP BIC calibrated",0.0140000000000029,1
"vary_n",10575,0,8,"SVP BIC multiscale",0.00200000000000244,1
"vary_n",10575,0,9,"PELT",0.0870000000000033,1
"vary_n",10575,0,9,"SVP BIC",0.0140000000000029,1
"vary_n",10575,0,9,"SVP BIC calibrated",0.0140000000000029,1
"vary_n",10575,0,9,"SVP BIC multiscale",0.000999999999997669,1
"vary_n",10575,0,10,"PELT",0.102000000000004,1
"vary_n",10575,0,10,"SVP BIC",0.0129999999999981,1
"vary_n",10575,0,10,"SVP BIC calibrated",0.0140000000000029,1
"vary_n",10575,0,10,"SVP BIC multiscale",0.000999999999997669,1
"vary_n",10575,0,11,"PELT",0.0829999999999984,1
"vary_n",10575,0,11,"SVP BIC",0.0129999999999981,1
"vary_n",10575,0,11,"SVP BIC calibrated",0.0140000000000029,1
"vary_n",10575,0,11,"SVP BIC multiscale",0.00100000000000477,1
"vary_n",10575,0,12,"PELT",0.102000000000004,1
"vary_n",10575,0,12,"SVP BIC",0.0129999999999981,1
"vary_n",10575,0,12,"SVP BIC calibrated",0.0140000000000029,1
"vary_n",10575,0,12,"SVP BIC multiscale",0.000999999999997669,1
"vary_n",10575,0,13,"PELT",0.0750000000000028,1
"vary_n",10575,0,13,"SVP BIC",0.0129999999999981,1
"vary_n",10575,0,13,"SVP BIC calibrated",0.0129999999999981,1
"vary_n",10575,0,13,"SVP BIC multiscale",0.00200000000000244,1
"vary_n",10575,0,14,"PELT",0.103000000000002,1
"vary_n",10575,0,14,"SVP BIC",0.0139999999999958,1
"vary_n",10575,0,14,"SVP BIC calibrated",0.0129999999999981,1
"vary_n",10575,0,14,"SVP BIC multiscale",0.00199999999999534,1
"vary_n",10575,0,15,"PELT",0.0580000000000069,1
"vary_n",10575,0,15,"SVP BIC",0.0139999999999958,1
"vary_n",10575,0,15,"SVP BIC calibrated",0.0140000000000029,1
"vary_n",10575,0,15,"SVP BIC multiscale",0.00200000000000244,1
"vary_n",10575,0,16,"PELT",0.0549999999999997,1
"vary_n",10575,0,16,"SVP BIC",0.0129999999999981,1
"vary_n",10575,0,16,"SVP BIC calibrated",0.0140000000000029,1
"vary_n",10575,0,16,"SVP BIC multiscale",0.00100000000000477,1
"vary_n",10575,0,17,"PELT",0.0760000000000005,1
"vary_n",10575,0,17,"SVP BIC",0.0129999999999981,1
"vary_n",10575,0,17,"SVP BIC calibrated",0.0139999999999958,1
"vary_n",10575,0,17,"SVP BIC multiscale",0.00199999999999534,1
"vary_n",10575,0,18,"PELT",0.103000000000002,1
"vary_n",10575,0,18,"SVP BIC",0.0130000000000052,1
"vary_n",10575,0,18,"SVP BIC calibrated",0.0140000000000029,1
"vary_n",10575,0,18,"SVP BIC multiscale",0.00200000000000244,1
"vary_n",10575,0,19,"PELT",0.0899999999999963,1
"vary_n",10575,0,19,"SVP BIC",0.0140000000000029,1
"vary_n",10575,0,19,"SVP BIC calibrated",0.0139999999999958,1
"vary_n",10575,0,19,"SVP BIC multiscale",0.000999999999997669,1
"vary_n",10575,0,20,"PELT",0.0600000000000023,1
"vary_n",10575,0,20,"SVP BIC",0.0140000000000029,1
"vary_n",10575,0,20,"SVP BIC calibrated",0.0139999999999958,1
"vary_n",10575,0,20,"SVP BIC multiscale",0.000999999999997669,1
"vary_n",13163,0,1,"PELT",0.158999999999999,1
"vary_n",13163,0,1,"SVP BIC",0.017000000000003,1
"vary_n",13163,0,1,"SVP BIC calibrated",0.0180000000000007,1
"vary_n",13163,0,1,"SVP BIC multiscale",0.00199999999999534,1
"vary_n",13163,0,2,"PELT",0.155999999999999,1
"vary_n",13163,0,2,"SVP BIC",0.0159999999999982,1
"vary_n",13163,0,2,"SVP BIC calibrated",0.0169999999999959,1
"vary_n",13163,0,2,"SVP BIC multiscale",0.00100000000000477,1
"vary_n",13163,0,3,"PELT",0.068000000000005,1
"vary_n",13163,0,3,"SVP BIC",0.0169999999999959,1
"vary_n",13163,0,3,"SVP BIC calibrated",0.017000000000003,1
"vary_n",13163,0,3,"SVP BIC multiscale",0.00199999999999534,1
"vary_n",13163,0,4,"PELT",0.0929999999999964,1
"vary_n",13163,0,4,"SVP BIC",0.0159999999999982,1
"vary_n",13163,0,4,"SVP BIC calibrated",0.017000000000003,1
"vary_n",13163,0,4,"SVP BIC multiscale",0.00199999999999534,1
"vary_n",13163,0,5,"PELT",0.120999999999995,1
"vary_n",13163,0,5,"SVP BIC",0.0169999999999959,1
"vary_n",13163,0,5,"SVP BIC calibrated",0.017000000000003,1
"vary_n",13163,0,5,"SVP BIC multiscale",0.00199999999999534,1
"vary_n",13163,0,6,"PELT",0.157000000000004,1
"vary_n",13163,0,6,"SVP BIC",0.0159999999999982,1
"vary_n",13163,0,6,"SVP BIC calibrated",0.017000000000003,1
"vary_n",13163,0,6,"SVP BIC multiscale",0.00199999999999534,1
"vary_n",13163,0,7,"PELT",0.118000000000002,1
"vary_n",13163,0,7,"SVP BIC",0.017000000000003,1
"vary_n",13163,0,7,"SVP BIC calibrated",0.0169999999999959,1
"vary_n",13163,0,7,"SVP BIC multiscale",0.00200000000000244,1
"vary_n",13163,0,8,"PELT",0.158000000000001,1
"vary_n",13163,0,8,"SVP BIC",0.0230000000000032,1
"vary_n",13163,0,8,"SVP BIC calibrated",0.017000000000003,1
"vary_n",13163,0,8,"SVP BIC multiscale",0.000999999999997669,1
"vary_n",13163,0,9,"PELT",0.0810000000000031,1
"vary_n",13163,0,9,"SVP BIC",0.0169999999999959,1
"vary_n",13163,0,9,"SVP BIC calibrated",0.017000000000003,1
"vary_n",13163,0,9,"SVP BIC multiscale",0.000999999999997669,1
"vary_n",13163,0,10,"PELT",0.0579999999999998,1
"vary_n",13163,0,10,"SVP BIC",0.017000000000003,1
"vary_n",13163,0,10,"SVP BIC calibrated",0.017000000000003,1
"vary_n",13163,0,10,"SVP BIC multiscale",0.000999999999997669,1
"vary_n",13163,0,11,"PELT",0.0929999999999964,1
"vary_n",13163,0,11,"SVP BIC",0.017000000000003,1
"vary_n",13163,0,11,"SVP BIC calibrated",0.017000000000003,1
"vary_n",13163,0,11,"SVP BIC multiscale",0.000999999999997669,1
"vary_n",13163,0,12,"PELT",0.151000000000003,1
"vary_n",13163,0,12,"SVP BIC",0.0169999999999959,1
"vary_n",13163,0,12,"SVP BIC calibrated",0.017000000000003,1
"vary_n",13163,0,12,"SVP BIC multiscale",0.000999999999997669,1
"vary_n",13163,0,13,"PELT",0.0889999999999986,1
"vary_n",13163,0,13,"SVP BIC",0.0169999999999959,1
"vary_n",13163,0,13,"SVP BIC calibrated",0.0169999999999959,1
"vary_n",13163,0,13,"SVP BIC multiscale",0.00199999999999534,1
"vary_n",13163,0,14,"PELT",0.0869999999999962,1
"vary_n",13163,0,14,"SVP BIC",0.0169999999999959,1
"vary_n",13163,0,14,"SVP BIC calibrated",0.017000000000003,1
"vary_n",13163,0,14,"SVP BIC multiscale",3.556,3
"vary_n",13163,0,15,"PELT",0.152999999999999,1
"vary_n",13163,0,15,"SVP BIC",0.0169999999999959,1
"vary_n",13163,0,15,"SVP BIC calibrated",0.0170000000000101,1
"vary_n",13163,0,15,"SVP BIC multiscale",0.00200000000000955,1
"vary_n",13163,0,16,"PELT",0.153999999999996,1
"vary_n",13163,0,16,"SVP BIC",0.0169999999999959,1
"vary_n",13163,0,16,"SVP BIC calibrated",0.0169999999999959,1
"vary_n",13163,0,16,"SVP BIC multiscale",0.00200000000000955,1
"vary_n",13163,0,17,"PELT",0.0819999999999936,1
"vary_n",13163,0,17,"SVP BIC",0.0170000000000101,1
"vary_n",13163,0,17,"SVP BIC calibrated",0.0169999999999959,1
"vary_n",13163,0,17,"SVP BIC multiscale",0.00199999999999534,1
"vary_n",13163,0,18,"PELT",0.0840000000000032,1
"vary_n",13163,0,18,"SVP BIC",0.0169999999999959,1
"vary_n",13163,0,18,"SVP BIC calibrated",0.0180000000000007,1
"vary_n",13163,0,18,"SVP BIC multiscale",0.00199999999999534,1
"vary_n",13163,0,19,"PELT",0.10199999999999,1
"vary_n",13163,0,19,"SVP BIC",0.0169999999999959,1
"vary_n",13163,0,19,"SVP BIC calibrated",0.0169999999999959,1
"vary_n",13163,0,19,"SVP BIC multiscale",0.00199999999999534,1
"vary_n",13163,0,20,"PELT",0.108999999999995,1
"vary_n",13163,0,20,"SVP BIC",0.0169999999999959,1
"vary_n",13163,0,20,"SVP BIC calibrated",0.0169999999999959,1
"vary_n",13163,0,20,"SVP BIC multiscale",0.00200000000000955,1
"vary_n",16384,0,1,"PELT",0.153999999999996,1
"vary_n",16384,0,1,"SVP BIC",0.0250000000000057,1
"vary_n",16384,0,1,"SVP BIC calibrated",0.0229999999999961,1
"vary_n",16384,0,1,"SVP BIC multiscale",0.00200000000000955,1
"vary_n",16384,0,2,"PELT",0.241,1
"vary_n",16384,0,2,"SVP BIC",0.0210000000000008,1
"vary_n",16384,0,2,"SVP BIC calibrated",0.0210000000000008,1
"vary_n",16384,0,2,"SVP BIC multiscale",0.00199999999999534,1
"vary_n",16384,0,3,"PELT",0.244,1
"vary_n",16384,0,3,"SVP BIC",0.0210000000000008,1
"vary_n",16384,0,3,"SVP BIC calibrated",0.0210000000000008,1
"vary_n",16384,0,3,"SVP BIC multiscale",0.00199999999999534,1
"vary_n",16384,0,4,"PELT",0.244,1
"vary_n",16384,0,4,"SVP BIC",0.0210000000000008,1
"vary_n",16384,0,4,"SVP BIC calibrated",0.019999999999996,1
"vary_n",16384,0,4,"SVP BIC multiscale",0.00200000000000955,1
"vary_n",16384,0,5,"PELT",0.242000000000004,1
"vary_n",16384,0,5,"SVP BIC",0.0220000000000056,1
"vary_n",16384,0,5,"SVP BIC calibrated",0.0210000000000008,1
"vary_n",16384,0,5,"SVP BIC multiscale",0.00200000000000955,1
"vary_n",16384,0,6,"PELT",0.242000000000004,1
"vary_n",16384,0,6,"SVP BIC",0.0210000000000008,1
"vary_n",16384,0,6,"SVP BIC calibrated",0.0210000000000008,1
"vary_n",16384,0,6,"SVP BIC multiscale",0.00300000000000011,1
"vary_n",16384,0,7,"PELT",0.148999999999987,1
"vary_n",16384,0,7,"SVP BIC",0.0210000000000008,1
"vary_n",16384,0,7,"SVP BIC calibrated",0.0219999999999914,1
"vary_n",16384,0,7,"SVP BIC multiscale",0.00199999999999534,1
"vary_n",16384,0,8,"PELT",0.256,1
"vary_n",16384,0,8,"SVP BIC",0.0210000000000008,1
"vary_n",16384,0,8,"SVP BIC calibrated",0.0220000000000056,1
"vary_n",16384,0,8,"SVP BIC multiscale",0.00199999999999534,1
"vary_n",16384,0,9,"PELT",0.168000000000006,1
"vary_n",16384,0,9,"SVP BIC",0.0210000000000008,1
"vary_n",16384,0,9,"SVP BIC calibrated",0.0209999999999866,1
"vary_n",16384,0,9,"SVP BIC multiscale",0.00199999999999534,1
"vary_n",16384,0,10,"PELT",0.141000000000005,1
"vary_n",16384,0,10,"SVP BIC",0.0219999999999914,1
"vary_n",16384,0,10,"SVP BIC calibrated",0.0210000000000008,1
"vary_n",16384,0,10,"SVP BIC multiscale",0.00200000000000955,1
"vary_n",16384,0,11,"PELT",0.131,1
"vary_n",16384,0,11,"SVP BIC",0.0220000000000056,1
"vary_n",16384,0,11,"SVP BIC calibrated",0.0210000000000008,1
"vary_n",16384,0,11,"SVP BIC multiscale",0.00200000000000955,1
"vary_n",16384,0,12,"PELT",0.161000000000001,1
"vary_n",16384,0,12,"SVP BIC",0.0210000000000008,1
"vary_n",16384,0,12,"SVP BIC calibrated",0.0220000000000056,1
"vary_n",16384,0,12,"SVP BIC multiscale",0.00200000000000955,1
"vary_n",16384,0,13,"PELT",0.129999999999995,1
"vary_n",16384,0,13,"SVP BIC",0.0220000000000056,1
"vary_n",16384,0,13,"SVP BIC calibrated",0.0219999999999914,1
"vary_n",16384,0,13,"SVP BIC multiscale",0.00199999999999534,1
"vary_n",16384,0,14,"PELT",0.248999999999995,1
"vary_n",16384,0,14,"SVP BIC",0.0220000000000056,1
"vary_n",16384,0,14,"SVP BIC calibrated",0.0210000000000008,1
"vary_n",16384,0,14,"SVP BIC multiscale",0.00199999999999534,1
"vary_n",16384,0,15,"PELT",0.221999999999994,1
"vary_n",16384,0,15,"SVP BIC",0.0210000000000008,1
"vary_n",16384,0,15,"SVP BIC calibrated",0.0210000000000008,1
"vary_n",16384,0,15,"SVP BIC multiscale",0.00200000000000955,1
"vary_n",16384,0,16,"PELT",0.203000000000003,1
"vary_n",16384,0,16,"SVP BIC",0.0219999999999914,1
"vary_n",16384,0,16,"SVP BIC calibrated",0.0220000000000056,1
"vary_n",16384,0,16,"SVP BIC multiscale",0.00200000000000955,1
"vary_n",16384,0,17,"PELT",0.230000000000004,1
"vary_n",16384,0,17,"SVP BIC",0.0219999999999914,1
"vary_n",16384,0,17,"SVP BIC calibrated",0.0210000000000008,1
"vary_n",16384,0,17,"SVP BIC multiscale",0.00200000000000955,1
"vary_n",16384,0,18,"PELT",0.207000000000008,1
"vary_n",16384,0,18,"SVP BIC",0.0210000000000008,1
"vary_n",16384,0,18,"SVP BIC calibrated",0.0210000000000008,1
"vary_n",16384,0,18,"SVP BIC multiscale",0.00199999999999534,1
"vary_n",16384,0,19,"PELT",0.201000000000008,1
"vary_n",16384,0,19,"SVP BIC",0.0210000000000008,1
"vary_n",16384,0,19,"SVP BIC calibrated",0.0210000000000008,1
"vary_n",16384,0,19,"SVP BIC multiscale",0.00199999999999534,1
"vary_n",16384,0,20,"PELT",0.209000000000003,1
"vary_n",16384,0,20,"SVP BIC",0.0219999999999914,1
"vary_n",16384,0,20,"SVP BIC calibrated",0.0210000000000008,1
"vary_n",16384,0,20,"SVP BIC multiscale",0.00200000000000955,1
"vary_k",10000,0,1,"PELT",0.0360000000000014,1
"vary_k",10000,0,1,"SVP BIC",0.0139999999999958,1
"vary_k",10000,0,1,"SVP BIC calibrated",0.0130000000000052,1
"vary_k",10000,0,1,"SVP BIC multiscale",0.000999999999990564,1
"vary_k",10000,0,2,"PELT",0.0480000000000018,1
"vary_k",10000,0,2,"SVP BIC",0.012999999999991,1
"vary_k",10000,0,2,"SVP BIC calibrated",0.0130000000000052,1
"vary_k",10000,0,2,"SVP BIC multiscale",0.000999999999990564,1
"vary_k",10000,0,3,"PELT",0.0910000000000082,1
"vary_k",10000,0,3,"SVP BIC",0.0130000000000052,1
"vary_k",10000,0,3,"SVP BIC calibrated",0.0130000000000052,1
"vary_k",10000,0,3,"SVP BIC multiscale",0.000999999999990564,1
"vary_k",10000,0,4,"PELT",0.0879999999999939,1
"vary_k",10000,0,4,"SVP BIC",0.012999999999991,1
"vary_k",10000,0,4,"SVP BIC calibrated",0.012999999999991,1
"vary_k",10000,0,4,"SVP BIC multiscale",0.000999999999990564,1
"vary_k",10000,0,5,"PELT",0.0519999999999925,1
"vary_k",10000,0,5,"SVP BIC",0.012999999999991,1
"vary_k",10000,0,5,"SVP BIC calibrated",0.0130000000000052,1
"vary_k",10000,0,5,"SVP BIC multiscale",0.00200000000000955,1
"vary_k",10000,0,6,"PELT",0.0440000000000111,1
"vary_k",10000,0,6,"SVP BIC",0.0139999999999958,1
"vary_k",10000,0,6,"SVP BIC calibrated",0.012999999999991,1
"vary_k",10000,0,6,"SVP BIC multiscale",0.00100000000000477,1
"vary_k",10000,0,7,"PELT",0.0919999999999987,1
"vary_k",10000,0,7,"SVP BIC",0.0120000000000005,1
"vary_k",10000,0,7,"SVP BIC calibrated",0.0130000000000052,1
"vary_k",10000,0,7,"SVP BIC multiscale",0.00199999999999534,1
"vary_k",10000,0,8,"PELT",0.0889999999999986,1
"vary_k",10000,0,8,"SVP BIC",0.0130000000000052,1
"vary_k",10000,0,8,"SVP BIC calibrated",0.012999999999991,1
"vary_k",10000,0,8,"SVP BIC multiscale",0.00199999999999534,1
"vary_k",10000,0,9,"PELT",0.0779999999999887,1
"vary_k",10000,0,9,"SVP BIC",0.0130000000000052,1
"vary_k",10000,0,9,"SVP BIC calibrated",0.0120000000000005,1
"vary_k",10000,0,9,"SVP BIC multiscale",0.00100000000000477,1
"vary_k",10000,0,10,"PELT",0.090999999999994,1
"vary_k",10000,0,10,"SVP BIC",0.0130000000000052,1
"vary_k",10000,0,10,"SVP BIC calibrated",0.0120000000000005,1
"vary_k",10000,0,10,"SVP BIC multiscale",0.00199999999999534,1
"vary_k",10000,1,1,"PELT",0.0350000000000108,2
"vary_k",10000,1,1,"SVP BIC",1.05699999999999,2
"vary_k",10000,1,1,"SVP BIC calibrated",1.06099999999999,2
"vary_k",10000,1,1,"SVP BIC multiscale",1.39399999999999,2
"vary_k",10000,1,2,"PELT",0.0460000000000065,2
"vary_k",10000,1,2,"SVP BIC",1.07300000000001,2
"vary_k",10000,1,2,"SVP BIC calibrated",1.074,2
"vary_k",10000,1,2,"SVP BIC multiscale",1.416,2
"vary_k",10000,1,3,"PELT",0.0460000000000065,2
"vary_k",10000,1,3,"SVP BIC",1.09399999999999,2
"vary_k",10000,1,3,"SVP BIC calibrated",1.08,2
"vary_k",10000,1,3,"SVP BIC multiscale",1.42099999999999,2
"vary_k",10000,1,4,"PELT",0.0460000000000065,2
"vary_k",10000,1,4,"SVP BIC",1.07400000000001,2
"vary_k",10000,1,4,"SVP BIC calibrated",1.071,2
"vary_k",10000,1,4,"SVP BIC multiscale",1.43199999999999,2
"vary_k",10000,1,5,"PELT",0.0470000000000113,2
"vary_k",10000,1,5,"SVP BIC",1.12,2
"vary_k",10000,1,5,"SVP BIC calibrated",1.08200000000001,2
"vary_k",10000,1,5,"SVP BIC multiscale",1.453,2
"vary_k",10000,1,6,"PELT",0.0480000000000018,2
"vary_k",10000,1,6,"SVP BIC",1.098,2
"vary_k",10000,1,6,"SVP BIC calibrated",1.077,2
"vary_k",10000,1,6,"SVP BIC multiscale",1.41399999999999,2
"vary_k",10000,1,7,"PELT",0.0459999999999923,2
"vary_k",10000,1,7,"SVP BIC",1.078,2
"vary_k",10000,1,7,"SVP BIC calibrated",1.06700000000001,2
"vary_k",10000,1,7,"SVP BIC multiscale",1.399,2
"vary_k",10000,1,8,"PELT",0.0460000000000065,2
"vary_k",10000,1,8,"SVP BIC",1.068,2
"vary_k",10000,1,8,"SVP BIC calibrated",1.068,2
"vary_k",10000,1,8,"SVP BIC multiscale",1.429,2
"vary_k",10000,1,9,"PELT",0.0389999999999873,2
"vary_k",10000,1,9,"SVP BIC",1.08,2
"vary_k",10000,1,9,"SVP BIC calibrated",1.001,3
"vary_k",10000,1,9,"SVP BIC multiscale",1.128,4
"vary_k",10000,1,10,"PELT",0.0539999999999878,2
"vary_k",10000,1,10,"SVP BIC",1.04400000000001,2
"vary_k",10000,1,10,"SVP BIC calibrated",1.041,2
"vary_k",10000,1,10,"SVP BIC multiscale",1.364,2
"vary_k",10000,2,1,"PELT",0.0259999999999962,3
"vary_k",10000,2,1,"SVP BIC",0.727999999999994,3
"vary_k",10000,2,1,"SVP BIC calibrated",0.756,3
"vary_k",10000,2,1,"SVP BIC multiscale",0.869,3
"vary_k",10000,2,2,"PELT",0.0259999999999962,3
"vary_k",10000,2,2,"SVP BIC",0.742000000000004,3
"vary_k",10000,2,2,"SVP BIC calibrated",0.73899999999999,3
"vary_k",10000,2,2,"SVP BIC multiscale",0.859999999999999,3
"vary_k",10000,2,3,"PELT",0.0240000000000009,3
"vary_k",10000,2,3,"SVP BIC",0.736000000000004,3
"vary_k",10000,2,3,"SVP BIC calibrated",0.754999999999995,3
"vary_k",10000,2,3,"SVP BIC multiscale",0.832999999999998,4
"vary_k",10000,2,4,"PELT",0.0300000000000011,3
"vary_k",10000,2,4,"SVP BIC",0.737000000000009,3
"vary_k",10000,2,4,"SVP BIC calibrated",0.751000000000005,3
"vary_k",10000,2,4,"SVP BIC multiscale",0.882999999999996,3
"vary_k",10000,2,5,"PELT",0.0259999999999962,3
"vary_k",10000,2,5,"SVP BIC",0.757999999999996,3
"vary_k",10000,2,5,"SVP BIC calibrated",0.762999999999991,3
"vary_k",10000,2,5,"SVP BIC multiscale",0.787000000000006,4
"vary_k",10000,2,6,"PELT",0.034000000000006,3
"vary_k",10000,2,6,"SVP BIC",0.741,3
"vary_k",10000,2,6,"SVP BIC calibrated",0.747,3
"vary_k",10000,2,6,"SVP BIC multiscale",0.885000000000005,3
"vary_k",10000,2,7,"PELT",0.034000000000006,3
"vary_k",10000,2,7,"SVP BIC",0.741000000000014,3
"vary_k",10000,2,7,"SVP BIC calibrated",0.775000000000006,3
"vary_k",10000,2,7,"SVP BIC multiscale",0.912000000000006,3
"vary_k",10000,2,8,"PELT",0.0229999999999961,3
"vary_k",10000,2,8,"SVP BIC",0.761000000000024,3
"vary_k",10000,2,8,"SVP BIC calibrated",0.757000000000005,3
"vary_k",10000,2,8,"SVP BIC multiscale",0.878999999999991,3
"vary_k",10000,2,9,"PELT",0.0320000000000107,3
"vary_k",10000,2,9,"SVP BIC",0.748999999999995,3
"vary_k",10000,2,9,"SVP BIC calibrated",0.739999999999981,3
"vary_k",10000,2,9,"SVP BIC multiscale",0.858000000000004,3
"vary_k",10000,2,10,"PELT",0.0260000000000105,3
"vary_k",10000,2,10,"SVP BIC",0.72199999999998,3
"vary_k",10000,2,10,"SVP BIC calibrated",0.722000000000008,3
"vary_k",10000,2,10,"SVP BIC multiscale",0.734000000000009,4
"vary_k",10000,3,1,"PELT",0.0219999999999914,4
"vary_k",10000,3,1,"SVP BIC",0.562000000000012,4
"vary_k",10000,3,1,"SVP BIC calibrated",0.562999999999988,4
"vary_k",10000,3,1,"SVP BIC multiscale",0.561999999999983,5
"vary_k",10000,3,2,"PELT",0.0240000000000009,4
"vary_k",10000,3,2,"SVP BIC",0.560999999999979,4
"vary_k",10000,3,2,"SVP BIC calibrated",0.563000000000017,4
"vary_k",10000,3,2,"SVP BIC multiscale",0.634000000000015,4
"vary_k",10000,3,3,"PELT",0.0229999999999961,4
"vary_k",10000,3,3,"SVP BIC",0.558999999999997,4
"vary_k",10000,3,3,"SVP BIC calibrated",0.560000000000002,4
"vary_k",10000,3,3,"SVP BIC multiscale",0.588999999999999,5
"vary_k",10000,3,4,"PELT",0.0209999999999866,4
"vary_k",10000,3,4,"SVP BIC",0.579000000000008,4
"vary_k",10000,3,4,"SVP BIC calibrated",0.572999999999979,4
"vary_k",10000,3,4,"SVP BIC multiscale",0.638000000000005,4
"vary_k",10000,3,5,"PELT",0.0209999999999866,4
"vary_k",10000,3,5,"SVP BIC",0.569999999999993,4
"vary_k",10000,3,5,"SVP BIC calibrated",0.566000000000003,4
"vary_k",10000,3,5,"SVP BIC multiscale",0.631999999999977,4
"vary_k",10000,3,6,"PELT",0.0200000000000102,4
"vary_k",10000,3,6,"SVP BIC",0.563999999999993,4
"vary_k",10000,3,6,"SVP BIC calibrated",0.566000000000003,4
"vary_k",10000,3,6,"SVP BIC multiscale",0.637999999999977,4
"vary_k",10000,3,7,"PELT",0.021000000000015,4
"vary_k",10000,3,7,"SVP BIC",0.561999999999983,4
"vary_k",10000,3,7,"SVP BIC calibrated",0.560000000000002,4
"vary_k",10000,3,7,"SVP BIC multiscale",0.632999999999981,4
"vary_k",10000,3,8,"PELT",0.0220000000000198,4
"vary_k",10000,3,8,"SVP BIC",0.578999999999979,4
"vary_k",10000,3,8,"SVP BIC calibrated",0.585999999999984,4
"vary_k",10000,3,8,"SVP BIC multiscale",0.656000000000006,4
"vary_k",10000,3,9,"PELT",0.021000000000015,4
"vary_k",10000,3,9,"SVP BIC",0.571999999999974,4
"vary_k",10000,3,9,"SVP BIC calibrated",0.564999999999998,4
"vary_k",10000,3,9,"SVP BIC multiscale",0.640999999999991,4
"vary_k",10000,3,10,"PELT",0.0190000000000055,4
"vary_k",10000,3,10,"SVP BIC",0.582000000000022,4
"vary_k",10000,3,10,"SVP BIC calibrated",0.572000000000003,4
"vary_k",10000,3,10,"SVP BIC multiscale",0.641999999999996,4
"vary_k",10000,4,1,"PELT",0.0190000000000055,5
"vary_k",10000,4,1,"SVP BIC",0.47399999999999,5
"vary_k",10000,4,1,"SVP BIC calibrated",0.474999999999994,5
"vary_k",10000,4,1,"SVP BIC multiscale",0.52000000000001,5
"vary_k",10000,4,2,"PELT",0.0180000000000007,5
"vary_k",10000,4,2,"SVP BIC",0.466000000000008,5
"vary_k",10000,4,2,"SVP BIC calibrated",0.47199999999998,5
"vary_k",10000,4,2,"SVP BIC multiscale",0.515000000000015,5
"vary_k",10000,4,3,"PELT",0.021000000000015,5
"vary_k",10000,4,3,"SVP BIC",0.467999999999989,5
"vary_k",10000,4,3,"SVP BIC calibrated",0.472999999999985,5
"vary_k",10000,4,3,"SVP BIC multiscale",0.513000000000005,5
"vary_k",10000,4,4,"PELT",0.0180000000000007,5
"vary_k",10000,4,4,"SVP BIC",0.471000000000004,5
"vary_k",10000,4,4,"SVP BIC calibrated",0.471000000000004,5
"vary_k",10000,4,4,"SVP BIC multiscale",0.51400000000001,5
"vary_k",10000,4,5,"PELT",0.0190000000000055,5
"vary_k",10000,4,5,"SVP BIC",0.462999999999994,5
"vary_k",10000,4,5,"SVP BIC calibrated",0.462999999999994,5
"vary_k",10000,4,5,"SVP BIC multiscale",0.506,5
"vary_k",10000,4,6,"PELT",0.0200000000000102,5
"vary_k",10000,4,6,"SVP BIC",0.463999999999999,5
"vary_k",10000,4,6,"SVP BIC calibrated",0.461000000000013,5
"vary_k",10000,4,6,"SVP BIC multiscale",0.486000000000018,6
"vary_k",10000,4,7,"PELT",0.0169999999999959,5
"vary_k",10000,4,7,"SVP BIC",0.465000000000003,5
"vary_k",10000,4,7,"SVP BIC calibrated",0.462999999999994,5
"vary_k",10000,4,7,"SVP BIC multiscale",0.509000000000015,5
"vary_k",10000,4,8,"PELT",0.0170000000000243,5
"vary_k",10000,4,8,"SVP BIC",0.464999999999975,5
"vary_k",10000,4,8,"SVP BIC calibrated",0.466000000000008,5
"vary_k",10000,4,8,"SVP BIC multiscale",0.513000000000005,5
"vary_k",10000,4,9,"PELT",0.0169999999999959,5
"vary_k",10000,4,9,"SVP BIC",0.465000000000003,5
"vary_k",10000,4,9,"SVP BIC calibrated",0.463999999999999,5
"vary_k",10000,4,9,"SVP BIC multiscale",0.463000000000022,6
"vary_k",10000,4,10,"PELT",0.0180000000000007,5
"vary_k",10000,4,10,"SVP BIC",0.465000000000003,5
"vary_k",10000,4,10,"SVP BIC calibrated",0.468999999999994,5
"vary_k",10000,4,10,"SVP BIC multiscale",0.51600000000002,5
"vary_k",10000,5,1,"PELT",0.0159999999999911,6
"vary_k",10000,5,1,"SVP BIC",0.396999999999991,6
"vary_k",10000,5,1,"SVP BIC calibrated",0.395999999999987,6
"vary_k",10000,5,1,"SVP BIC multiscale",0.426999999999992,6
"vary_k",10000,5,2,"PELT",0.0130000000000052,6
"vary_k",10000,5,2,"SVP BIC",0.390999999999991,6
"vary_k",10000,5,2,"SVP BIC calibrated",0.391999999999996,6
"vary_k",10000,5,2,"SVP BIC multiscale",0.423000000000002,6
"vary_k",10000,5,3,"PELT",0.0149999999999864,6
"vary_k",10000,5,3,"SVP BIC",0.39700000000002,6
"vary_k",10000,5,3,"SVP BIC calibrated",0.39700000000002,6
"vary_k",10000,5,3,"SVP BIC multiscale",0.429000000000002,6
"vary_k",10000,5,4,"PELT",0.0150000000000148,6
"vary_k",10000,5,4,"SVP BIC",0.391999999999996,6
"vary_k",10000,5,4,"SVP BIC calibrated",0.390999999999991,6
"vary_k",10000,5,4,"SVP BIC multiscale",0.421999999999997,6
"vary_k",10000,5,5,"PELT",0.0139999999999816,6
"vary_k",10000,5,5,"SVP BIC",0.39500000000001,6
"vary_k",10000,5,5,"SVP BIC calibrated",0.395999999999987,6
"vary_k",10000,5,5,"SVP BIC multiscale",0.432000000000016,6
"vary_k",10000,5,6,"PELT",0.0149999999999864,6
"vary_k",10000,5,6,"SVP BIC",0.395999999999987,6
"vary_k",10000,5,6,"SVP BIC calibrated",0.394000000000005,6
"vary_k",10000,5,6,"SVP BIC multiscale",0.425999999999988,6
"vary_k",10000,5,7,"PELT",0.01400000000001,6
"vary_k",10000,5,7,"SVP BIC",0.397999999999996,6
"vary_k",10000,5,7,"SVP BIC calibrated",0.397999999999996,6
"vary_k",10000,5,7,"SVP BIC multiscale",0.418999999999983,7
"vary_k",10000,5,8,"PELT",0.0150000000000148,6
"vary_k",10000,5,8,"SVP BIC",0.394999999999982,6
"vary_k",10000,5,8,"SVP BIC calibrated",0.393000000000001,6
"vary_k",10000,5,8,"SVP BIC multiscale",0.391999999999996,7
"vary_k",10000,5,9,"PELT",0.0149999999999864,6
"vary_k",10000,5,9,"SVP BIC",0.393000000000001,6
"vary_k",10000,5,9,"SVP BIC calibrated",0.394000000000005,6
"vary_k",10000,5,9,"SVP BIC multiscale",0.426000000000016,6
"vary_k",10000,5,10,"PELT",0.0149999999999864,6
"vary_k",10000,5,10,"SVP BIC",0.390999999999991,6
"vary_k",10000,5,10,"SVP BIC calibrated",0.39100000000002,6
"vary_k",10000,5,10,"SVP BIC multiscale",0.424999999999983,6
"vary_k",10000,6,1,"PELT",0.01400000000001,7
"vary_k",10000,6,1,"SVP BIC",0.343999999999994,7
"vary_k",10000,6,1,"SVP BIC calibrated",0.343000000000018,7
"vary_k",10000,6,1,"SVP BIC multiscale",0.369,7
"vary_k",10000,6,2,"PELT",0.0130000000000052,7
"vary_k",10000,6,2,"SVP BIC",0.347000000000008,7
"vary_k",10000,6,2,"SVP BIC calibrated",0.34699999999998,7
"vary_k",10000,6,2,"SVP BIC multiscale",0.367999999999995,7
"vary_k",10000,6,3,"PELT",0.0150000000000148,7
"vary_k",10000,6,3,"SVP BIC",0.34099999999998,7
"vary_k",10000,6,3,"SVP BIC calibrated",0.343999999999994,7
"vary_k",10000,6,3,"SVP BIC multiscale",0.365999999999985,7
"vary_k",10000,6,4,"PELT",0.0130000000000052,7
"vary_k",10000,6,4,"SVP BIC",0.341999999999985,7
"vary_k",10000,6,4,"SVP BIC calibrated",0.347000000000008,7
"vary_k",10000,6,4,"SVP BIC multiscale",0.364999999999981,7
"vary_k",10000,6,5,"PELT",0.0130000000000052,7
"vary_k",10000,6,5,"SVP BIC",0.352000000000004,7
"vary_k",10000,6,5,"SVP BIC calibrated",0.349000000000018,7
"vary_k",10000,6,5,"SVP BIC multiscale",0.373000000000019,7
"vary_k",10000,6,6,"PELT",0.0129999999999768,7
"vary_k",10000,6,6,"SVP BIC",0.345999999999975,7
"vary_k",10000,6,6,"SVP BIC calibrated",0.350999999999999,7
"vary_k",10000,6,6,"SVP BIC multiscale",0.399000000000001,8
"vary_k",10000,6,7,"PELT",0.0130000000000052,7
"vary_k",10000,6,7,"SVP BIC",0.350999999999999,7
"vary_k",10000,6,7,"SVP BIC calibrated",0.350999999999999,7
"vary_k",10000,6,7,"SVP BIC multiscale",0.364000000000004,7
"vary_k",10000,6,8,"PELT",0.0149999999999864,7
"vary_k",10000,6,8,"SVP BIC",0.355000000000018,7
"vary_k",10000,6,8,"SVP BIC calibrated",0.366000000000014,7
"vary_k",10000,6,8,"SVP BIC multiscale",0.378999999999991,7
"vary_k",10000,6,9,"PELT",0.0149999999999864,7
"vary_k",10000,6,9,"SVP BIC",0.353999999999985,7
"vary_k",10000,6,9,"SVP BIC calibrated",0.347000000000008,7
"vary_k",10000,6,9,"SVP BIC multiscale",0.381,7
"vary_k",10000,6,10,"PELT",0.0130000000000052,7
"vary_k",10000,6,10,"SVP BIC",0.341000000000008,7
"vary_k",10000,6,10,"SVP BIC calibrated",0.343999999999994,7
"vary_k",10000,6,10,"SVP BIC multiscale",0.367999999999995,7
"vary_k",10000,7,1,"PELT",0.0120000000000005,8
"vary_k",10000,7,1,"SVP BIC",0.306000000000012,8
"vary_k",10000,7,1,"SVP BIC calibrated",0.305999999999983,8
"vary_k",10000,7,1,"SVP BIC multiscale",0.328000000000003,8
"vary_k",10000,7,2,"PELT",0.0109999999999957,8
"vary_k",10000,7,2,"SVP BIC",0.307999999999993,8
"vary_k",10000,7,2,"SVP BIC calibrated",0.310000000000002,8
"vary_k",10000,7,2,"SVP BIC multiscale",0.329000000000008,9
"vary_k",10000,7,3,"PELT",0.0110000000000241,8
"vary_k",10000,7,3,"SVP BIC",0.316000000000003,8
"vary_k",10000,7,3,"SVP BIC calibrated",0.316999999999979,8
"vary_k",10000,7,3,"SVP BIC multiscale",0.335000000000008,8
"vary_k",10000,7,4,"PELT",0.0120000000000005,8
"vary_k",10000,7,4,"SVP BIC",0.310000000000002,8
"vary_k",10000,7,4,"SVP BIC calibrated",0.311000000000007,8
"vary_k",10000,7,4,"SVP BIC multiscale",0.335000000000008,8
"vary_k",10000,7,5,"PELT",0.0139999999999816,8
"vary_k",10000,7,5,"SVP BIC",0.308999999999997,8
"vary_k",10000,7,5,"SVP BIC calibrated",0.304999999999978,8
"vary_k",10000,7,5,"SVP BIC multiscale",0.324999999999989,8
"vary_k",10000,7,6,"PELT",0.0130000000000052,8
"vary_k",10000,7,6,"SVP BIC",0.305000000000007,8
"vary_k",10000,7,6,"SVP BIC calibrated",0.316000000000003,8
"vary_k",10000,7,6,"SVP BIC multiscale",0.332999999999998,8
"vary_k",10000,7,7,"PELT",0.0109999999999957,8
"vary_k",10000,7,7,"SVP BIC",0.305000000000007,8
"vary_k",10000,7,7,"SVP BIC calibrated",0.306999999999988,8
"vary_k",10000,7,7,"SVP BIC multiscale",0.327999999999975,8
"vary_k",10000,7,8,"PELT",0.0120000000000005,8
"vary_k",10000,7,8,"SVP BIC",0.300000000000011,8
"vary_k",10000,7,8,"SVP BIC calibrated",0.299000000000007,8
"vary_k",10000,7,8,"SVP BIC multiscale",0.322999999999979,8
"vary_k",10000,7,9,"PELT",0.0160000000000196,8
"vary_k",10000,7,9,"SVP BIC",0.311999999999983,8
"vary_k",10000,7,9,"SVP BIC calibrated",0.306000000000012,8
"vary_k",10000,7,9,"SVP BIC multiscale",0.326999999999998,8
"vary_k",10000,7,10,"PELT",0.0109999999999957,8
"vary_k",10000,7,10,"SVP BIC",0.302999999999997,8
"vary_k",10000,7,10,"SVP BIC calibrated",0.304000000000002,8
"vary_k",10000,7,10,"SVP BIC multiscale",0.322000000000003,8
"vary_k",10000,8,1,"PELT",0.0109999999999957,9
"vary_k",10000,8,1,"SVP BIC",0.271999999999991,9
"vary_k",10000,8,1,"SVP BIC calibrated",0.27000000000001,9
"vary_k",10000,8,1,"SVP BIC multiscale",0.284999999999997,9
"vary_k",10000,8,2,"PELT",0.0120000000000005,9
"vary_k",10000,8,2,"SVP BIC",0.274000000000001,9
"vary_k",10000,8,2,"SVP BIC calibrated",0.271000000000015,9
"vary_k",10000,8,2,"SVP BIC multiscale",0.283999999999992,10
"vary_k",10000,8,3,"PELT",0.0130000000000052,10
"vary_k",10000,8,3,"SVP BIC",0.272999999999996,9
"vary_k",10000,8,3,"SVP BIC calibrated",0.271999999999991,9
"vary_k",10000,8,3,"SVP BIC multiscale",0.289000000000016,9
"vary_k",10000,8,4,"PELT",0.0139999999999816,9
"vary_k",10000,8,4,"SVP BIC",0.271000000000015,9
"vary_k",10000,8,4,"SVP BIC calibrated",0.271999999999991,9
"vary_k",10000,8,4,"SVP BIC multiscale",0.287000000000006,9
"vary_k",10000,8,5,"PELT",0.0129999999999768,9
"vary_k",10000,8,5,"SVP BIC",0.27200000000002,9
"vary_k",10000,8,5,"SVP BIC calibrated",0.271999999999991,9
"vary_k",10000,8,5,"SVP BIC multiscale",0.283999999999992,9
"vary_k",10000,8,6,"PELT",0.0130000000000052,9
"vary_k",10000,8,6,"SVP BIC",0.272999999999996,9
"vary_k",10000,8,6,"SVP BIC calibrated",0.275000000000006,9
"vary_k",10000,8,6,"SVP BIC multiscale",0.296999999999997,9
"vary_k",10000,8,7,"PELT",0.0150000000000148,9
"vary_k",10000,8,7,"SVP BIC",0.276999999999987,9
"vary_k",10000,8,7,"SVP BIC calibrated",0.275000000000006,9
"vary_k",10000,8,7,"SVP BIC multiscale",0.292999999999978,9
"vary_k",10000,8,8,"PELT",0.0109999999999957,9
"vary_k",10000,8,8,"SVP BIC",0.272999999999996,9
"vary_k",10000,8,8,"SVP BIC calibrated",0.270999999999987,9
"vary_k",10000,8,8,"SVP BIC multiscale",0.288000000000011,9
"vary_k",10000,8,9,"PELT",0.0100000000000193,9
"vary_k",10000,8,9,"SVP BIC",0.272999999999996,9
"vary_k",10000,8,9,"SVP BIC calibrated",0.272999999999996,9
"vary_k",10000,8,9,"SVP BIC multiscale",0.289000000000016,9
"vary_k",10000,8,10,"PELT",0.0109999999999957,9
"vary_k",10000,8,10,"SVP BIC",0.269999999999982,9
"vary_k",10000,8,10,"SVP BIC calibrated",0.27200000000002,9
"vary_k",10000,8,10,"SVP BIC multiscale",0.284999999999997,9
"vary_k",10000,9,1,"PELT",0.0099999999999909,10
"vary_k",10000,9,1,"SVP BIC",0.24799999999999,10
"vary_k",10000,9,1,"SVP BIC calibrated",0.246000000000009,10
"vary_k",10000,9,1,"SVP BIC multiscale",0.259999999999991,10
"vary_k",10000,9,2,"PELT",0.0130000000000052,10
"vary_k",10000,9,2,"SVP BIC",0.248000000000019,10
"vary_k",10000,9,2,"SVP BIC calibrated",0.249000000000024,10
"vary_k",10000,9,2,"SVP BIC multiscale",0.256999999999977,11
"vary_k",10000,9,3,"PELT",0.0110000000000241,10
"vary_k",10000,9,3,"SVP BIC",0.245000000000005,10
"vary_k",10000,9,3,"SVP BIC calibrated",0.245000000000005,10
"vary_k",10000,9,3,"SVP BIC multiscale",0.257000000000005,10
"vary_k",10000,9,4,"PELT",0.0099999999999909,10
"vary_k",10000,9,4,"SVP BIC",0.248999999999995,10
"vary_k",10000,9,4,"SVP BIC calibrated",0.248999999999995,10
"vary_k",10000,9,4,"SVP BIC multiscale",0.260999999999996,10
"vary_k",10000,9,5,"PELT",0.00900000000001455,10
"vary_k",10000,9,5,"SVP BIC",0.245999999999981,10
"vary_k",10000,9,5,"SVP BIC calibrated",0.245000000000005,10
"vary_k",10000,9,5,"SVP BIC multiscale",0.246000000000009,11
"vary_k",10000,9,6,"PELT",0.01400000000001,10
"vary_k",10000,9,6,"SVP BIC",0.24799999999999,10
"vary_k",10000,9,6,"SVP BIC calibrated",0.248000000000019,10
"vary_k",10000,9,6,"SVP BIC multiscale",0.259999999999991,10
"vary_k",10000,9,7,"PELT",0.0099999999999909,10
"vary_k",10000,9,7,"SVP BIC",0.248999999999995,10
"vary_k",10000,9,7,"SVP BIC calibrated",0.248999999999995,10
"vary_k",10000,9,7,"SVP BIC multiscale",0.251000000000005,11
"vary_k",10000,9,8,"PELT",0.0099999999999909,10
"vary_k",10000,9,8,"SVP BIC",0.247000000000014,10
"vary_k",10000,9,8,"SVP BIC calibrated",0.246999999999986,10
"vary_k",10000,9,8,"SVP BIC multiscale",0.25800000000001,10
"vary_k",10000,9,9,"PELT",0.0099999999999909,10
"vary_k",10000,9,9,"SVP BIC",0.24199999999999,10
"vary_k",10000,9,9,"SVP BIC calibrated",0.243000000000023,10
"vary_k",10000,9,9,"SVP BIC multiscale",0.256,10
"vary_k",10000,9,10,"PELT",0.0130000000000052,10
"vary_k",10000,9,10,"SVP BIC",0.25,10
"vary_k",10000,9,10,"SVP BIC calibrated",0.24799999999999,10
"vary_k",10000,9,10,"SVP BIC multiscale",0.259999999999991,10
"vary_k",10000,10,1,"PELT",0.0100000000000193,11
"vary_k",10000,10,1,"SVP BIC",0.224999999999994,11
"vary_k",10000,10,1,"SVP BIC calibrated",0.225999999999999,11
"vary_k",10000,10,1,"SVP BIC multiscale",0.236000000000018,11
"vary_k",10000,10,2,"PELT",0.0100000000000193,11
"vary_k",10000,10,2,"SVP BIC",0.225999999999999,11
"vary_k",10000,10,2,"SVP BIC calibrated",0.224999999999994,11
"vary_k",10000,10,2,"SVP BIC multiscale",0.235000000000014,11
"vary_k",10000,10,3,"PELT",0.0099999999999909,11
"vary_k",10000,10,3,"SVP BIC",0.225999999999999,11
"vary_k",10000,10,3,"SVP BIC calibrated",0.227000000000004,11
"vary_k",10000,10,3,"SVP BIC multiscale",0.23599999999999,11
"vary_k",10000,10,4,"PELT",0.00900000000001455,11
"vary_k",10000,10,4,"SVP BIC",0.225999999999999,11
"vary_k",10000,10,4,"SVP BIC calibrated",0.227000000000004,11
"vary_k",10000,10,4,"SVP BIC multiscale",0.239000000000004,11
"vary_k",10000,10,5,"PELT",0.0100000000000193,11
"vary_k",10000,10,5,"SVP BIC",0.22999999999999,11
"vary_k",10000,10,5,"SVP BIC calibrated",0.230999999999995,11
"vary_k",10000,10,5,"SVP BIC multiscale",0.240000000000009,11
"vary_k",10000,10,6,"PELT",0.0130000000000052,11
"vary_k",10000,10,6,"SVP BIC",0.227000000000004,11
"vary_k",10000,10,6,"SVP BIC calibrated",0.228000000000009,11
"vary_k",10000,10,6,"SVP BIC multiscale",0.239000000000004,11
"vary_k",10000,10,7,"PELT",0.00899999999998613,12
"vary_k",10000,10,7,"SVP BIC",0.227000000000004,11
"vary_k",10000,10,7,"SVP BIC calibrated",0.225999999999999,11
"vary_k",10000,10,7,"SVP BIC multiscale",0.236999999999995,11
"vary_k",10000,10,8,"PELT",0.00899999999998613,11
"vary_k",10000,10,8,"SVP BIC",0.225999999999999,11
"vary_k",10000,10,8,"SVP BIC calibrated",0.225999999999999,11
"vary_k",10000,10,8,"SVP BIC multiscale",0.236999999999995,11
"vary_k",10000,10,9,"PELT",0.00899999999998613,11
"vary_k",10000,10,9,"SVP BIC",0.225999999999999,11
"vary_k",10000,10,9,"SVP BIC calibrated",0.224999999999994,11
"vary_k",10000,10,9,"SVP BIC multiscale",0.234999999999985,11
"vary_k",10000,10,10,"PELT",0.00900000000001455,11
"vary_k",10000,10,10,"SVP BIC",0.228000000000009,11
"vary_k",10000,10,10,"SVP BIC calibrated",0.22799999999998,11
"vary_k",10000,10,10,"SVP BIC multiscale",0.239000000000004,11
"vary_k",10000,11,1,"PELT",0.00900000000001455,12
"vary_k",10000,11,1,"SVP BIC",0.20999999999998,12
"vary_k",10000,11,1,"SVP BIC calibrated",0.210000000000008,12
"vary_k",10000,11,1,"SVP BIC multiscale",0.221000000000004,12
"vary_k",10000,11,2,"PELT",0.00900000000001455,12
"vary_k",10000,11,2,"SVP BIC",0.207999999999998,12
"vary_k",10000,11,2,"SVP BIC calibrated",0.207999999999998,12
"vary_k",10000,11,2,"SVP BIC multiscale",0.217000000000013,12
"vary_k",10000,11,3,"PELT",0.00899999999998613,12
"vary_k",10000,11,3,"SVP BIC",0.208999999999975,12
"vary_k",10000,11,3,"SVP BIC calibrated",0.207999999999998,12
"vary_k",10000,11,3,"SVP BIC multiscale",0.215000000000003,13
"vary_k",10000,11,4,"PELT",0.00900000000001455,12
"vary_k",10000,11,4,"SVP BIC",0.211000000000013,12
"vary_k",10000,11,4,"SVP BIC calibrated",0.211999999999989,12
"vary_k",10000,11,4,"SVP BIC multiscale",0.218999999999994,12
"vary_k",10000,11,5,"PELT",0.00800000000000978,12
"vary_k",10000,11,5,"SVP BIC",0.207999999999998,12
"vary_k",10000,11,5,"SVP BIC calibrated",0.207999999999998,12
"vary_k",10000,11,5,"SVP BIC multiscale",0.222999999999985,12
"vary_k",10000,11,6,"PELT",0.00899999999998613,12
"vary_k",10000,11,6,"SVP BIC",0.213999999999999,12
"vary_k",10000,11,6,"SVP BIC calibrated",0.210999999999984,12
"vary_k",10000,11,6,"SVP BIC multiscale",0.221000000000004,12
"vary_k",10000,11,7,"PELT",0.00899999999998613,12
"vary_k",10000,11,7,"SVP BIC",0.215000000000003,12
"vary_k",10000,11,7,"SVP BIC calibrated",0.210999999999984,12
"vary_k",10000,11,7,"SVP BIC multiscale",0.221000000000004,12
"vary_k",10000,11,8,"PELT",0.00699999999997658,12
"vary_k",10000,11,8,"SVP BIC",0.209000000000003,12
"vary_k",10000,11,8,"SVP BIC calibrated",0.206999999999994,13
"vary_k",10000,11,8,"SVP BIC multiscale",0.212999999999994,13
"vary_k",10000,11,9,"PELT",0.0120000000000005,12
"vary_k",10000,11,9,"SVP BIC",0.211000000000013,12
"vary_k",10000,11,9,"SVP BIC calibrated",0.20999999999998,12
"vary_k",10000,11,9,"SVP BIC multiscale",0.221000000000004,12
"vary_k",10000,11,10,"PELT",0.00800000000000978,12
"vary_k",10000,11,10,"SVP BIC",0.207999999999998,12
"vary_k",10000,11,10,"SVP BIC calibrated",0.207999999999998,12
"vary_k",10000,11,10,"SVP BIC multiscale",0.216999999999985,12
"vary_k",10000,12,1,"PELT",0.00800000000000978,13
"vary_k",10000,12,1,"SVP BIC",0.192999999999984,13
"vary_k",10000,12,1,"SVP BIC calibrated",0.192000000000007,13
"vary_k",10000,12,1,"SVP BIC multiscale",0.197000000000003,14
"vary_k",10000,12,2,"PELT",0.00799999999998136,13
"vary_k",10000,12,2,"SVP BIC",0.195999999999998,13
"vary_k",10000,12,2,"SVP BIC calibrated",0.197000000000003,13
"vary_k",10000,12,2,"SVP BIC multiscale",0.204000000000008,13
"vary_k",10000,12,3,"PELT",0.00899999999998613,13
"vary_k",10000,12,3,"SVP BIC",0.195999999999998,13
"vary_k",10000,12,3,"SVP BIC calibrated",0.195999999999998,13
"vary_k",10000,12,3,"SVP BIC multiscale",0.204000000000008,13
"vary_k",10000,12,4,"PELT",0.00899999999998613,13
"vary_k",10000,12,4,"SVP BIC",0.195999999999998,13
"vary_k",10000,12,4,"SVP BIC calibrated",0.197000000000003,13
"vary_k",10000,12,4,"SVP BIC multiscale",0.203000000000003,13
"vary_k",10000,12,5,"PELT",0.007000000000005,13
"vary_k",10000,12,5,"SVP BIC",0.198000000000008,13
"vary_k",10000,12,5,"SVP BIC calibrated",0.197000000000003,13
"vary_k",10000,12,5,"SVP BIC multiscale",0.205000000000013,13
"vary_k",10000,12,6,"PELT",0.00799999999998136,13
"vary_k",10000,12,6,"SVP BIC",0.196000000000026,13
"vary_k",10000,12,6,"SVP BIC calibrated",0.193999999999988,14
"vary_k",10000,12,6,"SVP BIC multiscale",0.198999999999984,14
"vary_k",10000,12,7,"PELT",0.0100000000000193,13
"vary_k",10000,12,7,"SVP BIC",0.197000000000003,13
"vary_k",10000,12,7,"SVP BIC calibrated",0.195999999999998,13
"vary_k",10000,12,7,"SVP BIC multiscale",0.204000000000008,13
"vary_k",10000,12,8,"PELT",0.007000000000005,13
"vary_k",10000,12,8,"SVP BIC",0.194999999999993,13
"vary_k",10000,12,8,"SVP BIC calibrated",0.194999999999993,13
"vary_k",10000,12,8,"SVP BIC multiscale",0.204000000000008,13
"vary_k",10000,12,9,"PELT",0.00799999999998136,13
"vary_k",10000,12,9,"SVP BIC",0.195999999999998,13
"vary_k",10000,12,9,"SVP BIC calibrated",0.195999999999998,13
"vary_k",10000,12,9,"SVP BIC multiscale",0.203999999999979,13
"vary_k",10000,12,10,"PELT",0.0100000000000193,13
"vary_k",10000,12,10,"SVP BIC",0.196000000000026,13
"vary_k",10000,12,10,"SVP BIC calibrated",0.195000000000022,13
"vary_k",10000,12,10,"SVP BIC multiscale",0.203999999999979,13
"vary_k",10000,13,1,"PELT",0.00900000000001455,14
"vary_k",10000,13,1,"SVP BIC",0.181999999999988,14
"vary_k",10000,13,1,"SVP BIC calibrated",0.181999999999988,14
"vary_k",10000,13,1,"SVP BIC multiscale",0.192000000000007,14
"vary_k",10000,13,2,"PELT",0.007000000000005,14
"vary_k",10000,13,2,"SVP BIC",0.185000000000002,14
"vary_k",10000,13,2,"SVP BIC calibrated",0.185000000000002,14
"vary_k",10000,13,2,"SVP BIC multiscale",0.199999999999989,14
"vary_k",10000,13,3,"PELT",0.00800000000000978,14
"vary_k",10000,13,3,"SVP BIC",0.187000000000012,14
"vary_k",10000,13,3,"SVP BIC calibrated",0.181999999999988,15
"vary_k",10000,13,3,"SVP BIC multiscale",0.182999999999993,15
"vary_k",10000,13,4,"PELT",0.007000000000005,14
"vary_k",10000,13,4,"SVP BIC",0.182999999999993,14
"vary_k",10000,13,4,"SVP BIC calibrated",0.187999999999988,14
"vary_k",10000,13,4,"SVP BIC multiscale",0.193000000000012,14
"vary_k",10000,13,5,"PELT",0.00900000000001455,14
"vary_k",10000,13,5,"SVP BIC",0.188000000000017,14
"vary_k",10000,13,5,"SVP BIC calibrated",0.183999999999997,14
"vary_k",10000,13,5,"SVP BIC multiscale",0.189999999999998,14
"vary_k",10000,13,6,"PELT",0.00900000000001455,14
"vary_k",10000,13,6,"SVP BIC",0.183999999999997,14
"vary_k",10000,13,6,"SVP BIC calibrated",0.185000000000002,14
"vary_k",10000,13,6,"SVP BIC multiscale",0.185000000000002,15
"vary_k",10000,13,7,"PELT",0.007000000000005,14
"vary_k",10000,13,7,"SVP BIC",0.184000000000026,14
"vary_k",10000,13,7,"SVP BIC calibrated",0.185000000000002,14
"vary_k",10000,13,7,"SVP BIC multiscale",0.200999999999993,14
"vary_k",10000,13,8,"PELT",0.00800000000000978,14
"vary_k",10000,13,8,"SVP BIC",0.186999999999983,14
"vary_k",10000,13,8,"SVP BIC calibrated",0.183999999999997,14
"vary_k",10000,13,8,"SVP BIC multiscale",0.191000000000003,14
"vary_k",10000,13,9,"PELT",0.00800000000000978,14
"vary_k",10000,13,9,"SVP BIC",0.187999999999988,14
"vary_k",10000,13,9,"SVP BIC calibrated",0.193000000000012,14
"vary_k",10000,13,9,"SVP BIC multiscale",0.194999999999993,14
"vary_k",10000,13,10,"PELT",0.00699999999994816,14
"vary_k",10000,13,10,"SVP BIC",0.184000000000026,14
"vary_k",10000,13,10,"SVP BIC calibrated",0.185000000000002,14
"vary_k",10000,13,10,"SVP BIC multiscale",0.191000000000031,14
"vary_k",10000,14,1,"PELT",0.007000000000005,15
"vary_k",10000,14,1,"SVP BIC",0.170999999999992,15
"vary_k",10000,14,1,"SVP BIC calibrated",0.170999999999992,15
"vary_k",10000,14,1,"SVP BIC multiscale",0.182999999999993,15
"vary_k",10000,14,2,"PELT",0.007000000000005,15
"vary_k",10000,14,2,"SVP BIC",0.175999999999988,15
"vary_k",10000,14,2,"SVP BIC calibrated",0.173999999999978,15
"vary_k",10000,14,2,"SVP BIC multiscale",0.182000000000016,15
"vary_k",10000,14,3,"PELT",0.007000000000005,15
"vary_k",10000,14,3,"SVP BIC",0.170999999999992,15
"vary_k",10000,14,3,"SVP BIC calibrated",0.170999999999992,15
"vary_k",10000,14,3,"SVP BIC multiscale",0.175999999999988,15
"vary_k",10000,14,4,"PELT",0.007000000000005,15
"vary_k",10000,14,4,"SVP BIC",0.173000000000002,15
"vary_k",10000,14,4,"SVP BIC calibrated",0.172000000000025,15
"vary_k",10000,14,4,"SVP BIC multiscale",0.177000000000021,15
"vary_k",10000,14,5,"PELT",0.007000000000005,15
"vary_k",10000,14,5,"SVP BIC",0.172000000000025,15
"vary_k",10000,14,5,"SVP BIC calibrated",0.170999999999992,15
"vary_k",10000,14,5,"SVP BIC multiscale",0.180000000000007,15
"vary_k",10000,14,6,"PELT",0.00900000000001455,15
"vary_k",10000,14,6,"SVP BIC",0.168999999999983,15
"vary_k",10000,14,6,"SVP BIC calibrated",0.170000000000016,15
"vary_k",10000,14,6,"SVP BIC multiscale",0.175999999999988,15
"vary_k",10000,14,7,"PELT",0.007000000000005,15
"vary_k",10000,14,7,"SVP BIC",0.170000000000016,15
"vary_k",10000,14,7,"SVP BIC calibrated",0.172000000000025,15
"vary_k",10000,14,7,"SVP BIC multiscale",0.17900000000003,15
"vary_k",10000,14,8,"PELT",0.007000000000005,15
"vary_k",10000,14,8,"SVP BIC",0.173000000000002,15
"vary_k",10000,14,8,"SVP BIC calibrated",0.174999999999955,15
"vary_k",10000,14,8,"SVP BIC multiscale",0.176999999999964,15
"vary_k",10000,14,9,"PELT",0.00600000000002865,15
"vary_k",10000,14,9,"SVP BIC",0.170999999999992,15
"vary_k",10000,14,9,"SVP BIC calibrated",0.170000000000016,15
"vary_k",10000,14,9,"SVP BIC multiscale",0.177999999999997,15
"vary_k",10000,14,10,"PELT",0.007000000000005,15
"vary_k",10000,14,10,"SVP BIC",0.177999999999997,15
"vary_k",10000,14,10,"SVP BIC calibrated",0.177000000000021,15
"vary_k",10000,14,10,"SVP BIC multiscale",0.182999999999993,15
"vary_k",10000,15,1,"PELT",0.007000000000005,16
"vary_k",10000,15,1,"SVP BIC",0.163000000000011,16
"vary_k",10000,15,1,"SVP BIC calibrated",0.163000000000011,16
"vary_k",10000,15,1,"SVP BIC multiscale",0.168999999999983,16
"vary_k",10000,15,2,"PELT",0.00599999999997181,16
"vary_k",10000,15,2,"SVP BIC",0.162000000000035,16
"vary_k",10000,15,2,"SVP BIC calibrated",0.163999999999987,16
"vary_k",10000,15,2,"SVP BIC multiscale",0.173999999999978,16
"vary_k",10000,15,3,"PELT",0.007000000000005,16
"vary_k",10000,15,3,"SVP BIC",0.166999999999973,16
"vary_k",10000,15,3,"SVP BIC calibrated",0.165999999999997,16
"vary_k",10000,15,3,"SVP BIC multiscale",0.165999999999997,17
"vary_k",10000,15,4,"PELT",0.007000000000005,16
"vary_k",10000,15,4,"SVP BIC",0.16500000000002,16
"vary_k",10000,15,4,"SVP BIC calibrated",0.157999999999959,17
"vary_k",10000,15,4,"SVP BIC multiscale",0.161000000000001,17
"vary_k",10000,15,5,"PELT",0.00599999999997181,16
"vary_k",10000,15,5,"SVP BIC",0.162999999999954,16
"vary_k",10000,15,5,"SVP BIC calibrated",0.162000000000035,16
"vary_k",10000,15,5,"SVP BIC multiscale",0.165999999999997,17
"vary_k",10000,15,6,"PELT",0.007000000000005,16
"vary_k",10000,15,6,"SVP BIC",0.161000000000001,16
"vary_k",10000,15,6,"SVP BIC calibrated",0.161000000000001,16
"vary_k",10000,15,6,"SVP BIC multiscale",0.165999999999997,16
"vary_k",10000,15,7,"PELT",0.0099999999999909,16
"vary_k",10000,15,7,"SVP BIC",0.161000000000001,16
"vary_k",10000,15,7,"SVP BIC calibrated",0.161999999999978,16
"vary_k",10000,15,7,"SVP BIC multiscale",0.171999999999969,16
"vary_k",10000,15,8,"PELT",0.00600000000002865,16
"vary_k",10000,15,8,"SVP BIC",0.163000000000011,16
"vary_k",10000,15,8,"SVP BIC calibrated",0.168000000000006,16
"vary_k",10000,15,8,"SVP BIC multiscale",0.170999999999992,16
"vary_k",10000,15,9,"PELT",0.00699999999994816,16
"vary_k",10000,15,9,"SVP BIC",0.16900000000004,16
"vary_k",10000,15,9,"SVP BIC calibrated",0.164999999999964,16
"vary_k",10000,15,9,"SVP BIC multiscale",0.16900000000004,16
"vary_k",10000,15,10,"PELT",0.007000000000005,16
"vary_k",10000,15,10,"SVP BIC",0.161999999999978,16
"vary_k",10000,15,10,"SVP BIC calibrated",0.164999999999964,16
"vary_k",10000,15,10,"SVP BIC multiscale",0.173000000000002,16
"vary_k",10000,16,1,"PELT",0.00600000000002865,17
"vary_k",10000,16,1,"SVP BIC",0.153999999999996,17
"vary_k",10000,16,1,"SVP BIC calibrated",0.153999999999996,17
"vary_k",10000,16,1,"SVP BIC multiscale",0.157999999999959,17
"vary_k",10000,16,2,"PELT",0.00599999999997181,17
"vary_k",10000,16,2,"SVP BIC",0.154999999999973,17
"vary_k",10000,16,2,"SVP BIC calibrated",0.152999999999963,17
"vary_k",10000,16,2,"SVP BIC multiscale",0.156000000000006,18
"vary_k",10000,16,3,"PELT",0.00599999999997181,18
"vary_k",10000,16,3,"SVP BIC",0.153999999999996,17
"vary_k",10000,16,3,"SVP BIC calibrated",0.15300000000002,17
"vary_k",10000,16,3,"SVP BIC multiscale",0.158000000000015,17
"vary_k",10000,16,4,"PELT",0.00600000000002865,17
"vary_k",10000,16,4,"SVP BIC",0.15300000000002,17
"vary_k",10000,16,4,"SVP BIC calibrated",0.15300000000002,17
"vary_k",10000,16,4,"SVP BIC multiscale",0.157000000000039,17
"vary_k",10000,16,5,"PELT",0.00799999999998136,17
"vary_k",10000,16,5,"SVP BIC",0.152999999999963,17
"vary_k",10000,16,5,"SVP BIC calibrated",0.15300000000002,17
"vary_k",10000,16,5,"SVP BIC multiscale",0.16500000000002,17
"vary_k",10000,16,6,"PELT",0.00600000000002865,17
"vary_k",10000,16,6,"SVP BIC",0.159999999999968,17
"vary_k",10000,16,6,"SVP BIC calibrated",0.155999999999949,17
"vary_k",10000,16,6,"SVP BIC multiscale",0.169999999999959,17
"vary_k",10000,16,7,"PELT",0.00799999999998136,17
"vary_k",10000,16,7,"SVP BIC",0.161000000000001,17
"vary_k",10000,16,7,"SVP BIC calibrated",0.156000000000006,17
"vary_k",10000,16,7,"SVP BIC multiscale",0.158000000000015,17
"vary_k",10000,16,8,"PELT",0.00699999999994816,17
"vary_k",10000,16,8,"SVP BIC",0.156000000000006,17
"vary_k",10000,16,8,"SVP BIC calibrated",0.158000000000015,17
"vary_k",10000,16,8,"SVP BIC multiscale",0.161999999999978,17
"vary_k",10000,16,9,"PELT",0.00599999999997181,17
"vary_k",10000,16,9,"SVP BIC",0.156000000000006,17
"vary_k",10000,16,9,"SVP BIC calibrated",0.158000000000015,17
"vary_k",10000,16,9,"SVP BIC multiscale",0.164999999999964,17
"vary_k",10000,16,10,"PELT",0.007000000000005,17
"vary_k",10000,16,10,"SVP BIC",0.158000000000015,17
"vary_k",10000,16,10,"SVP BIC calibrated",0.157999999999959,17
"vary_k",10000,16,10,"SVP BIC multiscale",0.163000000000011,17
"vary_k",10000,17,1,"PELT",0.007000000000005,18
"vary_k",10000,17,1,"SVP BIC",0.149000000000001,18
"vary_k",10000,17,1,"SVP BIC calibrated",0.149000000000001,18
"vary_k",10000,17,1,"SVP BIC multiscale",0.15100000000001,18
"vary_k",10000,17,2,"PELT",0.00599999999997181,18
"vary_k",10000,17,2,"SVP BIC",0.150999999999954,18
"vary_k",10000,17,2,"SVP BIC calibrated",0.150000000000034,18
"vary_k",10000,17,2,"SVP BIC multiscale",0.15100000000001,18
"vary_k",10000,17,3,"PELT",0.00599999999997181,18
"vary_k",10000,17,3,"SVP BIC",0.149999999999977,18
"vary_k",10000,17,3,"SVP BIC calibrated",0.150000000000034,18
"vary_k",10000,17,3,"SVP BIC multiscale",0.151999999999987,18
"vary_k",10000,17,4,"PELT",0.00600000000002865,18
"vary_k",10000,17,4,"SVP BIC",0.145999999999958,18
"vary_k",10000,17,4,"SVP BIC calibrated",0.149000000000001,18
"vary_k",10000,17,4,"SVP BIC multiscale",0.16900000000004,18
"vary_k",10000,17,5,"PELT",0.007000000000005,18
"vary_k",10000,17,5,"SVP BIC",0.145999999999958,18
"vary_k",10000,17,5,"SVP BIC calibrated",0.144000000000005,18
"vary_k",10000,17,5,"SVP BIC multiscale",0.147999999999968,18
"vary_k",10000,17,6,"PELT",0.00900000000001455,18
"vary_k",10000,17,6,"SVP BIC",0.148000000000025,18
"vary_k",10000,17,6,"SVP BIC calibrated",0.149000000000001,18
"vary_k",10000,17,6,"SVP BIC multiscale",0.153999999999996,18
"vary_k",10000,17,7,"PELT",0.00599999999997181,18
"vary_k",10000,17,7,"SVP BIC",0.144999999999982,18
"vary_k",10000,17,7,"SVP BIC calibrated",0.158000000000015,18
"vary_k",10000,17,7,"SVP BIC multiscale",0.15300000000002,18
"vary_k",10000,17,8,"PELT",0.00600000000002865,18
"vary_k",10000,17,8,"SVP BIC",0.146999999999991,18
"vary_k",10000,17,8,"SVP BIC calibrated",0.145000000000039,18
"vary_k",10000,17,8,"SVP BIC multiscale",0.150999999999954,18
"vary_k",10000,17,9,"PELT",0.007000000000005,18
"vary_k",10000,17,9,"SVP BIC",0.146999999999991,18
"vary_k",10000,17,9,"SVP BIC calibrated",0.146999999999991,18
"vary_k",10000,17,9,"SVP BIC multiscale",0.149999999999977,18
"vary_k",10000,17,10,"PELT",0.00599999999997181,18
"vary_k",10000,17,10,"SVP BIC",0.146000000000015,18
"vary_k",10000,17,10,"SVP BIC calibrated",0.145999999999958,18
"vary_k",10000,17,10,"SVP BIC multiscale",0.150000000000034,18
"vary_k",10000,18,1,"PELT",0.0080000000000382,19
"vary_k",10000,18,1,"SVP BIC",0.137999999999977,19
"vary_k",10000,18,1,"SVP BIC calibrated",0.138000000000034,19
"vary_k",10000,18,1,"SVP BIC multiscale",0.142999999999972,19
"vary_k",10000,18,2,"PELT",0.00499999999999545,19
"vary_k",10000,18,2,"SVP BIC",0.137999999999977,19
"vary_k",10000,18,2,"SVP BIC calibrated",0.13900000000001,19
"vary_k",10000,18,2,"SVP BIC multiscale",0.144000000000005,19
"vary_k",10000,18,3,"PELT",0.00599999999997181,19
"vary_k",10000,18,3,"SVP BIC",0.137,19
"vary_k",10000,18,3,"SVP BIC calibrated",0.137,19
"vary_k",10000,18,3,"SVP BIC multiscale",0.14100000000002,19
"vary_k",10000,18,4,"PELT",0.00499999999999545,19
"vary_k",10000,18,4,"SVP BIC",0.137999999999977,19
"vary_k",10000,18,4,"SVP BIC calibrated",0.137999999999977,19
"vary_k",10000,18,4,"SVP BIC multiscale",0.141999999999996,19
"vary_k",10000,18,5,"PELT",0.00600000000002865,19
"vary_k",10000,18,5,"SVP BIC",0.138000000000034,19
"vary_k",10000,18,5,"SVP BIC calibrated",0.138000000000034,19
"vary_k",10000,18,5,"SVP BIC multiscale",0.144000000000005,19
"vary_k",10000,18,6,"PELT",0.00600000000002865,19
"vary_k",10000,18,6,"SVP BIC",0.137,19
"vary_k",10000,18,6,"SVP BIC calibrated",0.137,19
"vary_k",10000,18,6,"SVP BIC multiscale",0.141999999999996,19
"vary_k",10000,18,7,"PELT",0.00499999999999545,19
"vary_k",10000,18,7,"SVP BIC",0.138000000000034,19
"vary_k",10000,18,7,"SVP BIC calibrated",0.138000000000034,19
"vary_k",10000,18,7,"SVP BIC multiscale",0.143000000000029,20
"vary_k",10000,18,8,"PELT",0.00600000000002865,19
"vary_k",10000,18,8,"SVP BIC",0.137999999999977,19
"vary_k",10000,18,8,"SVP BIC calibrated",0.137999999999977,19
"vary_k",10000,18,8,"SVP BIC multiscale",0.142999999999972,19
"vary_k",10000,18,9,"PELT",0.00499999999999545,19
"vary_k",10000,18,9,"SVP BIC",0.137,19
"vary_k",10000,18,9,"SVP BIC calibrated",0.138999999999953,19
"vary_k",10000,18,9,"SVP BIC multiscale",0.141999999999996,19
"vary_k",10000,18,10,"PELT",0.00499999999999545,19
"vary_k",10000,18,10,"SVP BIC",0.137999999999977,19
"vary_k",10000,18,10,"SVP BIC calibrated",0.137999999999977,19
"vary_k",10000,18,10,"SVP BIC multiscale",0.144000000000005,19
"vary_k",10000,19,1,"PELT",0.00499999999999545,20
"vary_k",10000,19,1,"SVP BIC",0.132999999999981,20
"vary_k",10000,19,1,"SVP BIC calibrated",0.133000000000038,20
"vary_k",10000,19,1,"SVP BIC multiscale",0.137,20
"vary_k",10000,19,2,"PELT",0.00499999999999545,20
"vary_k",10000,19,2,"SVP BIC",0.130999999999972,20
"vary_k",10000,19,2,"SVP BIC calibrated",0.130999999999972,20
"vary_k",10000,19,2,"SVP BIC multiscale",0.134000000000015,21
"vary_k",10000,19,3,"PELT",0.00499999999999545,20
"vary_k",10000,19,3,"SVP BIC",0.131000000000029,20
"vary_k",10000,19,3,"SVP BIC calibrated",0.130999999999972,20
"vary_k",10000,19,3,"SVP BIC multiscale",0.135999999999967,20
"vary_k",10000,19,4,"PELT",0.00599999999997181,20
"vary_k",10000,19,4,"SVP BIC",0.132000000000005,20
"vary_k",10000,19,4,"SVP BIC calibrated",0.130999999999972,20
"vary_k",10000,19,4,"SVP BIC multiscale",0.136000000000024,20
"vary_k",10000,19,5,"PELT",0.00600000000002865,20
"vary_k",10000,19,5,"SVP BIC",0.132000000000005,20
"vary_k",10000,19,5,"SVP BIC calibrated",0.130999999999972,20
"vary_k",10000,19,5,"SVP BIC multiscale",0.136000000000024,20
"vary_k",10000,19,6,"PELT",0.00600000000002865,20
"vary_k",10000,19,6,"SVP BIC",0.131000000000029,20
"vary_k",10000,19,6,"SVP BIC calibrated",0.131000000000029,20
"vary_k",10000,19,6,"SVP BIC multiscale",0.132999999999981,21
"vary_k",10000,19,7,"PELT",0.00599999999997181,20
"vary_k",10000,19,7,"SVP BIC",0.130999999999972,20
"vary_k",10000,19,7,"SVP BIC calibrated",0.130999999999972,20
"vary_k",10000,19,7,"SVP BIC multiscale",0.136000000000024,20
"vary_k",10000,19,8,"PELT",0.00600000000002865,20
"vary_k",10000,19,8,"SVP BIC",0.133000000000038,20
"vary_k",10000,19,8,"SVP BIC calibrated",0.132999999999981,20
"vary_k",10000,19,8,"SVP BIC multiscale",0.136000000000024,20
"vary_k",10000,19,9,"PELT",0.00499999999999545,20
"vary_k",10000,19,9,"SVP BIC",0.131000000000029,20
"vary_k",10000,19,9,"SVP BIC calibrated",0.131000000000029,20
"vary_k",10000,19,9,"SVP BIC multiscale",0.134999999999991,20
"vary_k",10000,19,10,"PELT",0.00600000000002865,20
"vary_k",10000,19,10,"SVP BIC",0.130999999999972,20
"vary_k",10000,19,10,"SVP BIC calibrated",0.132999999999981,20
"vary_k",10000,19,10,"SVP BIC multiscale",0.135000000000048,20
"vary_k",10000,20,1,"PELT",0.00499999999999545,21
"vary_k",10000,20,1,"SVP BIC",0.12700000000001,21
"vary_k",10000,20,1,"SVP BIC calibrated",0.125,21
"vary_k",10000,20,1,"SVP BIC multiscale",0.130000000000052,22
"vary_k",10000,20,2,"PELT",0.00600000000002865,21
"vary_k",10000,20,2,"SVP BIC",0.126000000000033,21
"vary_k",10000,20,2,"SVP BIC calibrated",0.125,21
"vary_k",10000,20,2,"SVP BIC multiscale",0.129999999999995,21
"vary_k",10000,20,3,"PELT",0.00599999999997181,21
"vary_k",10000,20,3,"SVP BIC",0.125,21
"vary_k",10000,20,3,"SVP BIC calibrated",0.125,21
"vary_k",10000,20,3,"SVP BIC multiscale",0.130999999999972,21
"vary_k",10000,20,4,"PELT",0.00799999999998136,21
"vary_k",10000,20,4,"SVP BIC",0.129000000000019,21
"vary_k",10000,20,4,"SVP BIC calibrated",0.125,21
"vary_k",10000,20,4,"SVP BIC multiscale",0.129000000000019,22
"vary_k",10000,20,5,"PELT",0.00499999999999545,21
"vary_k",10000,20,5,"SVP BIC",0.125999999999976,21
"vary_k",10000,20,5,"SVP BIC calibrated",0.124000000000024,21
"vary_k",10000,20,5,"SVP BIC multiscale",0.128000000000043,22
"vary_k",10000,20,6,"PELT",0.00499999999999545,21
"vary_k",10000,20,6,"SVP BIC",0.12700000000001,21
"vary_k",10000,20,6,"SVP BIC calibrated",0.12700000000001,21
"vary_k",10000,20,6,"SVP BIC multiscale",0.130999999999972,21
"vary_k",10000,20,7,"PELT",0.00499999999999545,21
"vary_k",10000,20,7,"SVP BIC",0.125999999999976,21
"vary_k",10000,20,7,"SVP BIC calibrated",0.126000000000033,21
"vary_k",10000,20,7,"SVP BIC multiscale",0.129999999999995,21
"vary_k",10000,20,8,"PELT",0.00600000000002865,21
"vary_k",10000,20,8,"SVP BIC",0.12700000000001,21
"vary_k",10000,20,8,"SVP BIC calibrated",0.12700000000001,21
"vary_k",10000,20,8,"SVP BIC multiscale",0.129999999999995,22
"vary_k",10000,20,9,"PELT",0.00499999999999545,22
"vary_k",10000,20,9,"SVP BIC",0.12700000000001,21
"vary_k",10000,20,9,"SVP BIC calibrated",0.126000000000033,22
"vary_k",10000,20,9,"SVP BIC multiscale",0.130999999999972,22
"vary_k",10000,20,10,"PELT",0.00600000000002865,21
"vary_k",10000,20,10,"SVP BIC",0.125999999999976,21
"vary_k",10000,20,10,"SVP BIC calibrated",0.125999999999976,21
"vary_k",10000,20,10,"SVP BIC multiscale",0.131000000000029,21
"vary_k",10000,21,1,"PELT",0.0050000000000523,22
"vary_k",10000,21,1,"SVP BIC",0.120999999999981,22
"vary_k",10000,21,1,"SVP BIC calibrated",0.120000000000005,22
"vary_k",10000,21,1,"SVP BIC multiscale",0.125,22
"vary_k",10000,21,2,"PELT",0.00499999999999545,22
"vary_k",10000,21,2,"SVP BIC",0.121999999999957,22
"vary_k",10000,21,2,"SVP BIC calibrated",0.120000000000005,22
"vary_k",10000,21,2,"SVP BIC multiscale",0.122000000000014,23
"vary_k",10000,21,3,"PELT",0.0050000000000523,22
"vary_k",10000,21,3,"SVP BIC",0.12299999999999,22
"vary_k",10000,21,3,"SVP BIC calibrated",0.122000000000014,22
"vary_k",10000,21,3,"SVP BIC multiscale",0.125,22
"vary_k",10000,21,4,"PELT",0.00499999999999545,22
"vary_k",10000,21,4,"SVP BIC",0.119000000000028,22
"vary_k",10000,21,4,"SVP BIC calibrated",0.118999999999971,22
"vary_k",10000,21,4,"SVP BIC multiscale",0.124000000000024,22
"vary_k",10000,21,5,"PELT",0.00499999999999545,22
"vary_k",10000,21,5,"SVP BIC",0.120000000000005,22
"vary_k",10000,21,5,"SVP BIC calibrated",0.120999999999981,22
"vary_k",10000,21,5,"SVP BIC multiscale",0.123999999999967,22
"vary_k",10000,21,6,"PELT",0.00499999999999545,22
"vary_k",10000,21,6,"SVP BIC",0.117999999999995,22
"vary_k",10000,21,6,"SVP BIC calibrated",0.118999999999971,22
"vary_k",10000,21,6,"SVP BIC multiscale",0.12299999999999,22
"vary_k",10000,21,7,"PELT",0.00600000000002865,22
"vary_k",10000,21,7,"SVP BIC",0.119999999999948,22
"vary_k",10000,21,7,"SVP BIC calibrated",0.120000000000005,22
"vary_k",10000,21,7,"SVP BIC multiscale",0.123999999999967,22
"vary_k",10000,21,8,"PELT",0.00499999999999545,22
"vary_k",10000,21,8,"SVP BIC",0.122000000000014,22
"vary_k",10000,21,8,"SVP BIC calibrated",0.120999999999981,22
"vary_k",10000,21,8,"SVP BIC multiscale",0.125,22
"vary_k",10000,21,9,"PELT",0.00499999999999545,22
"vary_k",10000,21,9,"SVP BIC",0.120999999999981,22
"vary_k",10000,21,9,"SVP BIC calibrated",0.120999999999981,22
"vary_k",10000,21,9,"SVP BIC multiscale",0.125,22
"vary_k",10000,21,10,"PELT",0.00499999999999545,22
"vary_k",10000,21,10,"SVP BIC",0.122000000000014,22
"vary_k",10000,21,10,"SVP BIC calibrated",0.120999999999981,22
"vary_k",10000,21,10,"SVP BIC multiscale",0.125,22
"vary_k",10000,22,1,"PELT",0.00499999999999545,23
"vary_k",10000,22,1,"SVP BIC",0.116000000000042,23
"vary_k",10000,22,1,"SVP BIC calibrated",0.115999999999985,23
"vary_k",10000,22,1,"SVP BIC multiscale",0.118999999999971,24
"vary_k",10000,22,2,"PELT",0.00499999999999545,23
"vary_k",10000,22,2,"SVP BIC",0.117000000000019,23
"vary_k",10000,22,2,"SVP BIC calibrated",0.117000000000019,23
"vary_k",10000,22,2,"SVP BIC multiscale",0.120000000000005,23
"vary_k",10000,22,3,"PELT",0.00499999999999545,23
"vary_k",10000,22,3,"SVP BIC",0.114999999999952,23
"vary_k",10000,22,3,"SVP BIC calibrated",0.117000000000019,23
"vary_k",10000,22,3,"SVP BIC multiscale",0.117999999999995,23
"vary_k",10000,22,4,"PELT",0.0050000000000523,23
"vary_k",10000,22,4,"SVP BIC",0.115999999999985,23
"vary_k",10000,22,4,"SVP BIC calibrated",0.117000000000019,23
"vary_k",10000,22,4,"SVP BIC multiscale",0.117999999999995,23
"vary_k",10000,22,5,"PELT",0.00499999999999545,23
"vary_k",10000,22,5,"SVP BIC",0.116000000000042,23
"vary_k",10000,22,5,"SVP BIC calibrated",0.115999999999985,23
"vary_k",10000,22,5,"SVP BIC multiscale",0.119000000000028,23
"vary_k",10000,22,6,"PELT",0.00499999999999545,23
"vary_k",10000,22,6,"SVP BIC",0.118000000000052,23
"vary_k",10000,22,6,"SVP BIC calibrated",0.117000000000019,23
"vary_k",10000,22,6,"SVP BIC multiscale",0.120000000000005,23
"vary_k",10000,22,7,"PELT",0.00499999999999545,23
"vary_k",10000,22,7,"SVP BIC",0.117999999999995,23
"vary_k",10000,22,7,"SVP BIC calibrated",0.115999999999985,23
"vary_k",10000,22,7,"SVP BIC multiscale",0.118999999999971,23
"vary_k",10000,22,8,"PELT",0.00499999999999545,23
"vary_k",10000,22,8,"SVP BIC",0.119000000000028,23
"vary_k",10000,22,8,"SVP BIC calibrated",0.119000000000028,23
"vary_k",10000,22,8,"SVP BIC multiscale",0.121999999999957,23
"vary_k",10000,22,9,"PELT",0.00499999999999545,24
"vary_k",10000,22,9,"SVP BIC",0.117000000000019,23
"vary_k",10000,22,9,"SVP BIC calibrated",0.117000000000019,23
"vary_k",10000,22,9,"SVP BIC multiscale",0.118999999999971,23
"vary_k",10000,22,10,"PELT",0.00499999999999545,23
"vary_k",10000,22,10,"SVP BIC",0.115999999999985,23
"vary_k",10000,22,10,"SVP BIC calibrated",0.117000000000019,23
"vary_k",10000,22,10,"SVP BIC multiscale",0.118999999999971,23
"vary_k",10000,23,1,"PELT",0.00499999999999545,24
"vary_k",10000,23,1,"SVP BIC",0.11099999999999,24
"vary_k",10000,23,1,"SVP BIC calibrated",0.11099999999999,24
"vary_k",10000,23,1,"SVP BIC multiscale",0.115000000000009,24
"vary_k",10000,23,2,"PELT",0.00600000000002865,24
"vary_k",10000,23,2,"SVP BIC",0.113,24
"vary_k",10000,23,2,"SVP BIC calibrated",0.112000000000023,24
"vary_k",10000,23,2,"SVP BIC multiscale",0.115000000000009,24
"vary_k",10000,23,3,"PELT",0.0040000000000191,24
"vary_k",10000,23,3,"SVP BIC",0.113,24
"vary_k",10000,23,3,"SVP BIC calibrated",0.111999999999966,24
"vary_k",10000,23,3,"SVP BIC multiscale",0.115000000000009,24
"vary_k",10000,23,4,"PELT",0.00499999999999545,24
"vary_k",10000,23,4,"SVP BIC",0.112000000000023,24
"vary_k",10000,23,4,"SVP BIC calibrated",0.112000000000023,24
"vary_k",10000,23,4,"SVP BIC multiscale",0.115999999999985,24
"vary_k",10000,23,5,"PELT",0.00599999999997181,24
"vary_k",10000,23,5,"SVP BIC",0.111999999999966,24
"vary_k",10000,23,5,"SVP BIC calibrated",0.112000000000023,24
"vary_k",10000,23,5,"SVP BIC multiscale",0.115999999999985,24
"vary_k",10000,23,6,"PELT",0.00599999999997181,24
"vary_k",10000,23,6,"SVP BIC",0.11099999999999,24
"vary_k",10000,23,6,"SVP BIC calibrated",0.111999999999966,24
"vary_k",10000,23,6,"SVP BIC multiscale",0.115000000000009,24
"vary_k",10000,23,7,"PELT",0.00499999999999545,24
"vary_k",10000,23,7,"SVP BIC",0.113,24
"vary_k",10000,23,7,"SVP BIC calibrated",0.112000000000023,24
"vary_k",10000,23,7,"SVP BIC multiscale",0.115000000000009,24
"vary_k",10000,23,8,"PELT",0.00499999999999545,24
"vary_k",10000,23,8,"SVP BIC",0.112000000000023,24
"vary_k",10000,23,8,"SVP BIC calibrated",0.113,24
"vary_k",10000,23,8,"SVP BIC multiscale",0.115999999999985,24
"vary_k",10000,23,9,"PELT",0.00499999999999545,24
"vary_k",10000,23,9,"SVP BIC",0.111999999999966,24
"vary_k",10000,23,9,"SVP BIC calibrated",0.113,24
"vary_k",10000,23,9,"SVP BIC multiscale",0.115000000000009,25
"vary_k",10000,23,10,"PELT",0.00499999999999545,24
"vary_k",10000,23,10,"SVP BIC",0.112000000000023,24
"vary_k",10000,23,10,"SVP BIC calibrated",0.111999999999966,24
"vary_k",10000,23,10,"SVP BIC multiscale",0.117000000000019,24
"vary_k",10000,24,1,"PELT",0.0040000000000191,25
"vary_k",10000,24,1,"SVP BIC",0.10899999999998,25
"vary_k",10000,24,1,"SVP BIC calibrated",0.109000000000037,25
"vary_k",10000,24,1,"SVP BIC multiscale",0.11099999999999,25
"vary_k",10000,24,2,"PELT",0.00499999999999545,25
"vary_k",10000,24,2,"SVP BIC",0.108000000000004,25
"vary_k",10000,24,2,"SVP BIC calibrated",0.106999999999971,25
"vary_k",10000,24,2,"SVP BIC multiscale",0.110000000000014,25
"vary_k",10000,24,3,"PELT",0.00499999999999545,25
"vary_k",10000,24,3,"SVP BIC",0.109000000000037,25
"vary_k",10000,24,3,"SVP BIC calibrated",0.108000000000004,25
"vary_k",10000,24,3,"SVP BIC multiscale",0.11099999999999,25
"vary_k",10000,24,4,"PELT",0.0040000000000191,25
"vary_k",10000,24,4,"SVP BIC",0.108000000000004,25
"vary_k",10000,24,4,"SVP BIC calibrated",0.108000000000004,25
"vary_k",10000,24,4,"SVP BIC multiscale",0.110000000000014,25
"vary_k",10000,24,5,"PELT",0.007000000000005,25
"vary_k",10000,24,5,"SVP BIC",0.108000000000004,25
"vary_k",10000,24,5,"SVP BIC calibrated",0.10899999999998,25
"vary_k",10000,24,5,"SVP BIC multiscale",0.112000000000023,25
"vary_k",10000,24,6,"PELT",0.0040000000000191,25
"vary_k",10000,24,6,"SVP BIC",0.107999999999947,25
"vary_k",10000,24,6,"SVP BIC calibrated",0.108000000000004,25
"vary_k",10000,24,6,"SVP BIC multiscale",0.11099999999999,25
"vary_k",10000,24,7,"PELT",0.00499999999999545,25
"vary_k",10000,24,7,"SVP BIC",0.106999999999971,25
"vary_k",10000,24,7,"SVP BIC calibrated",0.107000000000028,25
"vary_k",10000,24,7,"SVP BIC multiscale",0.112000000000023,25
"vary_k",10000,24,8,"PELT",0.00499999999999545,25
"vary_k",10000,24,8,"SVP BIC",0.108000000000004,25
"vary_k",10000,24,8,"SVP BIC calibrated",0.107999999999947,25
"vary_k",10000,24,8,"SVP BIC multiscale",0.110000000000014,25
"vary_k",10000,24,9,"PELT",0.00499999999999545,25
"vary_k",10000,24,9,"SVP BIC",0.109000000000037,25
"vary_k",10000,24,9,"SVP BIC calibrated",0.108000000000004,25
"vary_k",10000,24,9,"SVP BIC multiscale",0.109999999999957,25
"vary_k",10000,24,10,"PELT",0.00499999999999545,25
"vary_k",10000,24,10,"SVP BIC",0.109000000000037,25
"vary_k",10000,24,10,"SVP BIC calibrated",0.10899999999998,25
"vary_k",10000,24,10,"SVP BIC multiscale",0.112000000000023,25
"vary_k",10000,25,1,"PELT",0.0050000000000523,26
"vary_k",10000,25,1,"SVP BIC",0.103999999999985,26
"vary_k",10000,25,1,"SVP BIC calibrated",0.105000000000018,26
"vary_k",10000,25,1,"SVP BIC multiscale",0.105999999999995,26
"vary_k",10000,25,2,"PELT",0.00499999999999545,26
"vary_k",10000,25,2,"SVP BIC",0.105000000000018,26
"vary_k",10000,25,2,"SVP BIC calibrated",0.108000000000004,26
"vary_k",10000,25,2,"SVP BIC multiscale",0.106999999999971,26
"vary_k",10000,25,3,"PELT",0.0040000000000191,26
"vary_k",10000,25,3,"SVP BIC",0.103999999999985,26
"vary_k",10000,25,3,"SVP BIC calibrated",0.104000000000042,26
"vary_k",10000,25,3,"SVP BIC multiscale",0.108000000000004,26
"vary_k",10000,25,4,"PELT",0.00399999999996226,26
"vary_k",10000,25,4,"SVP BIC",0.105000000000018,26
"vary_k",10000,25,4,"SVP BIC calibrated",0.105000000000018,26
"vary_k",10000,25,4,"SVP BIC multiscale",0.105999999999995,27
"vary_k",10000,25,5,"PELT",0.00499999999999545,26
"vary_k",10000,25,5,"SVP BIC",0.105000000000018,26
"vary_k",10000,25,5,"SVP BIC calibrated",0.105000000000018,26
"vary_k",10000,25,5,"SVP BIC multiscale",0.107000000000028,26
"vary_k",10000,25,6,"PELT",0.0040000000000191,26
"vary_k",10000,25,6,"SVP BIC",0.105000000000018,26
"vary_k",10000,25,6,"SVP BIC calibrated",0.105000000000018,26
"vary_k",10000,25,6,"SVP BIC multiscale",0.107000000000028,26
"vary_k",10000,25,7,"PELT",0.0040000000000191,26
"vary_k",10000,25,7,"SVP BIC",0.103999999999985,26
"vary_k",10000,25,7,"SVP BIC calibrated",0.103999999999985,26
"vary_k",10000,25,7,"SVP BIC multiscale",0.107000000000028,26
"vary_k",10000,25,8,"PELT",0.0050000000000523,26
"vary_k",10000,25,8,"SVP BIC",0.104999999999961,26
"vary_k",10000,25,8,"SVP BIC calibrated",0.104999999999961,26
"vary_k",10000,25,8,"SVP BIC multiscale",0.106999999999971,26
"vary_k",10000,25,9,"PELT",0.00499999999999545,26
"vary_k",10000,25,9,"SVP BIC",0.103000000000009,26
"vary_k",10000,25,9,"SVP BIC calibrated",0.104000000000042,26
"vary_k",10000,25,9,"SVP BIC multiscale",0.106000000000051,26
"vary_k",10000,25,10,"PELT",0.0040000000000191,26
"vary_k",10000,25,10,"SVP BIC",0.105999999999995,26
"vary_k",10000,25,10,"SVP BIC calibrated",0.104999999999961,26
"vary_k",10000,25,10,"SVP BIC multiscale",0.108000000000004,26
"vary_k",10000,26,1,"PELT",0.00499999999999545,27
"vary_k",10000,26,1,"SVP BIC",0.102000000000032,27
"vary_k",10000,26,1,"SVP BIC calibrated",0.102000000000032,27
"vary_k",10000,26,1,"SVP BIC multiscale",0.104000000000042,28
"vary_k",10000,26,2,"PELT",0.0040000000000191,27
"vary_k",10000,26,2,"SVP BIC",0.100999999999999,27
"vary_k",10000,26,2,"SVP BIC calibrated",0.100000000000023,27
"vary_k",10000,26,2,"SVP BIC multiscale",0.103000000000009,27
"vary_k",10000,26,3,"PELT",0.00499999999999545,27
"vary_k",10000,26,3,"SVP BIC",0.102000000000032,27
"vary_k",10000,26,3,"SVP BIC calibrated",0.100999999999999,27
"vary_k",10000,26,3,"SVP BIC multiscale",0.105000000000018,27
"vary_k",10000,26,4,"PELT",0.0040000000000191,27
"vary_k",10000,26,4,"SVP BIC",0.100999999999999,27
"vary_k",10000,26,4,"SVP BIC calibrated",0.100999999999999,27
"vary_k",10000,26,4,"SVP BIC multiscale",0.103000000000009,28
"vary_k",10000,26,5,"PELT",0.00499999999999545,27
"vary_k",10000,26,5,"SVP BIC",0.100999999999999,27
"vary_k",10000,26,5,"SVP BIC calibrated",0.100000000000023,27
"vary_k",10000,26,5,"SVP BIC multiscale",0.102999999999952,27
"vary_k",10000,26,6,"PELT",0.0040000000000191,27
"vary_k",10000,26,6,"SVP BIC",0.101999999999975,27
"vary_k",10000,26,6,"SVP BIC calibrated",0.104000000000042,27
"vary_k",10000,26,6,"SVP BIC multiscale",0.105000000000018,27
"vary_k",10000,26,7,"PELT",0.0040000000000191,27
"vary_k",10000,26,7,"SVP BIC",0.100000000000023,27
"vary_k",10000,26,7,"SVP BIC calibrated",0.0999999999999659,27
"vary_k",10000,26,7,"SVP BIC multiscale",0.101999999999975,28
"vary_k",10000,26,8,"PELT",0.00499999999999545,27
"vary_k",10000,26,8,"SVP BIC",0.102000000000032,27
"vary_k",10000,26,8,"SVP BIC calibrated",0.100999999999999,27
"vary_k",10000,26,8,"SVP BIC multiscale",0.103999999999985,27
"vary_k",10000,26,9,"PELT",0.00499999999999545,27
"vary_k",10000,26,9,"SVP BIC",0.100999999999999,27
"vary_k",10000,26,9,"SVP BIC calibrated",0.100999999999999,27
"vary_k",10000,26,9,"SVP BIC multiscale",0.104000000000042,27
"vary_k",10000,26,10,"PELT",0.00399999999996226,27
"vary_k",10000,26,10,"SVP BIC",0.102000000000032,27
"vary_k",10000,26,10,"SVP BIC calibrated",0.100999999999999,27
"vary_k",10000,26,10,"SVP BIC multiscale",0.103999999999985,27
"vary_k",10000,27,1,"PELT",0.00499999999999545,28
"vary_k",10000,27,1,"SVP BIC",0.100000000000023,28
"vary_k",10000,27,1,"SVP BIC calibrated",0.0989999999999895,28
"vary_k",10000,27,1,"SVP BIC multiscale",0.100999999999999,28
"vary_k",10000,27,2,"PELT",0.00399999999996226,28
"vary_k",10000,27,2,"SVP BIC",0.0980000000000132,28
"vary_k",10000,27,2,"SVP BIC calibrated",0.0980000000000132,28
"vary_k",10000,27,2,"SVP BIC multiscale",0.100999999999999,28
"vary_k",10000,27,3,"PELT",0.00399999999996226,28
"vary_k",10000,27,3,"SVP BIC",0.0979999999999563,28
"vary_k",10000,27,3,"SVP BIC calibrated",0.09699999999998,28
"vary_k",10000,27,3,"SVP BIC multiscale",0.0999999999999659,28
"vary_k",10000,27,4,"PELT",0.0040000000000191,28
"vary_k",10000,27,4,"SVP BIC",0.09699999999998,28
"vary_k",10000,27,4,"SVP BIC calibrated",0.0980000000000132,28
"vary_k",10000,27,4,"SVP BIC multiscale",0.0990000000000464,28
"vary_k",10000,27,5,"PELT",0.00600000000002865,28
"vary_k",10000,27,5,"SVP BIC",0.0970000000000368,28
"vary_k",10000,27,5,"SVP BIC calibrated",0.0980000000000132,28
"vary_k",10000,27,5,"SVP BIC multiscale",0.0989999999999895,28
"vary_k",10000,27,6,"PELT",0.00499999999999545,28
"vary_k",10000,27,6,"SVP BIC",0.0980000000000132,28
"vary_k",10000,27,6,"SVP BIC calibrated",0.0970000000000368,28
"vary_k",10000,27,6,"SVP BIC multiscale",0.0999999999999659,28
"vary_k",10000,27,7,"PELT",0.00499999999999545,28
"vary_k",10000,27,7,"SVP BIC",0.0980000000000132,28
"vary_k",10000,27,7,"SVP BIC calibrated",0.0979999999999563,28
"vary_k",10000,27,7,"SVP BIC multiscale",0.100999999999999,28
"vary_k",10000,27,8,"PELT",0.00399999999996226,28
"vary_k",10000,27,8,"SVP BIC",0.0980000000000132,28
"vary_k",10000,27,8,"SVP BIC calibrated",0.0980000000000132,28
"vary_k",10000,27,8,"SVP BIC multiscale",0.0989999999999895,29
"vary_k",10000,27,9,"PELT",0.00499999999999545,28
"vary_k",10000,27,9,"SVP BIC",0.0980000000000132,28
"vary_k",10000,27,9,"SVP BIC calibrated",0.0979999999999563,28
"vary_k",10000,27,9,"SVP BIC multiscale",0.100999999999999,28
"vary_k",10000,27,10,"PELT",0.00399999999996226,28
"vary_k",10000,27,10,"SVP BIC",0.09699999999998,28
"vary_k",10000,27,10,"SVP BIC calibrated",0.0980000000000132,28
"vary_k",10000,27,10,"SVP BIC multiscale",0.100000000000023,28
"vary_k",10000,28,1,"PELT",0.00499999999999545,29
"vary_k",10000,28,1,"SVP BIC",0.0940000000000509,29
"vary_k",10000,28,1,"SVP BIC calibrated",0.0960000000000036,29
"vary_k",10000,28,1,"SVP BIC multiscale",0.09699999999998,30
"vary_k",10000,28,2,"PELT",0.0040000000000191,29
"vary_k",10000,28,2,"SVP BIC",0.0939999999999941,29
"vary_k",10000,28,2,"SVP BIC calibrated",0.0939999999999941,29
"vary_k",10000,28,2,"SVP BIC multiscale",0.0959999999999468,29
"vary_k",10000,28,3,"PELT",0.0040000000000191,29
"vary_k",10000,28,3,"SVP BIC",0.0939999999999941,29
"vary_k",10000,28,3,"SVP BIC calibrated",0.0939999999999941,29
"vary_k",10000,28,3,"SVP BIC multiscale",0.0960000000000036,29
"vary_k",10000,28,4,"PELT",0.00399999999996226,30
"vary_k",10000,28,4,"SVP BIC",0.0949999999999704,29
"vary_k",10000,28,4,"SVP BIC calibrated",0.0950000000000273,29
"vary_k",10000,28,4,"SVP BIC multiscale",0.0980000000000132,29
"vary_k",10000,28,5,"PELT",0.0040000000000191,30
"vary_k",10000,28,5,"SVP BIC",0.0960000000000036,29
"vary_k",10000,28,5,"SVP BIC calibrated",0.0960000000000036,29
"vary_k",10000,28,5,"SVP BIC multiscale",0.0979999999999563,29
"vary_k",10000,28,6,"PELT",0.0040000000000191,29
"vary_k",10000,28,6,"SVP BIC",0.0950000000000273,29
"vary_k",10000,28,6,"SVP BIC calibrated",0.0950000000000273,29
"vary_k",10000,28,6,"SVP BIC multiscale",0.0980000000000132,29
"vary_k",10000,28,7,"PELT",0.0040000000000191,29
"vary_k",10000,28,7,"SVP BIC",0.0949999999999704,29
"vary_k",10000,28,7,"SVP BIC calibrated",0.0950000000000273,29
"vary_k",10000,28,7,"SVP BIC multiscale",0.09699999999998,29
"vary_k",10000,28,8,"PELT",0.0040000000000191,29
"vary_k",10000,28,8,"SVP BIC",0.0939999999999941,29
"vary_k",10000,28,8,"SVP BIC calibrated",0.0950000000000273,29
"vary_k",10000,28,8,"SVP BIC multiscale",0.0970000000000368,29
"vary_k",10000,28,9,"PELT",0.0040000000000191,29
"vary_k",10000,28,9,"SVP BIC",0.0949999999999704,29
"vary_k",10000,28,9,"SVP BIC calibrated",0.0949999999999704,29
"vary_k",10000,28,9,"SVP BIC multiscale",0.09699999999998,30
"vary_k",10000,28,10,"PELT",0.0050000000000523,29
"vary_k",10000,28,10,"SVP BIC",0.09699999999998,29
"vary_k",10000,28,10,"SVP BIC calibrated",0.0950000000000273,29
"vary_k",10000,28,10,"SVP BIC multiscale",0.0980000000000132,29
"vary_k",10000,29,1,"PELT",0.00499999999999545,30
"vary_k",10000,29,1,"SVP BIC",0.0919999999999845,30
"vary_k",10000,29,1,"SVP BIC calibrated",0.0919999999999845,30
"vary_k",10000,29,1,"SVP BIC multiscale",0.0960000000000036,30
"vary_k",10000,29,2,"PELT",0.0040000000000191,30
"vary_k",10000,29,2,"SVP BIC",0.0919999999999845,30
"vary_k",10000,29,2,"SVP BIC calibrated",0.0910000000000082,30
"vary_k",10000,29,2,"SVP BIC multiscale",0.0939999999999941,30
"vary_k",10000,29,3,"PELT",0.00499999999999545,30
"vary_k",10000,29,3,"SVP BIC",0.0930000000000177,30
"vary_k",10000,29,3,"SVP BIC calibrated",0.0920000000000414,30
"vary_k",10000,29,3,"SVP BIC multiscale",0.0949999999999704,30
"vary_k",10000,29,4,"PELT",0.00399999999996226,30
"vary_k",10000,29,4,"SVP BIC",0.0910000000000082,30
"vary_k",10000,29,4,"SVP BIC calibrated",0.0920000000000414,30
"vary_k",10000,29,4,"SVP BIC multiscale",0.0949999999999704,30
"vary_k",10000,29,5,"PELT",0.00399999999996226,30
"vary_k",10000,29,5,"SVP BIC",0.0919999999999845,30
"vary_k",10000,29,5,"SVP BIC calibrated",0.0919999999999845,30
"vary_k",10000,29,5,"SVP BIC multiscale",0.0949999999999704,30
"vary_k",10000,29,6,"PELT",0.00399999999996226,30
"vary_k",10000,29,6,"SVP BIC",0.0919999999999845,30
"vary_k",10000,29,6,"SVP BIC calibrated",0.0919999999999845,30
"vary_k",10000,29,6,"SVP BIC multiscale",0.0939999999999941,30
"vary_k",10000,29,7,"PELT",0.0040000000000191,31
"vary_k",10000,29,7,"SVP BIC",0.0919999999999845,30
"vary_k",10000,29,7,"SVP BIC calibrated",0.0919999999999845,30
"vary_k",10000,29,7,"SVP BIC multiscale",0.0939999999999941,30
"vary_k",10000,29,8,"PELT",0.0040000000000191,30
"vary_k",10000,29,8,"SVP BIC",0.0919999999999845,30
"vary_k",10000,29,8,"SVP BIC calibrated",0.0910000000000082,30
"vary_k",10000,29,8,"SVP BIC multiscale",0.0939999999999941,30
"vary_k",10000,29,9,"PELT",0.00499999999999545,30
"vary_k",10000,29,9,"SVP BIC",0.0910000000000082,30
"vary_k",10000,29,9,"SVP BIC calibrated",0.0910000000000082,30
"vary_k",10000,29,9,"SVP BIC multiscale",0.0930000000000177,30
"vary_k",10000,29,10,"PELT",0.00399999999996226,30
"vary_k",10000,29,10,"SVP BIC",0.0910000000000082,30
"vary_k",10000,29,10,"SVP BIC calibrated",0.0910000000000082,30
"vary_k",10000,29,10,"SVP BIC multiscale",0.0939999999999941,30
"vary_k",10000,30,1,"PELT",0.00399999999996226,31
"vary_k",10000,30,1,"SVP BIC",0.0889999999999986,31
"vary_k",10000,30,1,"SVP BIC calibrated",0.089999999999975,31
"vary_k",10000,30,1,"SVP BIC multiscale",0.0919999999999845,31
"vary_k",10000,30,2,"PELT",0.00399999999996226,31
"vary_k",10000,30,2,"SVP BIC",0.0889999999999986,31
"vary_k",10000,30,2,"SVP BIC calibrated",0.0900000000000318,31
"vary_k",10000,30,2,"SVP BIC multiscale",0.0910000000000082,31
"vary_k",10000,30,3,"PELT",0.0040000000000191,31
"vary_k",10000,30,3,"SVP BIC",0.0889999999999986,31
"vary_k",10000,30,3,"SVP BIC calibrated",0.0880000000000223,31
"vary_k",10000,30,3,"SVP BIC multiscale",0.0920000000000414,31
"vary_k",10000,30,4,"PELT",0.0040000000000191,32
"vary_k",10000,30,4,"SVP BIC",0.0900000000000318,31
"vary_k",10000,30,4,"SVP BIC calibrated",0.0900000000000318,31
"vary_k",10000,30,4,"SVP BIC multiscale",0.0919999999999845,31
"vary_k",10000,30,5,"PELT",0.00300000000004275,31
"vary_k",10000,30,5,"SVP BIC",0.089999999999975,31
"vary_k",10000,30,5,"SVP BIC calibrated",0.089999999999975,31
"vary_k",10000,30,5,"SVP BIC multiscale",0.0920000000000414,31
"vary_k",10000,30,6,"PELT",0.0040000000000191,31
"vary_k",10000,30,6,"SVP BIC",0.0889999999999986,31
"vary_k",10000,30,6,"SVP BIC calibrated",0.0889999999999986,31
"vary_k",10000,30,6,"SVP BIC multiscale",0.0910000000000082,33
"vary_k",10000,30,7,"PELT",0.0040000000000191,31
"vary_k",10000,30,7,"SVP BIC",0.089999999999975,31
"vary_k",10000,30,7,"SVP BIC calibrated",0.0900000000000318,31
"vary_k",10000,30,7,"SVP BIC multiscale",0.0910000000000082,31
"vary_k",10000,30,8,"PELT",0.0040000000000191,31
"vary_k",10000,30,8,"SVP BIC",0.0889999999999986,31
"vary_k",10000,30,8,"SVP BIC calibrated",0.0889999999999986,31
"vary_k",10000,30,8,"SVP BIC multiscale",0.0910000000000082,31
"vary_k",10000,30,9,"PELT",0.0040000000000191,31
"vary_k",10000,30,9,"SVP BIC",0.0889999999999986,31
"vary_k",10000,30,9,"SVP BIC calibrated",0.089999999999975,31
"vary_k",10000,30,9,"SVP BIC multiscale",0.0919999999999845,31
"vary_k",10000,30,10,"PELT",0.0040000000000191,31
"vary_k",10000,30,10,"SVP BIC",0.0889999999999986,31
"vary_k",10000,30,10,"SVP BIC calibrated",0.089999999999975,31
"vary_k",10000,30,10,"SVP BIC multiscale",0.0919999999999845,31
"vary_k",10000,31,1,"PELT",0.00499999999999545,32
"vary_k",10000,31,1,"SVP BIC",0.0859999999999559,32
"vary_k",10000,31,1,"SVP BIC calibrated",0.0860000000000127,32
"vary_k",10000,31,1,"SVP BIC multiscale",0.0879999999999654,32
"vary_k",10000,31,2,"PELT",0.00399999999996226,32
"vary_k",10000,31,2,"SVP BIC",0.0869999999999891,32
"vary_k",10000,31,2,"SVP BIC calibrated",0.0869999999999891,32
"vary_k",10000,31,2,"SVP BIC multiscale",0.0889999999999986,32
"vary_k",10000,31,3,"PELT",0.0040000000000191,32
"vary_k",10000,31,3,"SVP BIC",0.0859999999999559,32
"vary_k",10000,31,3,"SVP BIC calibrated",0.0860000000000127,32
"vary_k",10000,31,3,"SVP BIC multiscale",0.0889999999999986,32
"vary_k",10000,31,4,"PELT",0.0029999999999859,32
"vary_k",10000,31,4,"SVP BIC",0.0860000000000127,32
"vary_k",10000,31,4,"SVP BIC calibrated",0.0860000000000127,32
"vary_k",10000,31,4,"SVP BIC multiscale",0.0880000000000223,32
"vary_k",10000,31,5,"PELT",0.0040000000000191,32
"vary_k",10000,31,5,"SVP BIC",0.0860000000000127,32
"vary_k",10000,31,5,"SVP BIC calibrated",0.0860000000000127,32
"vary_k",10000,31,5,"SVP BIC multiscale",0.0879999999999654,32
"vary_k",10000,31,6,"PELT",0.00399999999996226,32
"vary_k",10000,31,6,"SVP BIC",0.0869999999999891,32
"vary_k",10000,31,6,"SVP BIC calibrated",0.0870000000000459,32
"vary_k",10000,31,6,"SVP BIC multiscale",0.0889999999999986,32
"vary_k",10000,31,7,"PELT",0.00399999999996226,32
"vary_k",10000,31,7,"SVP BIC",0.0860000000000127,32
"vary_k",10000,31,7,"SVP BIC calibrated",0.0869999999999891,32
"vary_k",10000,31,7,"SVP BIC multiscale",0.0889999999999986,32
"vary_k",10000,31,8,"PELT",0.00399999999996226,32
"vary_k",10000,31,8,"SVP BIC",0.0869999999999891,32
"vary_k",10000,31,8,"SVP BIC calibrated",0.0869999999999891,32
"vary_k",10000,31,8,"SVP BIC multiscale",0.0889999999999986,32
"vary_k",10000,31,9,"PELT",0.0040000000000191,32
"vary_k",10000,31,9,"SVP BIC",0.0869999999999891,32
"vary_k",10000,31,9,"SVP BIC calibrated",0.0869999999999891,32
"vary_k",10000,31,9,"SVP BIC multiscale",0.089999999999975,32
"vary_k",10000,31,10,"PELT",0.0029999999999859,32
"vary_k",10000,31,10,"SVP BIC",0.0869999999999891,32
"vary_k",10000,31,10,"SVP BIC calibrated",0.0859999999999559,32
"vary_k",10000,31,10,"SVP BIC multiscale",0.0889999999999986,32
"vary_k",10000,32,1,"PELT",0.0040000000000191,33
"vary_k",10000,32,1,"SVP BIC",0.0850000000000364,33
"vary_k",10000,32,1,"SVP BIC calibrated",0.0849999999999795,33
"vary_k",10000,32,1,"SVP BIC multiscale",0.0869999999999891,33
"vary_k",10000,32,2,"PELT",0.00399999999996226,33
"vary_k",10000,32,2,"SVP BIC",0.0840000000000032,33
"vary_k",10000,32,2,"SVP BIC calibrated",0.0840000000000032,33
"vary_k",10000,32,2,"SVP BIC multiscale",0.0860000000000127,33
"vary_k",10000,32,3,"PELT",0.0029999999999859,33
"vary_k",10000,32,3,"SVP BIC",0.0849999999999795,33
"vary_k",10000,32,3,"SVP BIC calibrated",0.0840000000000032,33
"vary_k",10000,32,3,"SVP BIC multiscale",0.0889999999999986,33
"vary_k",10000,32,4,"PELT",0.0040000000000191,33
"vary_k",10000,32,4,"SVP BIC",0.0840000000000032,33
"vary_k",10000,32,4,"SVP BIC calibrated",0.0840000000000032,33
"vary_k",10000,32,4,"SVP BIC multiscale",0.0860000000000127,33
"vary_k",10000,32,5,"PELT",0.0040000000000191,33
"vary_k",10000,32,5,"SVP BIC",0.0850000000000364,33
"vary_k",10000,32,5,"SVP BIC calibrated",0.0840000000000032,33
"vary_k",10000,32,5,"SVP BIC multiscale",0.0860000000000127,34
"vary_k",10000,32,6,"PELT",0.0050000000000523,33
"vary_k",10000,32,6,"SVP BIC",0.0840000000000032,33
"vary_k",10000,32,6,"SVP BIC calibrated",0.0840000000000032,33
"vary_k",10000,32,6,"SVP BIC multiscale",0.0860000000000127,34
"vary_k",10000,32,7,"PELT",0.00399999999996226,33
"vary_k",10000,32,7,"SVP BIC",0.0840000000000032,33
"vary_k",10000,32,7,"SVP BIC calibrated",0.0840000000000032,33
"vary_k",10000,32,7,"SVP BIC multiscale",0.0860000000000127,33
"vary_k",10000,32,8,"PELT",0.00399999999996226,33
"vary_k",10000,32,8,"SVP BIC",0.0849999999999795,33
"vary_k",10000,32,8,"SVP BIC calibrated",0.0849999999999795,33
"vary_k",10000,32,8,"SVP BIC multiscale",0.0870000000000459,33
"vary_k",10000,32,9,"PELT",0.0040000000000191,33
"vary_k",10000,32,9,"SVP BIC",0.0840000000000032,33
"vary_k",10000,32,9,"SVP BIC calibrated",0.0840000000000032,33
"vary_k",10000,32,9,"SVP BIC multiscale",0.0869999999999891,33
"vary_k",10000,32,10,"PELT",0.00399999999996226,33
"vary_k",10000,32,10,"SVP BIC",0.0849999999999795,33
"vary_k",10000,32,10,"SVP BIC calibrated",0.0840000000000032,33
"vary_k",10000,32,10,"SVP BIC multiscale",0.0850000000000364,34
"vary_k",10000,33,1,"PELT",0.0040000000000191,34
"vary_k",10000,33,1,"SVP BIC",0.0830000000000268,34
"vary_k",10000,33,1,"SVP BIC calibrated",0.0840000000000032,34
"vary_k",10000,33,1,"SVP BIC multiscale",0.0840000000000032,34
"vary_k",10000,33,2,"PELT",0.0040000000000191,34
"vary_k",10000,33,2,"SVP BIC",0.0819999999999936,34
"vary_k",10000,33,2,"SVP BIC calibrated",0.0819999999999936,34
"vary_k",10000,33,2,"SVP BIC multiscale",0.08299999999997,34
"vary_k",10000,33,3,"PELT",0.0040000000000191,34
"vary_k",10000,33,3,"SVP BIC",0.08299999999997,34
"vary_k",10000,33,3,"SVP BIC calibrated",0.08299999999997,34
"vary_k",10000,33,3,"SVP BIC multiscale",0.0849999999999795,34
"vary_k",10000,33,4,"PELT",0.00399999999996226,34
"vary_k",10000,33,4,"SVP BIC",0.08299999999997,34
"vary_k",10000,33,4,"SVP BIC calibrated",0.08299999999997,34
"vary_k",10000,33,4,"SVP BIC multiscale",0.0840000000000032,34
"vary_k",10000,33,5,"PELT",0.0029999999999859,34
"vary_k",10000,33,5,"SVP BIC",0.08299999999997,34
"vary_k",10000,33,5,"SVP BIC calibrated",0.0819999999999936,34
"vary_k",10000,33,5,"SVP BIC multiscale",0.0840000000000032,35
"vary_k",10000,33,6,"PELT",0.00300000000004275,34
"vary_k",10000,33,6,"SVP BIC",0.08299999999997,34
"vary_k",10000,33,6,"SVP BIC calibrated",0.08299999999997,34
"vary_k",10000,33,6,"SVP BIC multiscale",0.0840000000000032,34
"vary_k",10000,33,7,"PELT",0.0029999999999859,34
"vary_k",10000,33,7,"SVP BIC",0.0819999999999936,34
"vary_k",10000,33,7,"SVP BIC calibrated",0.0819999999999936,34
"vary_k",10000,33,7,"SVP BIC multiscale",0.0840000000000032,34
"vary_k",10000,33,8,"PELT",0.0040000000000191,34
"vary_k",10000,33,8,"SVP BIC",0.0819999999999936,34
"vary_k",10000,33,8,"SVP BIC calibrated",0.0820000000000505,34
"vary_k",10000,33,8,"SVP BIC multiscale",0.0860000000000127,34
"vary_k",10000,33,9,"PELT",0.0040000000000191,35
"vary_k",10000,33,9,"SVP BIC",0.0810000000000173,34
"vary_k",10000,33,9,"SVP BIC calibrated",0.0810000000000173,34
"vary_k",10000,33,9,"SVP BIC multiscale",0.0840000000000032,34
"vary_k",10000,33,10,"PELT",0.0040000000000191,34
"vary_k",10000,33,10,"SVP BIC",0.0819999999999936,34
"vary_k",10000,33,10,"SVP BIC calibrated",0.0819999999999936,34
"vary_k",10000,33,10,"SVP BIC multiscale",0.0840000000000032,34
"vary_k",10000,34,1,"PELT",0.0040000000000191,35
"vary_k",10000,34,1,"SVP BIC",0.0790000000000077,35
"vary_k",10000,34,1,"SVP BIC calibrated",0.0790000000000077,35
"vary_k",10000,34,1,"SVP BIC multiscale",0.0819999999999936,35
"vary_k",10000,34,2,"PELT",0.0029999999999859,35
"vary_k",10000,34,2,"SVP BIC",0.0799999999999841,35
"vary_k",10000,34,2,"SVP BIC calibrated",0.0800000000000409,35
"vary_k",10000,34,2,"SVP BIC multiscale",0.0819999999999936,35
"vary_k",10000,34,3,"PELT",0.0029999999999859,35
"vary_k",10000,34,3,"SVP BIC",0.0800000000000409,35
"vary_k",10000,34,3,"SVP BIC calibrated",0.08299999999997,35
"vary_k",10000,34,3,"SVP BIC multiscale",0.0819999999999936,36
"vary_k",10000,34,4,"PELT",0.0029999999999859,35
"vary_k",10000,34,4,"SVP BIC",0.0799999999999841,35
"vary_k",10000,34,4,"SVP BIC calibrated",0.0789999999999509,35
"vary_k",10000,34,4,"SVP BIC multiscale",0.08299999999997,35
"vary_k",10000,34,5,"PELT",0.0040000000000191,35
"vary_k",10000,34,5,"SVP BIC",0.0799999999999841,35
"vary_k",10000,34,5,"SVP BIC calibrated",0.0799999999999841,35
"vary_k",10000,34,5,"SVP BIC multiscale",0.0819999999999936,35
"vary_k",10000,34,6,"PELT",0.0040000000000191,35
"vary_k",10000,34,6,"SVP BIC",0.0800000000000409,35
"vary_k",10000,34,6,"SVP BIC calibrated",0.0799999999999841,35
"vary_k",10000,34,6,"SVP BIC multiscale",0.0819999999999936,35
"vary_k",10000,34,7,"PELT",0.0040000000000191,36
"vary_k",10000,34,7,"SVP BIC",0.0799999999999841,35
"vary_k",10000,34,7,"SVP BIC calibrated",0.0800000000000409,35
"vary_k",10000,34,7,"SVP BIC multiscale",0.0819999999999936,35
"vary_k",10000,34,8,"PELT",0.0029999999999859,35
"vary_k",10000,34,8,"SVP BIC",0.0799999999999841,35
"vary_k",10000,34,8,"SVP BIC calibrated",0.0799999999999841,35
"vary_k",10000,34,8,"SVP BIC multiscale",0.0819999999999936,35
"vary_k",10000,34,9,"PELT",0.0040000000000191,35
"vary_k",10000,34,9,"SVP BIC",0.0799999999999841,35
"vary_k",10000,34,9,"SVP BIC calibrated",0.0800000000000409,35
"vary_k",10000,34,9,"SVP BIC multiscale",0.0810000000000173,35
"vary_k",10000,34,10,"PELT",0.00399999999996226,35
"vary_k",10000,34,10,"SVP BIC",0.0799999999999841,35
"vary_k",10000,34,10,"SVP BIC calibrated",0.0809999999999604,35
"vary_k",10000,34,10,"SVP BIC multiscale",0.0819999999999936,35
"vary_k",10000,35,1,"PELT",0.0029999999999859,36
"vary_k",10000,35,1,"SVP BIC",0.0779999999999745,36
"vary_k",10000,35,1,"SVP BIC calibrated",0.0769999999999982,36
"vary_k",10000,35,1,"SVP BIC multiscale",0.0790000000000077,36
"vary_k",10000,35,2,"PELT",0.0040000000000191,36
"vary_k",10000,35,2,"SVP BIC",0.0780000000000314,36
"vary_k",10000,35,2,"SVP BIC calibrated",0.0789999999999509,36
"vary_k",10000,35,2,"SVP BIC multiscale",0.0810000000000173,36
"vary_k",10000,35,3,"PELT",0.0029999999999859,36
"vary_k",10000,35,3,"SVP BIC",0.0780000000000314,36
"vary_k",10000,35,3,"SVP BIC calibrated",0.0769999999999982,36
"vary_k",10000,35,3,"SVP BIC multiscale",0.0810000000000173,36
"vary_k",10000,35,4,"PELT",0.0040000000000191,36
"vary_k",10000,35,4,"SVP BIC",0.0780000000000314,36
"vary_k",10000,35,4,"SVP BIC calibrated",0.0780000000000314,36
"vary_k",10000,35,4,"SVP BIC multiscale",0.0790000000000077,37
"vary_k",10000,35,5,"PELT",0.0040000000000191,36
"vary_k",10000,35,5,"SVP BIC",0.0779999999999745,36
"vary_k",10000,35,5,"SVP BIC calibrated",0.0779999999999745,36
"vary_k",10000,35,5,"SVP BIC multiscale",0.0799999999999841,36
"vary_k",10000,35,6,"PELT",0.00499999999999545,36
"vary_k",10000,35,6,"SVP BIC",0.0790000000000077,36
"vary_k",10000,35,6,"SVP BIC calibrated",0.0790000000000077,36
"vary_k",10000,35,6,"SVP BIC multiscale",0.0799999999999841,36
"vary_k",10000,35,7,"PELT",0.00600000000002865,36
"vary_k",10000,35,7,"SVP BIC",0.0780000000000314,36
"vary_k",10000,35,7,"SVP BIC calibrated",0.0779999999999745,36
"vary_k",10000,35,7,"SVP BIC multiscale",0.0799999999999841,36
"vary_k",10000,35,8,"PELT",0.0029999999999859,37
"vary_k",10000,35,8,"SVP BIC",0.0780000000000314,36
"vary_k",10000,35,8,"SVP BIC calibrated",0.0779999999999745,36
"vary_k",10000,35,8,"SVP BIC multiscale",0.0799999999999841,36
"vary_k",10000,35,9,"PELT",0.00300000000004275,36
"vary_k",10000,35,9,"SVP BIC",0.0780000000000314,36
"vary_k",10000,35,9,"SVP BIC calibrated",0.0779999999999745,36
"vary_k",10000,35,9,"SVP BIC multiscale",0.0799999999999841,36
"vary_k",10000,35,10,"PELT",0.00399999999996226,36
"vary_k",10000,35,10,"SVP BIC",0.0780000000000314,36
"vary_k",10000,35,10,"SVP BIC calibrated",0.0779999999999745,36
"vary_k",10000,35,10,"SVP BIC multiscale",0.0799999999999841,36
"vary_k",10000,36,1,"PELT",0.00300000000004275,37
"vary_k",10000,36,1,"SVP BIC",0.0760000000000218,37
"vary_k",10000,36,1,"SVP BIC calibrated",0.075999999999965,37
"vary_k",10000,36,1,"SVP BIC multiscale",0.0779999999999745,37
"vary_k",10000,36,2,"PELT",0.0040000000000191,37
"vary_k",10000,36,2,"SVP BIC",0.075999999999965,37
"vary_k",10000,36,2,"SVP BIC calibrated",0.075999999999965,37
"vary_k",10000,36,2,"SVP BIC multiscale",0.0780000000000314,37
"vary_k",10000,36,3,"PELT",0.0029999999999859,37
"vary_k",10000,36,3,"SVP BIC",0.0769999999999982,37
"vary_k",10000,36,3,"SVP BIC calibrated",0.077000000000055,37
"vary_k",10000,36,3,"SVP BIC multiscale",0.0779999999999745,37
"vary_k",10000,36,4,"PELT",0.0040000000000191,37
"vary_k",10000,36,4,"SVP BIC",0.0769999999999982,37
"vary_k",10000,36,4,"SVP BIC calibrated",0.0760000000000218,37
"vary_k",10000,36,4,"SVP BIC multiscale",0.0780000000000314,37
"vary_k",10000,36,5,"PELT",0.0029999999999859,37
"vary_k",10000,36,5,"SVP BIC",0.0769999999999982,37
"vary_k",10000,36,5,"SVP BIC calibrated",0.0760000000000218,37
"vary_k",10000,36,5,"SVP BIC multiscale",0.0769999999999982,37
"vary_k",10000,36,6,"PELT",0.0040000000000191,37
"vary_k",10000,36,6,"SVP BIC",0.0749999999999886,37
"vary_k",10000,36,6,"SVP BIC calibrated",0.0760000000000218,37
"vary_k",10000,36,6,"SVP BIC multiscale",0.0780000000000314,37
"vary_k",10000,36,7,"PELT",0.0040000000000191,37
"vary_k",10000,36,7,"SVP BIC",0.0760000000000218,37
"vary_k",10000,36,7,"SVP BIC calibrated",0.0760000000000218,37
"vary_k",10000,36,7,"SVP BIC multiscale",0.077000000000055,37
"vary_k",10000,36,8,"PELT",0.00300000000004275,37
"vary_k",10000,36,8,"SVP BIC",0.0760000000000218,37
"vary_k",10000,36,8,"SVP BIC calibrated",0.0769999999999982,37
"vary_k",10000,36,8,"SVP BIC multiscale",0.0790000000000077,37
"vary_k",10000,36,9,"PELT",0.0029999999999859,37
"vary_k",10000,36,9,"SVP BIC",0.075999999999965,37
"vary_k",10000,36,9,"SVP BIC calibrated",0.0750000000000455,37
"vary_k",10000,36,9,"SVP BIC multiscale",0.0779999999999745,37
"vary_k",10000,36,10,"PELT",0.0040000000000191,37
"vary_k",10000,36,10,"SVP BIC",0.0760000000000218,37
"vary_k",10000,36,10,"SVP BIC calibrated",0.0780000000000314,37
"vary_k",10000,36,10,"SVP BIC multiscale",0.0780000000000314,37
"vary_k",10000,37,1,"PELT",0.0040000000000191,38
"vary_k",10000,37,1,"SVP BIC",0.0740000000000123,38
"vary_k",10000,37,1,"SVP BIC calibrated",0.0749999999999886,38
"vary_k",10000,37,1,"SVP BIC multiscale",0.0799999999999841,38
"vary_k",10000,37,2,"PELT",0.0040000000000191,38
"vary_k",10000,37,2,"SVP BIC",0.0769999999999982,38
"vary_k",10000,37,2,"SVP BIC calibrated",0.0749999999999886,38
"vary_k",10000,37,2,"SVP BIC multiscale",0.0769999999999982,38
"vary_k",10000,37,3,"PELT",0.0029999999999859,38
"vary_k",10000,37,3,"SVP BIC",0.075999999999965,38
"vary_k",10000,37,3,"SVP BIC calibrated",0.075999999999965,38
"vary_k",10000,37,3,"SVP BIC multiscale",0.0780000000000314,38
"vary_k",10000,37,4,"PELT",0.00399999999996226,38
"vary_k",10000,37,4,"SVP BIC",0.0769999999999982,38
"vary_k",10000,37,4,"SVP BIC calibrated",0.0760000000000218,38
"vary_k",10000,37,4,"SVP BIC multiscale",0.0799999999999841,38
"vary_k",10000,37,5,"PELT",0.0040000000000191,38
"vary_k",10000,37,5,"SVP BIC",0.0769999999999982,38
"vary_k",10000,37,5,"SVP BIC calibrated",0.0760000000000218,39
"vary_k",10000,37,5,"SVP BIC multiscale",0.0749999999999886,39
"vary_k",10000,37,6,"PELT",0.00399999999996226,38
"vary_k",10000,37,6,"SVP BIC",0.0780000000000314,38
"vary_k",10000,37,6,"SVP BIC calibrated",0.0769999999999982,38
"vary_k",10000,37,6,"SVP BIC multiscale",0.0780000000000314,38
"vary_k",10000,37,7,"PELT",0.00300000000004275,38
"vary_k",10000,37,7,"SVP BIC",0.0769999999999982,38
"vary_k",10000,37,7,"SVP BIC calibrated",0.0749999999999886,38
"vary_k",10000,37,7,"SVP BIC multiscale",0.0799999999999841,38
"vary_k",10000,37,8,"PELT",0.00499999999999545,38
"vary_k",10000,37,8,"SVP BIC",0.0779999999999745,38
"vary_k",10000,37,8,"SVP BIC calibrated",0.0780000000000314,38
"vary_k",10000,37,8,"SVP BIC multiscale",0.0779999999999745,38
"vary_k",10000,37,9,"PELT",0.00300000000004275,38
"vary_k",10000,37,9,"SVP BIC",0.0749999999999886,38
"vary_k",10000,37,9,"SVP BIC calibrated",0.0749999999999886,38
"vary_k",10000,37,9,"SVP BIC multiscale",0.0769999999999982,38
"vary_k",10000,37,10,"PELT",0.0029999999999859,38
"vary_k",10000,37,10,"SVP BIC",0.0769999999999982,38
"vary_k",10000,37,10,"SVP BIC calibrated",0.0769999999999982,38
"vary_k",10000,37,10,"SVP BIC multiscale",0.0810000000000173,38
"vary_k",10000,38,1,"PELT",0.0029999999999859,39
"vary_k",10000,38,1,"SVP BIC",0.0760000000000218,39
"vary_k",10000,38,1,"SVP BIC calibrated",0.0749999999999886,39
"vary_k",10000,38,1,"SVP BIC multiscale",0.0749999999999886,39
"vary_k",10000,38,2,"PELT",0.00300000000004275,39
"vary_k",10000,38,2,"SVP BIC",0.0749999999999886,39
"vary_k",10000,38,2,"SVP BIC calibrated",0.0749999999999886,39
"vary_k",10000,38,2,"SVP BIC multiscale",0.0749999999999886,39
"vary_k",10000,38,3,"PELT",0.0040000000000191,39
"vary_k",10000,38,3,"SVP BIC",0.0739999999999554,39
"vary_k",10000,38,3,"SVP BIC calibrated",0.0730000000000359,39
"vary_k",10000,38,3,"SVP BIC multiscale",0.0749999999999886,39
"vary_k",10000,38,4,"PELT",0.0029999999999859,39
"vary_k",10000,38,4,"SVP BIC",0.0739999999999554,39
"vary_k",10000,38,4,"SVP BIC calibrated",0.0739999999999554,39
"vary_k",10000,38,4,"SVP BIC multiscale",0.0760000000000218,39
"vary_k",10000,38,5,"PELT",0.0029999999999859,39
"vary_k",10000,38,5,"SVP BIC",0.0740000000000123,39
"vary_k",10000,38,5,"SVP BIC calibrated",0.0740000000000123,39
"vary_k",10000,38,5,"SVP BIC multiscale",0.0760000000000218,39
"vary_k",10000,38,6,"PELT",0.0040000000000191,39
"vary_k",10000,38,6,"SVP BIC",0.0739999999999554,39
"vary_k",10000,38,6,"SVP BIC calibrated",0.0740000000000123,39
"vary_k",10000,38,6,"SVP BIC multiscale",0.0769999999999982,39
"vary_k",10000,38,7,"PELT",0.00399999999996226,39
"vary_k",10000,38,7,"SVP BIC",0.0749999999999886,39
"vary_k",10000,38,7,"SVP BIC calibrated",0.0739999999999554,40
"vary_k",10000,38,7,"SVP BIC multiscale",0.0749999999999886,40
"vary_k",10000,38,8,"PELT",0.00399999999996226,40
"vary_k",10000,38,8,"SVP BIC",0.0749999999999886,39
"vary_k",10000,38,8,"SVP BIC calibrated",0.0730000000000359,39
"vary_k",10000,38,8,"SVP BIC multiscale",0.075999999999965,39
"vary_k",10000,38,9,"PELT",0.0040000000000191,39
"vary_k",10000,38,9,"SVP BIC",0.0749999999999886,39
"vary_k",10000,38,9,"SVP BIC calibrated",0.0749999999999886,39
"vary_k",10000,38,9,"SVP BIC multiscale",0.075999999999965,39
"vary_k",10000,38,10,"PELT",0.0040000000000191,39
"vary_k",10000,38,10,"SVP BIC",0.0749999999999886,39
"vary_k",10000,38,10,"SVP BIC calibrated",0.0749999999999886,39
"vary_k",10000,38,10,"SVP BIC multiscale",0.0760000000000218,40
"vary_k",10000,39,1,"PELT",0.0029999999999859,40
"vary_k",10000,39,1,"SVP BIC",0.0720000000000027,40
"vary_k",10000,39,1,"SVP BIC calibrated",0.0730000000000359,40
"vary_k",10000,39,1,"SVP BIC multiscale",0.0740000000000123,40
"vary_k",10000,39,2,"PELT",0.0029999999999859,40
"vary_k",10000,39,2,"SVP BIC",0.0729999999999791,40
"vary_k",10000,39,2,"SVP BIC calibrated",0.0730000000000359,40
"vary_k",10000,39,2,"SVP BIC multiscale",0.0739999999999554,40
"vary_k",10000,39,3,"PELT",0.0040000000000191,40
"vary_k",10000,39,3,"SVP BIC",0.0740000000000123,40
"vary_k",10000,39,3,"SVP BIC calibrated",0.0730000000000359,40
"vary_k",10000,39,3,"SVP BIC multiscale",0.0740000000000123,40
"vary_k",10000,39,4,"PELT",0.0029999999999859,40
"vary_k",10000,39,4,"SVP BIC",0.0729999999999791,40
"vary_k",10000,39,4,"SVP BIC calibrated",0.0729999999999791,40
"vary_k",10000,39,4,"SVP BIC multiscale",0.0740000000000123,40
"vary_k",10000,39,5,"PELT",0.0040000000000191,40
"vary_k",10000,39,5,"SVP BIC",0.0720000000000027,40
"vary_k",10000,39,5,"SVP BIC calibrated",0.0710000000000264,40
"vary_k",10000,39,5,"SVP BIC multiscale",0.0740000000000123,42
"vary_k",10000,39,6,"PELT",0.0029999999999859,40
"vary_k",10000,39,6,"SVP BIC",0.0740000000000123,40
"vary_k",10000,39,6,"SVP BIC calibrated",0.0740000000000123,40
"vary_k",10000,39,6,"SVP BIC multiscale",0.0760000000000218,40
"vary_k",10000,39,7,"PELT",0.00300000000004275,40
"vary_k",10000,39,7,"SVP BIC",0.0720000000000027,40
"vary_k",10000,39,7,"SVP BIC calibrated",0.0720000000000027,40
"vary_k",10000,39,7,"SVP BIC multiscale",0.0739999999999554,40
"vary_k",10000,39,8,"PELT",0.0040000000000191,40
"vary_k",10000,39,8,"SVP BIC",0.0729999999999791,40
"vary_k",10000,39,8,"SVP BIC calibrated",0.0729999999999791,40
"vary_k",10000,39,8,"SVP BIC multiscale",0.0750000000000455,40
"vary_k",10000,39,9,"PELT",0.0029999999999859,40
"vary_k",10000,39,9,"SVP BIC",0.0729999999999791,40
"vary_k",10000,39,9,"SVP BIC calibrated",0.0730000000000359,40
"vary_k",10000,39,9,"SVP BIC multiscale",0.0749999999999886,41
"vary_k",10000,39,10,"PELT",0.00399999999996226,40
"vary_k",10000,39,10,"SVP BIC",0.0740000000000123,40
"vary_k",10000,39,10,"SVP BIC calibrated",0.0740000000000123,40
"vary_k",10000,39,10,"SVP BIC multiscale",0.0740000000000123,40
"vary_k",10000,40,1,"PELT",0.00300000000004275,42
"vary_k",10000,40,1,"SVP BIC",0.0709999999999695,41
"vary_k",10000,40,1,"SVP BIC calibrated",0.0709999999999695,41
"vary_k",10000,40,1,"SVP BIC multiscale",0.0720000000000027,41
"vary_k",10000,40,2,"PELT",0.00300000000004275,41
"vary_k",10000,40,2,"SVP BIC",0.0699999999999932,41
"vary_k",10000,40,2,"SVP BIC calibrated",0.0699999999999932,41
"vary_k",10000,40,2,"SVP BIC multiscale",0.0729999999999791,42
"vary_k",10000,40,3,"PELT",0.0029999999999859,41
"vary_k",10000,40,3,"SVP BIC",0.0730000000000359,41
"vary_k",10000,40,3,"SVP BIC calibrated",0.0730000000000359,41
"vary_k",10000,40,3,"SVP BIC multiscale",0.0730000000000359,41
"vary_k",10000,40,4,"PELT",0.0040000000000191,41
"vary_k",10000,40,4,"SVP BIC",0.0729999999999791,41
"vary_k",10000,40,4,"SVP BIC calibrated",0.0720000000000027,41
"vary_k",10000,40,4,"SVP BIC multiscale",0.0749999999999886,41
"vary_k",10000,40,5,"PELT",0.0040000000000191,41
"vary_k",10000,40,5,"SVP BIC",0.0730000000000359,41
"vary_k",10000,40,5,"SVP BIC calibrated",0.0729999999999791,41
"vary_k",10000,40,5,"SVP BIC multiscale",0.0730000000000359,41
"vary_k",10000,40,6,"PELT",0.0029999999999859,41
"vary_k",10000,40,6,"SVP BIC",0.0710000000000264,41
"vary_k",10000,40,6,"SVP BIC calibrated",0.0720000000000027,41
"vary_k",10000,40,6,"SVP BIC multiscale",0.0740000000000123,41
"vary_k",10000,40,7,"PELT",0.0029999999999859,41
"vary_k",10000,40,7,"SVP BIC",0.0699999999999932,41
"vary_k",10000,40,7,"SVP BIC calibrated",0.07000000000005,41
"vary_k",10000,40,7,"SVP BIC multiscale",0.0729999999999791,41
"vary_k",10000,40,8,"PELT",0.00300000000004275,41
"vary_k",10000,40,8,"SVP BIC",0.0720000000000027,41
"vary_k",10000,40,8,"SVP BIC calibrated",0.0729999999999791,41
"vary_k",10000,40,8,"SVP BIC multiscale",0.0720000000000027,41
"vary_k",10000,40,9,"PELT",0.0029999999999859,41
"vary_k",10000,40,9,"SVP BIC",0.0710000000000264,41
"vary_k",10000,40,9,"SVP BIC calibrated",0.0740000000000123,41
"vary_k",10000,40,9,"SVP BIC multiscale",0.0740000000000123,41
"vary_k",10000,40,10,"PELT",0.0040000000000191,41
"vary_k",10000,40,10,"SVP BIC",0.0720000000000027,41
"vary_k",10000,40,10,"SVP BIC calibrated",0.0719999999999459,41
"vary_k",10000,40,10,"SVP BIC multiscale",0.0749999999999886,41
"vary_k",10000,41,1,"PELT",0.00300000000004275,42
"vary_k",10000,41,1,"SVP BIC",0.0709999999999695,42
"vary_k",10000,41,1,"SVP BIC calibrated",0.0710000000000264,42
"vary_k",10000,41,1,"SVP BIC multiscale",0.0740000000000123,42
"vary_k",10000,41,2,"PELT",0.0029999999999859,42
"vary_k",10000,41,2,"SVP BIC",0.0720000000000027,42
"vary_k",10000,41,2,"SVP BIC calibrated",0.0710000000000264,42
"vary_k",10000,41,2,"SVP BIC multiscale",0.0699999999999932,42
"vary_k",10000,41,3,"PELT",0.0029999999999859,42
"vary_k",10000,41,3,"SVP BIC",0.0699999999999932,42
"vary_k",10000,41,3,"SVP BIC calibrated",0.089999999999975,42
"vary_k",10000,41,3,"SVP BIC multiscale",0.0850000000000364,42
"vary_k",10000,41,4,"PELT",0.0029999999999859,42
"vary_k",10000,41,4,"SVP BIC",0.0710000000000264,42
"vary_k",10000,41,4,"SVP BIC calibrated",0.0709999999999695,42
"vary_k",10000,41,4,"SVP BIC multiscale",0.0719999999999459,42
"vary_k",10000,41,5,"PELT",0.0029999999999859,42
"vary_k",10000,41,5,"SVP BIC",0.0710000000000264,42
"vary_k",10000,41,5,"SVP BIC calibrated",0.0709999999999695,42
"vary_k",10000,41,5,"SVP BIC multiscale",0.0729999999999791,42
"vary_k",10000,41,6,"PELT",0.0040000000000191,42
"vary_k",10000,41,6,"SVP BIC",0.0699999999999932,42
"vary_k",10000,41,6,"SVP BIC calibrated",0.0699999999999932,42
"vary_k",10000,41,6,"SVP BIC multiscale",0.0739999999999554,42
"vary_k",10000,41,7,"PELT",0.0040000000000191,42
"vary_k",10000,41,7,"SVP BIC",0.0710000000000264,42
"vary_k",10000,41,7,"SVP BIC calibrated",0.0729999999999791,42
"vary_k",10000,41,7,"SVP BIC multiscale",0.0749999999999886,43
"vary_k",10000,41,8,"PELT",0.0029999999999859,42
"vary_k",10000,41,8,"SVP BIC",0.0710000000000264,42
"vary_k",10000,41,8,"SVP BIC calibrated",0.0709999999999695,42
"vary_k",10000,41,8,"SVP BIC multiscale",0.0849999999999795,42
"vary_k",10000,41,9,"PELT",0.0029999999999859,42
"vary_k",10000,41,9,"SVP BIC",0.0790000000000077,42
"vary_k",10000,41,9,"SVP BIC calibrated",0.0790000000000077,42
"vary_k",10000,41,9,"SVP BIC multiscale",0.0780000000000314,42
"vary_k",10000,41,10,"PELT",0.0040000000000191,42
"vary_k",10000,41,10,"SVP BIC",0.0690000000000168,42
"vary_k",10000,41,10,"SVP BIC calibrated",0.0690000000000168,42
"vary_k",10000,41,10,"SVP BIC multiscale",0.0710000000000264,42
"vary_k",10000,42,1,"PELT",0.0029999999999859,43
"vary_k",10000,42,1,"SVP BIC",0.07000000000005,43
"vary_k",10000,42,1,"SVP BIC calibrated",0.0690000000000168,43
"vary_k",10000,42,1,"SVP BIC multiscale",0.0709999999999695,43
"vary_k",10000,42,2,"PELT",0.00499999999999545,43
"vary_k",10000,42,2,"SVP BIC",0.0690000000000168,43
"vary_k",10000,42,2,"SVP BIC calibrated",0.0679999999999836,43
"vary_k",10000,42,2,"SVP BIC multiscale",0.07000000000005,43
"vary_k",10000,42,3,"PELT",0.00300000000004275,43
"vary_k",10000,42,3,"SVP BIC",0.0699999999999932,43
"vary_k",10000,42,3,"SVP BIC calibrated",0.0679999999999836,43
"vary_k",10000,42,3,"SVP BIC multiscale",0.0699999999999932,43
"vary_k",10000,42,4,"PELT",0.0040000000000191,43
"vary_k",10000,42,4,"SVP BIC",0.0720000000000027,43
"vary_k",10000,42,4,"SVP BIC calibrated",0.0679999999999836,43
"vary_k",10000,42,4,"SVP BIC multiscale",0.0699999999999932,43
"vary_k",10000,42,5,"PELT",0.0029999999999859,43
"vary_k",10000,42,5,"SVP BIC",0.0690000000000168,43
"vary_k",10000,42,5,"SVP BIC calibrated",0.0679999999999836,43
"vary_k",10000,42,5,"SVP BIC multiscale",0.0709999999999695,43
"vary_k",10000,42,6,"PELT",0.0029999999999859,43
"vary_k",10000,42,6,"SVP BIC",0.0699999999999932,43
"vary_k",10000,42,6,"SVP BIC calibrated",0.07000000000005,43
"vary_k",10000,42,6,"SVP BIC multiscale",0.07000000000005,43
"vary_k",10000,42,7,"PELT",0.0029999999999859,43
"vary_k",10000,42,7,"SVP BIC",0.0679999999999836,43
"vary_k",10000,42,7,"SVP BIC calibrated",0.0680000000000405,43
"vary_k",10000,42,7,"SVP BIC multiscale",0.0710000000000264,43
"vary_k",10000,42,8,"PELT",0.0029999999999859,43
"vary_k",10000,42,8,"SVP BIC",0.0679999999999836,43
"vary_k",10000,42,8,"SVP BIC calibrated",0.0670000000000073,43
"vary_k",10000,42,8,"SVP BIC multiscale",0.06899999999996,43
"vary_k",10000,42,9,"PELT",0.0029999999999859,43
"vary_k",10000,42,9,"SVP BIC",0.0679999999999836,43
"vary_k",10000,42,9,"SVP BIC calibrated",0.0680000000000405,43
"vary_k",10000,42,9,"SVP BIC multiscale",0.0690000000000168,43
"vary_k",10000,42,10,"PELT",0.0040000000000191,43
"vary_k",10000,42,10,"SVP BIC",0.0679999999999836,43
"vary_k",10000,42,10,"SVP BIC calibrated",0.0670000000000073,43
"vary_k",10000,42,10,"SVP BIC multiscale",0.0679999999999836,43
"vary_k",10000,43,1,"PELT",0.0029999999999859,44
"vary_k",10000,43,1,"SVP BIC",0.0660000000000309,44
"vary_k",10000,43,1,"SVP BIC calibrated",0.0660000000000309,44
"vary_k",10000,43,1,"SVP BIC multiscale",0.0679999999999836,44
"vary_k",10000,43,2,"PELT",0.0029999999999859,44
"vary_k",10000,43,2,"SVP BIC",0.0679999999999836,44
"vary_k",10000,43,2,"SVP BIC calibrated",0.0659999999999741,44
"vary_k",10000,43,2,"SVP BIC multiscale",0.0670000000000073,44
"vary_k",10000,43,3,"PELT",0.0029999999999859,44
"vary_k",10000,43,3,"SVP BIC",0.0670000000000073,44
"vary_k",10000,43,3,"SVP BIC calibrated",0.0660000000000309,44
"vary_k",10000,43,3,"SVP BIC multiscale",0.0670000000000073,44
"vary_k",10000,43,4,"PELT",0.00399999999996226,44
"vary_k",10000,43,4,"SVP BIC",0.0670000000000073,44
"vary_k",10000,43,4,"SVP BIC calibrated",0.0660000000000309,44
"vary_k",10000,43,4,"SVP BIC multiscale",0.0670000000000073,44
"vary_k",10000,43,5,"PELT",0.0029999999999859,44
"vary_k",10000,43,5,"SVP BIC",0.0649999999999977,44
"vary_k",10000,43,5,"SVP BIC calibrated",0.0649999999999977,44
"vary_k",10000,43,5,"SVP BIC multiscale",0.0660000000000309,45
"vary_k",10000,43,6,"PELT",0.0029999999999859,44
"vary_k",10000,43,6,"SVP BIC",0.0649999999999977,44
"vary_k",10000,43,6,"SVP BIC calibrated",0.0649999999999977,44
"vary_k",10000,43,6,"SVP BIC multiscale",0.0670000000000073,44
"vary_k",10000,43,7,"PELT",0.00300000000004275,44
"vary_k",10000,43,7,"SVP BIC",0.0660000000000309,44
"vary_k",10000,43,7,"SVP BIC calibrated",0.0660000000000309,44
"vary_k",10000,43,7,"SVP BIC multiscale",0.0670000000000073,44
"vary_k",10000,43,8,"PELT",0.0029999999999859,44
"vary_k",10000,43,8,"SVP BIC",0.0659999999999741,44
"vary_k",10000,43,8,"SVP BIC calibrated",0.0649999999999977,44
"vary_k",10000,43,8,"SVP BIC multiscale",0.0670000000000073,45
"vary_k",10000,43,9,"PELT",0.0029999999999859,44
"vary_k",10000,43,9,"SVP BIC",0.0659999999999741,44
"vary_k",10000,43,9,"SVP BIC calibrated",0.0649999999999977,44
"vary_k",10000,43,9,"SVP BIC multiscale",0.0670000000000073,44
"vary_k",10000,43,10,"PELT",0.0040000000000191,44
"vary_k",10000,43,10,"SVP BIC",0.0669999999999504,44
"vary_k",10000,43,10,"SVP BIC calibrated",0.0660000000000309,44
"vary_k",10000,43,10,"SVP BIC multiscale",0.0690000000000168,44
"vary_k",10000,44,1,"PELT",0.00300000000004275,45
"vary_k",10000,44,1,"SVP BIC",0.0649999999999977,45
"vary_k",10000,44,1,"SVP BIC calibrated",0.0649999999999977,45
"vary_k",10000,44,1,"SVP BIC multiscale",0.0670000000000073,45
"vary_k",10000,44,2,"PELT",0.0040000000000191,45
"vary_k",10000,44,2,"SVP BIC",0.0649999999999977,45
"vary_k",10000,44,2,"SVP BIC calibrated",0.0649999999999977,45
"vary_k",10000,44,2,"SVP BIC multiscale",0.0660000000000309,45
"vary_k",10000,44,3,"PELT",0.0040000000000191,45
"vary_k",10000,44,3,"SVP BIC",0.0659999999999741,45
"vary_k",10000,44,3,"SVP BIC calibrated",0.0649999999999977,45
"vary_k",10000,44,3,"SVP BIC multiscale",0.0670000000000073,45
"vary_k",10000,44,4,"PELT",0.00399999999996226,45
"vary_k",10000,44,4,"SVP BIC",0.0640000000000214,45
"vary_k",10000,44,4,"SVP BIC calibrated",0.0629999999999882,45
"vary_k",10000,44,4,"SVP BIC multiscale",0.0659999999999741,45
"vary_k",10000,44,5,"PELT",0.0029999999999859,45
"vary_k",10000,44,5,"SVP BIC",0.0639999999999645,45
"vary_k",10000,44,5,"SVP BIC calibrated",0.0649999999999977,45
"vary_k",10000,44,5,"SVP BIC multiscale",0.0659999999999741,45
"vary_k",10000,44,6,"PELT",0.0029999999999859,45
"vary_k",10000,44,6,"SVP BIC",0.0640000000000214,45
"vary_k",10000,44,6,"SVP BIC calibrated",0.0640000000000214,45
"vary_k",10000,44,6,"SVP BIC multiscale",0.0659999999999741,45
"vary_k",10000,44,7,"PELT",0.0040000000000191,45
"vary_k",10000,44,7,"SVP BIC",0.0649999999999977,45
"vary_k",10000,44,7,"SVP BIC calibrated",0.0649999999999977,46
"vary_k",10000,44,7,"SVP BIC multiscale",0.0660000000000309,46
"vary_k",10000,44,8,"PELT",0.0029999999999859,45
"vary_k",10000,44,8,"SVP BIC",0.0639999999999645,45
"vary_k",10000,44,8,"SVP BIC calibrated",0.0649999999999977,45
"vary_k",10000,44,8,"SVP BIC multiscale",0.0649999999999977,45
"vary_k",10000,44,9,"PELT",0.0029999999999859,45
"vary_k",10000,44,9,"SVP BIC",0.0640000000000214,45
"vary_k",10000,44,9,"SVP BIC calibrated",0.0640000000000214,45
"vary_k",10000,44,9,"SVP BIC multiscale",0.0659999999999741,45
"vary_k",10000,44,10,"PELT",0.0029999999999859,45
"vary_k",10000,44,10,"SVP BIC",0.0649999999999977,45
"vary_k",10000,44,10,"SVP BIC calibrated",0.0649999999999977,45
"vary_k",10000,44,10,"SVP BIC multiscale",0.0670000000000073,45
"vary_k",10000,45,1,"PELT",0.0029999999999859,46
"vary_k",10000,45,1,"SVP BIC",0.0629999999999882,46
"vary_k",10000,45,1,"SVP BIC calibrated",0.063000000000045,46
"vary_k",10000,45,1,"SVP BIC multiscale",0.0649999999999977,46
"vary_k",10000,45,2,"PELT",0.0029999999999859,46
"vary_k",10000,45,2,"SVP BIC",0.063000000000045,46
"vary_k",10000,45,2,"SVP BIC calibrated",0.0629999999999882,46
"vary_k",10000,45,2,"SVP BIC multiscale",0.0639999999999645,46
"vary_k",10000,45,3,"PELT",0.00300000000004275,46
"vary_k",10000,45,3,"SVP BIC",0.0629999999999882,46
"vary_k",10000,45,3,"SVP BIC calibrated",0.0629999999999882,46
"vary_k",10000,45,3,"SVP BIC multiscale",0.0649999999999977,46
"vary_k",10000,45,4,"PELT",0.0040000000000191,47
"vary_k",10000,45,4,"SVP BIC",0.063000000000045,46
"vary_k",10000,45,4,"SVP BIC calibrated",0.0640000000000214,46
"vary_k",10000,45,4,"SVP BIC multiscale",0.0649999999999977,46
"vary_k",10000,45,5,"PELT",0.0029999999999859,46
"vary_k",10000,45,5,"SVP BIC",0.0639999999999645,46
"vary_k",10000,45,5,"SVP BIC calibrated",0.0629999999999882,46
"vary_k",10000,45,5,"SVP BIC multiscale",0.0649999999999977,46
"vary_k",10000,45,6,"PELT",0.0029999999999859,46
"vary_k",10000,45,6,"SVP BIC",0.0620000000000118,46
"vary_k",10000,45,6,"SVP BIC calibrated",0.0629999999999882,46
"vary_k",10000,45,6,"SVP BIC multiscale",0.0649999999999977,46
"vary_k",10000,45,7,"PELT",0.0029999999999859,46
"vary_k",10000,45,7,"SVP BIC",0.0629999999999882,46
"vary_k",10000,45,7,"SVP BIC calibrated",0.0649999999999977,46
"vary_k",10000,45,7,"SVP BIC multiscale",0.0660000000000309,46
"vary_k",10000,45,8,"PELT",0.00300000000004275,46
"vary_k",10000,45,8,"SVP BIC",0.0629999999999882,46
"vary_k",10000,45,8,"SVP BIC calibrated",0.0629999999999882,46
"vary_k",10000,45,8,"SVP BIC multiscale",0.0649999999999977,46
"vary_k",10000,45,9,"PELT",0.00300000000004275,46
"vary_k",10000,45,9,"SVP BIC",0.0629999999999882,46
"vary_k",10000,45,9,"SVP BIC calibrated",0.0629999999999882,46
"vary_k",10000,45,9,"SVP BIC multiscale",0.0639999999999645,46
"vary_k",10000,45,10,"PELT",0.0040000000000191,46
"vary_k",10000,45,10,"SVP BIC",0.0629999999999882,46
"vary_k",10000,45,10,"SVP BIC calibrated",0.0629999999999882,46
"vary_k",10000,45,10,"SVP BIC multiscale",0.0640000000000214,46
"vary_k",10000,46,1,"PELT",0.0029999999999859,47
"vary_k",10000,46,1,"SVP BIC",0.063000000000045,47
"vary_k",10000,46,1,"SVP BIC calibrated",0.0620000000000118,47
"vary_k",10000,46,1,"SVP BIC multiscale",0.0629999999999882,48
"vary_k",10000,46,2,"PELT",0.0029999999999859,47
"vary_k",10000,46,2,"SVP BIC",0.0629999999999882,47
"vary_k",10000,46,2,"SVP BIC calibrated",0.061999999999955,47
"vary_k",10000,46,2,"SVP BIC multiscale",0.063000000000045,47
"vary_k",10000,46,3,"PELT",0.00300000000004275,47
"vary_k",10000,46,3,"SVP BIC",0.0620000000000118,47
"vary_k",10000,46,3,"SVP BIC calibrated",0.0620000000000118,47
"vary_k",10000,46,3,"SVP BIC multiscale",0.0639999999999645,47
"vary_k",10000,46,4,"PELT",0.0029999999999859,47
"vary_k",10000,46,4,"SVP BIC",0.0629999999999882,47
"vary_k",10000,46,4,"SVP BIC calibrated",0.0620000000000118,47
"vary_k",10000,46,4,"SVP BIC multiscale",0.0639999999999645,47
"vary_k",10000,46,5,"PELT",0.0029999999999859,47
"vary_k",10000,46,5,"SVP BIC",0.0610000000000355,47
"vary_k",10000,46,5,"SVP BIC calibrated",0.0610000000000355,47
"vary_k",10000,46,5,"SVP BIC multiscale",0.0629999999999882,48
"vary_k",10000,46,6,"PELT",0.0029999999999859,47
"vary_k",10000,46,6,"SVP BIC",0.0620000000000118,47
"vary_k",10000,46,6,"SVP BIC calibrated",0.0629999999999882,47
"vary_k",10000,46,6,"SVP BIC multiscale",0.0640000000000214,47
"vary_k",10000,46,7,"PELT",0.0040000000000191,47
"vary_k",10000,46,7,"SVP BIC",0.0620000000000118,47
"vary_k",10000,46,7,"SVP BIC calibrated",0.0620000000000118,47
"vary_k",10000,46,7,"SVP BIC multiscale",0.0629999999999882,47
"vary_k",10000,46,8,"PELT",0.0029999999999859,47
"vary_k",10000,46,8,"SVP BIC",0.0620000000000118,47
"vary_k",10000,46,8,"SVP BIC calibrated",0.0609999999999786,47
"vary_k",10000,46,8,"SVP BIC multiscale",0.0640000000000214,47
"vary_k",10000,46,9,"PELT",0.00300000000004275,47
"vary_k",10000,46,9,"SVP BIC",0.0629999999999882,47
"vary_k",10000,46,9,"SVP BIC calibrated",0.063000000000045,47
"vary_k",10000,46,9,"SVP BIC multiscale",0.0639999999999645,47
"vary_k",10000,46,10,"PELT",0.0029999999999859,47
"vary_k",10000,46,10,"SVP BIC",0.0620000000000118,47
"vary_k",10000,46,10,"SVP BIC calibrated",0.0620000000000118,47
"vary_k",10000,46,10,"SVP BIC multiscale",0.0629999999999882,47
"vary_k",10000,47,1,"PELT",0.00300000000004275,48
"vary_k",10000,47,1,"SVP BIC",0.0610000000000355,48
"vary_k",10000,47,1,"SVP BIC calibrated",0.0610000000000355,48
"vary_k",10000,47,1,"SVP BIC multiscale",0.0629999999999882,48
"vary_k",10000,47,2,"PELT",0.0029999999999859,48
"vary_k",10000,47,2,"SVP BIC",0.0600000000000023,48
"vary_k",10000,47,2,"SVP BIC calibrated",0.0609999999999786,48
"vary_k",10000,47,2,"SVP BIC multiscale",0.0629999999999882,48
"vary_k",10000,47,3,"PELT",0.00399999999996226,48
"vary_k",10000,47,3,"SVP BIC",0.0609999999999786,48
"vary_k",10000,47,3,"SVP BIC calibrated",0.0609999999999786,48
"vary_k",10000,47,3,"SVP BIC multiscale",0.0629999999999882,48
"vary_k",10000,47,4,"PELT",0.00300000000004275,48
"vary_k",10000,47,4,"SVP BIC",0.0600000000000023,48
"vary_k",10000,47,4,"SVP BIC calibrated",0.0609999999999786,48
"vary_k",10000,47,4,"SVP BIC multiscale",0.0629999999999882,48
"vary_k",10000,47,5,"PELT",0.0029999999999859,48
"vary_k",10000,47,5,"SVP BIC",0.0610000000000355,48
"vary_k",10000,47,5,"SVP BIC calibrated",0.0609999999999786,48
"vary_k",10000,47,5,"SVP BIC multiscale",0.063000000000045,48
"vary_k",10000,47,6,"PELT",0.0040000000000191,48
"vary_k",10000,47,6,"SVP BIC",0.0609999999999786,48
"vary_k",10000,47,6,"SVP BIC calibrated",0.0609999999999786,48
"vary_k",10000,47,6,"SVP BIC multiscale",0.063000000000045,48
"vary_k",10000,47,7,"PELT",0.0040000000000191,48
"vary_k",10000,47,7,"SVP BIC",0.0620000000000118,48
"vary_k",10000,47,7,"SVP BIC calibrated",0.0610000000000355,48
"vary_k",10000,47,7,"SVP BIC multiscale",0.063000000000045,48
"vary_k",10000,47,8,"PELT",0.00399999999996226,48
"vary_k",10000,47,8,"SVP BIC",0.0610000000000355,48
"vary_k",10000,47,8,"SVP BIC calibrated",0.0620000000000118,48
"vary_k",10000,47,8,"SVP BIC multiscale",0.0620000000000118,48
"vary_k",10000,47,9,"PELT",0.0029999999999859,48
"vary_k",10000,47,9,"SVP BIC",0.0609999999999786,48
"vary_k",10000,47,9,"SVP BIC calibrated",0.0600000000000023,48
"vary_k",10000,47,9,"SVP BIC multiscale",0.0629999999999882,48
"vary_k",10000,47,10,"PELT",0.0029999999999859,48
"vary_k",10000,47,10,"SVP BIC",0.0610000000000355,48
"vary_k",10000,47,10,"SVP BIC calibrated",0.0609999999999786,48
"vary_k",10000,47,10,"SVP BIC multiscale",0.0640000000000214,48
"vary_k",10000,48,1,"PELT",0.0029999999999859,49
"vary_k",10000,48,1,"SVP BIC",0.0610000000000355,49
"vary_k",10000,48,1,"SVP BIC calibrated",0.0609999999999786,49
"vary_k",10000,48,1,"SVP BIC multiscale",0.061999999999955,49
"vary_k",10000,48,2,"PELT",0.0029999999999859,51
"vary_k",10000,48,2,"SVP BIC",0.0609999999999786,49
"vary_k",10000,48,2,"SVP BIC calibrated",0.0600000000000023,50
"vary_k",10000,48,2,"SVP BIC multiscale",0.0610000000000355,50
"vary_k",10000,48,3,"PELT",0.00300000000004275,49
"vary_k",10000,48,3,"SVP BIC",0.0609999999999786,49
"vary_k",10000,48,3,"SVP BIC calibrated",0.0600000000000023,49
"vary_k",10000,48,3,"SVP BIC multiscale",0.0609999999999786,49
"vary_k",10000,48,4,"PELT",0.0029999999999859,49
"vary_k",10000,48,4,"SVP BIC",0.0600000000000023,49
"vary_k",10000,48,4,"SVP BIC calibrated",0.0590000000000259,49
"vary_k",10000,48,4,"SVP BIC multiscale",0.0609999999999786,49
"vary_k",10000,48,5,"PELT",0.0029999999999859,49
"vary_k",10000,48,5,"SVP BIC",0.0600000000000023,49
"vary_k",10000,48,5,"SVP BIC calibrated",0.0600000000000023,49
"vary_k",10000,48,5,"SVP BIC multiscale",0.0609999999999786,49
"vary_k",10000,48,6,"PELT",0.0029999999999859,49
"vary_k",10000,48,6,"SVP BIC",0.0609999999999786,49
"vary_k",10000,48,6,"SVP BIC calibrated",0.0600000000000023,49
"vary_k",10000,48,6,"SVP BIC multiscale",0.0609999999999786,49
"vary_k",10000,48,7,"PELT",0.0040000000000191,49
"vary_k",10000,48,7,"SVP BIC",0.0600000000000023,49
"vary_k",10000,48,7,"SVP BIC calibrated",0.0600000000000023,49
"vary_k",10000,48,7,"SVP BIC multiscale",0.0620000000000118,50
"vary_k",10000,48,8,"PELT",0.0029999999999859,49
"vary_k",10000,48,8,"SVP BIC",0.0600000000000023,49
"vary_k",10000,48,8,"SVP BIC calibrated",0.0600000000000023,49
"vary_k",10000,48,8,"SVP BIC multiscale",0.0609999999999786,49
"vary_k",10000,48,9,"PELT",0.0029999999999859,49
"vary_k",10000,48,9,"SVP BIC",0.0600000000000023,49
"vary_k",10000,48,9,"SVP BIC calibrated",0.0609999999999786,49
"vary_k",10000,48,9,"SVP BIC multiscale",0.0620000000000118,49
"vary_k",10000,48,10,"PELT",0.0029999999999859,49
"vary_k",10000,48,10,"SVP BIC",0.0600000000000023,49
"vary_k",10000,48,10,"SVP BIC calibrated",0.0590000000000259,49
"vary_k",10000,48,10,"SVP BIC multiscale",0.0600000000000023,49
"vary_k",10000,49,1,"PELT",0.0029999999999859,50
"vary_k",10000,49,1,"SVP BIC",0.0590000000000259,50
"vary_k",10000,49,1,"SVP BIC calibrated",0.0590000000000259,50
"vary_k",10000,49,1,"SVP BIC multiscale",0.0600000000000023,50
"vary_k",10000,49,2,"PELT",0.0040000000000191,50
"vary_k",10000,49,2,"SVP BIC",0.0579999999999927,50
"vary_k",10000,49,2,"SVP BIC calibrated",0.0590000000000259,50
"vary_k",10000,49,2,"SVP BIC multiscale",0.0600000000000023,50
"vary_k",10000,49,3,"PELT",0.0029999999999859,50
"vary_k",10000,49,3,"SVP BIC",0.0590000000000259,50
"vary_k",10000,49,3,"SVP BIC calibrated",0.0589999999999691,50
"vary_k",10000,49,3,"SVP BIC multiscale",0.0610000000000355,50
"vary_k",10000,49,4,"PELT",0.00200000000000955,50
"vary_k",10000,49,4,"SVP BIC",0.0600000000000023,50
"vary_k",10000,49,4,"SVP BIC calibrated",0.0590000000000259,50
"vary_k",10000,49,4,"SVP BIC multiscale",0.0609999999999786,50
"vary_k",10000,49,5,"PELT",0.00200000000000955,50
"vary_k",10000,49,5,"SVP BIC",0.0600000000000023,50
"vary_k",10000,49,5,"SVP BIC calibrated",0.0600000000000023,50
"vary_k",10000,49,5,"SVP BIC multiscale",0.0600000000000023,50
"vary_k",10000,49,6,"PELT",0.00399999999996226,50
"vary_k",10000,49,6,"SVP BIC",0.0600000000000023,50
"vary_k",10000,49,6,"SVP BIC calibrated",0.0589999999999691,50
"vary_k",10000,49,6,"SVP BIC multiscale",0.0600000000000023,50
"vary_k",10000,49,7,"PELT",0.0029999999999859,50
"vary_k",10000,49,7,"SVP BIC",0.0589999999999691,50
"vary_k",10000,49,7,"SVP BIC calibrated",0.0589999999999691,50
"vary_k",10000,49,7,"SVP BIC multiscale",0.0609999999999786,50
"vary_k",10000,49,8,"PELT",0.00399999999996226,50
"vary_k",10000,49,8,"SVP BIC",0.0590000000000259,50
"vary_k",10000,49,8,"SVP BIC calibrated",0.0590000000000259,50
"vary_k",10000,49,8,"SVP BIC multiscale",0.0610000000000355,50
"vary_k",10000,49,9,"PELT",0.00300000000004275,50
"vary_k",10000,49,9,"SVP BIC",0.0589999999999691,50
"vary_k",10000,49,9,"SVP BIC calibrated",0.0589999999999691,50
"vary_k",10000,49,9,"SVP BIC multiscale",0.0609999999999786,50
"vary_k",10000,49,10,"PELT",0.0029999999999859,50
"vary_k",10000,49,10,"SVP BIC",0.0589999999999691,50
"vary_k",10000,49,10,"SVP BIC calibrated",0.0590000000000259,50
"vary_k",10000,49,10,"SVP BIC multiscale",0.0610000000000355,50
"vary_k",10000,50,1,"PELT",0.0029999999999859,51
"vary_k",10000,50,1,"SVP BIC",0.0589999999999691,51
"vary_k",10000,50,1,"SVP BIC calibrated",0.0600000000000023,51
"vary_k",10000,50,1,"SVP BIC multiscale",0.0590000000000259,51
"vary_k",10000,50,2,"PELT",0.0029999999999859,51
"vary_k",10000,50,2,"SVP BIC",0.0570000000000164,51
"vary_k",10000,50,2,"SVP BIC calibrated",0.0569999999999595,51
"vary_k",10000,50,2,"SVP BIC multiscale",0.0600000000000023,51
"vary_k",10000,50,3,"PELT",0.00300000000004275,52
"vary_k",10000,50,3,"SVP BIC",0.0579999999999927,51
"vary_k",10000,50,3,"SVP BIC calibrated",0.0579999999999927,51
"vary_k",10000,50,3,"SVP BIC multiscale",0.0590000000000259,52
"vary_k",10000,50,4,"PELT",0.00300000000004275,51
"vary_k",10000,50,4,"SVP BIC",0.0570000000000164,51
"vary_k",10000,50,4,"SVP BIC calibrated",0.0569999999999595,51
"vary_k",10000,50,4,"SVP BIC multiscale",0.0589999999999691,51
"vary_k",10000,50,5,"PELT",0.00300000000004275,51
"vary_k",10000,50,5,"SVP BIC",0.0579999999999927,51
"vary_k",10000,50,5,"SVP BIC calibrated",0.0579999999999927,51
"vary_k",10000,50,5,"SVP BIC multiscale",0.0600000000000023,51
"vary_k",10000,50,6,"PELT",0.00300000000004275,51
"vary_k",10000,50,6,"SVP BIC",0.0579999999999927,51
"vary_k",10000,50,6,"SVP BIC calibrated",0.0580000000000496,51
"vary_k",10000,50,6,"SVP BIC multiscale",0.0600000000000023,51
"vary_k",10000,50,7,"PELT",0.0029999999999859,51
"vary_k",10000,50,7,"SVP BIC",0.0579999999999927,51
"vary_k",10000,50,7,"SVP BIC calibrated",0.0579999999999927,51
"vary_k",10000,50,7,"SVP BIC multiscale",0.0600000000000023,51
"vary_k",10000,50,8,"PELT",0.0029999999999859,51
"vary_k",10000,50,8,"SVP BIC",0.0580000000000496,51
"vary_k",10000,50,8,"SVP BIC calibrated",0.0579999999999927,51
"vary_k",10000,50,8,"SVP BIC multiscale",0.0600000000000023,51
"vary_k",10000,50,9,"PELT",0.0029999999999859,51
"vary_k",10000,50,9,"SVP BIC",0.0579999999999927,51
"vary_k",10000,50,9,"SVP BIC calibrated",0.0579999999999927,51
"vary_k",10000,50,9,"SVP BIC multiscale",0.0590000000000259,51
"vary_k",10000,50,10,"PELT",0.0029999999999859,51
"vary_k",10000,50,10,"SVP BIC",0.0579999999999927,51
"vary_k",10000,50,10,"SVP BIC calibrated",0.0570000000000164,51
"vary_k",10000,50,10,"SVP BIC multiscale",0.0590000000000259,51
"vary_k",10000,51,1,"PELT",0.0029999999999859,52
"vary_k",10000,51,1,"SVP BIC",0.05600000000004,52
"vary_k",10000,51,1,"SVP BIC calibrated",0.0569999999999595,52
"vary_k",10000,51,1,"SVP BIC multiscale",0.0579999999999927,52
"vary_k",10000,51,2,"PELT",0.0029999999999859,52
"vary_k",10000,51,2,"SVP BIC",0.0559999999999832,52
"vary_k",10000,51,2,"SVP BIC calibrated",0.0559999999999832,52
"vary_k",10000,51,2,"SVP BIC multiscale",0.0579999999999927,52
"vary_k",10000,51,3,"PELT",0.0029999999999859,52
"vary_k",10000,51,3,"SVP BIC",0.0579999999999927,52
"vary_k",10000,51,3,"SVP BIC calibrated",0.0569999999999595,52
"vary_k",10000,51,3,"SVP BIC multiscale",0.0579999999999927,52
"vary_k",10000,51,4,"PELT",0.0029999999999859,52
"vary_k",10000,51,4,"SVP BIC",0.0570000000000164,52
"vary_k",10000,51,4,"SVP BIC calibrated",0.0570000000000164,52
"vary_k",10000,51,4,"SVP BIC multiscale",0.0590000000000259,52
"vary_k",10000,51,5,"PELT",0.00300000000004275,52
"vary_k",10000,51,5,"SVP BIC",0.0579999999999927,52
"vary_k",10000,51,5,"SVP BIC calibrated",0.0569999999999595,52
"vary_k",10000,51,5,"SVP BIC multiscale",0.0580000000000496,52
"vary_k",10000,51,6,"PELT",0.00300000000004275,52
"vary_k",10000,51,6,"SVP BIC",0.0559999999999832,52
"vary_k",10000,51,6,"SVP BIC calibrated",0.05600000000004,52
"vary_k",10000,51,6,"SVP BIC multiscale",0.0589999999999691,52
"vary_k",10000,51,7,"PELT",0.0029999999999859,52
"vary_k",10000,51,7,"SVP BIC",0.0570000000000164,52
"vary_k",10000,51,7,"SVP BIC calibrated",0.0559999999999832,52
"vary_k",10000,51,7,"SVP BIC multiscale",0.0579999999999927,52
"vary_k",10000,51,8,"PELT",0.0029999999999859,52
"vary_k",10000,51,8,"SVP BIC",0.0579999999999927,52
"vary_k",10000,51,8,"SVP BIC calibrated",0.0569999999999595,52
"vary_k",10000,51,8,"SVP BIC multiscale",0.0590000000000259,52
"vary_k",10000,51,9,"PELT",0.00300000000004275,53
"vary_k",10000,51,9,"SVP BIC",0.0559999999999832,52
"vary_k",10000,51,9,"SVP BIC calibrated",0.05600000000004,52
"vary_k",10000,51,9,"SVP BIC multiscale",0.0579999999999927,52
"vary_k",10000,51,10,"PELT",0.0029999999999859,52
"vary_k",10000,51,10,"SVP BIC",0.0570000000000164,52
"vary_k",10000,51,10,"SVP BIC calibrated",0.0580000000000496,52
"vary_k",10000,51,10,"SVP BIC multiscale",0.0580000000000496,52
"vary_k",10000,52,1,"PELT",0.0029999999999859,53
"vary_k",10000,52,1,"SVP BIC",0.05600000000004,53
"vary_k",10000,52,1,"SVP BIC calibrated",0.0559999999999832,53
"vary_k",10000,52,1,"SVP BIC multiscale",0.0570000000000164,53
"vary_k",10000,52,2,"PELT",0.00200000000000955,53
"vary_k",10000,52,2,"SVP BIC",0.0559999999999832,53
"vary_k",10000,52,2,"SVP BIC calibrated",0.0570000000000164,53
"vary_k",10000,52,2,"SVP BIC multiscale",0.0579999999999927,53
"vary_k",10000,52,3,"PELT",0.0029999999999859,53
"vary_k",10000,52,3,"SVP BIC",0.05600000000004,53
"vary_k",10000,52,3,"SVP BIC calibrated",0.0550000000000068,53
"vary_k",10000,52,3,"SVP BIC multiscale",0.0570000000000164,53
"vary_k",10000,52,4,"PELT",0.00199999999995271,53
"vary_k",10000,52,4,"SVP BIC",0.0550000000000068,53
"vary_k",10000,52,4,"SVP BIC calibrated",0.0559999999999832,53
"vary_k",10000,52,4,"SVP BIC multiscale",0.0570000000000164,53
"vary_k",10000,52,5,"PELT",0.0029999999999859,53
"vary_k",10000,52,5,"SVP BIC",0.0559999999999832,53
"vary_k",10000,52,5,"SVP BIC calibrated",0.0559999999999832,53
"vary_k",10000,52,5,"SVP BIC multiscale",0.0569999999999595,53
"vary_k",10000,52,6,"PELT",0.00200000000000955,53
"vary_k",10000,52,6,"SVP BIC",0.0559999999999832,53
"vary_k",10000,52,6,"SVP BIC calibrated",0.0570000000000164,53
"vary_k",10000,52,6,"SVP BIC multiscale",0.0570000000000164,54
"vary_k",10000,52,7,"PELT",0.0029999999999859,53
"vary_k",10000,52,7,"SVP BIC",0.05600000000004,53
"vary_k",10000,52,7,"SVP BIC calibrated",0.0570000000000164,53
"vary_k",10000,52,7,"SVP BIC multiscale",0.0590000000000259,54
"vary_k",10000,52,8,"PELT",0.00300000000004275,53
"vary_k",10000,52,8,"SVP BIC",0.0569999999999595,53
"vary_k",10000,52,8,"SVP BIC calibrated",0.0570000000000164,53
"vary_k",10000,52,8,"SVP BIC multiscale",0.0579999999999927,53
"vary_k",10000,52,9,"PELT",0.00300000000004275,53
"vary_k",10000,52,9,"SVP BIC",0.05499999999995,53
"vary_k",10000,52,9,"SVP BIC calibrated",0.05600000000004,53
"vary_k",10000,52,9,"SVP BIC multiscale",0.0579999999999927,53
"vary_k",10000,52,10,"PELT",0.00200000000000955,53
"vary_k",10000,52,10,"SVP BIC",0.0550000000000068,53
"vary_k",10000,52,10,"SVP BIC calibrated",0.0559999999999832,53
"vary_k",10000,52,10,"SVP BIC multiscale",0.0569999999999595,53
"vary_k",10000,53,1,"PELT",0.0029999999999859,54
"vary_k",10000,53,1,"SVP BIC",0.0550000000000068,54
"vary_k",10000,53,1,"SVP BIC calibrated",0.05600000000004,54
"vary_k",10000,53,1,"SVP BIC multiscale",0.0570000000000164,54
"vary_k",10000,53,2,"PELT",0.00300000000004275,54
"vary_k",10000,53,2,"SVP BIC",0.0559999999999832,54
"vary_k",10000,53,2,"SVP BIC calibrated",0.05600000000004,54
"vary_k",10000,53,2,"SVP BIC multiscale",0.0569999999999595,54
"vary_k",10000,53,3,"PELT",0.0029999999999859,55
"vary_k",10000,53,3,"SVP BIC",0.0550000000000068,54
"vary_k",10000,53,3,"SVP BIC calibrated",0.0550000000000068,55
"vary_k",10000,53,3,"SVP BIC multiscale",0.0570000000000164,55
"vary_k",10000,53,4,"PELT",0.0029999999999859,54
"vary_k",10000,53,4,"SVP BIC",0.0570000000000164,54
"vary_k",10000,53,4,"SVP BIC calibrated",0.0550000000000068,54
"vary_k",10000,53,4,"SVP BIC multiscale",0.0570000000000164,54
"vary_k",10000,53,5,"PELT",0.00300000000004275,54
"vary_k",10000,53,5,"SVP BIC",0.0550000000000068,54
"vary_k",10000,53,5,"SVP BIC calibrated",0.0550000000000068,54
"vary_k",10000,53,5,"SVP BIC multiscale",0.0559999999999832,54
"vary_k",10000,53,6,"PELT",0.0029999999999859,54
"vary_k",10000,53,6,"SVP BIC",0.0550000000000068,54
"vary_k",10000,53,6,"SVP BIC calibrated",0.0550000000000068,54
"vary_k",10000,53,6,"SVP BIC multiscale",0.0559999999999832,54
"vary_k",10000,53,7,"PELT",0.0029999999999859,54
"vary_k",10000,53,7,"SVP BIC",0.0559999999999832,54
"vary_k",10000,53,7,"SVP BIC calibrated",0.0550000000000068,54
"vary_k",10000,53,7,"SVP BIC multiscale",0.0569999999999595,54
"vary_k",10000,53,8,"PELT",0.0029999999999859,54
"vary_k",10000,53,8,"SVP BIC",0.0550000000000068,54
"vary_k",10000,53,8,"SVP BIC calibrated",0.0550000000000068,54
"vary_k",10000,53,8,"SVP BIC multiscale",0.05600000000004,54
"vary_k",10000,53,9,"PELT",0.0029999999999859,54
"vary_k",10000,53,9,"SVP BIC",0.0550000000000068,54
"vary_k",10000,53,9,"SVP BIC calibrated",0.0559999999999832,54
"vary_k",10000,53,9,"SVP BIC multiscale",0.0570000000000164,54
"vary_k",10000,53,10,"PELT",0.00199999999995271,54
"vary_k",10000,53,10,"SVP BIC",0.0559999999999832,54
"vary_k",10000,53,10,"SVP BIC calibrated",0.0550000000000068,54
"vary_k",10000,53,10,"SVP BIC multiscale",0.0570000000000164,54
"vary_k",10000,54,1,"PELT",0.0029999999999859,55
"vary_k",10000,54,1,"SVP BIC",0.0539999999999736,55
"vary_k",10000,54,1,"SVP BIC calibrated",0.0539999999999736,56
"vary_k",10000,54,1,"SVP BIC multiscale",0.0550000000000068,56
"vary_k",10000,54,2,"PELT",0.00200000000000955,55
"vary_k",10000,54,2,"SVP BIC",0.0550000000000068,55
"vary_k",10000,54,2,"SVP BIC calibrated",0.0550000000000068,55
"vary_k",10000,54,2,"SVP BIC multiscale",0.0559999999999832,55
"vary_k",10000,54,3,"PELT",0.00200000000000955,55
"vary_k",10000,54,3,"SVP BIC",0.0540000000000305,55
"vary_k",10000,54,3,"SVP BIC calibrated",0.0550000000000068,55
"vary_k",10000,54,3,"SVP BIC multiscale",0.0559999999999832,56
"vary_k",10000,54,4,"PELT",0.00200000000000955,55
"vary_k",10000,54,4,"SVP BIC",0.0539999999999736,55
"vary_k",10000,54,4,"SVP BIC calibrated",0.0539999999999736,55
"vary_k",10000,54,4,"SVP BIC multiscale",0.0559999999999832,55
"vary_k",10000,54,5,"PELT",0.0029999999999859,55
"vary_k",10000,54,5,"SVP BIC",0.0550000000000068,55
"vary_k",10000,54,5,"SVP BIC calibrated",0.0550000000000068,55
"vary_k",10000,54,5,"SVP BIC multiscale",0.0550000000000068,55
"vary_k",10000,54,6,"PELT",0.00300000000004275,55
"vary_k",10000,54,6,"SVP BIC",0.0550000000000068,55
"vary_k",10000,54,6,"SVP BIC calibrated",0.0540000000000305,55
"vary_k",10000,54,6,"SVP BIC multiscale",0.0559999999999832,57
"vary_k",10000,54,7,"PELT",0.00200000000000955,55
"vary_k",10000,54,7,"SVP BIC",0.0540000000000305,55
"vary_k",10000,54,7,"SVP BIC calibrated",0.0539999999999736,55
"vary_k",10000,54,7,"SVP BIC multiscale",0.0559999999999832,55
"vary_k",10000,54,8,"PELT",0.0029999999999859,55
"vary_k",10000,54,8,"SVP BIC",0.0550000000000068,55
"vary_k",10000,54,8,"SVP BIC calibrated",0.0550000000000068,55
"vary_k",10000,54,8,"SVP BIC multiscale",0.0559999999999832,55
"vary_k",10000,54,9,"PELT",0.0029999999999859,55
"vary_k",10000,54,9,"SVP BIC",0.0540000000000305,55
"vary_k",10000,54,9,"SVP BIC calibrated",0.0550000000000068,55
"vary_k",10000,54,9,"SVP BIC multiscale",0.0569999999999595,55
"vary_k",10000,54,10,"PELT",0.00200000000000955,55
"vary_k",10000,54,10,"SVP BIC",0.0540000000000305,55
"vary_k",10000,54,10,"SVP BIC calibrated",0.0540000000000305,55
"vary_k",10000,54,10,"SVP BIC multiscale",0.0559999999999832,55
"vary_k",10000,55,1,"PELT",0.0029999999999859,56
"vary_k",10000,55,1,"SVP BIC",0.0529999999999973,56
"vary_k",10000,55,1,"SVP BIC calibrated",0.0529999999999973,56
"vary_k",10000,55,1,"SVP BIC multiscale",0.05600000000004,56
"vary_k",10000,55,2,"PELT",0.0029999999999859,56
"vary_k",10000,55,2,"SVP BIC",0.0530000000000541,56
"vary_k",10000,55,2,"SVP BIC calibrated",0.0529999999999973,56
"vary_k",10000,55,2,"SVP BIC multiscale",0.0550000000000068,56
"vary_k",10000,55,3,"PELT",0.00200000000000955,56
"vary_k",10000,55,3,"SVP BIC",0.0529999999999973,56
"vary_k",10000,55,3,"SVP BIC calibrated",0.0529999999999973,56
"vary_k",10000,55,3,"SVP BIC multiscale",0.0539999999999736,56
"vary_k",10000,55,4,"PELT",0.0029999999999859,56
"vary_k",10000,55,4,"SVP BIC",0.0539999999999736,56
"vary_k",10000,55,4,"SVP BIC calibrated",0.0529999999999973,56
"vary_k",10000,55,4,"SVP BIC multiscale",0.0550000000000068,57
"vary_k",10000,55,5,"PELT",0.00199999999995271,56
"vary_k",10000,55,5,"SVP BIC",0.0539999999999736,56
"vary_k",10000,55,5,"SVP BIC calibrated",0.0540000000000305,56
"vary_k",10000,55,5,"SVP BIC multiscale",0.0540000000000305,56
"vary_k",10000,55,6,"PELT",0.00300000000004275,56
"vary_k",10000,55,6,"SVP BIC",0.0529999999999973,56
"vary_k",10000,55,6,"SVP BIC calibrated",0.0539999999999736,56
"vary_k",10000,55,6,"SVP BIC multiscale",0.05499999999995,56
"vary_k",10000,55,7,"PELT",0.0029999999999859,56
"vary_k",10000,55,7,"SVP BIC",0.0539999999999736,56
"vary_k",10000,55,7,"SVP BIC calibrated",0.0529999999999973,56
"vary_k",10000,55,7,"SVP BIC multiscale",0.0540000000000305,56
"vary_k",10000,55,8,"PELT",0.00300000000004275,56
"vary_k",10000,55,8,"SVP BIC",0.0539999999999736,56
"vary_k",10000,55,8,"SVP BIC calibrated",0.0529999999999973,56
"vary_k",10000,55,8,"SVP BIC multiscale",0.0550000000000068,56
"vary_k",10000,55,9,"PELT",0.00300000000004275,56
"vary_k",10000,55,9,"SVP BIC",0.0529999999999973,56
"vary_k",10000,55,9,"SVP BIC calibrated",0.0529999999999973,56
"vary_k",10000,55,9,"SVP BIC multiscale",0.05499999999995,56
"vary_k",10000,55,10,"PELT",0.0029999999999859,56
"vary_k",10000,55,10,"SVP BIC",0.0529999999999973,56
"vary_k",10000,55,10,"SVP BIC calibrated",0.0539999999999736,56
"vary_k",10000,55,10,"SVP BIC multiscale",0.0559999999999832,56
"vary_k",10000,56,1,"PELT",0.00200000000000955,57
"vary_k",10000,56,1,"SVP BIC",0.0529999999999973,57
"vary_k",10000,56,1,"SVP BIC calibrated",0.0529999999999973,57
"vary_k",10000,56,1,"SVP BIC multiscale",0.0540000000000305,57
"vary_k",10000,56,2,"PELT",0.0029999999999859,57
"vary_k",10000,56,2,"SVP BIC",0.0520000000000209,57
"vary_k",10000,56,2,"SVP BIC calibrated",0.0529999999999973,57
"vary_k",10000,56,2,"SVP BIC multiscale",0.0539999999999736,57
"vary_k",10000,56,3,"PELT",0.0029999999999859,57
"vary_k",10000,56,3,"SVP BIC",0.0520000000000209,57
"vary_k",10000,56,3,"SVP BIC calibrated",0.0529999999999973,57
"vary_k",10000,56,3,"SVP BIC multiscale",0.0550000000000068,57
"vary_k",10000,56,4,"PELT",0.00200000000000955,57
"vary_k",10000,56,4,"SVP BIC",0.0529999999999973,57
"vary_k",10000,56,4,"SVP BIC calibrated",0.0520000000000209,57
"vary_k",10000,56,4,"SVP BIC multiscale",0.0540000000000305,57
"vary_k",10000,56,5,"PELT",0.0029999999999859,57
"vary_k",10000,56,5,"SVP BIC",0.0530000000000541,57
"vary_k",10000,56,5,"SVP BIC calibrated",0.0529999999999973,57
"vary_k",10000,56,5,"SVP BIC multiscale",0.0539999999999736,57
"vary_k",10000,56,6,"PELT",0.00200000000000955,57
"vary_k",10000,56,6,"SVP BIC",0.0529999999999973,57
"vary_k",10000,56,6,"SVP BIC calibrated",0.0520000000000209,57
"vary_k",10000,56,6,"SVP BIC multiscale",0.0539999999999736,57
"vary_k",10000,56,7,"PELT",0.0029999999999859,57
"vary_k",10000,56,7,"SVP BIC",0.0519999999999641,57
"vary_k",10000,56,7,"SVP BIC calibrated",0.0529999999999973,57
"vary_k",10000,56,7,"SVP BIC multiscale",0.0539999999999736,57
"vary_k",10000,56,8,"PELT",0.00199999999995271,57
"vary_k",10000,56,8,"SVP BIC",0.0529999999999973,57
"vary_k",10000,56,8,"SVP BIC calibrated",0.0529999999999973,57
"vary_k",10000,56,8,"SVP BIC multiscale",0.0539999999999736,57
"vary_k",10000,56,9,"PELT",0.0029999999999859,57
"vary_k",10000,56,9,"SVP BIC",0.0520000000000209,57
"vary_k",10000,56,9,"SVP BIC calibrated",0.0539999999999736,57
"vary_k",10000,56,9,"SVP BIC multiscale",0.05499999999995,57
"vary_k",10000,56,10,"PELT",0.00200000000000955,57
"vary_k",10000,56,10,"SVP BIC",0.0529999999999973,57
"vary_k",10000,56,10,"SVP BIC calibrated",0.0529999999999973,57
"vary_k",10000,56,10,"SVP BIC multiscale",0.0550000000000068,57
"vary_k",10000,57,1,"PELT",0.00300000000004275,58
"vary_k",10000,57,1,"SVP BIC",0.0519999999999641,58
"vary_k",10000,57,1,"SVP BIC calibrated",0.0529999999999973,58
"vary_k",10000,57,1,"SVP BIC multiscale",0.0529999999999973,58
"vary_k",10000,57,2,"PELT",0.0029999999999859,58
"vary_k",10000,57,2,"SVP BIC",0.0520000000000209,58
"vary_k",10000,57,2,"SVP BIC calibrated",0.0519999999999641,58
"vary_k",10000,57,2,"SVP BIC multiscale",0.0529999999999973,58
"vary_k",10000,57,3,"PELT",0.0029999999999859,58
"vary_k",10000,57,3,"SVP BIC",0.0520000000000209,58
"vary_k",10000,57,3,"SVP BIC calibrated",0.0519999999999641,58
"vary_k",10000,57,3,"SVP BIC multiscale",0.0529999999999973,58
"vary_k",10000,57,4,"PELT",0.00199999999995271,58
"vary_k",10000,57,4,"SVP BIC",0.0520000000000209,58
"vary_k",10000,57,4,"SVP BIC calibrated",0.0520000000000209,58
"vary_k",10000,57,4,"SVP BIC multiscale",0.0529999999999973,58
"vary_k",10000,57,5,"PELT",0.0029999999999859,58
"vary_k",10000,57,5,"SVP BIC",0.0519999999999641,58
"vary_k",10000,57,5,"SVP BIC calibrated",0.0529999999999973,58
"vary_k",10000,57,5,"SVP BIC multiscale",0.0539999999999736,58
"vary_k",10000,57,6,"PELT",0.0029999999999859,58
"vary_k",10000,57,6,"SVP BIC",0.0519999999999641,58
"vary_k",10000,57,6,"SVP BIC calibrated",0.0510000000000446,58
"vary_k",10000,57,6,"SVP BIC multiscale",0.0529999999999973,58
"vary_k",10000,57,7,"PELT",0.0029999999999859,58
"vary_k",10000,57,7,"SVP BIC",0.0519999999999641,58
"vary_k",10000,57,7,"SVP BIC calibrated",0.0520000000000209,58
"vary_k",10000,57,7,"SVP BIC multiscale",0.0530000000000541,58
"vary_k",10000,57,8,"PELT",0.00300000000004275,58
"vary_k",10000,57,8,"SVP BIC",0.0509999999999877,58
"vary_k",10000,57,8,"SVP BIC calibrated",0.0519999999999641,58
"vary_k",10000,57,8,"SVP BIC multiscale",0.05499999999995,58
"vary_k",10000,57,9,"PELT",0.0029999999999859,58
"vary_k",10000,57,9,"SVP BIC",0.0529999999999973,58
"vary_k",10000,57,9,"SVP BIC calibrated",0.0520000000000209,58
"vary_k",10000,57,9,"SVP BIC multiscale",0.0529999999999973,58
"vary_k",10000,57,10,"PELT",0.00200000000000955,58
"vary_k",10000,57,10,"SVP BIC",0.0519999999999641,58
"vary_k",10000,57,10,"SVP BIC calibrated",0.0509999999999877,58
"vary_k",10000,57,10,"SVP BIC multiscale",0.0529999999999973,58
"vary_k",10000,58,1,"PELT",0.00300000000004275,59
"vary_k",10000,58,1,"SVP BIC",0.0509999999999877,59
"vary_k",10000,58,1,"SVP BIC calibrated",0.0509999999999877,59
"vary_k",10000,58,1,"SVP BIC multiscale",0.0520000000000209,59
"vary_k",10000,58,2,"PELT",0.0029999999999859,59
"vary_k",10000,58,2,"SVP BIC",0.0509999999999877,59
"vary_k",10000,58,2,"SVP BIC calibrated",0.0500000000000114,59
"vary_k",10000,58,2,"SVP BIC multiscale",0.0520000000000209,59
"vary_k",10000,58,3,"PELT",0.0029999999999859,59
"vary_k",10000,58,3,"SVP BIC",0.0519999999999641,59
"vary_k",10000,58,3,"SVP BIC calibrated",0.0519999999999641,59
"vary_k",10000,58,3,"SVP BIC multiscale",0.0529999999999973,59
"vary_k",10000,58,4,"PELT",0.00200000000000955,59
"vary_k",10000,58,4,"SVP BIC",0.0500000000000114,59
"vary_k",10000,58,4,"SVP BIC calibrated",0.0509999999999877,59
"vary_k",10000,58,4,"SVP BIC multiscale",0.0520000000000209,59
"vary_k",10000,58,5,"PELT",0.0029999999999859,59
"vary_k",10000,58,5,"SVP BIC",0.0509999999999877,59
"vary_k",10000,58,5,"SVP BIC calibrated",0.0509999999999877,59
"vary_k",10000,58,5,"SVP BIC multiscale",0.0520000000000209,59
"vary_k",10000,58,6,"PELT",0.0029999999999859,59
"vary_k",10000,58,6,"SVP BIC",0.0520000000000209,59
"vary_k",10000,58,6,"SVP BIC calibrated",0.0509999999999877,59
"vary_k",10000,58,6,"SVP BIC multiscale",0.0519999999999641,59
"vary_k",10000,58,7,"PELT",0.0029999999999859,59
"vary_k",10000,58,7,"SVP BIC",0.0509999999999877,59
"vary_k",10000,58,7,"SVP BIC calibrated",0.0510000000000446,59
"vary_k",10000,58,7,"SVP BIC multiscale",0.0520000000000209,59
"vary_k",10000,58,8,"PELT",0.0029999999999859,59
"vary_k",10000,58,8,"SVP BIC",0.0509999999999877,59
"vary_k",10000,58,8,"SVP BIC calibrated",0.0509999999999877,59
"vary_k",10000,58,8,"SVP BIC multiscale",0.0529999999999973,59
"vary_k",10000,58,9,"PELT",0.00200000000000955,59
"vary_k",10000,58,9,"SVP BIC",0.0509999999999877,59
"vary_k",10000,58,9,"SVP BIC calibrated",0.0509999999999877,59
"vary_k",10000,58,9,"SVP BIC multiscale",0.0519999999999641,59
"vary_k",10000,58,10,"PELT",0.00300000000004275,59
"vary_k",10000,58,10,"SVP BIC",0.0509999999999877,59
"vary_k",10000,58,10,"SVP BIC calibrated",0.0520000000000209,59
"vary_k",10000,58,10,"SVP BIC multiscale",0.0529999999999973,59
"vary_k",10000,59,1,"PELT",0.0029999999999859,60
"vary_k",10000,59,1,"SVP BIC",0.0500000000000114,60
"vary_k",10000,59,1,"SVP BIC calibrated",0.0500000000000114,60
"vary_k",10000,59,1,"SVP BIC multiscale",0.0519999999999641,60
"vary_k",10000,59,2,"PELT",0.0029999999999859,60
"vary_k",10000,59,2,"SVP BIC",0.0500000000000114,60
"vary_k",10000,59,2,"SVP BIC calibrated",0.0500000000000114,60
"vary_k",10000,59,2,"SVP BIC multiscale",0.0520000000000209,60
"vary_k",10000,59,3,"PELT",0.0029999999999859,60
"vary_k",10000,59,3,"SVP BIC",0.0500000000000114,60
"vary_k",10000,59,3,"SVP BIC calibrated",0.0499999999999545,60
"vary_k",10000,59,3,"SVP BIC multiscale",0.0520000000000209,60
"vary_k",10000,59,4,"PELT",0.0029999999999859,60
"vary_k",10000,59,4,"SVP BIC",0.0500000000000114,60
"vary_k",10000,59,4,"SVP BIC calibrated",0.0500000000000114,60
"vary_k",10000,59,4,"SVP BIC multiscale",0.0509999999999877,60
"vary_k",10000,59,5,"PELT",0.00300000000004275,60
"vary_k",10000,59,5,"SVP BIC",0.0500000000000114,60
"vary_k",10000,59,5,"SVP BIC calibrated",0.0500000000000114,60
"vary_k",10000,59,5,"SVP BIC multiscale",0.0519999999999641,60
"vary_k",10000,59,6,"PELT",0.00200000000000955,60
"vary_k",10000,59,6,"SVP BIC",0.0509999999999877,60
"vary_k",10000,59,6,"SVP BIC calibrated",0.0509999999999877,60
"vary_k",10000,59,6,"SVP BIC multiscale",0.0520000000000209,61
"vary_k",10000,59,7,"PELT",0.0029999999999859,60
"vary_k",10000,59,7,"SVP BIC",0.0509999999999877,60
"vary_k",10000,59,7,"SVP BIC calibrated",0.0500000000000114,60
"vary_k",10000,59,7,"SVP BIC multiscale",0.0519999999999641,60
"vary_k",10000,59,8,"PELT",0.00200000000000955,60
"vary_k",10000,59,8,"SVP BIC",0.0500000000000114,60
"vary_k",10000,59,8,"SVP BIC calibrated",0.0499999999999545,60
"vary_k",10000,59,8,"SVP BIC multiscale",0.0509999999999877,60
"vary_k",10000,59,9,"PELT",0.0029999999999859,60
"vary_k",10000,59,9,"SVP BIC",0.0500000000000114,60
"vary_k",10000,59,9,"SVP BIC calibrated",0.0509999999999877,60
"vary_k",10000,59,9,"SVP BIC multiscale",0.0520000000000209,60
"vary_k",10000,59,10,"PELT",0.00200000000000955,61
"vary_k",10000,59,10,"SVP BIC",0.0509999999999877,60
"vary_k",10000,59,10,"SVP BIC calibrated",0.0500000000000114,61
"vary_k",10000,59,10,"SVP BIC multiscale",0.0519999999999641,61
"vary_k",10000,60,1,"PELT",0.0029999999999859,61
"vary_k",10000,60,1,"SVP BIC",0.0500000000000114,61
"vary_k",10000,60,1,"SVP BIC calibrated",0.049000000000035,61
"vary_k",10000,60,1,"SVP BIC multiscale",0.0509999999999877,61
"vary_k",10000,60,2,"PELT",0.0029999999999859,61
"vary_k",10000,60,2,"SVP BIC",0.0499999999999545,61
"vary_k",10000,60,2,"SVP BIC calibrated",0.0500000000000114,61
"vary_k",10000,60,2,"SVP BIC multiscale",0.0509999999999877,61
"vary_k",10000,60,3,"PELT",0.00300000000004275,61
"vary_k",10000,60,3,"SVP BIC",0.0500000000000114,61
"vary_k",10000,60,3,"SVP BIC calibrated",0.0500000000000114,61
"vary_k",10000,60,3,"SVP BIC multiscale",0.0509999999999877,61
"vary_k",10000,60,4,"PELT",0.00300000000004275,61
"vary_k",10000,60,4,"SVP BIC",0.0489999999999782,61
"vary_k",10000,60,4,"SVP BIC calibrated",0.0500000000000114,61
"vary_k",10000,60,4,"SVP BIC multiscale",0.0509999999999877,61
"vary_k",10000,60,5,"PELT",0.00300000000004275,61
"vary_k",10000,60,5,"SVP BIC",0.0489999999999782,61
"vary_k",10000,60,5,"SVP BIC calibrated",0.0489999999999782,61
"vary_k",10000,60,5,"SVP BIC multiscale",0.0509999999999877,61
"vary_k",10000,60,6,"PELT",0.00200000000000955,61
"vary_k",10000,60,6,"SVP BIC",0.0500000000000114,61
"vary_k",10000,60,6,"SVP BIC calibrated",0.0500000000000114,61
"vary_k",10000,60,6,"SVP BIC multiscale",0.0510000000000446,61
"vary_k",10000,60,7,"PELT",0.0029999999999859,61
"vary_k",10000,60,7,"SVP BIC",0.0500000000000114,61
"vary_k",10000,60,7,"SVP BIC calibrated",0.0500000000000114,61
"vary_k",10000,60,7,"SVP BIC multiscale",0.0509999999999877,61
"vary_k",10000,60,8,"PELT",0.0029999999999859,61
"vary_k",10000,60,8,"SVP BIC",0.0500000000000114,61
"vary_k",10000,60,8,"SVP BIC calibrated",0.0509999999999877,61
"vary_k",10000,60,8,"SVP BIC multiscale",0.0529999999999973,61
"vary_k",10000,60,9,"PELT",0.0029999999999859,61
"vary_k",10000,60,9,"SVP BIC",0.0509999999999877,61
"vary_k",10000,60,9,"SVP BIC calibrated",0.0509999999999877,61
"vary_k",10000,60,9,"SVP BIC multiscale",0.0529999999999973,61
"vary_k",10000,60,10,"PELT",0.0029999999999859,61
"vary_k",10000,60,10,"SVP BIC",0.0500000000000114,61
"vary_k",10000,60,10,"SVP BIC calibrated",0.0500000000000114,61
"vary_k",10000,60,10,"SVP BIC multiscale",0.0500000000000114,61
"vary_k",10000,61,1,"PELT",0.0029999999999859,62
"vary_k",10000,61,1,"SVP BIC",0.0489999999999782,62
"vary_k",10000,61,1,"SVP BIC calibrated",0.0500000000000114,62
"vary_k",10000,61,1,"SVP BIC multiscale",0.0509999999999877,62
"vary_k",10000,61,2,"PELT",0.00300000000004275,62
"vary_k",10000,61,2,"SVP BIC",0.0489999999999782,62
"vary_k",10000,61,2,"SVP BIC calibrated",0.049000000000035,62
"vary_k",10000,61,2,"SVP BIC multiscale",0.0499999999999545,62
"vary_k",10000,61,3,"PELT",0.0029999999999859,62
"vary_k",10000,61,3,"SVP BIC",0.049000000000035,62
"vary_k",10000,61,3,"SVP BIC calibrated",0.0489999999999782,62
"vary_k",10000,61,3,"SVP BIC multiscale",0.0500000000000114,62
"vary_k",10000,61,4,"PELT",0.0029999999999859,62
"vary_k",10000,61,4,"SVP BIC",0.049000000000035,62
"vary_k",10000,61,4,"SVP BIC calibrated",0.0500000000000114,62
"vary_k",10000,61,4,"SVP BIC multiscale",0.0500000000000114,62
"vary_k",10000,61,5,"PELT",0.0029999999999859,62
"vary_k",10000,61,5,"SVP BIC",0.0489999999999782,62
"vary_k",10000,61,5,"SVP BIC calibrated",0.0489999999999782,62
"vary_k",10000,61,5,"SVP BIC multiscale",0.0509999999999877,62
"vary_k",10000,61,6,"PELT",0.0029999999999859,62
"vary_k",10000,61,6,"SVP BIC",0.049000000000035,62
"vary_k",10000,61,6,"SVP BIC calibrated",0.0480000000000018,62
"vary_k",10000,61,6,"SVP BIC multiscale",0.0500000000000114,62
"vary_k",10000,61,7,"PELT",0.0029999999999859,62
"vary_k",10000,61,7,"SVP BIC",0.0489999999999782,62
"vary_k",10000,61,7,"SVP BIC calibrated",0.0489999999999782,62
"vary_k",10000,61,7,"SVP BIC multiscale",0.0500000000000114,62
"vary_k",10000,61,8,"PELT",0.00300000000004275,62
"vary_k",10000,61,8,"SVP BIC",0.0489999999999782,62
"vary_k",10000,61,8,"SVP BIC calibrated",0.0500000000000114,62
"vary_k",10000,61,8,"SVP BIC multiscale",0.0510000000000446,62
"vary_k",10000,61,9,"PELT",0.0029999999999859,62
"vary_k",10000,61,9,"SVP BIC",0.0480000000000018,62
"vary_k",10000,61,9,"SVP BIC calibrated",0.0489999999999782,62
"vary_k",10000,61,9,"SVP BIC multiscale",0.0509999999999877,62
"vary_k",10000,61,10,"PELT",0.00200000000000955,62
"vary_k",10000,61,10,"SVP BIC",0.0489999999999782,62
"vary_k",10000,61,10,"SVP BIC calibrated",0.0500000000000114,62
"vary_k",10000,61,10,"SVP BIC multiscale",0.0500000000000114,62
"vary_k",10000,62,1,"PELT",0.00300000000004275,63
"vary_k",10000,62,1,"SVP BIC",0.0480000000000018,63
"vary_k",10000,62,1,"SVP BIC calibrated",0.0480000000000018,63
"vary_k",10000,62,1,"SVP BIC multiscale",0.0489999999999782,63
"vary_k",10000,62,2,"PELT",0.00200000000000955,63
"vary_k",10000,62,2,"SVP BIC",0.0489999999999782,63
"vary_k",10000,62,2,"SVP BIC calibrated",0.0489999999999782,63
"vary_k",10000,62,2,"SVP BIC multiscale",0.0500000000000114,63
"vary_k",10000,62,3,"PELT",0.0029999999999859,63
"vary_k",10000,62,3,"SVP BIC",0.0480000000000018,63
"vary_k",10000,62,3,"SVP BIC calibrated",0.0480000000000018,63
"vary_k",10000,62,3,"SVP BIC multiscale",0.0489999999999782,63
"vary_k",10000,62,4,"PELT",0.00200000000000955,63
"vary_k",10000,62,4,"SVP BIC",0.0480000000000018,63
"vary_k",10000,62,4,"SVP BIC calibrated",0.0489999999999782,63
"vary_k",10000,62,4,"SVP BIC multiscale",0.0499999999999545,63
"vary_k",10000,62,5,"PELT",0.00200000000000955,63
"vary_k",10000,62,5,"SVP BIC",0.0489999999999782,63
"vary_k",10000,62,5,"SVP BIC calibrated",0.0500000000000114,63
"vary_k",10000,62,5,"SVP BIC multiscale",0.0499999999999545,63
"vary_k",10000,62,6,"PELT",0.0029999999999859,63
"vary_k",10000,62,6,"SVP BIC",0.0489999999999782,63
"vary_k",10000,62,6,"SVP BIC calibrated",0.0500000000000114,63
"vary_k",10000,62,6,"SVP BIC multiscale",0.0499999999999545,63
"vary_k",10000,62,7,"PELT",0.00300000000004275,63
"vary_k",10000,62,7,"SVP BIC",0.0500000000000114,63
"vary_k",10000,62,7,"SVP BIC calibrated",0.0499999999999545,63
"vary_k",10000,62,7,"SVP BIC multiscale",0.049000000000035,63
"vary_k",10000,62,8,"PELT",0.0029999999999859,63
"vary_k",10000,62,8,"SVP BIC",0.0480000000000018,63
"vary_k",10000,62,8,"SVP BIC calibrated",0.049000000000035,63
"vary_k",10000,62,8,"SVP BIC multiscale",0.0500000000000114,63
"vary_k",10000,62,9,"PELT",0.00200000000000955,63
"vary_k",10000,62,9,"SVP BIC",0.0489999999999782,63
"vary_k",10000,62,9,"SVP BIC calibrated",0.049000000000035,63
"vary_k",10000,62,9,"SVP BIC multiscale",0.0500000000000114,63
"vary_k",10000,62,10,"PELT",0.00200000000000955,63
"vary_k",10000,62,10,"SVP BIC",0.0480000000000018,63
"vary_k",10000,62,10,"SVP BIC calibrated",0.049000000000035,63
"vary_k",10000,62,10,"SVP BIC multiscale",0.0500000000000114,64
"vary_k",10000,63,1,"PELT",0.0029999999999859,64
"vary_k",10000,63,1,"SVP BIC",0.0470000000000255,64
"vary_k",10000,63,1,"SVP BIC calibrated",0.0469999999999686,64
"vary_k",10000,63,1,"SVP BIC multiscale",0.0480000000000018,64
"vary_k",10000,63,2,"PELT",0.00200000000000955,64
"vary_k",10000,63,2,"SVP BIC",0.0470000000000255,64
"vary_k",10000,63,2,"SVP BIC calibrated",0.0480000000000018,64
"vary_k",10000,63,2,"SVP BIC multiscale",0.0489999999999782,64
"vary_k",10000,63,3,"PELT",0.0029999999999859,64
"vary_k",10000,63,3,"SVP BIC",0.0470000000000255,64
"vary_k",10000,63,3,"SVP BIC calibrated",0.0480000000000018,64
"vary_k",10000,63,3,"SVP BIC multiscale",0.0480000000000018,64
"vary_k",10000,63,4,"PELT",0.00199999999995271,64
"vary_k",10000,63,4,"SVP BIC",0.0469999999999686,64
"vary_k",10000,63,4,"SVP BIC calibrated",0.0480000000000018,64
"vary_k",10000,63,4,"SVP BIC multiscale",0.0489999999999782,64
"vary_k",10000,63,5,"PELT",0.00200000000000955,64
"vary_k",10000,63,5,"SVP BIC",0.0480000000000018,64
"vary_k",10000,63,5,"SVP BIC calibrated",0.0470000000000255,64
"vary_k",10000,63,5,"SVP BIC multiscale",0.0489999999999782,64
"vary_k",10000,63,6,"PELT",0.0029999999999859,64
"vary_k",10000,63,6,"SVP BIC",0.0480000000000018,64
"vary_k",10000,63,6,"SVP BIC calibrated",0.0480000000000018,64
"vary_k",10000,63,6,"SVP BIC multiscale",0.0500000000000114,64
"vary_k",10000,63,7,"PELT",0.00200000000000955,64
"vary_k",10000,63,7,"SVP BIC",0.0480000000000018,64
"vary_k",10000,63,7,"SVP BIC calibrated",0.0480000000000018,64
"vary_k",10000,63,7,"SVP BIC multiscale",0.0499999999999545,64
"vary_k",10000,63,8,"PELT",0.00300000000004275,64
"vary_k",10000,63,8,"SVP BIC",0.0480000000000018,64
"vary_k",10000,63,8,"SVP BIC calibrated",0.0480000000000018,64
"vary_k",10000,63,8,"SVP BIC multiscale",0.0489999999999782,64
"vary_k",10000,63,9,"PELT",0.0029999999999859,64
"vary_k",10000,63,9,"SVP BIC",0.0480000000000018,64
"vary_k",10000,63,9,"SVP BIC calibrated",0.0470000000000255,64
"vary_k",10000,63,9,"SVP BIC multiscale",0.0489999999999782,64
"vary_k",10000,63,10,"PELT",0.00200000000000955,64
"vary_k",10000,63,10,"SVP BIC",0.0470000000000255,64
"vary_k",10000,63,10,"SVP BIC calibrated",0.0480000000000018,64
"vary_k",10000,63,10,"SVP BIC multiscale",0.0500000000000114,64
"vary_k",10000,64,1,"PELT",0.0029999999999859,65
"vary_k",10000,64,1,"SVP BIC",0.0469999999999686,65
"vary_k",10000,64,1,"SVP BIC calibrated",0.0470000000000255,65
"vary_k",10000,64,1,"SVP BIC multiscale",0.0480000000000018,65
"vary_k",10000,64,2,"PELT",0.00300000000004275,65
"vary_k",10000,64,2,"SVP BIC",0.0470000000000255,65
"vary_k",10000,64,2,"SVP BIC calibrated",0.0470000000000255,65
"vary_k",10000,64,2,"SVP BIC multiscale",0.0480000000000018,65
"vary_k",10000,64,3,"PELT",0.00200000000000955,65
"vary_k",10000,64,3,"SVP BIC",0.0480000000000018,65
"vary_k",10000,64,3,"SVP BIC calibrated",0.0469999999999686,65
"vary_k",10000,64,3,"SVP BIC multiscale",0.0480000000000018,65
"vary_k",10000,64,4,"PELT",0.00200000000000955,65
"vary_k",10000,64,4,"SVP BIC",0.0469999999999686,65
"vary_k",10000,64,4,"SVP BIC calibrated",0.0470000000000255,65
"vary_k",10000,64,4,"SVP BIC multiscale",0.049000000000035,65
"vary_k",10000,64,5,"PELT",0.00300000000004275,65
"vary_k",10000,64,5,"SVP BIC",0.0480000000000018,65
"vary_k",10000,64,5,"SVP BIC calibrated",0.0470000000000255,65
"vary_k",10000,64,5,"SVP BIC multiscale",0.049000000000035,65
"vary_k",10000,64,6,"PELT",0.00200000000000955,65
"vary_k",10000,64,6,"SVP BIC",0.0470000000000255,65
"vary_k",10000,64,6,"SVP BIC calibrated",0.0470000000000255,66
"vary_k",10000,64,6,"SVP BIC multiscale",0.047999999999945,67
"vary_k",10000,64,7,"PELT",0.00200000000000955,65
"vary_k",10000,64,7,"SVP BIC",0.0480000000000018,65
"vary_k",10000,64,7,"SVP BIC calibrated",0.0480000000000018,65
"vary_k",10000,64,7,"SVP BIC multiscale",0.0489999999999782,65
"vary_k",10000,64,8,"PELT",0.00300000000004275,65
"vary_k",10000,64,8,"SVP BIC",0.0480000000000018,65
"vary_k",10000,64,8,"SVP BIC calibrated",0.0480000000000018,65
"vary_k",10000,64,8,"SVP BIC multiscale",0.0480000000000018,65
"vary_k",10000,64,9,"PELT",0.00200000000000955,65
"vary_k",10000,64,9,"SVP BIC",0.047999999999945,65
"vary_k",10000,64,9,"SVP BIC calibrated",0.0470000000000255,65
"vary_k",10000,64,9,"SVP BIC multiscale",0.0480000000000018,65
"vary_k",10000,64,10,"PELT",0.00300000000004275,65
"vary_k",10000,64,10,"SVP BIC",0.0469999999999686,65
"vary_k",10000,64,10,"SVP BIC calibrated",0.0469999999999686,65
"vary_k",10000,64,10,"SVP BIC multiscale",0.0480000000000018,65
"vary_k",10000,65,1,"PELT",0.00200000000000955,66
"vary_k",10000,65,1,"SVP BIC",0.0469999999999686,66
"vary_k",10000,65,1,"SVP BIC calibrated",0.0470000000000255,66
"vary_k",10000,65,1,"SVP BIC multiscale",0.0480000000000018,66
"vary_k",10000,65,2,"PELT",0.00200000000000955,66
"vary_k",10000,65,2,"SVP BIC",0.0459999999999923,66
"vary_k",10000,65,2,"SVP BIC calibrated",0.0469999999999686,66
"vary_k",10000,65,2,"SVP BIC multiscale",0.0480000000000018,66
"vary_k",10000,65,3,"PELT",0.00200000000000955,67
"vary_k",10000,65,3,"SVP BIC",0.0470000000000255,66
"vary_k",10000,65,3,"SVP BIC calibrated",0.0460000000000491,66
"vary_k",10000,65,3,"SVP BIC multiscale",0.0480000000000018,66
"vary_k",10000,65,4,"PELT",0.0029999999999859,66
"vary_k",10000,65,4,"SVP BIC",0.0470000000000255,66
"vary_k",10000,65,4,"SVP BIC calibrated",0.0480000000000018,66
"vary_k",10000,65,4,"SVP BIC multiscale",0.0489999999999782,66
"vary_k",10000,65,5,"PELT",0.0029999999999859,66
"vary_k",10000,65,5,"SVP BIC",0.0480000000000018,66
"vary_k",10000,65,5,"SVP BIC calibrated",0.0469999999999686,66
"vary_k",10000,65,5,"SVP BIC multiscale",0.0489999999999782,66
"vary_k",10000,65,6,"PELT",0.00200000000000955,66
"vary_k",10000,65,6,"SVP BIC",0.0470000000000255,66
"vary_k",10000,65,6,"SVP BIC calibrated",0.0470000000000255,66
"vary_k",10000,65,6,"SVP BIC multiscale",0.0480000000000018,66
"vary_k",10000,65,7,"PELT",0.00199999999995271,66
"vary_k",10000,65,7,"SVP BIC",0.0470000000000255,66
"vary_k",10000,65,7,"SVP BIC calibrated",0.0470000000000255,66
"vary_k",10000,65,7,"SVP BIC multiscale",0.0489999999999782,66
"vary_k",10000,65,8,"PELT",0.00200000000000955,66
"vary_k",10000,65,8,"SVP BIC",0.0470000000000255,66
"vary_k",10000,65,8,"SVP BIC calibrated",0.0470000000000255,66
"vary_k",10000,65,8,"SVP BIC multiscale",0.0480000000000018,66
"vary_k",10000,65,9,"PELT",0.0029999999999859,66
"vary_k",10000,65,9,"SVP BIC",0.0469999999999686,66
"vary_k",10000,65,9,"SVP BIC calibrated",0.0459999999999923,66
"vary_k",10000,65,9,"SVP BIC multiscale",0.0480000000000018,66
"vary_k",10000,65,10,"PELT",0.0029999999999859,66
"vary_k",10000,65,10,"SVP BIC",0.0470000000000255,66
"vary_k",10000,65,10,"SVP BIC calibrated",0.0470000000000255,66
"vary_k",10000,65,10,"SVP BIC multiscale",0.0480000000000018,66
"vary_k",10000,66,1,"PELT",0.00300000000004275,67
"vary_k",10000,66,1,"SVP BIC",0.0459999999999923,67
"vary_k",10000,66,1,"SVP BIC calibrated",0.0459999999999923,67
"vary_k",10000,66,1,"SVP BIC multiscale",0.0469999999999686,67
"vary_k",10000,66,2,"PELT",0.00200000000000955,67
"vary_k",10000,66,2,"SVP BIC",0.0460000000000491,67
"vary_k",10000,66,2,"SVP BIC calibrated",0.0459999999999923,67
"vary_k",10000,66,2,"SVP BIC multiscale",0.0470000000000255,67
"vary_k",10000,66,3,"PELT",0.0029999999999859,67
"vary_k",10000,66,3,"SVP BIC",0.0450000000000159,67
"vary_k",10000,66,3,"SVP BIC calibrated",0.0450000000000159,67
"vary_k",10000,66,3,"SVP BIC multiscale",0.0470000000000255,67
"vary_k",10000,66,4,"PELT",0.0029999999999859,67
"vary_k",10000,66,4,"SVP BIC",0.0459999999999923,67
"vary_k",10000,66,4,"SVP BIC calibrated",0.0460000000000491,67
"vary_k",10000,66,4,"SVP BIC multiscale",0.0470000000000255,67
"vary_k",10000,66,5,"PELT",0.00200000000000955,67
"vary_k",10000,66,5,"SVP BIC",0.0459999999999923,67
"vary_k",10000,66,5,"SVP BIC calibrated",0.0459999999999923,67
"vary_k",10000,66,5,"SVP BIC multiscale",0.0470000000000255,67
"vary_k",10000,66,6,"PELT",0.00200000000000955,67
"vary_k",10000,66,6,"SVP BIC",0.0449999999999591,67
"vary_k",10000,66,6,"SVP BIC calibrated",0.0459999999999923,67
"vary_k",10000,66,6,"SVP BIC multiscale",0.0480000000000018,67
"vary_k",10000,66,7,"PELT",0.00200000000000955,67
"vary_k",10000,66,7,"SVP BIC",0.0459999999999923,67
"vary_k",10000,66,7,"SVP BIC calibrated",0.0459999999999923,67
"vary_k",10000,66,7,"SVP BIC multiscale",0.0469999999999686,67
"vary_k",10000,66,8,"PELT",0.0029999999999859,67
"vary_k",10000,66,8,"SVP BIC",0.0459999999999923,67
"vary_k",10000,66,8,"SVP BIC calibrated",0.0459999999999923,67
"vary_k",10000,66,8,"SVP BIC multiscale",0.0480000000000018,67
"vary_k",10000,66,9,"PELT",0.0029999999999859,67
"vary_k",10000,66,9,"SVP BIC",0.0459999999999923,67
"vary_k",10000,66,9,"SVP BIC calibrated",0.0470000000000255,67
"vary_k",10000,66,9,"SVP BIC multiscale",0.0480000000000018,67
"vary_k",10000,66,10,"PELT",0.0029999999999859,67
"vary_k",10000,66,10,"SVP BIC",0.0459999999999923,67
"vary_k",10000,66,10,"SVP BIC calibrated",0.0469999999999686,67
"vary_k",10000,66,10,"SVP BIC multiscale",0.0480000000000018,67
"vary_k",10000,67,1,"PELT",0.00200000000000955,68
"vary_k",10000,67,1,"SVP BIC",0.0450000000000159,68
"vary_k",10000,67,1,"SVP BIC calibrated",0.0459999999999923,68
"vary_k",10000,67,1,"SVP BIC multiscale",0.0470000000000255,68
"vary_k",10000,67,2,"PELT",0.00199999999995271,68
"vary_k",10000,67,2,"SVP BIC",0.0459999999999923,68
"vary_k",10000,67,2,"SVP BIC calibrated",0.0450000000000159,68
"vary_k",10000,67,2,"SVP BIC multiscale",0.0470000000000255,68
"vary_k",10000,67,3,"PELT",0.00200000000000955,68
"vary_k",10000,67,3,"SVP BIC",0.0459999999999923,68
"vary_k",10000,67,3,"SVP BIC calibrated",0.0450000000000159,68
"vary_k",10000,67,3,"SVP BIC multiscale",0.0469999999999686,68
"vary_k",10000,67,4,"PELT",0.00200000000000955,68
"vary_k",10000,67,4,"SVP BIC",0.0459999999999923,68
"vary_k",10000,67,4,"SVP BIC calibrated",0.0460000000000491,68
"vary_k",10000,67,4,"SVP BIC multiscale",0.0480000000000018,68
"vary_k",10000,67,5,"PELT",0.0029999999999859,68
"vary_k",10000,67,5,"SVP BIC",0.0460000000000491,68
"vary_k",10000,67,5,"SVP BIC calibrated",0.0450000000000159,68
"vary_k",10000,67,5,"SVP BIC multiscale",0.0470000000000255,68
"vary_k",10000,67,6,"PELT",0.00200000000000955,68
"vary_k",10000,67,6,"SVP BIC",0.0459999999999923,68
"vary_k",10000,67,6,"SVP BIC calibrated",0.0459999999999923,68
"vary_k",10000,67,6,"SVP BIC multiscale",0.0469999999999686,68
"vary_k",10000,67,7,"PELT",0.0029999999999859,68
"vary_k",10000,67,7,"SVP BIC",0.0459999999999923,68
"vary_k",10000,67,7,"SVP BIC calibrated",0.0459999999999923,68
"vary_k",10000,67,7,"SVP BIC multiscale",0.0480000000000018,68
"vary_k",10000,67,8,"PELT",0.00300000000004275,68
"vary_k",10000,67,8,"SVP BIC",0.0459999999999923,68
"vary_k",10000,67,8,"SVP BIC calibrated",0.0459999999999923,68
"vary_k",10000,67,8,"SVP BIC multiscale",0.0459999999999923,68
"vary_k",10000,67,9,"PELT",0.00199999999995271,68
"vary_k",10000,67,9,"SVP BIC",0.0459999999999923,68
"vary_k",10000,67,9,"SVP BIC calibrated",0.0459999999999923,68
"vary_k",10000,67,9,"SVP BIC multiscale",0.0470000000000255,68
"vary_k",10000,67,10,"PELT",0.00199999999995271,68
"vary_k",10000,67,10,"SVP BIC",0.0450000000000159,68
"vary_k",10000,67,10,"SVP BIC calibrated",0.0450000000000159,68
"vary_k",10000,67,10,"SVP BIC multiscale",0.0469999999999686,68
"vary_k",10000,68,1,"PELT",0.00200000000000955,69
"vary_k",10000,68,1,"SVP BIC",0.0450000000000159,69
"vary_k",10000,68,1,"SVP BIC calibrated",0.0459999999999923,69
"vary_k",10000,68,1,"SVP BIC multiscale",0.0459999999999923,70
"vary_k",10000,68,2,"PELT",0.00300000000004275,69
"vary_k",10000,68,2,"SVP BIC",0.0449999999999591,69
"vary_k",10000,68,2,"SVP BIC calibrated",0.0470000000000255,69
"vary_k",10000,68,2,"SVP BIC multiscale",0.0470000000000255,69
"vary_k",10000,68,3,"PELT",0.0029999999999859,69
"vary_k",10000,68,3,"SVP BIC",0.0460000000000491,69
"vary_k",10000,68,3,"SVP BIC calibrated",0.0459999999999923,69
"vary_k",10000,68,3,"SVP BIC multiscale",0.0480000000000018,69
"vary_k",10000,68,4,"PELT",0.00200000000000955,69
"vary_k",10000,68,4,"SVP BIC",0.0450000000000159,69
"vary_k",10000,68,4,"SVP BIC calibrated",0.0450000000000159,69
"vary_k",10000,68,4,"SVP BIC multiscale",0.0459999999999923,69
"vary_k",10000,68,5,"PELT",0.00200000000000955,69
"vary_k",10000,68,5,"SVP BIC",0.0450000000000159,69
"vary_k",10000,68,5,"SVP BIC calibrated",0.0450000000000159,69
"vary_k",10000,68,5,"SVP BIC multiscale",0.0459999999999923,70
"vary_k",10000,68,6,"PELT",0.00300000000004275,69
"vary_k",10000,68,6,"SVP BIC",0.0450000000000159,69
"vary_k",10000,68,6,"SVP BIC calibrated",0.0450000000000159,69
"vary_k",10000,68,6,"SVP BIC multiscale",0.0460000000000491,69
"vary_k",10000,68,7,"PELT",0.0029999999999859,69
"vary_k",10000,68,7,"SVP BIC",0.0450000000000159,69
"vary_k",10000,68,7,"SVP BIC calibrated",0.0449999999999591,69
"vary_k",10000,68,7,"SVP BIC multiscale",0.0459999999999923,69
"vary_k",10000,68,8,"PELT",0.0029999999999859,69
"vary_k",10000,68,8,"SVP BIC",0.0450000000000159,69
"vary_k",10000,68,8,"SVP BIC calibrated",0.0459999999999923,69
"vary_k",10000,68,8,"SVP BIC multiscale",0.0469999999999686,69
"vary_k",10000,68,9,"PELT",0.0029999999999859,69
"vary_k",10000,68,9,"SVP BIC",0.0450000000000159,69
"vary_k",10000,68,9,"SVP BIC calibrated",0.0449999999999591,69
"vary_k",10000,68,9,"SVP BIC multiscale",0.0459999999999923,69
"vary_k",10000,68,10,"PELT",0.00200000000000955,69
"vary_k",10000,68,10,"SVP BIC",0.0450000000000159,69
"vary_k",10000,68,10,"SVP BIC calibrated",0.0449999999999591,69
"vary_k",10000,68,10,"SVP BIC multiscale",0.0460000000000491,69
"vary_k",10000,69,1,"PELT",0.0029999999999859,70
"vary_k",10000,69,1,"SVP BIC",0.0450000000000159,70
"vary_k",10000,69,1,"SVP BIC calibrated",0.0440000000000396,70
"vary_k",10000,69,1,"SVP BIC multiscale",0.0450000000000159,70
"vary_k",10000,69,2,"PELT",0.00300000000004275,70
"vary_k",10000,69,2,"SVP BIC",0.0450000000000159,70
"vary_k",10000,69,2,"SVP BIC calibrated",0.0439999999999827,70
"vary_k",10000,69,2,"SVP BIC multiscale",0.0459999999999923,70
"vary_k",10000,69,3,"PELT",0.0029999999999859,70
"vary_k",10000,69,3,"SVP BIC",0.0449999999999591,70
"vary_k",10000,69,3,"SVP BIC calibrated",0.0439999999999827,70
"vary_k",10000,69,3,"SVP BIC multiscale",0.0459999999999923,70
"vary_k",10000,69,4,"PELT",0.0029999999999859,70
"vary_k",10000,69,4,"SVP BIC",0.0450000000000159,70
"vary_k",10000,69,4,"SVP BIC calibrated",0.0450000000000159,70
"vary_k",10000,69,4,"SVP BIC multiscale",0.0459999999999923,70
"vary_k",10000,69,5,"PELT",0.0029999999999859,70
"vary_k",10000,69,5,"SVP BIC",0.0450000000000159,70
"vary_k",10000,69,5,"SVP BIC calibrated",0.0439999999999827,70
"vary_k",10000,69,5,"SVP BIC multiscale",0.0459999999999923,70
"vary_k",10000,69,6,"PELT",0.00200000000000955,70
"vary_k",10000,69,6,"SVP BIC",0.0449999999999591,70
"vary_k",10000,69,6,"SVP BIC calibrated",0.0440000000000396,70
"vary_k",10000,69,6,"SVP BIC multiscale",0.0449999999999591,70
"vary_k",10000,69,7,"PELT",0.0029999999999859,70
"vary_k",10000,69,7,"SVP BIC",0.0450000000000159,70
"vary_k",10000,69,7,"SVP BIC calibrated",0.0450000000000159,70
"vary_k",10000,69,7,"SVP BIC multiscale",0.0459999999999923,70
"vary_k",10000,69,8,"PELT",0.00199999999995271,70
"vary_k",10000,69,8,"SVP BIC",0.0450000000000159,70
"vary_k",10000,69,8,"SVP BIC calibrated",0.0439999999999827,70
"vary_k",10000,69,8,"SVP BIC multiscale",0.0450000000000159,70
"vary_k",10000,69,9,"PELT",0.00200000000000955,70
"vary_k",10000,69,9,"SVP BIC",0.0450000000000159,70
"vary_k",10000,69,9,"SVP BIC calibrated",0.0440000000000396,70
"vary_k",10000,69,9,"SVP BIC multiscale",0.0459999999999923,71
"vary_k",10000,69,10,"PELT",0.00200000000000955,70
"vary_k",10000,69,10,"SVP BIC",0.0449999999999591,70
"vary_k",10000,69,10,"SVP BIC calibrated",0.0450000000000159,70
"vary_k",10000,69,10,"SVP BIC multiscale",0.0459999999999923,70
"vary_k",10000,70,1,"PELT",0.0029999999999859,71
"vary_k",10000,70,1,"SVP BIC",0.0450000000000159,71
"vary_k",10000,70,1,"SVP BIC calibrated",0.0449999999999591,71
"vary_k",10000,70,1,"SVP BIC multiscale",0.0450000000000159,71
"vary_k",10000,70,2,"PELT",0.00200000000000955,71
"vary_k",10000,70,2,"SVP BIC",0.0439999999999827,71
"vary_k",10000,70,2,"SVP BIC calibrated",0.0439999999999827,71
"vary_k",10000,70,2,"SVP BIC multiscale",0.0459999999999923,71
"vary_k",10000,70,3,"PELT",0.00300000000004275,71
"vary_k",10000,70,3,"SVP BIC",0.0450000000000159,71
"vary_k",10000,70,3,"SVP BIC calibrated",0.0439999999999827,71
"vary_k",10000,70,3,"SVP BIC multiscale",0.0460000000000491,71
"vary_k",10000,70,4,"PELT",0.00200000000000955,71
"vary_k",10000,70,4,"SVP BIC",0.0450000000000159,71
"vary_k",10000,70,4,"SVP BIC calibrated",0.0440000000000396,71
"vary_k",10000,70,4,"SVP BIC multiscale",0.0449999999999591,72
"vary_k",10000,70,5,"PELT",0.00200000000000955,71
"vary_k",10000,70,5,"SVP BIC",0.0439999999999827,71
"vary_k",10000,70,5,"SVP BIC calibrated",0.0439999999999827,71
"vary_k",10000,70,5,"SVP BIC multiscale",0.0450000000000159,71
"vary_k",10000,70,6,"PELT",0.0029999999999859,71
"vary_k",10000,70,6,"SVP BIC",0.0439999999999827,71
"vary_k",10000,70,6,"SVP BIC calibrated",0.0430000000000064,71
"vary_k",10000,70,6,"SVP BIC multiscale",0.0450000000000159,71
"vary_k",10000,70,7,"PELT",0.0029999999999859,71
"vary_k",10000,70,7,"SVP BIC",0.0440000000000396,71
"vary_k",10000,70,7,"SVP BIC calibrated",0.0439999999999827,71
"vary_k",10000,70,7,"SVP BIC multiscale",0.0449999999999591,72
"vary_k",10000,70,8,"PELT",0.00200000000000955,71
"vary_k",10000,70,8,"SVP BIC",0.0439999999999827,71
"vary_k",10000,70,8,"SVP BIC calibrated",0.0440000000000396,71
"vary_k",10000,70,8,"SVP BIC multiscale",0.0450000000000159,71
"vary_k",10000,70,9,"PELT",0.00199999999995271,71
"vary_k",10000,70,9,"SVP BIC",0.0440000000000396,71
"vary_k",10000,70,9,"SVP BIC calibrated",0.0440000000000396,71
"vary_k",10000,70,9,"SVP BIC multiscale",0.0459999999999923,71
"vary_k",10000,70,10,"PELT",0.0029999999999859,71
"vary_k",10000,70,10,"SVP BIC",0.0439999999999827,71
"vary_k",10000,70,10,"SVP BIC calibrated",0.0439999999999827,71
"vary_k",10000,70,10,"SVP BIC multiscale",0.0459999999999923,71
"vary_k",10000,71,1,"PELT",0.00200000000000955,72
"vary_k",10000,71,1,"SVP BIC",0.0429999999999495,72
"vary_k",10000,71,1,"SVP BIC calibrated",0.0440000000000396,72
"vary_k",10000,71,1,"SVP BIC multiscale",0.0459999999999923,72
"vary_k",10000,71,2,"PELT",0.00200000000000955,72
"vary_k",10000,71,2,"SVP BIC",0.0450000000000159,72
"vary_k",10000,71,2,"SVP BIC calibrated",0.0440000000000396,72
"vary_k",10000,71,2,"SVP BIC multiscale",0.0450000000000159,72
"vary_k",10000,71,3,"PELT",0.0029999999999859,72
"vary_k",10000,71,3,"SVP BIC",0.0439999999999827,72
"vary_k",10000,71,3,"SVP BIC calibrated",0.0439999999999827,72
"vary_k",10000,71,3,"SVP BIC multiscale",0.0440000000000396,72
"vary_k",10000,71,4,"PELT",0.0029999999999859,72
"vary_k",10000,71,4,"SVP BIC",0.0430000000000064,72
"vary_k",10000,71,4,"SVP BIC calibrated",0.0440000000000396,72
"vary_k",10000,71,4,"SVP BIC multiscale",0.0449999999999591,72
"vary_k",10000,71,5,"PELT",0.0029999999999859,72
"vary_k",10000,71,5,"SVP BIC",0.0439999999999827,72
"vary_k",10000,71,5,"SVP BIC calibrated",0.0430000000000064,72
"vary_k",10000,71,5,"SVP BIC multiscale",0.0439999999999827,73
"vary_k",10000,71,6,"PELT",0.00200000000000955,72
"vary_k",10000,71,6,"SVP BIC",0.0439999999999827,72
"vary_k",10000,71,6,"SVP BIC calibrated",0.0430000000000064,72
"vary_k",10000,71,6,"SVP BIC multiscale",0.0449999999999591,72
"vary_k",10000,71,7,"PELT",0.00200000000000955,72
"vary_k",10000,71,7,"SVP BIC",0.0439999999999827,72
"vary_k",10000,71,7,"SVP BIC calibrated",0.0459999999999923,72
"vary_k",10000,71,7,"SVP BIC multiscale",0.0450000000000159,72
"vary_k",10000,71,8,"PELT",0.0029999999999859,72
"vary_k",10000,71,8,"SVP BIC",0.0440000000000396,72
"vary_k",10000,71,8,"SVP BIC calibrated",0.0430000000000064,72
"vary_k",10000,71,8,"SVP BIC multiscale",0.0459999999999923,72
"vary_k",10000,71,9,"PELT",0.00300000000004275,72
"vary_k",10000,71,9,"SVP BIC",0.0439999999999827,72
"vary_k",10000,71,9,"SVP BIC calibrated",0.0439999999999827,72
"vary_k",10000,71,9,"SVP BIC multiscale",0.0450000000000159,72
"vary_k",10000,71,10,"PELT",0.00200000000000955,72
"vary_k",10000,71,10,"SVP BIC",0.0430000000000064,72
"vary_k",10000,71,10,"SVP BIC calibrated",0.0440000000000396,72
"vary_k",10000,71,10,"SVP BIC multiscale",0.0439999999999827,72
"vary_k",10000,72,1,"PELT",0.00200000000000955,73
"vary_k",10000,72,1,"SVP BIC",0.0439999999999827,73
"vary_k",10000,72,1,"SVP BIC calibrated",0.0430000000000064,73
"vary_k",10000,72,1,"SVP BIC multiscale",0.0439999999999827,73
"vary_k",10000,72,2,"PELT",0.00200000000000955,73
"vary_k",10000,72,2,"SVP BIC",0.04200000000003,73
"vary_k",10000,72,2,"SVP BIC calibrated",0.0440000000000396,73
"vary_k",10000,72,2,"SVP BIC multiscale",0.0439999999999827,73
"vary_k",10000,72,3,"PELT",0.00200000000000955,73
"vary_k",10000,72,3,"SVP BIC",0.0430000000000064,73
"vary_k",10000,72,3,"SVP BIC calibrated",0.0430000000000064,73
"vary_k",10000,72,3,"SVP BIC multiscale",0.0440000000000396,73
"vary_k",10000,72,4,"PELT",0.0029999999999859,73
"vary_k",10000,72,4,"SVP BIC",0.0439999999999827,73
"vary_k",10000,72,4,"SVP BIC calibrated",0.0429999999999495,73
"vary_k",10000,72,4,"SVP BIC multiscale",0.0440000000000396,73
"vary_k",10000,72,5,"PELT",0.0029999999999859,73
"vary_k",10000,72,5,"SVP BIC",0.0440000000000396,73
"vary_k",10000,72,5,"SVP BIC calibrated",0.0419999999999732,73
"vary_k",10000,72,5,"SVP BIC multiscale",0.0430000000000064,73
"vary_k",10000,72,6,"PELT",0.00200000000000955,73
"vary_k",10000,72,6,"SVP BIC",0.0429999999999495,73
"vary_k",10000,72,6,"SVP BIC calibrated",0.0430000000000064,73
"vary_k",10000,72,6,"SVP BIC multiscale",0.0449999999999591,73
"vary_k",10000,72,7,"PELT",0.0029999999999859,73
"vary_k",10000,72,7,"SVP BIC",0.0439999999999827,73
"vary_k",10000,72,7,"SVP BIC calibrated",0.0430000000000064,73
"vary_k",10000,72,7,"SVP BIC multiscale",0.0450000000000159,73
"vary_k",10000,72,8,"PELT",0.00199999999995271,73
"vary_k",10000,72,8,"SVP BIC",0.0430000000000064,73
"vary_k",10000,72,8,"SVP BIC calibrated",0.0430000000000064,73
"vary_k",10000,72,8,"SVP BIC multiscale",0.0440000000000396,73
"vary_k",10000,72,9,"PELT",0.00199999999995271,73
"vary_k",10000,72,9,"SVP BIC",0.0430000000000064,73
"vary_k",10000,72,9,"SVP BIC calibrated",0.0430000000000064,73
"vary_k",10000,72,9,"SVP BIC multiscale",0.0450000000000159,73
"vary_k",10000,72,10,"PELT",0.0029999999999859,73
"vary_k",10000,72,10,"SVP BIC",0.0430000000000064,73
"vary_k",10000,72,10,"SVP BIC calibrated",0.0439999999999827,73
"vary_k",10000,72,10,"SVP BIC multiscale",0.0450000000000159,73
"vary_k",10000,73,1,"PELT",0.0029999999999859,74
"vary_k",10000,73,1,"SVP BIC",0.0430000000000064,74
"vary_k",10000,73,1,"SVP BIC calibrated",0.0430000000000064,74
"vary_k",10000,73,1,"SVP BIC multiscale",0.0439999999999827,74
"vary_k",10000,73,2,"PELT",0.0029999999999859,74
"vary_k",10000,73,2,"SVP BIC",0.04200000000003,74
"vary_k",10000,73,2,"SVP BIC calibrated",0.04200000000003,74
"vary_k",10000,73,2,"SVP BIC multiscale",0.0430000000000064,74
"vary_k",10000,73,3,"PELT",0.00200000000000955,74
"vary_k",10000,73,3,"SVP BIC",0.0430000000000064,74
"vary_k",10000,73,3,"SVP BIC calibrated",0.0430000000000064,74
"vary_k",10000,73,3,"SVP BIC multiscale",0.0439999999999827,74
"vary_k",10000,73,4,"PELT",0.00200000000000955,74
"vary_k",10000,73,4,"SVP BIC",0.0430000000000064,74
"vary_k",10000,73,4,"SVP BIC calibrated",0.04200000000003,74
"vary_k",10000,73,4,"SVP BIC multiscale",0.0430000000000064,74
"vary_k",10000,73,5,"PELT",0.00200000000000955,74
"vary_k",10000,73,5,"SVP BIC",0.04200000000003,74
"vary_k",10000,73,5,"SVP BIC calibrated",0.0419999999999732,74
"vary_k",10000,73,5,"SVP BIC multiscale",0.0439999999999827,74
"vary_k",10000,73,6,"PELT",0.00200000000000955,74
"vary_k",10000,73,6,"SVP BIC",0.0429999999999495,74
"vary_k",10000,73,6,"SVP BIC calibrated",0.0419999999999732,74
"vary_k",10000,73,6,"SVP BIC multiscale",0.0439999999999827,74
"vary_k",10000,73,7,"PELT",0.00200000000000955,74
"vary_k",10000,73,7,"SVP BIC",0.0430000000000064,74
"vary_k",10000,73,7,"SVP BIC calibrated",0.0430000000000064,74
"vary_k",10000,73,7,"SVP BIC multiscale",0.0439999999999827,74
"vary_k",10000,73,8,"PELT",0.00200000000000955,74
"vary_k",10000,73,8,"SVP BIC",0.0430000000000064,74
"vary_k",10000,73,8,"SVP BIC calibrated",0.04200000000003,74
"vary_k",10000,73,8,"SVP BIC multiscale",0.0439999999999827,75
"vary_k",10000,73,9,"PELT",0.00200000000000955,74
"vary_k",10000,73,9,"SVP BIC",0.0419999999999732,74
"vary_k",10000,73,9,"SVP BIC calibrated",0.0430000000000064,74
"vary_k",10000,73,9,"SVP BIC multiscale",0.0440000000000396,74
"vary_k",10000,73,10,"PELT",0.00200000000000955,74
"vary_k",10000,73,10,"SVP BIC",0.0419999999999732,74
"vary_k",10000,73,10,"SVP BIC calibrated",0.0419999999999732,74
"vary_k",10000,73,10,"SVP BIC multiscale",0.0430000000000064,74
"vary_k",10000,74,1,"PELT",0.00200000000000955,75
"vary_k",10000,74,1,"SVP BIC",0.0430000000000064,75
"vary_k",10000,74,1,"SVP BIC calibrated",0.0419999999999732,75
"vary_k",10000,74,1,"SVP BIC multiscale",0.0430000000000064,75
"vary_k",10000,74,2,"PELT",0.00200000000000955,75
"vary_k",10000,74,2,"SVP BIC",0.0430000000000064,75
"vary_k",10000,74,2,"SVP BIC calibrated",0.04200000000003,75
"vary_k",10000,74,2,"SVP BIC multiscale",0.0439999999999827,75
"vary_k",10000,74,3,"PELT",0.00300000000004275,76
"vary_k",10000,74,3,"SVP BIC",0.0430000000000064,75
"vary_k",10000,74,3,"SVP BIC calibrated",0.0419999999999732,75
"vary_k",10000,74,3,"SVP BIC multiscale",0.0450000000000159,75
"vary_k",10000,74,4,"PELT",0.00199999999995271,75
"vary_k",10000,74,4,"SVP BIC",0.0430000000000064,75
"vary_k",10000,74,4,"SVP BIC calibrated",0.0419999999999732,75
"vary_k",10000,74,4,"SVP BIC multiscale",0.0430000000000064,75
"vary_k",10000,74,5,"PELT",0.00199999999995271,76
"vary_k",10000,74,5,"SVP BIC",0.0419999999999732,75
"vary_k",10000,74,5,"SVP BIC calibrated",0.0430000000000064,75
"vary_k",10000,74,5,"SVP BIC multiscale",0.0430000000000064,75
"vary_k",10000,74,6,"PELT",0.0029999999999859,75
"vary_k",10000,74,6,"SVP BIC",0.04200000000003,75
"vary_k",10000,74,6,"SVP BIC calibrated",0.04200000000003,75
"vary_k",10000,74,6,"SVP BIC multiscale",0.0439999999999827,75
"vary_k",10000,74,7,"PELT",0.00200000000000955,75
"vary_k",10000,74,7,"SVP BIC",0.0430000000000064,75
"vary_k",10000,74,7,"SVP BIC calibrated",0.0419999999999732,75
"vary_k",10000,74,7,"SVP BIC multiscale",0.0439999999999827,76
"vary_k",10000,74,8,"PELT",0.00199999999995271,75
"vary_k",10000,74,8,"SVP BIC",0.04200000000003,75
"vary_k",10000,74,8,"SVP BIC calibrated",0.0419999999999732,75
"vary_k",10000,74,8,"SVP BIC multiscale",0.0430000000000064,75
"vary_k",10000,74,9,"PELT",0.0029999999999859,75
"vary_k",10000,74,9,"SVP BIC",0.04200000000003,75
"vary_k",10000,74,9,"SVP BIC calibrated",0.0429999999999495,75
"vary_k",10000,74,9,"SVP BIC multiscale",0.0430000000000064,76
"vary_k",10000,74,10,"PELT",0.00200000000000955,75
"vary_k",10000,74,10,"SVP BIC",0.04200000000003,75
"vary_k",10000,74,10,"SVP BIC calibrated",0.0419999999999732,75
"vary_k",10000,74,10,"SVP BIC multiscale",0.0430000000000064,75
"vary_k",10000,75,1,"PELT",0.0029999999999859,76
"vary_k",10000,75,1,"SVP BIC",0.0419999999999732,76
"vary_k",10000,75,1,"SVP BIC calibrated",0.0419999999999732,76
"vary_k",10000,75,1,"SVP BIC multiscale",0.0430000000000064,76
"vary_k",10000,75,2,"PELT",0.0029999999999859,76
"vary_k",10000,75,2,"SVP BIC",0.04200000000003,76
"vary_k",10000,75,2,"SVP BIC calibrated",0.0419999999999732,76
"vary_k",10000,75,2,"SVP BIC multiscale",0.0430000000000064,77
"vary_k",10000,75,3,"PELT",0.00199999999995271,76
"vary_k",10000,75,3,"SVP BIC",0.0409999999999968,76
"vary_k",10000,75,3,"SVP BIC calibrated",0.0409999999999968,76
"vary_k",10000,75,3,"SVP BIC multiscale",0.0430000000000064,76
"vary_k",10000,75,4,"PELT",0.00200000000000955,76
"vary_k",10000,75,4,"SVP BIC",0.04200000000003,76
"vary_k",10000,75,4,"SVP BIC calibrated",0.04200000000003,76
"vary_k",10000,75,4,"SVP BIC multiscale",0.0430000000000064,76
"vary_k",10000,75,5,"PELT",0.0029999999999859,76
"vary_k",10000,75,5,"SVP BIC",0.0419999999999732,76
"vary_k",10000,75,5,"SVP BIC calibrated",0.0419999999999732,76
"vary_k",10000,75,5,"SVP BIC multiscale",0.0430000000000064,76
"vary_k",10000,75,6,"PELT",0.0029999999999859,76
"vary_k",10000,75,6,"SVP BIC",0.0419999999999732,76
"vary_k",10000,75,6,"SVP BIC calibrated",0.0419999999999732,76
"vary_k",10000,75,6,"SVP BIC multiscale",0.0430000000000064,76
"vary_k",10000,75,7,"PELT",0.00200000000000955,76
"vary_k",10000,75,7,"SVP BIC",0.0419999999999732,76
"vary_k",10000,75,7,"SVP BIC calibrated",0.0409999999999968,76
"vary_k",10000,75,7,"SVP BIC multiscale",0.04200000000003,76
"vary_k",10000,75,8,"PELT",0.00200000000000955,76
"vary_k",10000,75,8,"SVP BIC",0.0419999999999732,76
"vary_k",10000,75,8,"SVP BIC calibrated",0.0419999999999732,76
"vary_k",10000,75,8,"SVP BIC multiscale",0.0430000000000064,76
"vary_k",10000,75,9,"PELT",0.00200000000000955,76
"vary_k",10000,75,9,"SVP BIC",0.0419999999999732,76
"vary_k",10000,75,9,"SVP BIC calibrated",0.0419999999999732,76
"vary_k",10000,75,9,"SVP BIC multiscale",0.0419999999999732,76
"vary_k",10000,75,10,"PELT",0.00200000000000955,76
"vary_k",10000,75,10,"SVP BIC",0.0419999999999732,76
"vary_k",10000,75,10,"SVP BIC calibrated",0.0419999999999732,76
"vary_k",10000,75,10,"SVP BIC multiscale",0.0440000000000396,76
"vary_k",10000,76,1,"PELT",0.0029999999999859,77
"vary_k",10000,76,1,"SVP BIC",0.0429999999999495,77
"vary_k",10000,76,1,"SVP BIC calibrated",0.0419999999999732,77
"vary_k",10000,76,1,"SVP BIC multiscale",0.0430000000000064,77
"vary_k",10000,76,2,"PELT",0.00200000000000955,77
"vary_k",10000,76,2,"SVP BIC",0.0409999999999968,77
"vary_k",10000,76,2,"SVP BIC calibrated",0.04200000000003,77
"vary_k",10000,76,2,"SVP BIC multiscale",0.0430000000000064,78
"vary_k",10000,76,3,"PELT",0.00200000000000955,77
"vary_k",10000,76,3,"SVP BIC",0.0419999999999732,77
"vary_k",10000,76,3,"SVP BIC calibrated",0.0409999999999968,77
"vary_k",10000,76,3,"SVP BIC multiscale",0.04200000000003,77
"vary_k",10000,76,4,"PELT",0.00200000000000955,77
"vary_k",10000,76,4,"SVP BIC",0.0409999999999968,77
"vary_k",10000,76,4,"SVP BIC calibrated",0.0409999999999968,77
"vary_k",10000,76,4,"SVP BIC multiscale",0.0419999999999732,77
"vary_k",10000,76,5,"PELT",0.00200000000000955,77
"vary_k",10000,76,5,"SVP BIC",0.0419999999999732,77
"vary_k",10000,76,5,"SVP BIC calibrated",0.0509999999999877,77
"vary_k",10000,76,5,"SVP BIC multiscale",0.0430000000000064,78
"vary_k",10000,76,6,"PELT",0.00200000000000955,77
"vary_k",10000,76,6,"SVP BIC",0.0409999999999968,77
"vary_k",10000,76,6,"SVP BIC calibrated",0.04200000000003,77
"vary_k",10000,76,6,"SVP BIC multiscale",0.0430000000000064,77
"vary_k",10000,76,7,"PELT",0.00200000000000955,77
"vary_k",10000,76,7,"SVP BIC",0.0409999999999968,77
"vary_k",10000,76,7,"SVP BIC calibrated",0.0410000000000537,77
"vary_k",10000,76,7,"SVP BIC multiscale",0.0430000000000064,78
"vary_k",10000,76,8,"PELT",0.00200000000000955,78
"vary_k",10000,76,8,"SVP BIC",0.0419999999999732,77
"vary_k",10000,76,8,"SVP BIC calibrated",0.04200000000003,77
"vary_k",10000,76,8,"SVP BIC multiscale",0.0430000000000064,77
"vary_k",10000,76,9,"PELT",0.00199999999995271,77
"vary_k",10000,76,9,"SVP BIC",0.0419999999999732,77
"vary_k",10000,76,9,"SVP BIC calibrated",0.04200000000003,77
"vary_k",10000,76,9,"SVP BIC multiscale",0.0419999999999732,77
"vary_k",10000,76,10,"PELT",0.00200000000000955,77
"vary_k",10000,76,10,"SVP BIC",0.0409999999999968,77
"vary_k",10000,76,10,"SVP BIC calibrated",0.0409999999999968,77
"vary_k",10000,76,10,"SVP BIC multiscale",0.0430000000000064,77
"vary_k",10000,77,1,"PELT",0.0029999999999859,78
"vary_k",10000,77,1,"SVP BIC",0.0409999999999968,78
"vary_k",10000,77,1,"SVP BIC calibrated",0.0410000000000537,78
"vary_k",10000,77,1,"SVP BIC multiscale",0.04200000000003,78
"vary_k",10000,77,2,"PELT",0.00300000000004275,78
"vary_k",10000,77,2,"SVP BIC",0.0409999999999968,78
"vary_k",10000,77,2,"SVP BIC calibrated",0.0419999999999732,78
"vary_k",10000,77,2,"SVP BIC multiscale",0.04200000000003,78
"vary_k",10000,77,3,"PELT",0.0029999999999859,78
"vary_k",10000,77,3,"SVP BIC",0.0409999999999968,78
"vary_k",10000,77,3,"SVP BIC calibrated",0.0419999999999732,78
"vary_k",10000,77,3,"SVP BIC multiscale",0.04200000000003,78
"vary_k",10000,77,4,"PELT",0.0029999999999859,78
"vary_k",10000,77,4,"SVP BIC",0.0409999999999968,78
"vary_k",10000,77,4,"SVP BIC calibrated",0.0409999999999968,78
"vary_k",10000,77,4,"SVP BIC multiscale",0.0419999999999732,78
"vary_k",10000,77,5,"PELT",0.00200000000000955,78
"vary_k",10000,77,5,"SVP BIC",0.0409999999999968,78
"vary_k",10000,77,5,"SVP BIC calibrated",0.0409999999999968,78
"vary_k",10000,77,5,"SVP BIC multiscale",0.0409999999999968,78
"vary_k",10000,77,6,"PELT",0.00200000000000955,78
"vary_k",10000,77,6,"SVP BIC",0.0409999999999968,78
"vary_k",10000,77,6,"SVP BIC calibrated",0.0409999999999968,78
"vary_k",10000,77,6,"SVP BIC multiscale",0.0419999999999732,78
"vary_k",10000,77,7,"PELT",0.00200000000000955,78
"vary_k",10000,77,7,"SVP BIC",0.0409999999999968,78
"vary_k",10000,77,7,"SVP BIC calibrated",0.0400000000000205,78
"vary_k",10000,77,7,"SVP BIC multiscale",0.0430000000000064,78
"vary_k",10000,77,8,"PELT",0.00200000000000955,78
"vary_k",10000,77,8,"SVP BIC",0.0409999999999968,78
"vary_k",10000,77,8,"SVP BIC calibrated",0.0400000000000205,78
"vary_k",10000,77,8,"SVP BIC multiscale",0.0419999999999732,78
"vary_k",10000,77,9,"PELT",0.00200000000000955,78
"vary_k",10000,77,9,"SVP BIC",0.0409999999999968,78
"vary_k",10000,77,9,"SVP BIC calibrated",0.0409999999999968,78
"vary_k",10000,77,9,"SVP BIC multiscale",0.04200000000003,78
"vary_k",10000,77,10,"PELT",0.0029999999999859,78
"vary_k",10000,77,10,"SVP BIC",0.0410000000000537,78
"vary_k",10000,77,10,"SVP BIC calibrated",0.0419999999999732,78
"vary_k",10000,77,10,"SVP BIC multiscale",0.0419999999999732,78
"vary_k",10000,78,1,"PELT",0.00200000000000955,79
"vary_k",10000,78,1,"SVP BIC",0.04200000000003,79
"vary_k",10000,78,1,"SVP BIC calibrated",0.0409999999999968,79
"vary_k",10000,78,1,"SVP BIC multiscale",0.04200000000003,79
"vary_k",10000,78,2,"PELT",0.00200000000000955,79
"vary_k",10000,78,2,"SVP BIC",0.0399999999999636,79
"vary_k",10000,78,2,"SVP BIC calibrated",0.0409999999999968,79
"vary_k",10000,78,2,"SVP BIC multiscale",0.0419999999999732,79
"vary_k",10000,78,3,"PELT",0.00200000000000955,79
"vary_k",10000,78,3,"SVP BIC",0.0400000000000205,79
"vary_k",10000,78,3,"SVP BIC calibrated",0.0409999999999968,79
"vary_k",10000,78,3,"SVP BIC multiscale",0.0419999999999732,79
"vary_k",10000,78,4,"PELT",0.0029999999999859,79
"vary_k",10000,78,4,"SVP BIC",0.0409999999999968,79
"vary_k",10000,78,4,"SVP BIC calibrated",0.0409999999999968,79
"vary_k",10000,78,4,"SVP BIC multiscale",0.0409999999999968,79
"vary_k",10000,78,5,"PELT",0.00300000000004275,79
"vary_k",10000,78,5,"SVP BIC",0.0400000000000205,79
"vary_k",10000,78,5,"SVP BIC calibrated",0.0409999999999968,79
"vary_k",10000,78,5,"SVP BIC multiscale",0.04200000000003,79
"vary_k",10000,78,6,"PELT",0.00200000000000955,79
"vary_k",10000,78,6,"SVP BIC",0.0400000000000205,79
"vary_k",10000,78,6,"SVP BIC calibrated",0.0409999999999968,79
"vary_k",10000,78,6,"SVP BIC multiscale",0.04200000000003,79
"vary_k",10000,78,7,"PELT",0.00200000000000955,80
"vary_k",10000,78,7,"SVP BIC",0.0400000000000205,79
"vary_k",10000,78,7,"SVP BIC calibrated",0.0409999999999968,79
"vary_k",10000,78,7,"SVP BIC multiscale",0.0419999999999732,79
"vary_k",10000,78,8,"PELT",0.0029999999999859,79
"vary_k",10000,78,8,"SVP BIC",0.04200000000003,79
"vary_k",10000,78,8,"SVP BIC calibrated",0.0409999999999968,79
"vary_k",10000,78,8,"SVP BIC multiscale",0.04200000000003,79
"vary_k",10000,78,9,"PELT",0.00200000000000955,79
"vary_k",10000,78,9,"SVP BIC",0.0409999999999968,79
"vary_k",10000,78,9,"SVP BIC calibrated",0.0399999999999636,79
"vary_k",10000,78,9,"SVP BIC multiscale",0.0419999999999732,79
"vary_k",10000,78,10,"PELT",0.0029999999999859,79
"vary_k",10000,78,10,"SVP BIC",0.0409999999999968,79
"vary_k",10000,78,10,"SVP BIC calibrated",0.0400000000000205,79
"vary_k",10000,78,10,"SVP BIC multiscale",0.0419999999999732,79
"vary_k",10000,79,1,"PELT",0.00200000000000955,80
"vary_k",10000,79,1,"SVP BIC",0.0400000000000205,80
"vary_k",10000,79,1,"SVP BIC calibrated",0.0399999999999636,80
"vary_k",10000,79,1,"SVP BIC multiscale",0.0409999999999968,81
"vary_k",10000,79,2,"PELT",0.0029999999999859,80
"vary_k",10000,79,2,"SVP BIC",0.0400000000000205,80
"vary_k",10000,79,2,"SVP BIC calibrated",0.0400000000000205,80
"vary_k",10000,79,2,"SVP BIC multiscale",0.0419999999999732,81
"vary_k",10000,79,3,"PELT",0.0029999999999859,80
"vary_k",10000,79,3,"SVP BIC",0.0409999999999968,80
"vary_k",10000,79,3,"SVP BIC calibrated",0.0410000000000537,80
"vary_k",10000,79,3,"SVP BIC multiscale",0.0409999999999968,80
"vary_k",10000,79,4,"PELT",0.00200000000000955,80
"vary_k",10000,79,4,"SVP BIC",0.0409999999999968,80
"vary_k",10000,79,4,"SVP BIC calibrated",0.0400000000000205,80
"vary_k",10000,79,4,"SVP BIC multiscale",0.0409999999999968,80
"vary_k",10000,79,5,"PELT",0.00300000000004275,80
"vary_k",10000,79,5,"SVP BIC",0.0399999999999636,80
"vary_k",10000,79,5,"SVP BIC calibrated",0.0400000000000205,80
"vary_k",10000,79,5,"SVP BIC multiscale",0.0409999999999968,80
"vary_k",10000,79,6,"PELT",0.0029999999999859,80
"vary_k",10000,79,6,"SVP BIC",0.0400000000000205,80
"vary_k",10000,79,6,"SVP BIC calibrated",0.0409999999999968,80
"vary_k",10000,79,6,"SVP BIC multiscale",0.0409999999999968,80
"vary_k",10000,79,7,"PELT",0.00199999999995271,81
"vary_k",10000,79,7,"SVP BIC",0.0409999999999968,80
"vary_k",10000,79,7,"SVP BIC calibrated",0.0409999999999968,80
"vary_k",10000,79,7,"SVP BIC multiscale",0.0409999999999968,80
"vary_k",10000,79,8,"PELT",0.00200000000000955,80
"vary_k",10000,79,8,"SVP BIC",0.0419999999999732,80
"vary_k",10000,79,8,"SVP BIC calibrated",0.0400000000000205,80
"vary_k",10000,79,8,"SVP BIC multiscale",0.0409999999999968,80
"vary_k",10000,79,9,"PELT",0.00199999999995271,80
"vary_k",10000,79,9,"SVP BIC",0.0409999999999968,80
"vary_k",10000,79,9,"SVP BIC calibrated",0.0409999999999968,80
"vary_k",10000,79,9,"SVP BIC multiscale",0.0439999999999827,80
"vary_k",10000,79,10,"PELT",0.00200000000000955,80
"vary_k",10000,79,10,"SVP BIC",0.0409999999999968,80
"vary_k",10000,79,10,"SVP BIC calibrated",0.0409999999999968,80
"vary_k",10000,79,10,"SVP BIC multiscale",0.0430000000000064,80
"vary_k",10000,80,1,"PELT",0.0029999999999859,81
"vary_k",10000,80,1,"SVP BIC",0.0409999999999968,81
"vary_k",10000,80,1,"SVP BIC calibrated",0.0409999999999968,81
"vary_k",10000,80,1,"SVP BIC multiscale",0.0430000000000064,81
"vary_k",10000,80,2,"PELT",0.00200000000000955,81
"vary_k",10000,80,2,"SVP BIC",0.04200000000003,81
"vary_k",10000,80,2,"SVP BIC calibrated",0.0409999999999968,81
"vary_k",10000,80,2,"SVP BIC multiscale",0.04200000000003,81
"vary_k",10000,80,3,"PELT",0.0029999999999859,81
"vary_k",10000,80,3,"SVP BIC",0.0400000000000205,81
"vary_k",10000,80,3,"SVP BIC calibrated",0.0399999999999636,81
"vary_k",10000,80,3,"SVP BIC multiscale",0.0409999999999968,81
"vary_k",10000,80,4,"PELT",0.0029999999999859,81
"vary_k",10000,80,4,"SVP BIC",0.0400000000000205,81
"vary_k",10000,80,4,"SVP BIC calibrated",0.0400000000000205,81
"vary_k",10000,80,4,"SVP BIC multiscale",0.0409999999999968,81
"vary_k",10000,80,5,"PELT",0.00200000000000955,81
"vary_k",10000,80,5,"SVP BIC",0.0400000000000205,81
"vary_k",10000,80,5,"SVP BIC calibrated",0.0400000000000205,81
"vary_k",10000,80,5,"SVP BIC multiscale",0.0409999999999968,81
"vary_k",10000,80,6,"PELT",0.0029999999999859,81
"vary_k",10000,80,6,"SVP BIC",0.0400000000000205,81
"vary_k",10000,80,6,"SVP BIC calibrated",0.0409999999999968,81
"vary_k",10000,80,6,"SVP BIC multiscale",0.0409999999999968,81
"vary_k",10000,80,7,"PELT",0.00200000000000955,81
"vary_k",10000,80,7,"SVP BIC",0.0400000000000205,81
"vary_k",10000,80,7,"SVP BIC calibrated",0.0400000000000205,81
"vary_k",10000,80,7,"SVP BIC multiscale",0.0409999999999968,81
"vary_k",10000,80,8,"PELT",0.00200000000000955,81
"vary_k",10000,80,8,"SVP BIC",0.0409999999999968,81
"vary_k",10000,80,8,"SVP BIC calibrated",0.0409999999999968,81
"vary_k",10000,80,8,"SVP BIC multiscale",0.0409999999999968,81
"vary_k",10000,80,9,"PELT",0.00200000000000955,81
"vary_k",10000,80,9,"SVP BIC",0.0400000000000205,81
"vary_k",10000,80,9,"SVP BIC calibrated",0.0389999999999873,81
"vary_k",10000,80,9,"SVP BIC multiscale",0.0409999999999968,82
"vary_k",10000,80,10,"PELT",0.00200000000000955,82
"vary_k",10000,80,10,"SVP BIC",0.0400000000000205,81
"vary_k",10000,80,10,"SVP BIC calibrated",0.0409999999999968,81
"vary_k",10000,80,10,"SVP BIC multiscale",0.0409999999999968,81
"vary_k",10000,81,1,"PELT",0.0029999999999859,82
"vary_k",10000,81,1,"SVP BIC",0.0400000000000205,82
"vary_k",10000,81,1,"SVP BIC calibrated",0.0389999999999873,82
"vary_k",10000,81,1,"SVP BIC multiscale",0.0409999999999968,82
"vary_k",10000,81,2,"PELT",0.00200000000000955,82
"vary_k",10000,81,2,"SVP BIC",0.0389999999999873,82
"vary_k",10000,81,2,"SVP BIC calibrated",0.0389999999999873,82
"vary_k",10000,81,2,"SVP BIC multiscale",0.0399999999999636,82
"vary_k",10000,81,3,"PELT",0.00200000000000955,82
"vary_k",10000,81,3,"SVP BIC",0.0389999999999873,82
"vary_k",10000,81,3,"SVP BIC calibrated",0.0400000000000205,82
"vary_k",10000,81,3,"SVP BIC multiscale",0.0399999999999636,82
"vary_k",10000,81,4,"PELT",0.00200000000000955,82
"vary_k",10000,81,4,"SVP BIC",0.0399999999999636,82
"vary_k",10000,81,4,"SVP BIC calibrated",0.0400000000000205,82
"vary_k",10000,81,4,"SVP BIC multiscale",0.0400000000000205,82
"vary_k",10000,81,5,"PELT",0.00199999999995271,82
"vary_k",10000,81,5,"SVP BIC",0.0400000000000205,82
"vary_k",10000,81,5,"SVP BIC calibrated",0.0400000000000205,82
"vary_k",10000,81,5,"SVP BIC multiscale",0.0409999999999968,82
"vary_k",10000,81,6,"PELT",0.0029999999999859,82
"vary_k",10000,81,6,"SVP BIC",0.0399999999999636,82
"vary_k",10000,81,6,"SVP BIC calibrated",0.0400000000000205,82
"vary_k",10000,81,6,"SVP BIC multiscale",0.0409999999999968,82
"vary_k",10000,81,7,"PELT",0.00199999999995271,82
"vary_k",10000,81,7,"SVP BIC",0.0399999999999636,82
"vary_k",10000,81,7,"SVP BIC calibrated",0.0389999999999873,83
"vary_k",10000,81,7,"SVP BIC multiscale",0.0409999999999968,83
"vary_k",10000,81,8,"PELT",0.00300000000004275,82
"vary_k",10000,81,8,"SVP BIC",0.0389999999999873,82
"vary_k",10000,81,8,"SVP BIC calibrated",0.0389999999999873,82
"vary_k",10000,81,8,"SVP BIC multiscale",0.0399999999999636,82
"vary_k",10000,81,9,"PELT",0.00200000000000955,82
"vary_k",10000,81,9,"SVP BIC",0.0389999999999873,82
"vary_k",10000,81,9,"SVP BIC calibrated",0.0389999999999873,82
"vary_k",10000,81,9,"SVP BIC multiscale",0.0400000000000205,82
"vary_k",10000,81,10,"PELT",0.00200000000000955,82
"vary_k",10000,81,10,"SVP BIC",0.0389999999999873,82
"vary_k",10000,81,10,"SVP BIC calibrated",0.0389999999999873,82
"vary_k",10000,81,10,"SVP BIC multiscale",0.0400000000000205,83
"vary_k",10000,82,1,"PELT",0.0029999999999859,83
"vary_k",10000,82,1,"SVP BIC",0.0390000000000441,83
"vary_k",10000,82,1,"SVP BIC calibrated",0.0389999999999873,83
"vary_k",10000,82,1,"SVP BIC multiscale",0.0400000000000205,84
"vary_k",10000,82,2,"PELT",0.00200000000000955,83
"vary_k",10000,82,2,"SVP BIC",0.0399999999999636,83
"vary_k",10000,82,2,"SVP BIC calibrated",0.0389999999999873,83
"vary_k",10000,82,2,"SVP BIC multiscale",0.0409999999999968,83
"vary_k",10000,82,3,"PELT",0.00200000000000955,83
"vary_k",10000,82,3,"SVP BIC",0.0389999999999873,83
"vary_k",10000,82,3,"SVP BIC calibrated",0.0400000000000205,83
"vary_k",10000,82,3,"SVP BIC multiscale",0.0409999999999968,83
"vary_k",10000,82,4,"PELT",0.00200000000000955,83
"vary_k",10000,82,4,"SVP BIC",0.0390000000000441,83
"vary_k",10000,82,4,"SVP BIC calibrated",0.0389999999999873,83
"vary_k",10000,82,4,"SVP BIC multiscale",0.0400000000000205,83
"vary_k",10000,82,5,"PELT",0.0029999999999859,83
"vary_k",10000,82,5,"SVP BIC",0.0389999999999873,83
"vary_k",10000,82,5,"SVP BIC calibrated",0.0389999999999873,83
"vary_k",10000,82,5,"SVP BIC multiscale",0.0409999999999968,83
"vary_k",10000,82,6,"PELT",0.00200000000000955,83
"vary_k",10000,82,6,"SVP BIC",0.0390000000000441,83
"vary_k",10000,82,6,"SVP BIC calibrated",0.0400000000000205,83
"vary_k",10000,82,6,"SVP BIC multiscale",0.0400000000000205,85
"vary_k",10000,82,7,"PELT",0.00200000000000955,83
"vary_k",10000,82,7,"SVP BIC",0.0390000000000441,83
"vary_k",10000,82,7,"SVP BIC calibrated",0.0389999999999873,83
"vary_k",10000,82,7,"SVP BIC multiscale",0.0400000000000205,83
"vary_k",10000,82,8,"PELT",0.00200000000000955,83
"vary_k",10000,82,8,"SVP BIC",0.0400000000000205,83
"vary_k",10000,82,8,"SVP BIC calibrated",0.0389999999999873,83
"vary_k",10000,82,8,"SVP BIC multiscale",0.0389999999999873,83
"vary_k",10000,82,9,"PELT",0.00200000000000955,83
"vary_k",10000,82,9,"SVP BIC",0.0389999999999873,83
"vary_k",10000,82,9,"SVP BIC calibrated",0.0389999999999873,83
"vary_k",10000,82,9,"SVP BIC multiscale",0.0400000000000205,83
"vary_k",10000,82,10,"PELT",0.00200000000000955,83
"vary_k",10000,82,10,"SVP BIC",0.0389999999999873,83
"vary_k",10000,82,10,"SVP BIC calibrated",0.0389999999999873,83
"vary_k",10000,82,10,"SVP BIC multiscale",0.0409999999999968,83
"vary_k",10000,83,1,"PELT",0.00199999999995271,84
"vary_k",10000,83,1,"SVP BIC",0.0390000000000441,84
"vary_k",10000,83,1,"SVP BIC calibrated",0.0380000000000109,84
"vary_k",10000,83,1,"SVP BIC multiscale",0.0399999999999636,84
"vary_k",10000,83,2,"PELT",0.00199999999995271,84
"vary_k",10000,83,2,"SVP BIC",0.0389999999999873,84
"vary_k",10000,83,2,"SVP BIC calibrated",0.0389999999999873,84
"vary_k",10000,83,2,"SVP BIC multiscale",0.0400000000000205,84
"vary_k",10000,83,3,"PELT",0.00200000000000955,84
"vary_k",10000,83,3,"SVP BIC",0.0380000000000109,84
"vary_k",10000,83,3,"SVP BIC calibrated",0.0390000000000441,84
"vary_k",10000,83,3,"SVP BIC multiscale",0.0389999999999873,84
"vary_k",10000,83,4,"PELT",0.00200000000000955,84
"vary_k",10000,83,4,"SVP BIC",0.0389999999999873,84
"vary_k",10000,83,4,"SVP BIC calibrated",0.0380000000000109,84
"vary_k",10000,83,4,"SVP BIC multiscale",0.0389999999999873,84
"vary_k",10000,83,5,"PELT",0.00200000000000955,84
"vary_k",10000,83,5,"SVP BIC",0.0390000000000441,84
"vary_k",10000,83,5,"SVP BIC calibrated",0.0380000000000109,84
"vary_k",10000,83,5,"SVP BIC multiscale",0.0400000000000205,84
"vary_k",10000,83,6,"PELT",0.00199999999995271,84
"vary_k",10000,83,6,"SVP BIC",0.0389999999999873,84
"vary_k",10000,83,6,"SVP BIC calibrated",0.0389999999999873,84
"vary_k",10000,83,6,"SVP BIC multiscale",0.0389999999999873,84
"vary_k",10000,83,7,"PELT",0.00200000000000955,84
"vary_k",10000,83,7,"SVP BIC",0.0389999999999873,84
"vary_k",10000,83,7,"SVP BIC calibrated",0.0380000000000109,84
"vary_k",10000,83,7,"SVP BIC multiscale",0.0400000000000205,84
"vary_k",10000,83,8,"PELT",0.00200000000000955,84
"vary_k",10000,83,8,"SVP BIC",0.0400000000000205,84
"vary_k",10000,83,8,"SVP BIC calibrated",0.0389999999999873,84
"vary_k",10000,83,8,"SVP BIC multiscale",0.0400000000000205,84
"vary_k",10000,83,9,"PELT",0.00200000000000955,84
"vary_k",10000,83,9,"SVP BIC",0.0389999999999873,84
"vary_k",10000,83,9,"SVP BIC calibrated",0.0389999999999873,84
"vary_k",10000,83,9,"SVP BIC multiscale",0.0400000000000205,84
"vary_k",10000,83,10,"PELT",0.0029999999999859,84
"vary_k",10000,83,10,"SVP BIC",0.0389999999999873,84
"vary_k",10000,83,10,"SVP BIC calibrated",0.0390000000000441,84
"vary_k",10000,83,10,"SVP BIC multiscale",0.0400000000000205,84
"vary_k",10000,84,1,"PELT",0.0029999999999859,86
"vary_k",10000,84,1,"SVP BIC",0.0380000000000109,85
"vary_k",10000,84,1,"SVP BIC calibrated",0.0380000000000109,85
"vary_k",10000,84,1,"SVP BIC multiscale",0.0400000000000205,85
"vary_k",10000,84,2,"PELT",0.00200000000000955,85
"vary_k",10000,84,2,"SVP BIC",0.0389999999999873,85
"vary_k",10000,84,2,"SVP BIC calibrated",0.0389999999999873,85
"vary_k",10000,84,2,"SVP BIC multiscale",0.0389999999999873,85
"vary_k",10000,84,3,"PELT",0.00200000000000955,85
"vary_k",10000,84,3,"SVP BIC",0.0380000000000109,85
"vary_k",10000,84,3,"SVP BIC calibrated",0.0379999999999541,85
"vary_k",10000,84,3,"SVP BIC multiscale",0.0389999999999873,85
"vary_k",10000,84,4,"PELT",0.00200000000000955,85
"vary_k",10000,84,4,"SVP BIC",0.0380000000000109,85
"vary_k",10000,84,4,"SVP BIC calibrated",0.0380000000000109,85
"vary_k",10000,84,4,"SVP BIC multiscale",0.0400000000000205,85
"vary_k",10000,84,5,"PELT",0.00200000000000955,85
"vary_k",10000,84,5,"SVP BIC",0.0380000000000109,85
"vary_k",10000,84,5,"SVP BIC calibrated",0.0380000000000109,85
"vary_k",10000,84,5,"SVP BIC multiscale",0.0400000000000205,85
"vary_k",10000,84,6,"PELT",0.00199999999995271,85
"vary_k",10000,84,6,"SVP BIC",0.0380000000000109,85
"vary_k",10000,84,6,"SVP BIC calibrated",0.0379999999999541,85
"vary_k",10000,84,6,"SVP BIC multiscale",0.0389999999999873,85
"vary_k",10000,84,7,"PELT",0.00200000000000955,85
"vary_k",10000,84,7,"SVP BIC",0.0379999999999541,85
"vary_k",10000,84,7,"SVP BIC calibrated",0.0380000000000109,85
"vary_k",10000,84,7,"SVP BIC multiscale",0.0389999999999873,85
"vary_k",10000,84,8,"PELT",0.00200000000000955,85
"vary_k",10000,84,8,"SVP BIC",0.0389999999999873,85
"vary_k",10000,84,8,"SVP BIC calibrated",0.0389999999999873,85
"vary_k",10000,84,8,"SVP BIC multiscale",0.0389999999999873,85
"vary_k",10000,84,9,"PELT",0.00199999999995271,85
"vary_k",10000,84,9,"SVP BIC",0.0380000000000109,85
"vary_k",10000,84,9,"SVP BIC calibrated",0.0389999999999873,85
"vary_k",10000,84,9,"SVP BIC multiscale",0.0399999999999636,85
"vary_k",10000,84,10,"PELT",0.00200000000000955,85
"vary_k",10000,84,10,"SVP BIC",0.0379999999999541,85
"vary_k",10000,84,10,"SVP BIC calibrated",0.0390000000000441,85
"vary_k",10000,84,10,"SVP BIC multiscale",0.0400000000000205,85
"vary_k",10000,85,1,"PELT",0.00200000000000955,86
"vary_k",10000,85,1,"SVP BIC",0.0380000000000109,86
"vary_k",10000,85,1,"SVP BIC calibrated",0.0389999999999873,86
"vary_k",10000,85,1,"SVP BIC multiscale",0.0390000000000441,86
"vary_k",10000,85,2,"PELT",0.00300000000004275,87
"vary_k",10000,85,2,"SVP BIC",0.0380000000000109,86
"vary_k",10000,85,2,"SVP BIC calibrated",0.0380000000000109,87
"vary_k",10000,85,2,"SVP BIC multiscale",0.0389999999999873,87
"vary_k",10000,85,3,"PELT",0.00200000000000955,86
"vary_k",10000,85,3,"SVP BIC",0.0379999999999541,86
"vary_k",10000,85,3,"SVP BIC calibrated",0.0380000000000109,86
"vary_k",10000,85,3,"SVP BIC multiscale",0.0400000000000205,86
"vary_k",10000,85,4,"PELT",0.00300000000004275,86
"vary_k",10000,85,4,"SVP BIC",0.0380000000000109,86
"vary_k",10000,85,4,"SVP BIC calibrated",0.0380000000000109,86
"vary_k",10000,85,4,"SVP BIC multiscale",0.0389999999999873,86
"vary_k",10000,85,5,"PELT",0.00200000000000955,86
"vary_k",10000,85,5,"SVP BIC",0.0380000000000109,86
"vary_k",10000,85,5,"SVP BIC calibrated",0.0380000000000109,86
"vary_k",10000,85,5,"SVP BIC multiscale",0.0389999999999873,86
"vary_k",10000,85,6,"PELT",0.00200000000000955,86
"vary_k",10000,85,6,"SVP BIC",0.0380000000000109,86
"vary_k",10000,85,6,"SVP BIC calibrated",0.0380000000000109,86
"vary_k",10000,85,6,"SVP BIC multiscale",0.0389999999999873,86
"vary_k",10000,85,7,"PELT",0.00200000000000955,86
"vary_k",10000,85,7,"SVP BIC",0.0379999999999541,86
"vary_k",10000,85,7,"SVP BIC calibrated",0.0380000000000109,86
"vary_k",10000,85,7,"SVP BIC multiscale",0.0389999999999873,86
"vary_k",10000,85,8,"PELT",0.00200000000000955,86
"vary_k",10000,85,8,"SVP BIC",0.0379999999999541,86
"vary_k",10000,85,8,"SVP BIC calibrated",0.0389999999999873,86
"vary_k",10000,85,8,"SVP BIC multiscale",0.0389999999999873,87
"vary_k",10000,85,9,"PELT",0.00200000000000955,86
"vary_k",10000,85,9,"SVP BIC",0.0380000000000109,86
"vary_k",10000,85,9,"SVP BIC calibrated",0.0380000000000109,86
"vary_k",10000,85,9,"SVP BIC multiscale",0.0400000000000205,86
"vary_k",10000,85,10,"PELT",0.0029999999999859,86
"vary_k",10000,85,10,"SVP BIC",0.0380000000000109,86
"vary_k",10000,85,10,"SVP BIC calibrated",0.0379999999999541,86
"vary_k",10000,85,10,"SVP BIC multiscale",0.0389999999999873,86
"vary_k",10000,86,1,"PELT",0.00200000000000955,87
"vary_k",10000,86,1,"SVP BIC",0.0379999999999541,87
"vary_k",10000,86,1,"SVP BIC calibrated",0.0380000000000109,87
"vary_k",10000,86,1,"SVP BIC multiscale",0.0389999999999873,87
"vary_k",10000,86,2,"PELT",0.00199999999995271,87
"vary_k",10000,86,2,"SVP BIC",0.0370000000000346,87
"vary_k",10000,86,2,"SVP BIC calibrated",0.0379999999999541,87
"vary_k",10000,86,2,"SVP BIC multiscale",0.0390000000000441,87
"vary_k",10000,86,3,"PELT",0.00200000000000955,87
"vary_k",10000,86,3,"SVP BIC",0.0389999999999873,87
"vary_k",10000,86,3,"SVP BIC calibrated",0.0380000000000109,87
"vary_k",10000,86,3,"SVP BIC multiscale",0.0389999999999873,88
"vary_k",10000,86,4,"PELT",0.00200000000000955,87
"vary_k",10000,86,4,"SVP BIC",0.0370000000000346,87
"vary_k",10000,86,4,"SVP BIC calibrated",0.0380000000000109,87
"vary_k",10000,86,4,"SVP BIC multiscale",0.0380000000000109,88
"vary_k",10000,86,5,"PELT",0.0029999999999859,88
"vary_k",10000,86,5,"SVP BIC",0.0380000000000109,87
"vary_k",10000,86,5,"SVP BIC calibrated",0.0380000000000109,87
"vary_k",10000,86,5,"SVP BIC multiscale",0.0380000000000109,87
"vary_k",10000,86,6,"PELT",0.00200000000000955,88
"vary_k",10000,86,6,"SVP BIC",0.0380000000000109,87
"vary_k",10000,86,6,"SVP BIC calibrated",0.0370000000000346,87
"vary_k",10000,86,6,"SVP BIC multiscale",0.0389999999999873,87
"vary_k",10000,86,7,"PELT",0.0029999999999859,87
"vary_k",10000,86,7,"SVP BIC",0.0380000000000109,87
"vary_k",10000,86,7,"SVP BIC calibrated",0.0370000000000346,87
"vary_k",10000,86,7,"SVP BIC multiscale",0.0389999999999873,87
"vary_k",10000,86,8,"PELT",0.00200000000000955,87
"vary_k",10000,86,8,"SVP BIC",0.0380000000000109,87
"vary_k",10000,86,8,"SVP BIC calibrated",0.0380000000000109,87
"vary_k",10000,86,8,"SVP BIC multiscale",0.0389999999999873,87
"vary_k",10000,86,9,"PELT",0.00200000000000955,87
"vary_k",10000,86,9,"SVP BIC",0.0379999999999541,87
"vary_k",10000,86,9,"SVP BIC calibrated",0.0380000000000109,87
"vary_k",10000,86,9,"SVP BIC multiscale",0.0390000000000441,87
"vary_k",10000,86,10,"PELT",0.00199999999995271,87
"vary_k",10000,86,10,"SVP BIC",0.0389999999999873,87
"vary_k",10000,86,10,"SVP BIC calibrated",0.0380000000000109,87
"vary_k",10000,86,10,"SVP BIC multiscale",0.0389999999999873,88
"vary_k",10000,87,1,"PELT",0.00200000000000955,88
"vary_k",10000,87,1,"SVP BIC",0.0369999999999777,88
"vary_k",10000,87,1,"SVP BIC calibrated",0.0369999999999777,88
"vary_k",10000,87,1,"SVP BIC multiscale",0.0380000000000109,88
"vary_k",10000,87,2,"PELT",0.0029999999999859,88
"vary_k",10000,87,2,"SVP BIC",0.0380000000000109,88
"vary_k",10000,87,2,"SVP BIC calibrated",0.0380000000000109,88
"vary_k",10000,87,2,"SVP BIC multiscale",0.0380000000000109,88
"vary_k",10000,87,3,"PELT",0.00199999999995271,88
"vary_k",10000,87,3,"SVP BIC",0.0370000000000346,88
"vary_k",10000,87,3,"SVP BIC calibrated",0.0380000000000109,88
"vary_k",10000,87,3,"SVP BIC multiscale",0.0380000000000109,88
"vary_k",10000,87,4,"PELT",0.0029999999999859,88
"vary_k",10000,87,4,"SVP BIC",0.0380000000000109,88
"vary_k",10000,87,4,"SVP BIC calibrated",0.0380000000000109,88
"vary_k",10000,87,4,"SVP BIC multiscale",0.0380000000000109,88
"vary_k",10000,87,5,"PELT",0.00200000000000955,88
"vary_k",10000,87,5,"SVP BIC",0.0380000000000109,88
"vary_k",10000,87,5,"SVP BIC calibrated",0.0370000000000346,88
"vary_k",10000,87,5,"SVP BIC multiscale",0.0389999999999873,88
"vary_k",10000,87,6,"PELT",0.00200000000000955,88
"vary_k",10000,87,6,"SVP BIC",0.0370000000000346,88
"vary_k",10000,87,6,"SVP BIC calibrated",0.0369999999999777,88
"vary_k",10000,87,6,"SVP BIC multiscale",0.0389999999999873,88
"vary_k",10000,87,7,"PELT",0.00300000000004275,88
"vary_k",10000,87,7,"SVP BIC",0.0380000000000109,88
"vary_k",10000,87,7,"SVP BIC calibrated",0.0380000000000109,88
"vary_k",10000,87,7,"SVP BIC multiscale",0.0379999999999541,88
"vary_k",10000,87,8,"PELT",0.00300000000004275,88
"vary_k",10000,87,8,"SVP BIC",0.0379999999999541,88
"vary_k",10000,87,8,"SVP BIC calibrated",0.0380000000000109,88
"vary_k",10000,87,8,"SVP BIC multiscale",0.0389999999999873,88
"vary_k",10000,87,9,"PELT",0.00200000000000955,88
"vary_k",10000,87,9,"SVP BIC",0.0369999999999777,88
"vary_k",10000,87,9,"SVP BIC calibrated",0.0369999999999777,88
"vary_k",10000,87,9,"SVP BIC multiscale",0.0380000000000109,88
"vary_k",10000,87,10,"PELT",0.00200000000000955,88
"vary_k",10000,87,10,"SVP BIC",0.0369999999999777,88
"vary_k",10000,87,10,"SVP BIC calibrated",0.0369999999999777,88
"vary_k",10000,87,10,"SVP BIC multiscale",0.0389999999999873,88
"vary_k",10000,88,1,"PELT",0.00199999999995271,89
"vary_k",10000,88,1,"SVP BIC",0.0369999999999777,89
"vary_k",10000,88,1,"SVP BIC calibrated",0.0370000000000346,89
"vary_k",10000,88,1,"SVP BIC multiscale",0.0380000000000109,89
"vary_k",10000,88,2,"PELT",0.00199999999995271,89
"vary_k",10000,88,2,"SVP BIC",0.0360000000000014,89
"vary_k",10000,88,2,"SVP BIC calibrated",0.0369999999999777,89
"vary_k",10000,88,2,"SVP BIC multiscale",0.0380000000000109,89
"vary_k",10000,88,3,"PELT",0.00200000000000955,89
"vary_k",10000,88,3,"SVP BIC",0.0370000000000346,89
"vary_k",10000,88,3,"SVP BIC calibrated",0.0369999999999777,89
"vary_k",10000,88,3,"SVP BIC multiscale",0.0380000000000109,90
"vary_k",10000,88,4,"PELT",0.00200000000000955,89
"vary_k",10000,88,4,"SVP BIC",0.0380000000000109,89
"vary_k",10000,88,4,"SVP BIC calibrated",0.0369999999999777,89
"vary_k",10000,88,4,"SVP BIC multiscale",0.0380000000000109,89
"vary_k",10000,88,5,"PELT",0.00199999999995271,89
"vary_k",10000,88,5,"SVP BIC",0.0369999999999777,89
"vary_k",10000,88,5,"SVP BIC calibrated",0.0369999999999777,89
"vary_k",10000,88,5,"SVP BIC multiscale",0.0379999999999541,89
"vary_k",10000,88,6,"PELT",0.00200000000000955,89
"vary_k",10000,88,6,"SVP BIC",0.0380000000000109,89
"vary_k",10000,88,6,"SVP BIC calibrated",0.0369999999999777,89
"vary_k",10000,88,6,"SVP BIC multiscale",0.0380000000000109,89
"vary_k",10000,88,7,"PELT",0.00200000000000955,89
"vary_k",10000,88,7,"SVP BIC",0.0380000000000109,89
"vary_k",10000,88,7,"SVP BIC calibrated",0.0370000000000346,89
"vary_k",10000,88,7,"SVP BIC multiscale",0.0380000000000109,89
"vary_k",10000,88,8,"PELT",0.00300000000004275,89
"vary_k",10000,88,8,"SVP BIC",0.0370000000000346,89
"vary_k",10000,88,8,"SVP BIC calibrated",0.0380000000000109,89
"vary_k",10000,88,8,"SVP BIC multiscale",0.0380000000000109,89
"vary_k",10000,88,9,"PELT",0.00300000000004275,89
"vary_k",10000,88,9,"SVP BIC",0.0370000000000346,89
"vary_k",10000,88,9,"SVP BIC calibrated",0.0369999999999777,90
"vary_k",10000,88,9,"SVP BIC multiscale",0.0380000000000109,90
"vary_k",10000,88,10,"PELT",0.00199999999995271,90
"vary_k",10000,88,10,"SVP BIC",0.0369999999999777,89
"vary_k",10000,88,10,"SVP BIC calibrated",0.0369999999999777,89
"vary_k",10000,88,10,"SVP BIC multiscale",0.0379999999999541,90
"vary_k",10000,89,1,"PELT",0.00200000000000955,90
"vary_k",10000,89,1,"SVP BIC",0.0360000000000014,90
"vary_k",10000,89,1,"SVP BIC calibrated",0.0370000000000346,90
"vary_k",10000,89,1,"SVP BIC multiscale",0.0380000000000109,90
"vary_k",10000,89,2,"PELT",0.00199999999995271,90
"vary_k",10000,89,2,"SVP BIC",0.0369999999999777,90
"vary_k",10000,89,2,"SVP BIC calibrated",0.0369999999999777,90
"vary_k",10000,89,2,"SVP BIC multiscale",0.0379999999999541,90
"vary_k",10000,89,3,"PELT",0.00200000000000955,91
"vary_k",10000,89,3,"SVP BIC",0.0360000000000014,90
"vary_k",10000,89,3,"SVP BIC calibrated",0.0369999999999777,90
"vary_k",10000,89,3,"SVP BIC multiscale",0.0380000000000109,90
"vary_k",10000,89,4,"PELT",0.0029999999999859,90
"vary_k",10000,89,4,"SVP BIC",0.0360000000000014,90
"vary_k",10000,89,4,"SVP BIC calibrated",0.0360000000000014,90
"vary_k",10000,89,4,"SVP BIC multiscale",0.0380000000000109,90
"vary_k",10000,89,5,"PELT",0.00200000000000955,91
"vary_k",10000,89,5,"SVP BIC",0.0369999999999777,90
"vary_k",10000,89,5,"SVP BIC calibrated",0.0360000000000014,90
"vary_k",10000,89,5,"SVP BIC multiscale",0.0379999999999541,91
"vary_k",10000,89,6,"PELT",0.00200000000000955,90
"vary_k",10000,89,6,"SVP BIC",0.0360000000000014,90
"vary_k",10000,89,6,"SVP BIC calibrated",0.0369999999999777,90
"vary_k",10000,89,6,"SVP BIC multiscale",0.0369999999999777,90
"vary_k",10000,89,7,"PELT",0.00199999999995271,90
"vary_k",10000,89,7,"SVP BIC",0.0369999999999777,90
"vary_k",10000,89,7,"SVP BIC calibrated",0.0370000000000346,90
"vary_k",10000,89,7,"SVP BIC multiscale",0.0389999999999873,90
"vary_k",10000,89,8,"PELT",0.00200000000000955,90
"vary_k",10000,89,8,"SVP BIC",0.0369999999999777,90
"vary_k",10000,89,8,"SVP BIC calibrated",0.0369999999999777,90
"vary_k",10000,89,8,"SVP BIC multiscale",0.0380000000000109,90
"vary_k",10000,89,9,"PELT",0.00200000000000955,90
"vary_k",10000,89,9,"SVP BIC",0.0369999999999777,90
"vary_k",10000,89,9,"SVP BIC calibrated",0.0360000000000014,90
"vary_k",10000,89,9,"SVP BIC multiscale",0.0380000000000109,90
"vary_k",10000,89,10,"PELT",0.00200000000000955,90
"vary_k",10000,89,10,"SVP BIC",0.0369999999999777,90
"vary_k",10000,89,10,"SVP BIC calibrated",0.0370000000000346,90
"vary_k",10000,89,10,"SVP BIC multiscale",0.0370000000000346,90
"vary_k",10000,90,1,"PELT",0.00199999999995271,91
"vary_k",10000,90,1,"SVP BIC",0.0370000000000346,91
"vary_k",10000,90,1,"SVP BIC calibrated",0.0370000000000346,91
"vary_k",10000,90,1,"SVP BIC multiscale",0.0380000000000109,91
"vary_k",10000,90,2,"PELT",0.00200000000000955,91
"vary_k",10000,90,2,"SVP BIC",0.0360000000000014,91
"vary_k",10000,90,2,"SVP BIC calibrated",0.0360000000000014,91
"vary_k",10000,90,2,"SVP BIC multiscale",0.0369999999999777,91
"vary_k",10000,90,3,"PELT",0.00199999999995271,91
"vary_k",10000,90,3,"SVP BIC",0.0360000000000582,91
"vary_k",10000,90,3,"SVP BIC calibrated",0.0370000000000346,91
"vary_k",10000,90,3,"SVP BIC multiscale",0.0380000000000109,91
"vary_k",10000,90,4,"PELT",0.00200000000006639,91
"vary_k",10000,90,4,"SVP BIC",0.0369999999999209,91
"vary_k",10000,90,4,"SVP BIC calibrated",0.0359999999999445,91
"vary_k",10000,90,4,"SVP BIC multiscale",0.0380000000000109,91
"vary_k",10000,90,5,"PELT",0.00199999999995271,92
"vary_k",10000,90,5,"SVP BIC",0.0369999999999209,91
"vary_k",10000,90,5,"SVP BIC calibrated",0.0369999999999209,91
"vary_k",10000,90,5,"SVP BIC multiscale",0.0379999999998972,92
"vary_k",10000,90,6,"PELT",0.00299999999992906,91
"vary_k",10000,90,6,"SVP BIC",0.0359999999999445,91
"vary_k",10000,90,6,"SVP BIC calibrated",0.0370000000000346,91
"vary_k",10000,90,6,"SVP BIC multiscale",0.0380000000000109,91
"vary_k",10000,90,7,"PELT",0.00199999999995271,91
"vary_k",10000,90,7,"SVP BIC",0.0370000000000346,91
"vary_k",10000,90,7,"SVP BIC calibrated",0.0370000000000346,91
"vary_k",10000,90,7,"SVP BIC multiscale",0.0370000000000346,91
"vary_k",10000,90,8,"PELT",0.00199999999995271,91
"vary_k",10000,90,8,"SVP BIC",0.0360000000000582,91
"vary_k",10000,90,8,"SVP BIC calibrated",0.0360000000000582,91
"vary_k",10000,90,8,"SVP BIC multiscale",0.0370000000000346,91
"vary_k",10000,90,9,"PELT",0.00200000000006639,91
"vary_k",10000,90,9,"SVP BIC",0.0370000000000346,91
"vary_k",10000,90,9,"SVP BIC calibrated",0.0359999999999445,91
"vary_k",10000,90,9,"SVP BIC multiscale",0.0380000000000109,91
"vary_k",10000,90,10,"PELT",0.00199999999995271,91
"vary_k",10000,90,10,"SVP BIC",0.0370000000000346,91
"vary_k",10000,90,10,"SVP BIC calibrated",0.0360000000000582,91
"vary_k",10000,90,10,"SVP BIC multiscale",0.0370000000000346,91
"vary_k",10000,91,1,"PELT",0.00199999999995271,92
"vary_k",10000,91,1,"SVP BIC",0.0359999999999445,92
"vary_k",10000,91,1,"SVP BIC calibrated",0.0360000000000582,92
"vary_k",10000,91,1,"SVP BIC multiscale",0.0370000000000346,92
"vary_k",10000,91,2,"PELT",0.00300000000004275,92
"vary_k",10000,91,2,"SVP BIC",0.0359999999999445,92
"vary_k",10000,91,2,"SVP BIC calibrated",0.0359999999999445,92
"vary_k",10000,91,2,"SVP BIC multiscale",0.0380000000000109,92
"vary_k",10000,91,3,"PELT",0.00199999999995271,92
"vary_k",10000,91,3,"SVP BIC",0.0360000000000582,92
"vary_k",10000,91,3,"SVP BIC calibrated",0.0360000000000582,92
"vary_k",10000,91,3,"SVP BIC multiscale",0.0370000000000346,92
"vary_k",10000,91,4,"PELT",0.00300000000004275,92
"vary_k",10000,91,4,"SVP BIC",0.0370000000000346,92
"vary_k",10000,91,4,"SVP BIC calibrated",0.0360000000000582,92
"vary_k",10000,91,4,"SVP BIC multiscale",0.0370000000000346,92
"vary_k",10000,91,5,"PELT",0.00200000000006639,92
"vary_k",10000,91,5,"SVP BIC",0.0370000000000346,92
"vary_k",10000,91,5,"SVP BIC calibrated",0.0370000000000346,92
"vary_k",10000,91,5,"SVP BIC multiscale",0.0380000000000109,92
"vary_k",10000,91,6,"PELT",0.00300000000004275,92
"vary_k",10000,91,6,"SVP BIC",0.0360000000000582,92
"vary_k",10000,91,6,"SVP BIC calibrated",0.0369999999999209,92
"vary_k",10000,91,6,"SVP BIC multiscale",0.0369999999999209,92
"vary_k",10000,91,7,"PELT",0.00199999999995271,92
"vary_k",10000,91,7,"SVP BIC",0.0359999999999445,92
"vary_k",10000,91,7,"SVP BIC calibrated",0.0360000000000582,92
"vary_k",10000,91,7,"SVP BIC multiscale",0.0370000000000346,93
"vary_k",10000,91,8,"PELT",0.00200000000006639,92
"vary_k",10000,91,8,"SVP BIC",0.0369999999999209,92
"vary_k",10000,91,8,"SVP BIC calibrated",0.0359999999999445,92
"vary_k",10000,91,8,"SVP BIC multiscale",0.0370000000000346,92
"vary_k",10000,91,9,"PELT",0.00200000000006639,92
"vary_k",10000,91,9,"SVP BIC",0.0370000000000346,92
"vary_k",10000,91,9,"SVP BIC calibrated",0.0359999999999445,92
"vary_k",10000,91,9,"SVP BIC multiscale",0.0370000000000346,92
"vary_k",10000,91,10,"PELT",0.00200000000006639,92
"vary_k",10000,91,10,"SVP BIC",0.0360000000000582,92
"vary_k",10000,91,10,"SVP BIC calibrated",0.0360000000000582,92
"vary_k",10000,91,10,"SVP BIC multiscale",0.0370000000000346,93
"vary_k",10000,92,1,"PELT",0.00199999999995271,93
"vary_k",10000,92,1,"SVP BIC",0.0369999999999209,93
"vary_k",10000,92,1,"SVP BIC calibrated",0.0349999999999682,93
"vary_k",10000,92,1,"SVP BIC multiscale",0.0370000000000346,93
"vary_k",10000,92,2,"PELT",0.00200000000006639,93
"vary_k",10000,92,2,"SVP BIC",0.0350000000000819,93
"vary_k",10000,92,2,"SVP BIC calibrated",0.0349999999999682,93
"vary_k",10000,92,2,"SVP BIC multiscale",0.0359999999999445,93
"vary_k",10000,92,3,"PELT",0.00199999999995271,93
"vary_k",10000,92,3,"SVP BIC",0.0359999999999445,93
"vary_k",10000,92,3,"SVP BIC calibrated",0.0360000000000582,93
"vary_k",10000,92,3,"SVP BIC multiscale",0.0370000000000346,93
"vary_k",10000,92,4,"PELT",0.00200000000006639,93
"vary_k",10000,92,4,"SVP BIC",0.0360000000000582,93
"vary_k",10000,92,4,"SVP BIC calibrated",0.0360000000000582,93
"vary_k",10000,92,4,"SVP BIC multiscale",0.0370000000000346,93
"vary_k",10000,92,5,"PELT",0.00299999999992906,93
"vary_k",10000,92,5,"SVP BIC",0.0369999999999209,93
"vary_k",10000,92,5,"SVP BIC calibrated",0.0359999999999445,93
"vary_k",10000,92,5,"SVP BIC multiscale",0.0369999999999209,93
"vary_k",10000,92,6,"PELT",0.00199999999995271,93
"vary_k",10000,92,6,"SVP BIC",0.0360000000000582,93
"vary_k",10000,92,6,"SVP BIC calibrated",0.0360000000000582,93
"vary_k",10000,92,6,"SVP BIC multiscale",0.0379999999998972,93
"vary_k",10000,92,7,"PELT",0.00199999999995271,93
"vary_k",10000,92,7,"SVP BIC",0.0370000000000346,93
"vary_k",10000,92,7,"SVP BIC calibrated",0.0369999999999209,93
"vary_k",10000,92,7,"SVP BIC multiscale",0.0380000000000109,94
"vary_k",10000,92,8,"PELT",0.00200000000006639,94
"vary_k",10000,92,8,"SVP BIC",0.0370000000000346,93
"vary_k",10000,92,8,"SVP BIC calibrated",0.0359999999999445,93
"vary_k",10000,92,8,"SVP BIC multiscale",0.0370000000000346,93
"vary_k",10000,92,9,"PELT",0.00199999999995271,93
"vary_k",10000,92,9,"SVP BIC",0.0360000000000582,93
"vary_k",10000,92,9,"SVP BIC calibrated",0.0360000000000582,93
"vary_k",10000,92,9,"SVP BIC multiscale",0.0380000000000109,93
"vary_k",10000,92,10,"PELT",0.00200000000006639,93
"vary_k",10000,92,10,"SVP BIC",0.0370000000000346,93
"vary_k",10000,92,10,"SVP BIC calibrated",0.0360000000000582,93
"vary_k",10000,92,10,"SVP BIC multiscale",0.0370000000000346,93
"vary_k",10000,93,1,"PELT",0.00200000000006639,94
"vary_k",10000,93,1,"SVP BIC",0.0349999999999682,94
"vary_k",10000,93,1,"SVP BIC calibrated",0.0359999999999445,94
"vary_k",10000,93,1,"SVP BIC multiscale",0.0359999999999445,94
"vary_k",10000,93,2,"PELT",0.00199999999995271,94
"vary_k",10000,93,2,"SVP BIC",0.0349999999999682,94
"vary_k",10000,93,2,"SVP BIC calibrated",0.0360000000000582,94
"vary_k",10000,93,2,"SVP BIC multiscale",0.0360000000000582,94
"vary_k",10000,93,3,"PELT",0.00200000000006639,94
"vary_k",10000,93,3,"SVP BIC",0.0359999999999445,94
"vary_k",10000,93,3,"SVP BIC calibrated",0.0349999999999682,94
"vary_k",10000,93,3,"SVP BIC multiscale",0.0370000000000346,94
"vary_k",10000,93,4,"PELT",0.00300000000004275,94
"vary_k",10000,93,4,"SVP BIC",0.0349999999999682,94
"vary_k",10000,93,4,"SVP BIC calibrated",0.0359999999999445,94
"vary_k",10000,93,4,"SVP BIC multiscale",0.0359999999999445,95
"vary_k",10000,93,5,"PELT",0.00299999999992906,94
"vary_k",10000,93,5,"SVP BIC",0.0360000000000582,94
"vary_k",10000,93,5,"SVP BIC calibrated",0.0360000000000582,94
"vary_k",10000,93,5,"SVP BIC multiscale",0.0370000000000346,94
"vary_k",10000,93,6,"PELT",0.00199999999995271,94
"vary_k",10000,93,6,"SVP BIC",0.0379999999998972,94
"vary_k",10000,93,6,"SVP BIC calibrated",0.0349999999999682,94
"vary_k",10000,93,6,"SVP BIC multiscale",0.0369999999999209,94
"vary_k",10000,93,7,"PELT",0.00199999999995271,94
"vary_k",10000,93,7,"SVP BIC",0.0349999999999682,94
"vary_k",10000,93,7,"SVP BIC calibrated",0.0359999999999445,94
"vary_k",10000,93,7,"SVP BIC multiscale",0.0370000000000346,94
"vary_k",10000,93,8,"PELT",0.00200000000006639,94
"vary_k",10000,93,8,"SVP BIC",0.0360000000000582,94
"vary_k",10000,93,8,"SVP BIC calibrated",0.0349999999999682,94
"vary_k",10000,93,8,"SVP BIC multiscale",0.0369999999999209,94
"vary_k",10000,93,9,"PELT",0.00199999999995271,94
"vary_k",10000,93,9,"SVP BIC",0.0360000000000582,94
"vary_k",10000,93,9,"SVP BIC calibrated",0.0360000000000582,94
"vary_k",10000,93,9,"SVP BIC multiscale",0.0370000000000346,94
"vary_k",10000,93,10,"PELT",0.00199999999995271,94
"vary_k",10000,93,10,"SVP BIC",0.0359999999999445,94
"vary_k",10000,93,10,"SVP BIC calibrated",0.0360000000000582,94
"vary_k",10000,93,10,"SVP BIC multiscale",0.0360000000000582,94
"vary_k",10000,94,1,"PELT",0.00200000000006639,95
"vary_k",10000,94,1,"SVP BIC",0.0349999999999682,95
"vary_k",10000,94,1,"SVP BIC calibrated",0.0349999999999682,95
"vary_k",10000,94,1,"SVP BIC multiscale",0.0359999999999445,95
"vary_k",10000,94,2,"PELT",0.00199999999995271,95
"vary_k",10000,94,2,"SVP BIC",0.0360000000000582,95
"vary_k",10000,94,2,"SVP BIC calibrated",0.0360000000000582,95
"vary_k",10000,94,2,"SVP BIC multiscale",0.0359999999999445,95
"vary_k",10000,94,3,"PELT",0.00200000000006639,95
"vary_k",10000,94,3,"SVP BIC",0.0360000000000582,95
"vary_k",10000,94,3,"SVP BIC calibrated",0.0349999999999682,95
"vary_k",10000,94,3,"SVP BIC multiscale",0.0370000000000346,95
"vary_k",10000,94,4,"PELT",0.00199999999995271,95
"vary_k",10000,94,4,"SVP BIC",0.0350000000000819,95
"vary_k",10000,94,4,"SVP BIC calibrated",0.0359999999999445,95
"vary_k",10000,94,4,"SVP BIC multiscale",0.0359999999999445,95
"vary_k",10000,94,5,"PELT",0.00200000000006639,95
"vary_k",10000,94,5,"SVP BIC",0.0349999999999682,95
"vary_k",10000,94,5,"SVP BIC calibrated",0.0349999999999682,95
"vary_k",10000,94,5,"SVP BIC multiscale",0.0370000000000346,95
"vary_k",10000,94,6,"PELT",0.00200000000006639,95
"vary_k",10000,94,6,"SVP BIC",0.0360000000000582,95
"vary_k",10000,94,6,"SVP BIC calibrated",0.0359999999999445,95
"vary_k",10000,94,6,"SVP BIC multiscale",0.0359999999999445,95
"vary_k",10000,94,7,"PELT",0.00200000000006639,95
"vary_k",10000,94,7,"SVP BIC",0.0349999999999682,95
"vary_k",10000,94,7,"SVP BIC calibrated",0.0349999999999682,95
"vary_k",10000,94,7,"SVP BIC multiscale",0.0359999999999445,95
"vary_k",10000,94,8,"PELT",0.00199999999995271,95
"vary_k",10000,94,8,"SVP BIC",0.0349999999999682,95
"vary_k",10000,94,8,"SVP BIC calibrated",0.0360000000000582,95
"vary_k",10000,94,8,"SVP BIC multiscale",0.0370000000000346,95
"vary_k",10000,94,9,"PELT",0.00199999999995271,95
"vary_k",10000,94,9,"SVP BIC",0.0359999999999445,95
"vary_k",10000,94,9,"SVP BIC calibrated",0.0350000000000819,95
"vary_k",10000,94,9,"SVP BIC multiscale",0.0360000000000582,95
"vary_k",10000,94,10,"PELT",0.00199999999995271,95
"vary_k",10000,94,10,"SVP BIC",0.0349999999999682,95
"vary_k",10000,94,10,"SVP BIC calibrated",0.0360000000000582,95
"vary_k",10000,94,10,"SVP BIC multiscale",0.0370000000000346,97
"vary_k",10000,95,1,"PELT",0.00199999999995271,96
"vary_k",10000,95,1,"SVP BIC",0.0349999999999682,96
"vary_k",10000,95,1,"SVP BIC calibrated",0.0350000000000819,96
"vary_k",10000,95,1,"SVP BIC multiscale",0.0359999999999445,97
"vary_k",10000,95,2,"PELT",0.00199999999995271,96
"vary_k",10000,95,2,"SVP BIC",0.0349999999999682,96
"vary_k",10000,95,2,"SVP BIC calibrated",0.0349999999999682,96
"vary_k",10000,95,2,"SVP BIC multiscale",0.0359999999999445,96
"vary_k",10000,95,3,"PELT",0.00200000000006639,96
"vary_k",10000,95,3,"SVP BIC",0.0349999999999682,96
"vary_k",10000,95,3,"SVP BIC calibrated",0.0349999999999682,96
"vary_k",10000,95,3,"SVP BIC multiscale",0.0360000000000582,96
"vary_k",10000,95,4,"PELT",0.00199999999995271,96
"vary_k",10000,95,4,"SVP BIC",0.0349999999999682,96
"vary_k",10000,95,4,"SVP BIC calibrated",0.0350000000000819,96
"vary_k",10000,95,4,"SVP BIC multiscale",0.0359999999999445,96
"vary_k",10000,95,5,"PELT",0.00199999999995271,97
"vary_k",10000,95,5,"SVP BIC",0.0359999999999445,96
"vary_k",10000,95,5,"SVP BIC calibrated",0.0349999999999682,96
"vary_k",10000,95,5,"SVP BIC multiscale",0.0359999999999445,96
"vary_k",10000,95,6,"PELT",0.00200000000006639,96
"vary_k",10000,95,6,"SVP BIC",0.0349999999999682,96
"vary_k",10000,95,6,"SVP BIC calibrated",0.0349999999999682,96
"vary_k",10000,95,6,"SVP BIC multiscale",0.0360000000000582,96
"vary_k",10000,95,7,"PELT",0.00300000000004275,96
"vary_k",10000,95,7,"SVP BIC",0.0359999999999445,96
"vary_k",10000,95,7,"SVP BIC calibrated",0.0360000000000582,96
"vary_k",10000,95,7,"SVP BIC multiscale",0.0360000000000582,96
"vary_k",10000,95,8,"PELT",0.00200000000006639,96
"vary_k",10000,95,8,"SVP BIC",0.0350000000000819,96
"vary_k",10000,95,8,"SVP BIC calibrated",0.0349999999999682,96
"vary_k",10000,95,8,"SVP BIC multiscale",0.0370000000000346,96
"vary_k",10000,95,9,"PELT",0.00200000000006639,96
"vary_k",10000,95,9,"SVP BIC",0.0349999999999682,96
"vary_k",10000,95,9,"SVP BIC calibrated",0.0349999999999682,96
"vary_k",10000,95,9,"SVP BIC multiscale",0.0360000000000582,96
"vary_k",10000,95,10,"PELT",0.00199999999995271,96
"vary_k",10000,95,10,"SVP BIC",0.0350000000000819,96
"vary_k",10000,95,10,"SVP BIC calibrated",0.0359999999999445,96
"vary_k",10000,95,10,"SVP BIC multiscale",0.0359999999999445,96
"vary_k",10000,96,1,"PELT",0.00199999999995271,97
"vary_k",10000,96,1,"SVP BIC",0.0350000000000819,97
"vary_k",10000,96,1,"SVP BIC calibrated",0.0349999999999682,97
"vary_k",10000,96,1,"SVP BIC multiscale",0.0359999999999445,97
"vary_k",10000,96,2,"PELT",0.00199999999995271,97
"vary_k",10000,96,2,"SVP BIC",0.0349999999999682,97
"vary_k",10000,96,2,"SVP BIC calibrated",0.0350000000000819,97
"vary_k",10000,96,2,"SVP BIC multiscale",0.0360000000000582,97
"vary_k",10000,96,3,"PELT",0.00200000000006639,97
"vary_k",10000,96,3,"SVP BIC",0.0349999999999682,97
"vary_k",10000,96,3,"SVP BIC calibrated",0.0339999999999918,97
"vary_k",10000,96,3,"SVP BIC multiscale",0.0349999999999682,97
"vary_k",10000,96,4,"PELT",0.00199999999995271,97
"vary_k",10000,96,4,"SVP BIC",0.0350000000000819,97
"vary_k",10000,96,4,"SVP BIC calibrated",0.0339999999999918,97
"vary_k",10000,96,4,"SVP BIC multiscale",0.0360000000000582,97
"vary_k",10000,96,5,"PELT",0.00199999999995271,97
"vary_k",10000,96,5,"SVP BIC",0.0349999999999682,97
"vary_k",10000,96,5,"SVP BIC calibrated",0.0339999999999918,97
"vary_k",10000,96,5,"SVP BIC multiscale",0.0370000000000346,97
"vary_k",10000,96,6,"PELT",0.00199999999995271,97
"vary_k",10000,96,6,"SVP BIC",0.0349999999999682,97
"vary_k",10000,96,6,"SVP BIC calibrated",0.0350000000000819,97
"vary_k",10000,96,6,"SVP BIC multiscale",0.0359999999999445,97
"vary_k",10000,96,7,"PELT",0.00199999999995271,97
"vary_k",10000,96,7,"SVP BIC",0.0339999999999918,97
"vary_k",10000,96,7,"SVP BIC calibrated",0.0349999999999682,97
"vary_k",10000,96,7,"SVP BIC multiscale",0.0360000000000582,97
"vary_k",10000,96,8,"PELT",0.00199999999995271,97
"vary_k",10000,96,8,"SVP BIC",0.0350000000000819,97
"vary_k",10000,96,8,"SVP BIC calibrated",0.0349999999999682,97
"vary_k",10000,96,8,"SVP BIC multiscale",0.0359999999999445,97
"vary_k",10000,96,9,"PELT",0.00300000000004275,97
"vary_k",10000,96,9,"SVP BIC",0.0349999999999682,97
"vary_k",10000,96,9,"SVP BIC calibrated",0.0349999999999682,97
"vary_k",10000,96,9,"SVP BIC multiscale",0.0359999999999445,97
"vary_k",10000,96,10,"PELT",0.00300000000004275,97
"vary_k",10000,96,10,"SVP BIC",0.0349999999999682,97
"vary_k",10000,96,10,"SVP BIC calibrated",0.0349999999999682,97
"vary_k",10000,96,10,"SVP BIC multiscale",0.0349999999999682,97
"vary_k",10000,97,1,"PELT",0.00199999999995271,98
"vary_k",10000,97,1,"SVP BIC",0.0349999999999682,98
"vary_k",10000,97,1,"SVP BIC calibrated",0.0349999999999682,98
"vary_k",10000,97,1,"SVP BIC multiscale",0.0360000000000582,98
"vary_k",10000,97,2,"PELT",0.00199999999995271,98
"vary_k",10000,97,2,"SVP BIC",0.0349999999999682,98
"vary_k",10000,97,2,"SVP BIC calibrated",0.0350000000000819,99
"vary_k",10000,97,2,"SVP BIC multiscale",0.0359999999999445,100
"vary_k",10000,97,3,"PELT",0.00199999999995271,98
"vary_k",10000,97,3,"SVP BIC",0.0350000000000819,98
"vary_k",10000,97,3,"SVP BIC calibrated",0.0339999999999918,98
"vary_k",10000,97,3,"SVP BIC multiscale",0.0349999999999682,98
"vary_k",10000,97,4,"PELT",0.00200000000006639,98
"vary_k",10000,97,4,"SVP BIC",0.0359999999999445,98
"vary_k",10000,97,4,"SVP BIC calibrated",0.0349999999999682,98
"vary_k",10000,97,4,"SVP BIC multiscale",0.0360000000000582,98
"vary_k",10000,97,5,"PELT",0.00300000000004275,98
"vary_k",10000,97,5,"SVP BIC",0.0349999999999682,98
"vary_k",10000,97,5,"SVP BIC calibrated",0.0349999999999682,98
"vary_k",10000,97,5,"SVP BIC multiscale",0.0360000000000582,98
"vary_k",10000,97,6,"PELT",0.00200000000006639,98
"vary_k",10000,97,6,"SVP BIC",0.0349999999999682,98
"vary_k",10000,97,6,"SVP BIC calibrated",0.0350000000000819,98
"vary_k",10000,97,6,"SVP BIC multiscale",0.0349999999999682,98
"vary_k",10000,97,7,"PELT",0.00199999999995271,98
"vary_k",10000,97,7,"SVP BIC",0.0349999999999682,98
"vary_k",10000,97,7,"SVP BIC calibrated",0.0350000000000819,98
"vary_k",10000,97,7,"SVP BIC multiscale",0.0359999999999445,98
"vary_k",10000,97,8,"PELT",0.00200000000006639,98
"vary_k",10000,97,8,"SVP BIC",0.0339999999999918,98
"vary_k",10000,97,8,"SVP BIC calibrated",0.0350000000000819,98
"vary_k",10000,97,8,"SVP BIC multiscale",0.0359999999999445,98
"vary_k",10000,97,9,"PELT",0.00199999999995271,98
"vary_k",10000,97,9,"SVP BIC",0.0339999999999918,98
"vary_k",10000,97,9,"SVP BIC calibrated",0.0339999999999918,98
"vary_k",10000,97,9,"SVP BIC multiscale",0.0349999999999682,98
"vary_k",10000,97,10,"PELT",0.00200000000006639,98
"vary_k",10000,97,10,"SVP BIC",0.0349999999999682,98
"vary_k",10000,97,10,"SVP BIC calibrated",0.0350000000000819,98
"vary_k",10000,97,10,"SVP BIC multiscale",0.0359999999999445,98
"vary_k",10000,98,1,"PELT",0.00199999999995271,99
"vary_k",10000,98,1,"SVP BIC",0.0339999999999918,99
"vary_k",10000,98,1,"SVP BIC calibrated",0.0339999999999918,99
"vary_k",10000,98,1,"SVP BIC multiscale",0.0360000000000582,99
"vary_k",10000,98,2,"PELT",0.00200000000006639,99
"vary_k",10000,98,2,"SVP BIC",0.0349999999999682,99
"vary_k",10000,98,2,"SVP BIC calibrated",0.0339999999999918,99
"vary_k",10000,98,2,"SVP BIC multiscale",0.0349999999999682,99
"vary_k",10000,98,3,"PELT",0.00199999999995271,99
"vary_k",10000,98,3,"SVP BIC",0.0349999999999682,99
"vary_k",10000,98,3,"SVP BIC calibrated",0.0339999999999918,99
"vary_k",10000,98,3,"SVP BIC multiscale",0.0349999999999682,99
"vary_k",10000,98,4,"PELT",0.00199999999995271,99
"vary_k",10000,98,4,"SVP BIC",0.0339999999999918,99
"vary_k",10000,98,4,"SVP BIC calibrated",0.0339999999999918,99
"vary_k",10000,98,4,"SVP BIC multiscale",0.0359999999999445,99
"vary_k",10000,98,5,"PELT",0.00200000000006639,99
"vary_k",10000,98,5,"SVP BIC",0.0350000000000819,99
"vary_k",10000,98,5,"SVP BIC calibrated",0.0339999999999918,99
"vary_k",10000,98,5,"SVP BIC multiscale",0.0349999999999682,99
"vary_k",10000,98,6,"PELT",0.00199999999995271,99
"vary_k",10000,98,6,"SVP BIC",0.0339999999999918,99
"vary_k",10000,98,6,"SVP BIC calibrated",0.0340000000001055,99
"vary_k",10000,98,6,"SVP BIC multiscale",0.0339999999999918,99
"vary_k",10000,98,7,"PELT",0.00299999999992906,99
"vary_k",10000,98,7,"SVP BIC",0.0349999999999682,99
"vary_k",10000,98,7,"SVP BIC calibrated",0.0350000000000819,99
"vary_k",10000,98,7,"SVP BIC multiscale",0.0339999999999918,99
"vary_k",10000,98,8,"PELT",0.00199999999995271,99
"vary_k",10000,98,8,"SVP BIC",0.0349999999999682,99
"vary_k",10000,98,8,"SVP BIC calibrated",0.0340000000001055,99
"vary_k",10000,98,8,"SVP BIC multiscale",0.0349999999999682,99
"vary_k",10000,98,9,"PELT",0.00199999999995271,99
"vary_k",10000,98,9,"SVP BIC",0.0349999999999682,99
"vary_k",10000,98,9,"SVP BIC calibrated",0.0339999999999918,99
"vary_k",10000,98,9,"SVP BIC multiscale",0.0350000000000819,99
"vary_k",10000,98,10,"PELT",0.00199999999995271,99
"vary_k",10000,98,10,"SVP BIC",0.0339999999999918,99
"vary_k",10000,98,10,"SVP BIC calibrated",0.0330000000000155,99
"vary_k",10000,98,10,"SVP BIC multiscale",0.0350000000000819,99
"vary_k",10000,99,1,"PELT",0.00200000000006639,100
"vary_k",10000,99,1,"SVP BIC",0.0330000000000155,100
"vary_k",10000,99,1,"SVP BIC calibrated",0.0339999999999918,100
"vary_k",10000,99,1,"SVP BIC multiscale",0.0349999999999682,100
"vary_k",10000,99,2,"PELT",0.00200000000006639,100
"vary_k",10000,99,2,"SVP BIC",0.0339999999999918,100
"vary_k",10000,99,2,"SVP BIC calibrated",0.0339999999999918,100
"vary_k",10000,99,2,"SVP BIC multiscale",0.0349999999999682,101
"vary_k",10000,99,3,"PELT",0.00199999999995271,100
"vary_k",10000,99,3,"SVP BIC",0.0330000000000155,100
"vary_k",10000,99,3,"SVP BIC calibrated",0.0330000000000155,100
"vary_k",10000,99,3,"SVP BIC multiscale",0.0349999999999682,100
"vary_k",10000,99,4,"PELT",0.00199999999995271,100
"vary_k",10000,99,4,"SVP BIC",0.0330000000000155,100
"vary_k",10000,99,4,"SVP BIC calibrated",0.0339999999999918,100
"vary_k",10000,99,4,"SVP BIC multiscale",0.0339999999999918,100
"vary_k",10000,99,5,"PELT",0.00199999999995271,101
"vary_k",10000,99,5,"SVP BIC",0.0340000000001055,100
"vary_k",10000,99,5,"SVP BIC calibrated",0.0339999999999918,100
"vary_k",10000,99,5,"SVP BIC multiscale",0.0349999999999682,100
"vary_k",10000,99,6,"PELT",0.00199999999995271,100
"vary_k",10000,99,6,"SVP BIC",0.0339999999999918,100
"vary_k",10000,99,6,"SVP BIC calibrated",0.0339999999999918,100
"vary_k",10000,99,6,"SVP BIC multiscale",0.0349999999999682,100
"vary_k",10000,99,7,"PELT",0.00199999999995271,100
"vary_k",10000,99,7,"SVP BIC",0.0339999999999918,100
"vary_k",10000,99,7,"SVP BIC calibrated",0.0339999999999918,100
"vary_k",10000,99,7,"SVP BIC multiscale",0.0339999999999918,100
"vary_k",10000,99,8,"PELT",0.00200000000006639,100
"vary_k",10000,99,8,"SVP BIC",0.0339999999999918,100
"vary_k",10000,99,8,"SVP BIC calibrated",0.0330000000000155,100
"vary_k",10000,99,8,"SVP BIC multiscale",0.0349999999999682,100
"vary_k",10000,99,9,"PELT",0.00199999999995271,100
"vary_k",10000,99,9,"SVP BIC",0.0339999999999918,100
"vary_k",10000,99,9,"SVP BIC calibrated",0.0339999999999918,100
"vary_k",10000,99,9,"SVP BIC multiscale",0.0349999999999682,100
"vary_k",10000,99,10,"PELT",0.00199999999995271,100
"vary_k",10000,99,10,"SVP BIC",0.0330000000000155,100
"vary_k",10000,99,10,"SVP BIC calibrated",0.0330000000000155,100
"vary_k",10000,99,10,"SVP BIC multiscale",0.0339999999999918,100
"vary_k",10000,100,1,"PELT",0.00199999999995271,101
"vary_k",10000,100,1,"SVP BIC",0.0339999999999918,101
"vary_k",10000,100,1,"SVP BIC calibrated",0.0339999999999918,101
"vary_k",10000,100,1,"SVP BIC multiscale",0.0349999999999682,101
"vary_k",10000,100,2,"PELT",0.00200000000006639,101
"vary_k",10000,100,2,"SVP BIC",0.0339999999999918,101
"vary_k",10000,100,2,"SVP BIC calibrated",0.0330000000000155,101
"vary_k",10000,100,2,"SVP BIC multiscale",0.0339999999999918,101
"vary_k",10000,100,3,"PELT",0.00200000000006639,101
"vary_k",10000,100,3,"SVP BIC",0.0330000000000155,101
"vary_k",10000,100,3,"SVP BIC calibrated",0.0340000000001055,101
"vary_k",10000,100,3,"SVP BIC multiscale",0.0349999999999682,101
"vary_k",10000,100,4,"PELT",0.00199999999995271,101
"vary_k",10000,100,4,"SVP BIC",0.0330000000000155,101
"vary_k",10000,100,4,"SVP BIC calibrated",0.0330000000000155,101
"vary_k",10000,100,4,"SVP BIC multiscale",0.0339999999999918,101
"vary_k",10000,100,5,"PELT",0.00199999999995271,101
"vary_k",10000,100,5,"SVP BIC",0.0339999999999918,101
"vary_k",10000,100,5,"SVP BIC calibrated",0.0329999999999018,101
"vary_k",10000,100,5,"SVP BIC multiscale",0.0349999999999682,102
"vary_k",10000,100,6,"PELT",0.00200000000006639,101
"vary_k",10000,100,6,"SVP BIC",0.0349999999999682,101
"vary_k",10000,100,6,"SVP BIC calibrated",0.0339999999999918,101
"vary_k",10000,100,6,"SVP BIC multiscale",0.0349999999999682,101
"vary_k",10000,100,7,"PELT",0.00199999999995271,101
"vary_k",10000,100,7,"SVP BIC",0.0330000000000155,101
"vary_k",10000,100,7,"SVP BIC calibrated",0.0339999999999918,101
"vary_k",10000,100,7,"SVP BIC multiscale",0.0349999999999682,101
"vary_k",10000,100,8,"PELT",0.00199999999995271,101
"vary_k",10000,100,8,"SVP BIC",0.0339999999999918,101
"vary_k",10000,100,8,"SVP BIC calibrated",0.0339999999999918,101
"vary_k",10000,100,8,"SVP BIC multiscale",0.0349999999999682,101
"vary_k",10000,100,9,"PELT",0.00199999999995271,101
"vary_k",10000,100,9,"SVP BIC",0.0339999999999918,101
"vary_k",10000,100,9,"SVP BIC calibrated",0.0339999999999918,101
"vary_k",10000,100,9,"SVP BIC multiscale",0.0340000000001055,101
"vary_k",10000,100,10,"PELT",0.00199999999995271,101
"vary_k",10000,100,10,"SVP BIC",0.0339999999999918,101
"vary_k",10000,100,10,"SVP BIC calibrated",0.0339999999999918,101
"vary_k",10000,100,10,"SVP BIC multiscale",0.0350000000000819,101
