"experiment","n","k","rep","method","time_baseline","detected_baseline","time_shortcuts","detected_shortcuts","detected_equal","speedup"
"vary_k",10000,0,1,"PELT",0.0360000000000014,1,0.0350000000000819,1,TRUE,1.02857142856906
"vary_k",10000,0,1,"SVP BIC",0.0139999999999958,1,0.01400000000001,1,TRUE,0.999999999998986
"vary_k",10000,0,1,"SVP BIC calibrated",0.0130000000000052,1,0.0130000000000337,1,TRUE,0.999999999997808
"vary_k",10000,0,1,"SVP BIC multiscale",0.000999999999990564,1,4.2120000000001,1,TRUE,0.000237416904081325
"vary_k",10000,0,10,"PELT",0.090999999999994,1,0.0910000000000082,1,TRUE,0.999999999999844
"vary_k",10000,0,10,"SVP BIC",0.0130000000000052,1,0.0130000000000337,1,TRUE,0.999999999997808
"vary_k",10000,0,10,"SVP BIC calibrated",0.0120000000000005,1,0.0119999999999436,1,TRUE,1.00000000000474
"vary_k",10000,0,10,"SVP BIC multiscale",0.00199999999999534,1,4.23699999999997,1,TRUE,0.00047203209818158
"vary_k",10000,0,2,"PELT",0.0480000000000018,1,0.0510000000000446,1,TRUE,0.941176470587447
"vary_k",10000,0,2,"SVP BIC",0.012999999999991,1,0.0130000000000337,1,TRUE,0.999999999996715
"vary_k",10000,0,2,"SVP BIC calibrated",0.0130000000000052,1,0.0130000000000337,1,TRUE,0.999999999997808
"vary_k",10000,0,2,"SVP BIC multiscale",0.000999999999990564,1,4.44400000000007,1,TRUE,0.000225022502248098
"vary_k",10000,0,3,"PELT",0.0910000000000082,1,0.0910000000000082,1,TRUE,1
"vary_k",10000,0,3,"SVP BIC",0.0130000000000052,1,0.0130000000000337,1,TRUE,0.999999999997808
"vary_k",10000,0,3,"SVP BIC calibrated",0.0130000000000052,1,0.0130000000000337,1,TRUE,0.999999999997808
"vary_k",10000,0,3,"SVP BIC multiscale",0.000999999999990564,1,4.46699999999998,1,TRUE,0.00022386389075231
"vary_k",10000,0,4,"PELT",0.0879999999999939,1,0.0890000000000555,1,TRUE,0.988764044943135
"vary_k",10000,0,4,"SVP BIC",0.012999999999991,1,0.01299999999992,1,TRUE,1.00000000000546
"vary_k",10000,0,4,"SVP BIC calibrated",0.012999999999991,1,0.01299999999992,1,TRUE,1.00000000000546
"vary_k",10000,0,4,"SVP BIC multiscale",0.000999999999990564,1,4.245,1,TRUE,0.00023557126030402
"vary_k",10000,0,5,"PELT",0.0519999999999925,1,0.0550000000000637,1,TRUE,0.945454545453314
"vary_k",10000,0,5,"SVP BIC",0.012999999999991,1,0.0120000000000573,1,TRUE,1.08333333332741
"vary_k",10000,0,5,"SVP BIC calibrated",0.0130000000000052,1,0.0120000000000573,1,TRUE,1.08333333332859
"vary_k",10000,0,5,"SVP BIC multiscale",0.00200000000000955,1,4.32899999999995,1,TRUE,0.000462000462002673
"vary_k",10000,0,6,"PELT",0.0440000000000111,1,0.0440000000000964,1,TRUE,0.999999999998061
"vary_k",10000,0,6,"SVP BIC",0.0139999999999958,1,0.0130000000000337,1,TRUE,1.07692307691996
"vary_k",10000,0,6,"SVP BIC calibrated",0.012999999999991,1,0.0120000000000573,1,TRUE,1.08333333332741
"vary_k",10000,0,6,"SVP BIC multiscale",0.00100000000000477,1,4.49000000000001,1,TRUE,0.000222717149221552
"vary_k",10000,0,7,"PELT",0.0919999999999987,1,0.0910000000000082,1,TRUE,1.01098901098891
"vary_k",10000,0,7,"SVP BIC",0.0120000000000005,1,0.01299999999992,1,TRUE,0.923076923082642
"vary_k",10000,0,7,"SVP BIC calibrated",0.0130000000000052,1,0.0130000000000337,1,TRUE,0.999999999997808
"vary_k",10000,0,7,"SVP BIC multiscale",0.00199999999999534,1,4.27199999999993,1,TRUE,0.000468164794006408
"vary_k",10000,0,8,"PELT",0.0889999999999986,1,0.0940000000000509,1,TRUE,0.94680851063777
"vary_k",10000,0,8,"SVP BIC",0.0130000000000052,1,0.0130000000000337,1,TRUE,0.999999999997808
"vary_k",10000,0,8,"SVP BIC calibrated",0.012999999999991,1,0.0130000000000337,1,TRUE,0.999999999996715
"vary_k",10000,0,8,"SVP BIC multiscale",0.00199999999999534,1,4.34500000000003,1,TRUE,0.000460299194475334
"vary_k",10000,0,9,"PELT",0.0779999999999887,1,0.0769999999999982,1,TRUE,1.01298701298689
"vary_k",10000,0,9,"SVP BIC",0.0130000000000052,1,0.0130000000000337,1,TRUE,0.999999999997808
"vary_k",10000,0,9,"SVP BIC calibrated",0.0120000000000005,1,0.01299999999992,1,TRUE,0.923076923082642
"vary_k",10000,0,9,"SVP BIC multiscale",0.00100000000000477,1,4.26200000000006,1,TRUE,0.000234631628344617
"vary_k",10000,1,1,"PELT",0.0350000000000108,2,0.0349999999999682,2,TRUE,1.00000000000122
"vary_k",10000,1,1,"SVP BIC",1.05699999999999,2,1.30500000000006,2,TRUE,0.80996168582371
"vary_k",10000,1,1,"SVP BIC calibrated",1.06099999999999,2,1.298,2,TRUE,0.817411402157157
"vary_k",10000,1,1,"SVP BIC multiscale",1.39399999999999,2,1.46000000000004,2,TRUE,0.954794520547912
"vary_k",10000,1,10,"PELT",0.0539999999999878,2,0.0480000000000018,2,TRUE,1.1249999999997
"vary_k",10000,1,10,"SVP BIC",1.04400000000001,2,1.27100000000007,2,TRUE,0.821400472069199
"vary_k",10000,1,10,"SVP BIC calibrated",1.041,2,1.28499999999997,2,TRUE,0.810116731517529
"vary_k",10000,1,10,"SVP BIC multiscale",1.364,2,1.48000000000002,2,TRUE,0.921621621621609
"vary_k",10000,1,2,"PELT",0.0460000000000065,2,0.0460000000000491,2,TRUE,0.999999999999074
"vary_k",10000,1,2,"SVP BIC",1.07300000000001,2,1.31499999999994,2,TRUE,0.815969581749094
"vary_k",10000,1,2,"SVP BIC calibrated",1.074,2,1.322,2,TRUE,0.812405446293495
"vary_k",10000,1,2,"SVP BIC multiscale",1.416,2,1.50199999999995,2,TRUE,0.942743009320937
"vary_k",10000,1,3,"PELT",0.0460000000000065,2,0.0460000000000491,2,TRUE,0.999999999999074
"vary_k",10000,1,3,"SVP BIC",1.09399999999999,2,1.29700000000003,2,TRUE,0.843484965304522
"vary_k",10000,1,3,"SVP BIC calibrated",1.08,2,1.29499999999996,2,TRUE,0.83397683397686
"vary_k",10000,1,3,"SVP BIC multiscale",1.42099999999999,2,1.47399999999993,2,TRUE,0.964043419267339
"vary_k",10000,1,4,"PELT",0.0460000000000065,2,0.0490000000000919,2,TRUE,0.938775510202454
"vary_k",10000,1,4,"SVP BIC",1.07400000000001,2,1.31399999999996,2,TRUE,0.817351598173548
"vary_k",10000,1,4,"SVP BIC calibrated",1.071,2,1.30600000000004,2,TRUE,0.820061255742701
"vary_k",10000,1,4,"SVP BIC multiscale",1.43199999999999,2,1.57500000000005,2,TRUE,0.909206349206314
"vary_k",10000,1,5,"PELT",0.0470000000000113,2,0.0500000000000682,2,TRUE,0.939999999998944
"vary_k",10000,1,5,"SVP BIC",1.12,2,1.30899999999997,2,TRUE,0.855614973262052
"vary_k",10000,1,5,"SVP BIC calibrated",1.08200000000001,2,1.32899999999995,2,TRUE,0.814145974416893
"vary_k",10000,1,5,"SVP BIC multiscale",1.453,2,1.50400000000002,2,TRUE,0.966090425531902
"vary_k",10000,1,6,"PELT",0.0480000000000018,2,0.0469999999999118,2,TRUE,1.02127659574664
"vary_k",10000,1,6,"SVP BIC",1.098,2,1.31200000000001,2,TRUE,0.836890243902433
"vary_k",10000,1,6,"SVP BIC calibrated",1.077,2,1.28499999999997,2,TRUE,0.838132295719864
"vary_k",10000,1,6,"SVP BIC multiscale",1.41399999999999,2,1.47500000000002,2,TRUE,0.95864406779659
"vary_k",10000,1,7,"PELT",0.0459999999999923,2,0.0490000000000919,2,TRUE,0.938775510202164
"vary_k",10000,1,7,"SVP BIC",1.078,2,1.27600000000007,2,TRUE,0.84482758620685
"vary_k",10000,1,7,"SVP BIC calibrated",1.06700000000001,2,1.26800000000003,2,TRUE,0.841482649842259
"vary_k",10000,1,7,"SVP BIC multiscale",1.399,2,1.44999999999993,2,TRUE,0.964827586206943
"vary_k",10000,1,8,"PELT",0.0460000000000065,2,0.0470000000000255,2,TRUE,0.978723404254926
"vary_k",10000,1,8,"SVP BIC",1.068,2,1.28800000000001,2,TRUE,0.829192546583845
"vary_k",10000,1,8,"SVP BIC calibrated",1.068,2,1.27599999999995,2,TRUE,0.836990595611318
"vary_k",10000,1,8,"SVP BIC multiscale",1.429,2,1.43399999999997,2,TRUE,0.996513249651346
"vary_k",10000,1,9,"PELT",0.0389999999999873,2,0.0379999999998972,2,TRUE,1.02631578947613
"vary_k",10000,1,9,"SVP BIC",1.08,2,1.27299999999991,2,TRUE,0.848389630793461
"vary_k",10000,1,9,"SVP BIC calibrated",1.001,3,1.21299999999997,3,TRUE,0.82522671063481
"vary_k",10000,1,9,"SVP BIC multiscale",1.128,4,1.19899999999996,4,TRUE,0.940783986655577
"vary_k",10000,10,1,"PELT",0.0100000000000193,11,0.0099999999999909,11,TRUE,1.00000000000284
"vary_k",10000,10,1,"SVP BIC",0.224999999999994,11,0.242000000000075,11,TRUE,0.92975206611539
"vary_k",10000,10,1,"SVP BIC calibrated",0.225999999999999,11,0.244000000000028,11,TRUE,0.926229508196611
"vary_k",10000,10,1,"SVP BIC multiscale",0.236000000000018,11,0.25,11,TRUE,0.944000000000072
"vary_k",10000,10,10,"PELT",0.00900000000001455,11,0.0119999999999436,11,TRUE,0.750000000004738
"vary_k",10000,10,10,"SVP BIC",0.228000000000009,11,0.238999999999919,11,TRUE,0.95397489539785
"vary_k",10000,10,10,"SVP BIC calibrated",0.22799999999998,11,0.240999999999985,11,TRUE,0.946058091286283
"vary_k",10000,10,10,"SVP BIC multiscale",0.239000000000004,11,0.247999999999934,11,TRUE,0.963709677419627
"vary_k",10000,10,2,"PELT",0.0100000000000193,11,0.00899999999990087,11,TRUE,1.11111111112549
"vary_k",10000,10,2,"SVP BIC",0.225999999999999,11,0.237999999999943,11,TRUE,0.949579831932996
"vary_k",10000,10,2,"SVP BIC calibrated",0.224999999999994,11,0.242999999999938,11,TRUE,0.925925925926138
"vary_k",10000,10,2,"SVP BIC multiscale",0.235000000000014,11,0.257000000000062,11,TRUE,0.914396887159367
"vary_k",10000,10,3,"PELT",0.0099999999999909,11,0.0099999999999909,11,TRUE,1
"vary_k",10000,10,3,"SVP BIC",0.225999999999999,11,0.241999999999962,11,TRUE,0.933884297520804
"vary_k",10000,10,3,"SVP BIC calibrated",0.227000000000004,11,0.284000000000106,11,TRUE,0.799295774647603
"vary_k",10000,10,3,"SVP BIC multiscale",0.23599999999999,11,0.376999999999953,11,TRUE,0.625994694960264
"vary_k",10000,10,4,"PELT",0.00900000000001455,11,0.0109999999999673,11,TRUE,0.818181818185573
"vary_k",10000,10,4,"SVP BIC",0.225999999999999,11,0.243999999999915,11,TRUE,0.92622950819704
"vary_k",10000,10,4,"SVP BIC calibrated",0.227000000000004,11,0.250999999999976,11,TRUE,0.904382470119624
"vary_k",10000,10,4,"SVP BIC multiscale",0.239000000000004,11,0.256999999999948,11,TRUE,0.929961089494367
"vary_k",10000,10,5,"PELT",0.0100000000000193,11,0.0099999999999909,11,TRUE,1.00000000000284
"vary_k",10000,10,5,"SVP BIC",0.22999999999999,11,0.253000000000043,11,TRUE,0.909090909090715
"vary_k",10000,10,5,"SVP BIC calibrated",0.230999999999995,11,0.25100000000009,11,TRUE,0.920318725099252
"vary_k",10000,10,5,"SVP BIC multiscale",0.240000000000009,11,0.264999999999986,11,TRUE,0.905660377358572
"vary_k",10000,10,6,"PELT",0.0130000000000052,11,0.0099999999999909,11,TRUE,1.3000000000017
"vary_k",10000,10,6,"SVP BIC",0.227000000000004,11,0.244000000000028,11,TRUE,0.930327868852369
"vary_k",10000,10,6,"SVP BIC calibrated",0.228000000000009,11,0.244000000000028,11,TRUE,0.934426229508126
"vary_k",10000,10,6,"SVP BIC multiscale",0.239000000000004,11,0.266000000000076,11,TRUE,0.898496240601262
"vary_k",10000,10,7,"PELT",0.00899999999998613,12,0.00900000000001455,12,TRUE,0.999999999996842
"vary_k",10000,10,7,"SVP BIC",0.227000000000004,11,0.247000000000071,11,TRUE,0.919028340080724
"vary_k",10000,10,7,"SVP BIC calibrated",0.225999999999999,11,0.247999999999934,11,TRUE,0.911290322580884
"vary_k",10000,10,7,"SVP BIC multiscale",0.236999999999995,11,0.253000000000043,11,TRUE,0.936758893280453
"vary_k",10000,10,8,"PELT",0.00899999999998613,11,0.0110000000000809,11,TRUE,0.81818181817454
"vary_k",10000,10,8,"SVP BIC",0.225999999999999,11,0.242999999999938,11,TRUE,0.930041152263608
"vary_k",10000,10,8,"SVP BIC calibrated",0.225999999999999,11,0.246000000000095,11,TRUE,0.918699186991511
"vary_k",10000,10,8,"SVP BIC multiscale",0.236999999999995,11,0.252000000000066,11,TRUE,0.940476190475924
"vary_k",10000,10,9,"PELT",0.00899999999998613,11,0.0109999999999673,11,TRUE,0.81818181818299
"vary_k",10000,10,9,"SVP BIC",0.225999999999999,11,0.241999999999962,11,TRUE,0.933884297520804
"vary_k",10000,10,9,"SVP BIC calibrated",0.224999999999994,11,0.242999999999938,11,TRUE,0.925925925926138
"vary_k",10000,10,9,"SVP BIC multiscale",0.234999999999985,11,0.246999999999957,11,TRUE,0.951417004048688
"vary_k",10000,100,1,"PELT",0.00199999999995271,101,0.00199999999995271,101,TRUE,1
"vary_k",10000,100,1,"SVP BIC",0.0339999999999918,101,0.0360000000000582,101,TRUE,0.94444444444269
"vary_k",10000,100,1,"SVP BIC calibrated",0.0339999999999918,101,0.0359999999998308,101,TRUE,0.944444444448656
"vary_k",10000,100,1,"SVP BIC multiscale",0.0349999999999682,101,0.0339999999998781,101,TRUE,1.02941176470864
"vary_k",10000,100,10,"PELT",0.00199999999995271,101,0.00199999999995271,101,TRUE,1
"vary_k",10000,100,10,"SVP BIC",0.0339999999999918,101,0.0340000000001055,101,TRUE,0.999999999996656
"vary_k",10000,100,10,"SVP BIC calibrated",0.0339999999999918,101,0.0350000000000819,101,TRUE,0.971428571426064
"vary_k",10000,100,10,"SVP BIC multiscale",0.0350000000000819,101,0.0330000000001291,101,TRUE,1.06060606060439
"vary_k",10000,100,2,"PELT",0.00200000000006639,101,0.00199999999995271,101,TRUE,1.00000000005684
"vary_k",10000,100,2,"SVP BIC",0.0339999999999918,101,0.0339999999998781,101,TRUE,1.00000000000334
"vary_k",10000,100,2,"SVP BIC calibrated",0.0330000000000155,101,0.0340000000001055,101,TRUE,0.970588235291562
"vary_k",10000,100,2,"SVP BIC multiscale",0.0339999999999918,101,0.0340000000001055,101,TRUE,0.999999999996656
"vary_k",10000,100,3,"PELT",0.00200000000006639,101,0.00200000000018008,101,TRUE,0.999999999943155
"vary_k",10000,100,3,"SVP BIC",0.0330000000000155,101,0.0350000000000819,101,TRUE,0.94285714285538
"vary_k",10000,100,3,"SVP BIC calibrated",0.0340000000001055,101,0.0349999999998545,101,TRUE,0.971428571435624
"vary_k",10000,100,3,"SVP BIC multiscale",0.0349999999999682,101,0.0329999999999018,101,TRUE,1.06060606060825
"vary_k",10000,100,4,"PELT",0.00199999999995271,101,0.00199999999995271,101,TRUE,1
"vary_k",10000,100,4,"SVP BIC",0.0330000000000155,101,0.0339999999998781,101,TRUE,0.970588235298053
"vary_k",10000,100,4,"SVP BIC calibrated",0.0330000000000155,101,0.0350000000000819,101,TRUE,0.94285714285538
"vary_k",10000,100,4,"SVP BIC multiscale",0.0339999999999918,101,0.0330000000001291,101,TRUE,1.03030303029875
"vary_k",10000,100,5,"PELT",0.00199999999995271,101,0.000999999999976353,101,TRUE,2
"vary_k",10000,100,5,"SVP BIC",0.0339999999999918,101,0.0349999999998545,101,TRUE,0.971428571432375
"vary_k",10000,100,5,"SVP BIC calibrated",0.0329999999999018,101,0.0340000000001055,101,TRUE,0.970588235288218
"vary_k",10000,100,5,"SVP BIC multiscale",0.0349999999999682,102,0.0330000000001291,102,TRUE,1.06060606060095
"vary_k",10000,100,6,"PELT",0.00200000000006639,101,0.00199999999995271,101,TRUE,1.00000000005684
"vary_k",10000,100,6,"SVP BIC",0.0349999999999682,101,0.0360000000000582,101,TRUE,0.972222222219767
"vary_k",10000,100,6,"SVP BIC calibrated",0.0339999999999918,101,0.0360000000000582,101,TRUE,0.94444444444269
"vary_k",10000,100,6,"SVP BIC multiscale",0.0349999999999682,101,0.0329999999999018,101,TRUE,1.06060606060825
"vary_k",10000,100,7,"PELT",0.00199999999995271,101,0.00199999999995271,101,TRUE,1
"vary_k",10000,100,7,"SVP BIC",0.0330000000000155,101,0.0350000000000819,101,TRUE,0.94285714285538
"vary_k",10000,100,7,"SVP BIC calibrated",0.0339999999999918,101,0.0349999999998545,101,TRUE,0.971428571432375
"vary_k",10000,100,7,"SVP BIC multiscale",0.0349999999999682,101,0.0329999999999018,101,TRUE,1.06060606060825
"vary_k",10000,100,8,"PELT",0.00199999999995271,101,0.00199999999995271,101,TRUE,1
"vary_k",10000,100,8,"SVP BIC",0.0339999999999918,101,0.0350000000000819,101,TRUE,0.971428571426064
"vary_k",10000,100,8,"SVP BIC calibrated",0.0339999999999918,101,0.0339999999998781,101,TRUE,1.00000000000334
"vary_k",10000,100,8,"SVP BIC multiscale",0.0349999999999682,101,0.0339999999998781,101,TRUE,1.02941176470864
"vary_k",10000,100,9,"PELT",0.00199999999995271,101,0.000999999999976353,101,TRUE,2
"vary_k",10000,100,9,"SVP BIC",0.0339999999999918,101,0.0350000000000819,101,TRUE,0.971428571426064
"vary_k",10000,100,9,"SVP BIC calibrated",0.0339999999999918,101,0.0349999999998545,101,TRUE,0.971428571432375
"vary_k",10000,100,9,"SVP BIC multiscale",0.0340000000001055,101,0.0339999999998781,101,TRUE,1.00000000000669
"vary_k",10000,11,1,"PELT",0.00900000000001455,12,0.0099999999999909,12,TRUE,0.900000000002274
"vary_k",10000,11,1,"SVP BIC",0.20999999999998,12,0.22300000000007,12,TRUE,0.941704035874054
"vary_k",10000,11,1,"SVP BIC calibrated",0.210000000000008,12,0.222000000000094,12,TRUE,0.945945945945581
"vary_k",10000,11,1,"SVP BIC multiscale",0.221000000000004,12,0.235000000000014,12,TRUE,0.940425531914855
"vary_k",10000,11,10,"PELT",0.00800000000000978,12,0.00799999999992451,12,TRUE,1.00000000001066
"vary_k",10000,11,10,"SVP BIC",0.207999999999998,12,0.228000000000065,12,TRUE,0.912280701754117
"vary_k",10000,11,10,"SVP BIC calibrated",0.207999999999998,12,0.22300000000007,12,TRUE,0.932735426008667
"vary_k",10000,11,10,"SVP BIC multiscale",0.216999999999985,12,0.235000000000014,12,TRUE,0.92340425531903
"vary_k",10000,11,2,"PELT",0.00900000000001455,12,0.00799999999992451,12,TRUE,1.12500000001243
"vary_k",10000,11,2,"SVP BIC",0.207999999999998,12,0.226999999999975,12,TRUE,0.916299559471458
"vary_k",10000,11,2,"SVP BIC calibrated",0.207999999999998,12,0.221000000000004,12,TRUE,0.941176470588209
"vary_k",10000,11,2,"SVP BIC multiscale",0.217000000000013,12,0.230999999999995,12,TRUE,0.939393939394016
"vary_k",10000,11,3,"PELT",0.00899999999998613,12,0.00900000000001455,12,TRUE,0.999999999996842
"vary_k",10000,11,3,"SVP BIC",0.208999999999975,12,0.22199999999998,12,TRUE,0.941441441441414
"vary_k",10000,11,3,"SVP BIC calibrated",0.207999999999998,12,0.22199999999998,12,TRUE,0.936936936937012
"vary_k",10000,11,3,"SVP BIC multiscale",0.215000000000003,13,0.225000000000023,13,TRUE,0.955555555555471
"vary_k",10000,11,4,"PELT",0.00900000000001455,12,0.0099999999999909,12,TRUE,0.900000000002274
"vary_k",10000,11,4,"SVP BIC",0.211000000000013,12,0.225999999999999,12,TRUE,0.933628318584132
"vary_k",10000,11,4,"SVP BIC calibrated",0.211999999999989,12,0.225999999999999,12,TRUE,0.938053097345088
"vary_k",10000,11,4,"SVP BIC multiscale",0.218999999999994,12,0.230000000000018,12,TRUE,0.952173913043378
"vary_k",10000,11,5,"PELT",0.00800000000000978,12,0.00900000000001455,12,TRUE,0.888888888888539
"vary_k",10000,11,5,"SVP BIC",0.207999999999998,12,0.22300000000007,12,TRUE,0.932735426008667
"vary_k",10000,11,5,"SVP BIC calibrated",0.207999999999998,12,0.221000000000004,12,TRUE,0.941176470588209
"vary_k",10000,11,5,"SVP BIC multiscale",0.222999999999985,12,0.225000000000023,12,TRUE,0.991111111110943
"vary_k",10000,11,6,"PELT",0.00899999999998613,12,0.0099999999999909,12,TRUE,0.899999999999432
"vary_k",10000,11,6,"SVP BIC",0.213999999999999,12,0.22199999999998,12,TRUE,0.963963963964046
"vary_k",10000,11,6,"SVP BIC calibrated",0.210999999999984,12,0.225999999999999,12,TRUE,0.933628318584004
"vary_k",10000,11,6,"SVP BIC multiscale",0.221000000000004,12,0.23599999999999,12,TRUE,0.936440677966158
"vary_k",10000,11,7,"PELT",0.00899999999998613,12,0.00899999999990087,12,TRUE,1.00000000000947
"vary_k",10000,11,7,"SVP BIC",0.215000000000003,12,0.223999999999933,12,TRUE,0.959821428571729
"vary_k",10000,11,7,"SVP BIC calibrated",0.210999999999984,12,0.223999999999933,12,TRUE,0.941964285714496
"vary_k",10000,11,7,"SVP BIC multiscale",0.221000000000004,12,0.239000000000033,12,TRUE,0.924686192468508
"vary_k",10000,11,8,"PELT",0.00699999999997658,12,0.0080000000000382,12,TRUE,0.874999999992894
"vary_k",10000,11,8,"SVP BIC",0.209000000000003,12,0.227999999999952,12,TRUE,0.916666666666873
"vary_k",10000,11,8,"SVP BIC calibrated",0.206999999999994,13,0.230000000000018,13,TRUE,0.899999999999903
"vary_k",10000,11,8,"SVP BIC multiscale",0.212999999999994,13,0.230999999999995,13,TRUE,0.922077922077916
"vary_k",10000,11,9,"PELT",0.0120000000000005,12,0.0120000000000573,12,TRUE,0.999999999995267
"vary_k",10000,11,9,"SVP BIC",0.211000000000013,12,0.226999999999975,12,TRUE,0.929515418502362
"vary_k",10000,11,9,"SVP BIC calibrated",0.20999999999998,12,0.226999999999975,12,TRUE,0.925110132158604
"vary_k",10000,11,9,"SVP BIC multiscale",0.221000000000004,12,0.228999999999928,12,TRUE,0.965065502183727
"vary_k",10000,12,1,"PELT",0.00800000000000978,13,0.00700000000006185,13,TRUE,1.14285714284844
"vary_k",10000,12,1,"SVP BIC",0.192999999999984,13,0.205000000000041,13,TRUE,0.94146341463388
"vary_k",10000,12,1,"SVP BIC calibrated",0.192000000000007,13,0.208000000000084,13,TRUE,0.923076923076584
"vary_k",10000,12,1,"SVP BIC multiscale",0.197000000000003,14,0.210000000000036,14,TRUE,0.938095238095092
"vary_k",10000,12,10,"PELT",0.0100000000000193,13,0.00900000000001455,13,TRUE,1.11111111111146
"vary_k",10000,12,10,"SVP BIC",0.196000000000026,13,0.209999999999923,13,TRUE,0.933333333333799
"vary_k",10000,12,10,"SVP BIC calibrated",0.195000000000022,13,0.215000000000032,13,TRUE,0.906976744186014
"vary_k",10000,12,10,"SVP BIC multiscale",0.203999999999979,13,0.224000000000046,13,TRUE,0.910714285714005
"vary_k",10000,12,2,"PELT",0.00799999999998136,13,0.00899999999990087,13,TRUE,0.888888888896608
"vary_k",10000,12,2,"SVP BIC",0.195999999999998,13,0.20900000000006,13,TRUE,0.937799043061922
"vary_k",10000,12,2,"SVP BIC calibrated",0.197000000000003,13,0.20799999999997,13,TRUE,0.947115384615536
"vary_k",10000,12,2,"SVP BIC multiscale",0.204000000000008,13,0.211000000000013,13,TRUE,0.966824644549741
"vary_k",10000,12,3,"PELT",0.00899999999998613,13,0.00699999999994816,13,TRUE,1.28571428572183
"vary_k",10000,12,3,"SVP BIC",0.195999999999998,13,0.215000000000032,13,TRUE,0.911627906976599
"vary_k",10000,12,3,"SVP BIC calibrated",0.195999999999998,13,0.206999999999994,13,TRUE,0.94685990338166
"vary_k",10000,12,3,"SVP BIC multiscale",0.204000000000008,13,0.211000000000013,13,TRUE,0.966824644549741
"vary_k",10000,12,4,"PELT",0.00899999999998613,13,0.0080000000000382,13,TRUE,1.12499999999289
"vary_k",10000,12,4,"SVP BIC",0.195999999999998,13,0.20799999999997,13,TRUE,0.942307692307819
"vary_k",10000,12,4,"SVP BIC calibrated",0.197000000000003,13,0.206999999999994,13,TRUE,0.951690821256081
"vary_k",10000,12,4,"SVP BIC multiscale",0.203000000000003,13,0.212999999999965,13,TRUE,0.953051643192659
"vary_k",10000,12,5,"PELT",0.007000000000005,13,0.00899999999990087,13,TRUE,0.7777777777869
"vary_k",10000,12,5,"SVP BIC",0.198000000000008,13,0.206999999999994,13,TRUE,0.956521739130501
"vary_k",10000,12,5,"SVP BIC calibrated",0.197000000000003,13,0.20900000000006,13,TRUE,0.94258373205716
"vary_k",10000,12,5,"SVP BIC multiscale",0.205000000000013,13,0.214000000000055,13,TRUE,0.957943925233459
"vary_k",10000,12,6,"PELT",0.00799999999998136,13,0.00799999999992451,13,TRUE,1.00000000000711
"vary_k",10000,12,6,"SVP BIC",0.196000000000026,13,0.212999999999965,13,TRUE,0.920187793427503
"vary_k",10000,12,6,"SVP BIC calibrated",0.193999999999988,14,0.236999999999966,14,TRUE,0.818565400843949
"vary_k",10000,12,6,"SVP BIC multiscale",0.198999999999984,14,0.210000000000036,14,TRUE,0.947619047618809
"vary_k",10000,12,7,"PELT",0.0100000000000193,13,0.00799999999992451,13,TRUE,1.25000000001421
"vary_k",10000,12,7,"SVP BIC",0.197000000000003,13,0.22300000000007,13,TRUE,0.883408071748615
"vary_k",10000,12,7,"SVP BIC calibrated",0.195999999999998,13,0.222000000000094,13,TRUE,0.8828828828825
"vary_k",10000,12,7,"SVP BIC multiscale",0.204000000000008,13,0.220000000000027,13,TRUE,0.92727272727265
"vary_k",10000,12,8,"PELT",0.007000000000005,13,0.00900000000001455,13,TRUE,0.777777777777076
"vary_k",10000,12,8,"SVP BIC",0.194999999999993,13,0.206999999999994,13,TRUE,0.94202898550724
"vary_k",10000,12,8,"SVP BIC calibrated",0.194999999999993,13,0.206000000000017,13,TRUE,0.946601941747461
"vary_k",10000,12,8,"SVP BIC multiscale",0.204000000000008,13,0.216000000000008,13,TRUE,0.944444444444447
"vary_k",10000,12,9,"PELT",0.00799999999998136,13,0.0109999999999673,13,TRUE,0.727272727273195
"vary_k",10000,12,9,"SVP BIC",0.195999999999998,13,0.205000000000041,13,TRUE,0.956097560975409
"vary_k",10000,12,9,"SVP BIC calibrated",0.195999999999998,13,0.209999999999923,13,TRUE,0.933333333333666
"vary_k",10000,12,9,"SVP BIC multiscale",0.203999999999979,13,0.211999999999989,13,TRUE,0.962264150943347
"vary_k",10000,13,1,"PELT",0.00900000000001455,14,0.00699999999994816,14,TRUE,1.28571428572589
"vary_k",10000,13,1,"SVP BIC",0.181999999999988,14,0.196000000000026,14,TRUE,0.928571428571244
"vary_k",10000,13,1,"SVP BIC calibrated",0.181999999999988,14,0.192999999999984,14,TRUE,0.943005181347166
"vary_k",10000,13,1,"SVP BIC multiscale",0.192000000000007,14,0.19500000000005,14,TRUE,0.984615384615168
"vary_k",10000,13,10,"PELT",0.00699999999994816,14,0.00799999999992451,14,TRUE,0.875000000001777
"vary_k",10000,13,10,"SVP BIC",0.184000000000026,14,0.19399999999996,14,TRUE,0.948453608247752
"vary_k",10000,13,10,"SVP BIC calibrated",0.185000000000002,14,0.197000000000003,14,TRUE,0.93908629441624
"vary_k",10000,13,10,"SVP BIC multiscale",0.191000000000031,14,0.201000000000022,14,TRUE,0.950248756218956
"vary_k",10000,13,2,"PELT",0.007000000000005,14,0.0080000000000382,14,TRUE,0.874999999996447
"vary_k",10000,13,2,"SVP BIC",0.185000000000002,14,0.194000000000074,14,TRUE,0.953608247422327
"vary_k",10000,13,2,"SVP BIC calibrated",0.185000000000002,14,0.196000000000026,14,TRUE,0.943877551020293
"vary_k",10000,13,2,"SVP BIC multiscale",0.199999999999989,14,0.203999999999951,14,TRUE,0.980392156862927
"vary_k",10000,13,3,"PELT",0.00800000000000978,14,0.0080000000000382,14,TRUE,0.999999999996448
"vary_k",10000,13,3,"SVP BIC",0.187000000000012,14,0.192000000000007,14,TRUE,0.97395833333336
"vary_k",10000,13,3,"SVP BIC calibrated",0.181999999999988,15,0.189999999999941,15,TRUE,0.95789473684234
"vary_k",10000,13,3,"SVP BIC multiscale",0.182999999999993,15,0.19399999999996,15,TRUE,0.943298969072323
"vary_k",10000,13,4,"PELT",0.007000000000005,14,0.0080000000000382,14,TRUE,0.874999999996447
"vary_k",10000,13,4,"SVP BIC",0.182999999999993,14,0.192999999999984,14,TRUE,0.948186528497452
"vary_k",10000,13,4,"SVP BIC calibrated",0.187999999999988,14,0.196000000000026,14,TRUE,0.959183673469199
"vary_k",10000,13,4,"SVP BIC multiscale",0.193000000000012,14,0.23599999999999,14,TRUE,0.817796610169577
"vary_k",10000,13,5,"PELT",0.00900000000001455,14,0.0080000000000382,14,TRUE,1.12499999999645
"vary_k",10000,13,5,"SVP BIC",0.188000000000017,14,0.191999999999894,14,TRUE,0.979166666667296
"vary_k",10000,13,5,"SVP BIC calibrated",0.183999999999997,14,0.206000000000017,14,TRUE,0.893203883495057
"vary_k",10000,13,5,"SVP BIC multiscale",0.189999999999998,14,0.201999999999998,14,TRUE,0.94059405940594
"vary_k",10000,13,6,"PELT",0.00900000000001455,14,0.0080000000000382,14,TRUE,1.12499999999645
"vary_k",10000,13,6,"SVP BIC",0.183999999999997,14,0.192999999999984,14,TRUE,0.953367875647732
"vary_k",10000,13,6,"SVP BIC calibrated",0.185000000000002,14,0.19399999999996,14,TRUE,0.953608247422887
"vary_k",10000,13,6,"SVP BIC multiscale",0.185000000000002,15,0.191000000000031,15,TRUE,0.968586387434408
"vary_k",10000,13,7,"PELT",0.007000000000005,14,0.00699999999994816,14,TRUE,1.00000000000812
"vary_k",10000,13,7,"SVP BIC",0.184000000000026,14,0.192000000000007,14,TRUE,0.958333333333434
"vary_k",10000,13,7,"SVP BIC calibrated",0.185000000000002,14,0.199000000000069,14,TRUE,0.929648241205718
"vary_k",10000,13,7,"SVP BIC multiscale",0.200999999999993,14,0.196000000000026,14,TRUE,1.02551020408146
"vary_k",10000,13,8,"PELT",0.00800000000000978,14,0.00900000000001455,14,TRUE,0.888888888888539
"vary_k",10000,13,8,"SVP BIC",0.186999999999983,14,0.19500000000005,14,TRUE,0.958974358974026
"vary_k",10000,13,8,"SVP BIC calibrated",0.183999999999997,14,0.197000000000003,14,TRUE,0.934010152284234
"vary_k",10000,13,8,"SVP BIC multiscale",0.191000000000003,14,0.200000000000045,14,TRUE,0.9549999999998
"vary_k",10000,13,9,"PELT",0.00800000000000978,14,0.00700000000006185,14,TRUE,1.14285714284844
"vary_k",10000,13,9,"SVP BIC",0.187999999999988,14,0.196000000000026,14,TRUE,0.959183673469199
"vary_k",10000,13,9,"SVP BIC calibrated",0.193000000000012,14,0.19500000000005,14,TRUE,0.989743589743397
"vary_k",10000,13,9,"SVP BIC multiscale",0.194999999999993,14,0.197999999999979,14,TRUE,0.984848484848554
"vary_k",10000,14,1,"PELT",0.007000000000005,15,0.00900000000001455,15,TRUE,0.777777777777076
"vary_k",10000,14,1,"SVP BIC",0.170999999999992,15,0.182999999999993,15,TRUE,0.934426229508189
"vary_k",10000,14,1,"SVP BIC calibrated",0.170999999999992,15,0.184000000000083,15,TRUE,0.929347826086494
"vary_k",10000,14,1,"SVP BIC multiscale",0.182999999999993,15,0.187999999999988,15,TRUE,0.973404255319174
"vary_k",10000,14,10,"PELT",0.007000000000005,15,0.0080000000000382,15,TRUE,0.874999999996447
"vary_k",10000,14,10,"SVP BIC",0.177999999999997,15,0.183000000000106,15,TRUE,0.972677595627836
"vary_k",10000,14,10,"SVP BIC calibrated",0.177000000000021,15,0.185000000000059,15,TRUE,0.956756756756565
"vary_k",10000,14,10,"SVP BIC multiscale",0.182999999999993,15,0.184999999999945,15,TRUE,0.989189189189446
"vary_k",10000,14,2,"PELT",0.007000000000005,15,0.00700000000006185,15,TRUE,0.999999999991878
"vary_k",10000,14,2,"SVP BIC",0.175999999999988,15,0.177999999999997,15,TRUE,0.98876404494377
"vary_k",10000,14,2,"SVP BIC calibrated",0.173999999999978,15,0.17999999999995,15,TRUE,0.966666666666813
"vary_k",10000,14,2,"SVP BIC multiscale",0.182000000000016,15,0.196000000000026,15,TRUE,0.928571428571387
"vary_k",10000,14,3,"PELT",0.007000000000005,15,0.00899999999990087,15,TRUE,0.7777777777869
"vary_k",10000,14,3,"SVP BIC",0.170999999999992,15,0.183999999999969,15,TRUE,0.92934782608707
"vary_k",10000,14,3,"SVP BIC calibrated",0.170999999999992,15,0.182000000000016,15,TRUE,0.939560439560313
"vary_k",10000,14,3,"SVP BIC multiscale",0.175999999999988,15,0.182999999999993,15,TRUE,0.961748633879753
"vary_k",10000,14,4,"PELT",0.007000000000005,15,0.00699999999994816,15,TRUE,1.00000000000812
"vary_k",10000,14,4,"SVP BIC",0.173000000000002,15,0.177000000000021,15,TRUE,0.977401129943398
"vary_k",10000,14,4,"SVP BIC calibrated",0.172000000000025,15,0.181999999999903,15,TRUE,0.945054945055586
"vary_k",10000,14,4,"SVP BIC multiscale",0.177000000000021,15,0.185000000000059,15,TRUE,0.956756756756565
"vary_k",10000,14,5,"PELT",0.007000000000005,15,0.00700000000006185,15,TRUE,0.999999999991878
"vary_k",10000,14,5,"SVP BIC",0.172000000000025,15,0.182999999999993,15,TRUE,0.939890710382686
"vary_k",10000,14,5,"SVP BIC calibrated",0.170999999999992,15,0.180000000000064,15,TRUE,0.949999999999618
"vary_k",10000,14,5,"SVP BIC multiscale",0.180000000000007,15,0.182000000000016,15,TRUE,0.98901098901094
"vary_k",10000,14,6,"PELT",0.00900000000001455,15,0.00699999999994816,15,TRUE,1.28571428572589
"vary_k",10000,14,6,"SVP BIC",0.168999999999983,15,0.179000000000087,15,TRUE,0.944134078211737
"vary_k",10000,14,6,"SVP BIC calibrated",0.170000000000016,15,0.179000000000087,15,TRUE,0.949720670390689
"vary_k",10000,14,6,"SVP BIC multiscale",0.175999999999988,15,0.17999999999995,15,TRUE,0.977777777777983
"vary_k",10000,14,7,"PELT",0.007000000000005,15,0.0080000000000382,15,TRUE,0.874999999996447
"vary_k",10000,14,7,"SVP BIC",0.170000000000016,15,0.182000000000016,15,TRUE,0.93406593406594
"vary_k",10000,14,7,"SVP BIC calibrated",0.172000000000025,15,0.182000000000016,15,TRUE,0.945054945054999
"vary_k",10000,14,7,"SVP BIC multiscale",0.17900000000003,15,0.187999999999988,15,TRUE,0.952127659574688
"vary_k",10000,14,8,"PELT",0.007000000000005,15,0.00699999999994816,15,TRUE,1.00000000000812
"vary_k",10000,14,8,"SVP BIC",0.173000000000002,15,0.177999999999997,15,TRUE,0.971910112359578
"vary_k",10000,14,8,"SVP BIC calibrated",0.174999999999955,15,0.17999999999995,15,TRUE,0.972222222222242
"vary_k",10000,14,8,"SVP BIC multiscale",0.176999999999964,15,0.182999999999993,15,TRUE,0.967213114753939
"vary_k",10000,14,9,"PELT",0.00600000000002865,15,0.0080000000000382,15,TRUE,0.75
"vary_k",10000,14,9,"SVP BIC",0.170999999999992,15,0.178999999999974,15,TRUE,0.955307262569926
"vary_k",10000,14,9,"SVP BIC calibrated",0.170000000000016,15,0.181999999999903,15,TRUE,0.93406593406652
"vary_k",10000,14,9,"SVP BIC multiscale",0.177999999999997,15,0.184000000000083,15,TRUE,0.967391304347373
"vary_k",10000,15,1,"PELT",0.007000000000005,16,0.00699999999994816,16,TRUE,1.00000000000812
"vary_k",10000,15,1,"SVP BIC",0.163000000000011,16,0.171000000000049,16,TRUE,0.953216374268797
"vary_k",10000,15,1,"SVP BIC calibrated",0.163000000000011,16,0.169000000000096,16,TRUE,0.964497041419636
"vary_k",10000,15,1,"SVP BIC multiscale",0.168999999999983,16,0.176000000000045,16,TRUE,0.96022727272693
"vary_k",10000,15,10,"PELT",0.007000000000005,16,0.00900000000001455,16,TRUE,0.777777777777076
"vary_k",10000,15,10,"SVP BIC",0.161999999999978,16,0.171000000000049,16,TRUE,0.947368421052231
"vary_k",10000,15,10,"SVP BIC calibrated",0.164999999999964,16,0.171000000000049,16,TRUE,0.964912280701267
"vary_k",10000,15,10,"SVP BIC multiscale",0.173000000000002,16,0.171000000000049,16,TRUE,1.01169590643247
"vary_k",10000,15,2,"PELT",0.00599999999997181,16,0.00600000000008549,16,TRUE,0.999999999981053
"vary_k",10000,15,2,"SVP BIC",0.162000000000035,16,0.168999999999983,16,TRUE,0.958579881657108
"vary_k",10000,15,2,"SVP BIC calibrated",0.163999999999987,16,0.169000000000096,16,TRUE,0.970414201182804
"vary_k",10000,15,2,"SVP BIC multiscale",0.173999999999978,16,0.172000000000025,16,TRUE,1.01162790697647
"vary_k",10000,15,3,"PELT",0.007000000000005,16,0.00699999999994816,16,TRUE,1.00000000000812
"vary_k",10000,15,3,"SVP BIC",0.166999999999973,16,0.172000000000025,16,TRUE,0.970930232557841
"vary_k",10000,15,3,"SVP BIC calibrated",0.165999999999997,16,0.169999999999959,16,TRUE,0.976470588235512
"vary_k",10000,15,3,"SVP BIC multiscale",0.165999999999997,17,0.16599999999994,17,TRUE,1.00000000000034
"vary_k",10000,15,4,"PELT",0.007000000000005,16,0.0080000000000382,16,TRUE,0.874999999996447
"vary_k",10000,15,4,"SVP BIC",0.16500000000002,16,0.168000000000006,16,TRUE,0.982142857142941
"vary_k",10000,15,4,"SVP BIC calibrated",0.157999999999959,17,0.164000000000101,17,TRUE,0.963414634145498
"vary_k",10000,15,4,"SVP BIC multiscale",0.161000000000001,17,0.166999999999916,17,TRUE,0.964071856287916
"vary_k",10000,15,5,"PELT",0.00599999999997181,16,0.00799999999992451,16,TRUE,0.750000000003553
"vary_k",10000,15,5,"SVP BIC",0.162999999999954,16,0.172000000000025,16,TRUE,0.947674418604246
"vary_k",10000,15,5,"SVP BIC calibrated",0.162000000000035,16,0.168999999999983,16,TRUE,0.958579881657108
"vary_k",10000,15,5,"SVP BIC multiscale",0.165999999999997,17,0.173999999999978,17,TRUE,0.95402298850585
"vary_k",10000,15,6,"PELT",0.007000000000005,16,0.00599999999997181,16,TRUE,1.16666666667298
"vary_k",10000,15,6,"SVP BIC",0.161000000000001,16,0.168000000000006,16,TRUE,0.958333333333305
"vary_k",10000,15,6,"SVP BIC calibrated",0.161000000000001,16,0.168999999999983,16,TRUE,0.952662721893593
"vary_k",10000,15,6,"SVP BIC multiscale",0.165999999999997,16,0.169999999999959,16,TRUE,0.976470588235512
"vary_k",10000,15,7,"PELT",0.0099999999999909,16,0.00799999999992451,16,TRUE,1.25000000001066
"vary_k",10000,15,7,"SVP BIC",0.161000000000001,16,0.169999999999959,16,TRUE,0.947058823529646
"vary_k",10000,15,7,"SVP BIC calibrated",0.161999999999978,16,0.168999999999983,16,TRUE,0.958579881656771
"vary_k",10000,15,7,"SVP BIC multiscale",0.171999999999969,16,0.171999999999912,16,TRUE,1.00000000000033
"vary_k",10000,15,8,"PELT",0.00600000000002865,16,0.00700000000006185,16,TRUE,0.857142857139377
"vary_k",10000,15,8,"SVP BIC",0.163000000000011,16,0.170999999999935,16,TRUE,0.953216374269432
"vary_k",10000,15,8,"SVP BIC calibrated",0.168000000000006,16,0.172000000000025,16,TRUE,0.976744186046405
"vary_k",10000,15,8,"SVP BIC multiscale",0.170999999999992,16,0.172000000000025,16,TRUE,0.994186046511437
"vary_k",10000,15,9,"PELT",0.00699999999994816,16,0.00699999999994816,16,TRUE,1
"vary_k",10000,15,9,"SVP BIC",0.16900000000004,16,0.169999999999959,16,TRUE,0.994117647059299
"vary_k",10000,15,9,"SVP BIC calibrated",0.164999999999964,16,0.169999999999959,16,TRUE,0.97058823529414
"vary_k",10000,15,9,"SVP BIC multiscale",0.16900000000004,16,0.173000000000002,16,TRUE,0.976878612716983
"vary_k",10000,16,1,"PELT",0.00600000000002865,17,0.00700000000006185,17,TRUE,0.857142857139377
"vary_k",10000,16,1,"SVP BIC",0.153999999999996,17,0.161000000000058,17,TRUE,0.956521739130065
"vary_k",10000,16,1,"SVP BIC calibrated",0.153999999999996,17,0.159999999999968,17,TRUE,0.962500000000168
"vary_k",10000,16,1,"SVP BIC multiscale",0.157999999999959,17,0.163000000000011,17,TRUE,0.969325153373916
"vary_k",10000,16,10,"PELT",0.007000000000005,17,0.00700000000006185,17,TRUE,0.999999999991878
"vary_k",10000,16,10,"SVP BIC",0.158000000000015,17,0.165000000000077,17,TRUE,0.957575757575402
"vary_k",10000,16,10,"SVP BIC calibrated",0.157999999999959,17,0.163000000000011,17,TRUE,0.969325153373916
"vary_k",10000,16,10,"SVP BIC multiscale",0.163000000000011,17,0.166000000000054,17,TRUE,0.98192771084312
"vary_k",10000,16,2,"PELT",0.00599999999997181,17,0.0080000000000382,17,TRUE,0.749999999992895
"vary_k",10000,16,2,"SVP BIC",0.154999999999973,17,0.161000000000058,17,TRUE,0.962732919254144
"vary_k",10000,16,2,"SVP BIC calibrated",0.152999999999963,17,0.160999999999945,17,TRUE,0.950310559006306
"vary_k",10000,16,2,"SVP BIC multiscale",0.156000000000006,18,0.156999999999925,18,TRUE,0.99363057324892
"vary_k",10000,16,3,"PELT",0.00599999999997181,18,0.00599999999997181,18,TRUE,1
"vary_k",10000,16,3,"SVP BIC",0.153999999999996,17,0.161999999999921,17,TRUE,0.950617283951056
"vary_k",10000,16,3,"SVP BIC calibrated",0.15300000000002,17,0.161000000000058,17,TRUE,0.950310559005993
"vary_k",10000,16,3,"SVP BIC multiscale",0.158000000000015,17,0.163000000000011,17,TRUE,0.96932515337426
"vary_k",10000,16,4,"PELT",0.00600000000002865,17,0.00700000000006185,17,TRUE,0.857142857139377
"vary_k",10000,16,4,"SVP BIC",0.15300000000002,17,0.158999999999992,17,TRUE,0.96226415094357
"vary_k",10000,16,4,"SVP BIC calibrated",0.15300000000002,17,0.160000000000082,17,TRUE,0.956249999999635
"vary_k",10000,16,4,"SVP BIC multiscale",0.157000000000039,17,0.163999999999987,17,TRUE,0.957317073171045
"vary_k",10000,16,5,"PELT",0.00799999999998136,17,0.0080000000000382,17,TRUE,0.999999999992895
"vary_k",10000,16,5,"SVP BIC",0.152999999999963,17,0.159999999999968,17,TRUE,0.95624999999996
"vary_k",10000,16,5,"SVP BIC calibrated",0.15300000000002,17,0.160999999999945,17,TRUE,0.95031055900666
"vary_k",10000,16,5,"SVP BIC multiscale",0.16500000000002,17,0.163999999999987,17,TRUE,1.00609756097581
"vary_k",10000,16,6,"PELT",0.00600000000002865,17,0.0080000000000382,17,TRUE,0.75
"vary_k",10000,16,6,"SVP BIC",0.159999999999968,17,0.163000000000011,17,TRUE,0.981595092024277
"vary_k",10000,16,6,"SVP BIC calibrated",0.155999999999949,17,0.160000000000082,17,TRUE,0.974999999999182
"vary_k",10000,16,6,"SVP BIC multiscale",0.169999999999959,17,0.166000000000054,17,TRUE,1.02409638554159
"vary_k",10000,16,7,"PELT",0.00799999999998136,17,0.00699999999994816,17,TRUE,1.14285714286294
"vary_k",10000,16,7,"SVP BIC",0.161000000000001,17,0.164999999999964,17,TRUE,0.975757575757795
"vary_k",10000,16,7,"SVP BIC calibrated",0.156000000000006,17,0.163999999999987,17,TRUE,0.951219512195234
"vary_k",10000,16,7,"SVP BIC multiscale",0.158000000000015,17,0.16700000000003,17,TRUE,0.946107784431057
"vary_k",10000,16,8,"PELT",0.00699999999994816,17,0.00799999999992451,17,TRUE,0.875000000001777
"vary_k",10000,16,8,"SVP BIC",0.156000000000006,17,0.163999999999987,17,TRUE,0.951219512195234
"vary_k",10000,16,8,"SVP BIC calibrated",0.158000000000015,17,0.162000000000035,17,TRUE,0.97530864197519
"vary_k",10000,16,8,"SVP BIC multiscale",0.161999999999978,17,0.163000000000011,17,TRUE,0.993865030674645
"vary_k",10000,16,9,"PELT",0.00599999999997181,17,0.00599999999997181,17,TRUE,1
"vary_k",10000,16,9,"SVP BIC",0.156000000000006,17,0.160999999999945,17,TRUE,0.96894409937925
"vary_k",10000,16,9,"SVP BIC calibrated",0.158000000000015,17,0.160999999999945,17,TRUE,0.981366459627758
"vary_k",10000,16,9,"SVP BIC multiscale",0.164999999999964,17,0.165000000000077,17,TRUE,0.999999999999315
"vary_k",10000,17,1,"PELT",0.007000000000005,18,0.00599999999997181,18,TRUE,1.16666666667298
"vary_k",10000,17,1,"SVP BIC",0.149000000000001,18,0.152000000000044,18,TRUE,0.98026315789446
"vary_k",10000,17,1,"SVP BIC calibrated",0.149000000000001,18,0.153999999999996,18,TRUE,0.967532467532499
"vary_k",10000,17,1,"SVP BIC multiscale",0.15100000000001,18,0.15300000000002,18,TRUE,0.9869281045751
"vary_k",10000,17,10,"PELT",0.00599999999997181,18,0.00599999999997181,18,TRUE,1
"vary_k",10000,17,10,"SVP BIC",0.146000000000015,18,0.153999999999996,18,TRUE,0.94805194805207
"vary_k",10000,17,10,"SVP BIC calibrated",0.145999999999958,18,0.151999999999816,18,TRUE,0.96052631579036
"vary_k",10000,17,10,"SVP BIC multiscale",0.150000000000034,18,0.154999999999973,18,TRUE,0.967741935484259
"vary_k",10000,17,2,"PELT",0.00599999999997181,18,0.00599999999997181,18,TRUE,1
"vary_k",10000,17,2,"SVP BIC",0.150999999999954,18,0.15199999999993,18,TRUE,0.993421052631734
"vary_k",10000,17,2,"SVP BIC calibrated",0.150000000000034,18,0.152000000000044,18,TRUE,0.986842105263096
"vary_k",10000,17,2,"SVP BIC multiscale",0.15100000000001,18,0.156999999999925,18,TRUE,0.961783439490969
"vary_k",10000,17,3,"PELT",0.00599999999997181,18,0.0099999999999909,18,TRUE,0.599999999997727
"vary_k",10000,17,3,"SVP BIC",0.149999999999977,18,0.15300000000002,18,TRUE,0.980392156862467
"vary_k",10000,17,3,"SVP BIC calibrated",0.150000000000034,18,0.153999999999996,18,TRUE,0.97402597402622
"vary_k",10000,17,3,"SVP BIC multiscale",0.151999999999987,18,0.157000000000039,18,TRUE,0.968152866241715
"vary_k",10000,17,4,"PELT",0.00600000000002865,18,0.00599999999997181,18,TRUE,1.00000000000947
"vary_k",10000,17,4,"SVP BIC",0.145999999999958,18,0.153999999999996,18,TRUE,0.9480519480517
"vary_k",10000,17,4,"SVP BIC calibrated",0.149000000000001,18,0.155999999999949,18,TRUE,0.955128205128524
"vary_k",10000,17,4,"SVP BIC multiscale",0.16900000000004,18,0.156000000000063,18,TRUE,1.08333333333315
"vary_k",10000,17,5,"PELT",0.007000000000005,18,0.00600000000008549,18,TRUE,1.16666666665088
"vary_k",10000,17,5,"SVP BIC",0.145999999999958,18,0.151000000000067,18,TRUE,0.966887417217836
"vary_k",10000,17,5,"SVP BIC calibrated",0.144000000000005,18,0.15300000000002,18,TRUE,0.941176470588145
"vary_k",10000,17,5,"SVP BIC multiscale",0.147999999999968,18,0.156000000000063,18,TRUE,0.94871794871736
"vary_k",10000,17,6,"PELT",0.00900000000001455,18,0.00699999999994816,18,TRUE,1.28571428572589
"vary_k",10000,17,6,"SVP BIC",0.148000000000025,18,0.154999999999973,18,TRUE,0.954838709677747
"vary_k",10000,17,6,"SVP BIC calibrated",0.149000000000001,18,0.152000000000044,18,TRUE,0.98026315789446
"vary_k",10000,17,6,"SVP BIC multiscale",0.153999999999996,18,0.155999999999949,18,TRUE,0.987179487179784
"vary_k",10000,17,7,"PELT",0.00599999999997181,18,0.00699999999994816,18,TRUE,0.857142857145178
"vary_k",10000,17,7,"SVP BIC",0.144999999999982,18,0.15199999999993,18,TRUE,0.953947368421374
"vary_k",10000,17,7,"SVP BIC calibrated",0.158000000000015,18,0.150999999999954,18,TRUE,1.04635761589446
"vary_k",10000,17,7,"SVP BIC multiscale",0.15300000000002,18,0.15199999999993,18,TRUE,1.00657894736902
"vary_k",10000,17,8,"PELT",0.00600000000002865,18,0.0080000000000382,18,TRUE,0.75
"vary_k",10000,17,8,"SVP BIC",0.146999999999991,18,0.15300000000002,18,TRUE,0.960784313725306
"vary_k",10000,17,8,"SVP BIC calibrated",0.145000000000039,18,0.152999999999906,18,TRUE,0.947712418301491
"vary_k",10000,17,8,"SVP BIC multiscale",0.150999999999954,18,0.156000000000063,18,TRUE,0.967948717948032
"vary_k",10000,17,9,"PELT",0.007000000000005,18,0.00599999999997181,18,TRUE,1.16666666667298
"vary_k",10000,17,9,"SVP BIC",0.146999999999991,18,0.153999999999996,18,TRUE,0.954545454545421
"vary_k",10000,17,9,"SVP BIC calibrated",0.146999999999991,18,0.152999999999906,18,TRUE,0.960784313726022
"vary_k",10000,17,9,"SVP BIC multiscale",0.149999999999977,18,0.155999999999949,18,TRUE,0.961538461538628
"vary_k",10000,18,1,"PELT",0.0080000000000382,19,0.0080000000000382,19,TRUE,1
"vary_k",10000,18,1,"SVP BIC",0.137999999999977,19,0.145999999999958,19,TRUE,0.945205479452169
"vary_k",10000,18,1,"SVP BIC calibrated",0.138000000000034,19,0.144999999999982,19,TRUE,0.951724137931387
"vary_k",10000,18,1,"SVP BIC multiscale",0.142999999999972,19,0.146999999999935,19,TRUE,0.972789115646498
"vary_k",10000,18,10,"PELT",0.00499999999999545,19,0.00499999999988177,19,TRUE,1.00000000002274
"vary_k",10000,18,10,"SVP BIC",0.137999999999977,19,0.144999999999982,19,TRUE,0.951724137930994
"vary_k",10000,18,10,"SVP BIC calibrated",0.137999999999977,19,0.144999999999982,19,TRUE,0.951724137930994
"vary_k",10000,18,10,"SVP BIC multiscale",0.144000000000005,19,0.147000000000162,19,TRUE,0.979591836733648
"vary_k",10000,18,2,"PELT",0.00499999999999545,19,0.00499999999988177,19,TRUE,1.00000000002274
"vary_k",10000,18,2,"SVP BIC",0.137999999999977,19,0.145999999999958,19,TRUE,0.945205479452169
"vary_k",10000,18,2,"SVP BIC calibrated",0.13900000000001,19,0.144999999999982,19,TRUE,0.95862068965536
"vary_k",10000,18,2,"SVP BIC multiscale",0.144000000000005,19,0.146999999999935,19,TRUE,0.979591836735161
"vary_k",10000,18,3,"PELT",0.00599999999997181,19,0.00599999999985812,19,TRUE,1.00000000001895
"vary_k",10000,18,3,"SVP BIC",0.137,19,0.143000000000029,19,TRUE,0.958041958041764
"vary_k",10000,18,3,"SVP BIC calibrated",0.137,19,0.143000000000029,19,TRUE,0.958041958041764
"vary_k",10000,18,3,"SVP BIC multiscale",0.14100000000002,19,0.144000000000005,19,TRUE,0.979166666666771
"vary_k",10000,18,4,"PELT",0.00499999999999545,19,0.00600000000008549,19,TRUE,0.833333333320701
"vary_k",10000,18,4,"SVP BIC",0.137999999999977,19,0.143000000000029,19,TRUE,0.965034965034609
"vary_k",10000,18,4,"SVP BIC calibrated",0.137999999999977,19,0.144999999999982,19,TRUE,0.951724137930994
"vary_k",10000,18,4,"SVP BIC multiscale",0.141999999999996,19,0.144999999999982,19,TRUE,0.97931034482768
"vary_k",10000,18,5,"PELT",0.00600000000002865,19,0.00700000000006185,19,TRUE,0.857142857139377
"vary_k",10000,18,5,"SVP BIC",0.138000000000034,19,0.146999999999935,19,TRUE,0.938775510204728
"vary_k",10000,18,5,"SVP BIC calibrated",0.138000000000034,19,0.144999999999982,19,TRUE,0.951724137931387
"vary_k",10000,18,5,"SVP BIC multiscale",0.144000000000005,19,0.148999999999887,19,TRUE,0.966442953020901
"vary_k",10000,18,6,"PELT",0.00600000000002865,19,0.00599999999985812,19,TRUE,1.00000000002842
"vary_k",10000,18,6,"SVP BIC",0.137,19,0.145999999999958,19,TRUE,0.938356164383832
"vary_k",10000,18,6,"SVP BIC calibrated",0.137,19,0.146000000000186,19,TRUE,0.938356164382366
"vary_k",10000,18,6,"SVP BIC multiscale",0.141999999999996,19,0.144000000000005,19,TRUE,0.986111111111049
"vary_k",10000,18,7,"PELT",0.00499999999999545,19,0.00600000000008549,19,TRUE,0.833333333320701
"vary_k",10000,18,7,"SVP BIC",0.138000000000034,19,0.145999999999958,19,TRUE,0.94520547945256
"vary_k",10000,18,7,"SVP BIC calibrated",0.138000000000034,19,0.146999999999935,19,TRUE,0.938775510204728
"vary_k",10000,18,7,"SVP BIC multiscale",0.143000000000029,20,0.144999999999982,20,TRUE,0.986206896552047
"vary_k",10000,18,8,"PELT",0.00600000000002865,19,0.00799999999981083,19,TRUE,0.750000000021316
"vary_k",10000,18,8,"SVP BIC",0.137999999999977,19,0.144999999999982,19,TRUE,0.951724137930994
"vary_k",10000,18,8,"SVP BIC calibrated",0.137999999999977,19,0.145999999999958,19,TRUE,0.945205479452169
"vary_k",10000,18,8,"SVP BIC multiscale",0.142999999999972,19,0.145999999999958,19,TRUE,0.979452054794611
"vary_k",10000,18,9,"PELT",0.00499999999999545,19,0.00600000000008549,19,TRUE,0.833333333320701
"vary_k",10000,18,9,"SVP BIC",0.137,19,0.144000000000005,19,TRUE,0.951388888888856
"vary_k",10000,18,9,"SVP BIC calibrated",0.138999999999953,19,0.144000000000005,19,TRUE,0.965277777777418
"vary_k",10000,18,9,"SVP BIC multiscale",0.141999999999996,19,0.144000000000005,19,TRUE,0.986111111111049
"vary_k",10000,19,1,"PELT",0.00499999999999545,20,0.00500000000010914,20,TRUE,0.999999999977262
"vary_k",10000,19,1,"SVP BIC",0.132999999999981,20,0.138999999999896,20,TRUE,0.95683453237468
"vary_k",10000,19,1,"SVP BIC calibrated",0.133000000000038,20,0.141999999999825,20,TRUE,0.936619718311281
"vary_k",10000,19,1,"SVP BIC multiscale",0.137,20,0.143000000000029,20,TRUE,0.958041958041764
"vary_k",10000,19,10,"PELT",0.00600000000002865,20,0.00600000000008549,20,TRUE,0.999999999990527
"vary_k",10000,19,10,"SVP BIC",0.130999999999972,20,0.137000000000171,20,TRUE,0.956204379560646
"vary_k",10000,19,10,"SVP BIC calibrated",0.132999999999981,20,0.13799999999992,20,TRUE,0.96376811594245
"vary_k",10000,19,10,"SVP BIC multiscale",0.135000000000048,20,0.138999999999896,20,TRUE,0.971223021583806
"vary_k",10000,19,2,"PELT",0.00499999999999545,20,0.00600000000008549,20,TRUE,0.833333333320701
"vary_k",10000,19,2,"SVP BIC",0.130999999999972,20,0.137000000000171,20,TRUE,0.956204379560646
"vary_k",10000,19,2,"SVP BIC calibrated",0.130999999999972,20,0.138999999999896,20,TRUE,0.942446043165971
"vary_k",10000,19,2,"SVP BIC multiscale",0.134000000000015,21,0.136999999999944,21,TRUE,0.978102189781531
"vary_k",10000,19,3,"PELT",0.00499999999999545,20,0.00599999999985812,20,TRUE,0.83333333335228
"vary_k",10000,19,3,"SVP BIC",0.131000000000029,20,0.13799999999992,20,TRUE,0.949275362319601
"vary_k",10000,19,3,"SVP BIC calibrated",0.130999999999972,20,0.139000000000124,20,TRUE,0.942446043164425
"vary_k",10000,19,3,"SVP BIC multiscale",0.135999999999967,20,0.141000000000076,20,TRUE,0.964539007091445
"vary_k",10000,19,4,"PELT",0.00599999999997181,20,0.00700000000006185,20,TRUE,0.857142857131256
"vary_k",10000,19,4,"SVP BIC",0.132000000000005,20,0.138999999999896,20,TRUE,0.94964028777053
"vary_k",10000,19,4,"SVP BIC calibrated",0.130999999999972,20,0.139999999999873,20,TRUE,0.935714285714935
"vary_k",10000,19,4,"SVP BIC multiscale",0.136000000000024,20,0.141999999999825,20,TRUE,0.957746478874589
"vary_k",10000,19,5,"PELT",0.00600000000002865,20,0.00600000000008549,20,TRUE,0.999999999990527
"vary_k",10000,19,5,"SVP BIC",0.132000000000005,20,0.1400000000001,20,TRUE,0.942857142856505
"vary_k",10000,19,5,"SVP BIC calibrated",0.130999999999972,20,0.138999999999896,20,TRUE,0.942446043165971
"vary_k",10000,19,5,"SVP BIC multiscale",0.136000000000024,20,0.142000000000053,20,TRUE,0.957746478873051
"vary_k",10000,19,6,"PELT",0.00600000000002865,20,0.00499999999988177,20,TRUE,1.20000000003411
"vary_k",10000,19,6,"SVP BIC",0.131000000000029,20,0.136999999999944,20,TRUE,0.956204379562646
"vary_k",10000,19,6,"SVP BIC calibrated",0.131000000000029,20,0.136999999999944,20,TRUE,0.956204379562646
"vary_k",10000,19,6,"SVP BIC multiscale",0.132999999999981,21,0.136999999999944,21,TRUE,0.970802919708287
"vary_k",10000,19,7,"PELT",0.00599999999997181,20,0.00600000000008549,20,TRUE,0.999999999981053
"vary_k",10000,19,7,"SVP BIC",0.130999999999972,20,0.13799999999992,20,TRUE,0.949275362319188
"vary_k",10000,19,7,"SVP BIC calibrated",0.130999999999972,20,0.138000000000147,20,TRUE,0.949275362317626
"vary_k",10000,19,7,"SVP BIC multiscale",0.136000000000024,20,0.141000000000076,20,TRUE,0.964539007091849
"vary_k",10000,19,8,"PELT",0.00600000000002865,20,0.00900000000001455,20,TRUE,0.666666666668772
"vary_k",10000,19,8,"SVP BIC",0.133000000000038,20,0.139000000000124,20,TRUE,0.956834532373521
"vary_k",10000,19,8,"SVP BIC calibrated",0.132999999999981,20,0.13799999999992,20,TRUE,0.96376811594245
"vary_k",10000,19,8,"SVP BIC multiscale",0.136000000000024,20,0.139999999999873,20,TRUE,0.971428571429624
"vary_k",10000,19,9,"PELT",0.00499999999999545,20,0.00499999999988177,20,TRUE,1.00000000002274
"vary_k",10000,19,9,"SVP BIC",0.131000000000029,20,0.142000000000053,20,TRUE,0.922535211267466
"vary_k",10000,19,9,"SVP BIC calibrated",0.131000000000029,20,0.141000000000076,20,TRUE,0.929078014184102
"vary_k",10000,19,9,"SVP BIC multiscale",0.134999999999991,20,0.141000000000076,20,TRUE,0.957446808510058
"vary_k",10000,2,1,"PELT",0.0259999999999962,3,0.0320000000000391,3,TRUE,0.812499999998888
"vary_k",10000,2,1,"SVP BIC",0.727999999999994,3,0.836999999999989,3,TRUE,0.869772998805261
"vary_k",10000,2,1,"SVP BIC calibrated",0.756,3,0.828999999999951,3,TRUE,0.911942098914409
"vary_k",10000,2,1,"SVP BIC multiscale",0.869,3,0.912000000000035,3,TRUE,0.952850877192946
"vary_k",10000,2,10,"PELT",0.0260000000000105,3,0.0259999999999536,3,TRUE,1.00000000000219
"vary_k",10000,2,10,"SVP BIC",0.72199999999998,3,0.829000000000065,3,TRUE,0.870928829915468
"vary_k",10000,2,10,"SVP BIC calibrated",0.722000000000008,3,0.831000000000017,3,TRUE,0.868832731648608
"vary_k",10000,2,10,"SVP BIC multiscale",0.734000000000009,4,0.778999999999996,4,TRUE,0.942233632862661
"vary_k",10000,2,2,"PELT",0.0259999999999962,3,0.0220000000000482,3,TRUE,1.18181818181542
"vary_k",10000,2,2,"SVP BIC",0.742000000000004,3,0.841000000000008,3,TRUE,0.882282996432814
"vary_k",10000,2,2,"SVP BIC calibrated",0.73899999999999,3,0.841000000000008,3,TRUE,0.87871581450652
"vary_k",10000,2,2,"SVP BIC multiscale",0.859999999999999,3,0.907000000000039,3,TRUE,0.948180815876474
"vary_k",10000,2,3,"PELT",0.0240000000000009,3,0.0240000000000009,3,TRUE,1
"vary_k",10000,2,3,"SVP BIC",0.736000000000004,3,0.84699999999998,3,TRUE,0.868949232585621
"vary_k",10000,2,3,"SVP BIC calibrated",0.754999999999995,3,0.844000000000051,3,TRUE,0.894549763033115
"vary_k",10000,2,3,"SVP BIC multiscale",0.832999999999998,4,0.893000000000029,4,TRUE,0.932810750279923
"vary_k",10000,2,4,"PELT",0.0300000000000011,3,0.0309999999999491,3,TRUE,0.967741935485495
"vary_k",10000,2,4,"SVP BIC",0.737000000000009,3,0.838999999999942,3,TRUE,0.878426698450608
"vary_k",10000,2,4,"SVP BIC calibrated",0.751000000000005,3,0.847999999999956,3,TRUE,0.885613207547222
"vary_k",10000,2,4,"SVP BIC multiscale",0.882999999999996,3,0.951000000000022,3,TRUE,0.928496319663486
"vary_k",10000,2,5,"PELT",0.0259999999999962,3,0.0259999999999536,3,TRUE,1.00000000000164
"vary_k",10000,2,5,"SVP BIC",0.757999999999996,3,0.898000000000025,3,TRUE,0.844097995545629
"vary_k",10000,2,5,"SVP BIC calibrated",0.762999999999991,3,0.858000000000061,3,TRUE,0.889277389277316
"vary_k",10000,2,5,"SVP BIC multiscale",0.787000000000006,4,0.805000000000064,4,TRUE,0.977639751552725
"vary_k",10000,2,6,"PELT",0.034000000000006,3,0.0319999999999254,3,TRUE,1.06250000000266
"vary_k",10000,2,6,"SVP BIC",0.741,3,0.828999999999951,3,TRUE,0.893848009650234
"vary_k",10000,2,6,"SVP BIC calibrated",0.747,3,0.828999999999951,3,TRUE,0.901085645355904
"vary_k",10000,2,6,"SVP BIC multiscale",0.885000000000005,3,0.894000000000005,3,TRUE,0.98993288590604
"vary_k",10000,2,7,"PELT",0.034000000000006,3,0.0299999999999727,3,TRUE,1.13333333333456
"vary_k",10000,2,7,"SVP BIC",0.741000000000014,3,0.838999999999942,3,TRUE,0.883194278903534
"vary_k",10000,2,7,"SVP BIC calibrated",0.775000000000006,3,0.846000000000004,3,TRUE,0.916075650118206
"vary_k",10000,2,7,"SVP BIC multiscale",0.912000000000006,3,0.956999999999994,3,TRUE,0.952978056426345
"vary_k",10000,2,8,"PELT",0.0229999999999961,3,0.0220000000000482,3,TRUE,1.04545454545208
"vary_k",10000,2,8,"SVP BIC",0.761000000000024,3,0.885999999999967,3,TRUE,0.858916478555364
"vary_k",10000,2,8,"SVP BIC calibrated",0.757000000000005,3,0.876999999999953,3,TRUE,0.863169897377475
"vary_k",10000,2,8,"SVP BIC multiscale",0.878999999999991,3,0.977999999999952,3,TRUE,0.898773006135004
"vary_k",10000,2,9,"PELT",0.0320000000000107,3,0.0300000000000864,3,TRUE,1.06666666666395
"vary_k",10000,2,9,"SVP BIC",0.748999999999995,3,0.873000000000047,3,TRUE,0.857961053837291
"vary_k",10000,2,9,"SVP BIC calibrated",0.739999999999981,3,0.844000000000051,3,TRUE,0.876777251184759
"vary_k",10000,2,9,"SVP BIC multiscale",0.858000000000004,3,0.916000000000054,3,TRUE,0.936681222707373
"vary_k",10000,20,1,"PELT",0.00499999999999545,21,0.00499999999988177,21,TRUE,1.00000000002274
"vary_k",10000,20,1,"SVP BIC",0.12700000000001,21,0.133999999999787,21,TRUE,0.947761194031432
"vary_k",10000,20,1,"SVP BIC calibrated",0.125,21,0.132000000000062,21,TRUE,0.946969696969252
"vary_k",10000,20,1,"SVP BIC multiscale",0.130000000000052,22,0.131999999999834,22,TRUE,0.984848484850117
"vary_k",10000,20,10,"PELT",0.00600000000002865,21,0.00600000000008549,21,TRUE,0.999999999990527
"vary_k",10000,20,10,"SVP BIC",0.125999999999976,21,0.135999999999967,21,TRUE,0.926470588235342
"vary_k",10000,20,10,"SVP BIC calibrated",0.125999999999976,21,0.134999999999991,21,TRUE,0.933333333333218
"vary_k",10000,20,10,"SVP BIC multiscale",0.131000000000029,21,0.136999999999944,21,TRUE,0.956204379562646
"vary_k",10000,20,2,"PELT",0.00600000000002865,21,0.00599999999985812,21,TRUE,1.00000000002842
"vary_k",10000,20,2,"SVP BIC",0.126000000000033,21,0.131999999999834,21,TRUE,0.954545454546905
"vary_k",10000,20,2,"SVP BIC calibrated",0.125,21,0.13799999999992,21,TRUE,0.9057971014498
"vary_k",10000,20,2,"SVP BIC multiscale",0.129999999999995,21,0.134000000000015,21,TRUE,0.970149253731197
"vary_k",10000,20,3,"PELT",0.00599999999997181,21,0.00499999999988177,21,TRUE,1.20000000002274
"vary_k",10000,20,3,"SVP BIC",0.125,21,0.134999999999991,21,TRUE,0.925925925925988
"vary_k",10000,20,3,"SVP BIC calibrated",0.125,21,0.132000000000062,21,TRUE,0.946969696969252
"vary_k",10000,20,3,"SVP BIC multiscale",0.130999999999972,21,0.134999999999991,21,TRUE,0.970370370370228
"vary_k",10000,20,4,"PELT",0.00799999999998136,21,0.00600000000008549,21,TRUE,1.33333333331123
"vary_k",10000,20,4,"SVP BIC",0.129000000000019,21,0.133000000000038,21,TRUE,0.969924812029941
"vary_k",10000,20,4,"SVP BIC calibrated",0.125,21,0.130000000000109,21,TRUE,0.961538461537655
"vary_k",10000,20,4,"SVP BIC multiscale",0.129000000000019,22,0.132000000000062,22,TRUE,0.977272727272412
"vary_k",10000,20,5,"PELT",0.00499999999999545,21,0.0080000000000382,21,TRUE,0.624999999996447
"vary_k",10000,20,5,"SVP BIC",0.125999999999976,21,0.132000000000062,21,TRUE,0.954545454544824
"vary_k",10000,20,5,"SVP BIC calibrated",0.124000000000024,21,0.130000000000109,21,TRUE,0.953846153845539
"vary_k",10000,20,5,"SVP BIC multiscale",0.128000000000043,22,0.131999999999834,22,TRUE,0.969696969698515
"vary_k",10000,20,6,"PELT",0.00499999999999545,21,0.00599999999985812,21,TRUE,0.83333333335228
"vary_k",10000,20,6,"SVP BIC",0.12700000000001,21,0.136999999999944,21,TRUE,0.927007299270525
"vary_k",10000,20,6,"SVP BIC calibrated",0.12700000000001,21,0.135999999999967,21,TRUE,0.933823529412065
"vary_k",10000,20,6,"SVP BIC multiscale",0.130999999999972,21,0.136000000000195,21,TRUE,0.96323529411606
"vary_k",10000,20,7,"PELT",0.00499999999999545,21,0.00499999999988177,21,TRUE,1.00000000002274
"vary_k",10000,20,7,"SVP BIC",0.125999999999976,21,0.134999999999991,21,TRUE,0.933333333333218
"vary_k",10000,20,7,"SVP BIC calibrated",0.126000000000033,21,0.134000000000015,21,TRUE,0.940298507462828
"vary_k",10000,20,7,"SVP BIC multiscale",0.129999999999995,21,0.132000000000062,21,TRUE,0.984848484847984
"vary_k",10000,20,8,"PELT",0.00600000000002865,21,0.00700000000006185,21,TRUE,0.857142857139377
"vary_k",10000,20,8,"SVP BIC",0.12700000000001,21,0.135999999999967,21,TRUE,0.933823529412065
"vary_k",10000,20,8,"SVP BIC calibrated",0.12700000000001,21,0.136999999999944,21,TRUE,0.927007299270525
"vary_k",10000,20,8,"SVP BIC multiscale",0.129999999999995,22,0.134999999999991,22,TRUE,0.96296296296299
"vary_k",10000,20,9,"PELT",0.00499999999999545,22,0.00499999999988177,22,TRUE,1.00000000002274
"vary_k",10000,20,9,"SVP BIC",0.12700000000001,21,0.135999999999967,21,TRUE,0.933823529412065
"vary_k",10000,20,9,"SVP BIC calibrated",0.126000000000033,22,0.134000000000015,22,TRUE,0.940298507462828
"vary_k",10000,20,9,"SVP BIC multiscale",0.130999999999972,22,0.1400000000001,22,TRUE,0.935714285713417
"vary_k",10000,21,1,"PELT",0.0050000000000523,22,0.00600000000008549,22,TRUE,0.833333333330176
"vary_k",10000,21,1,"SVP BIC",0.120999999999981,22,0.131000000000085,22,TRUE,0.92366412213666
"vary_k",10000,21,1,"SVP BIC calibrated",0.120000000000005,22,0.131000000000085,22,TRUE,0.916030534350589
"vary_k",10000,21,1,"SVP BIC multiscale",0.125,22,0.132000000000062,22,TRUE,0.946969696969252
"vary_k",10000,21,10,"PELT",0.00499999999999545,22,0.00500000000010914,22,TRUE,0.999999999977262
"vary_k",10000,21,10,"SVP BIC",0.122000000000014,22,0.129999999999882,22,TRUE,0.938461538462498
"vary_k",10000,21,10,"SVP BIC calibrated",0.120999999999981,22,0.131999999999834,22,TRUE,0.916666666667675
"vary_k",10000,21,10,"SVP BIC multiscale",0.125,22,0.130999999999858,22,TRUE,0.954198473283477
"vary_k",10000,21,2,"PELT",0.00499999999999545,22,0.00600000000008549,22,TRUE,0.833333333320701
"vary_k",10000,21,2,"SVP BIC",0.121999999999957,22,0.129999999999882,22,TRUE,0.93846153846206
"vary_k",10000,21,2,"SVP BIC calibrated",0.120000000000005,22,0.134000000000015,22,TRUE,0.895522388059639
"vary_k",10000,21,2,"SVP BIC multiscale",0.122000000000014,23,0.129000000000133,23,TRUE,0.94573643410766
"vary_k",10000,21,3,"PELT",0.0050000000000523,22,0.00499999999988177,22,TRUE,1.00000000003411
"vary_k",10000,21,3,"SVP BIC",0.12299999999999,22,0.135000000000218,22,TRUE,0.911111111109566
"vary_k",10000,21,3,"SVP BIC calibrated",0.122000000000014,22,0.137000000000171,22,TRUE,0.8905109489041
"vary_k",10000,21,3,"SVP BIC multiscale",0.125,22,0.133000000000038,22,TRUE,0.939849624059882
"vary_k",10000,21,4,"PELT",0.00499999999999545,22,0.00500000000010914,22,TRUE,0.999999999977262
"vary_k",10000,21,4,"SVP BIC",0.119000000000028,22,0.131000000000085,22,TRUE,0.90839694656451
"vary_k",10000,21,4,"SVP BIC calibrated",0.118999999999971,22,0.129000000000133,22,TRUE,0.922480620153863
"vary_k",10000,21,4,"SVP BIC multiscale",0.124000000000024,22,0.132000000000062,22,TRUE,0.93939393939368
"vary_k",10000,21,5,"PELT",0.00499999999999545,22,0.00500000000010914,22,TRUE,0.999999999977262
"vary_k",10000,21,5,"SVP BIC",0.120000000000005,22,0.128999999999905,22,TRUE,0.930232558140259
"vary_k",10000,21,5,"SVP BIC calibrated",0.120999999999981,22,0.129999999999882,22,TRUE,0.93076923076993
"vary_k",10000,21,5,"SVP BIC multiscale",0.123999999999967,22,0.132000000000062,22,TRUE,0.939393939393248
"vary_k",10000,21,6,"PELT",0.00499999999999545,22,0.00600000000008549,22,TRUE,0.833333333320701
"vary_k",10000,21,6,"SVP BIC",0.117999999999995,22,0.131000000000085,22,TRUE,0.900763358778003
"vary_k",10000,21,6,"SVP BIC calibrated",0.118999999999971,22,0.128000000000156,22,TRUE,0.92968749999864
"vary_k",10000,21,6,"SVP BIC multiscale",0.12299999999999,22,0.129999999999882,22,TRUE,0.946153846154628
"vary_k",10000,21,7,"PELT",0.00600000000002865,22,0.00500000000010914,22,TRUE,1.19999999997954
"vary_k",10000,21,7,"SVP BIC",0.119999999999948,22,0.129000000000133,22,TRUE,0.930232558138173
"vary_k",10000,21,7,"SVP BIC calibrated",0.120000000000005,22,0.128999999999905,22,TRUE,0.930232558140259
"vary_k",10000,21,7,"SVP BIC multiscale",0.123999999999967,22,0.129999999999882,22,TRUE,0.953846153846766
"vary_k",10000,21,8,"PELT",0.00499999999999545,22,0.00600000000008549,22,TRUE,0.833333333320701
"vary_k",10000,21,8,"SVP BIC",0.122000000000014,22,0.131000000000085,22,TRUE,0.931297709923167
"vary_k",10000,21,8,"SVP BIC calibrated",0.120999999999981,22,0.131000000000085,22,TRUE,0.92366412213666
"vary_k",10000,21,8,"SVP BIC multiscale",0.125,22,0.132000000000062,22,TRUE,0.946969696969252
"vary_k",10000,21,9,"PELT",0.00499999999999545,22,0.00600000000008549,22,TRUE,0.833333333320701
"vary_k",10000,21,9,"SVP BIC",0.120999999999981,22,0.133000000000038,22,TRUE,0.909774436089823
"vary_k",10000,21,9,"SVP BIC calibrated",0.120999999999981,22,0.131000000000085,22,TRUE,0.92366412213666
"vary_k",10000,21,9,"SVP BIC multiscale",0.125,22,0.134000000000015,22,TRUE,0.932835820895418
"vary_k",10000,22,1,"PELT",0.00499999999999545,23,0.00400000000013279,23,TRUE,1.24999999995737
"vary_k",10000,22,1,"SVP BIC",0.116000000000042,23,0.126999999999953,23,TRUE,0.913385826772322
"vary_k",10000,22,1,"SVP BIC calibrated",0.115999999999985,23,0.126999999999953,23,TRUE,0.913385826771873
"vary_k",10000,22,1,"SVP BIC multiscale",0.118999999999971,24,0.124000000000024,24,TRUE,0.959677419354419
"vary_k",10000,22,10,"PELT",0.00499999999999545,23,0.00500000000010914,23,TRUE,0.999999999977262
"vary_k",10000,22,10,"SVP BIC",0.115999999999985,23,0.125999999999976,23,TRUE,0.920634920634977
"vary_k",10000,22,10,"SVP BIC calibrated",0.117000000000019,23,0.125,23,TRUE,0.936000000000152
"vary_k",10000,22,10,"SVP BIC multiscale",0.118999999999971,23,0.125,23,TRUE,0.951999999999768
"vary_k",10000,22,2,"PELT",0.00499999999999545,23,0.00499999999988177,23,TRUE,1.00000000002274
"vary_k",10000,22,2,"SVP BIC",0.117000000000019,23,0.125999999999976,23,TRUE,0.928571428571756
"vary_k",10000,22,2,"SVP BIC calibrated",0.117000000000019,23,0.132000000000062,23,TRUE,0.886363636363364
"vary_k",10000,22,2,"SVP BIC multiscale",0.120000000000005,23,0.126999999999953,23,TRUE,0.944881889764169
"vary_k",10000,22,3,"PELT",0.00499999999999545,23,0.00499999999988177,23,TRUE,1.00000000002274
"vary_k",10000,22,3,"SVP BIC",0.114999999999952,23,0.125999999999976,23,TRUE,0.912698412698206
"vary_k",10000,22,3,"SVP BIC calibrated",0.117000000000019,23,0.125999999999976,23,TRUE,0.928571428571756
"vary_k",10000,22,3,"SVP BIC multiscale",0.117999999999995,23,0.126999999999953,23,TRUE,0.929133858268021
"vary_k",10000,22,4,"PELT",0.0050000000000523,23,0.00400000000013279,23,TRUE,1.24999999997158
"vary_k",10000,22,4,"SVP BIC",0.115999999999985,23,0.127999999999929,23,TRUE,0.906250000000385
"vary_k",10000,22,4,"SVP BIC calibrated",0.117000000000019,23,0.125999999999976,23,TRUE,0.928571428571756
"vary_k",10000,22,4,"SVP BIC multiscale",0.117999999999995,23,0.125,23,TRUE,0.94399999999996
"vary_k",10000,22,5,"PELT",0.00499999999999545,23,0.00399999999990541,23,TRUE,1.25000000002842
"vary_k",10000,22,5,"SVP BIC",0.116000000000042,23,0.128000000000156,23,TRUE,0.906249999999224
"vary_k",10000,22,5,"SVP BIC calibrated",0.115999999999985,23,0.126000000000204,23,TRUE,0.920634920633311
"vary_k",10000,22,5,"SVP BIC multiscale",0.119000000000028,23,0.126999999999953,23,TRUE,0.937007874016315
"vary_k",10000,22,6,"PELT",0.00499999999999545,23,0.00500000000010914,23,TRUE,0.999999999977262
"vary_k",10000,22,6,"SVP BIC",0.118000000000052,23,0.125,23,TRUE,0.944000000000416
"vary_k",10000,22,6,"SVP BIC calibrated",0.117000000000019,23,0.125,23,TRUE,0.936000000000152
"vary_k",10000,22,6,"SVP BIC multiscale",0.120000000000005,23,0.125999999999976,23,TRUE,0.952380952381174
"vary_k",10000,22,7,"PELT",0.00499999999999545,23,0.00600000000008549,23,TRUE,0.833333333320701
"vary_k",10000,22,7,"SVP BIC",0.117999999999995,23,0.124000000000024,23,TRUE,0.951612903225582
"vary_k",10000,22,7,"SVP BIC calibrated",0.115999999999985,23,0.125999999999976,23,TRUE,0.920634920634977
"vary_k",10000,22,7,"SVP BIC multiscale",0.118999999999971,23,0.125,23,TRUE,0.951999999999768
"vary_k",10000,22,8,"PELT",0.00499999999999545,23,0.00499999999988177,23,TRUE,1.00000000002274
"vary_k",10000,22,8,"SVP BIC",0.119000000000028,23,0.125999999999976,23,TRUE,0.944444444444847
"vary_k",10000,22,8,"SVP BIC calibrated",0.119000000000028,23,0.126999999999953,23,TRUE,0.937007874016315
"vary_k",10000,22,8,"SVP BIC multiscale",0.121999999999957,23,0.128000000000156,23,TRUE,0.953124999998503
"vary_k",10000,22,9,"PELT",0.00499999999999545,24,0.00600000000008549,24,TRUE,0.833333333320701
"vary_k",10000,22,9,"SVP BIC",0.117000000000019,23,0.125,23,TRUE,0.936000000000152
"vary_k",10000,22,9,"SVP BIC calibrated",0.117000000000019,23,0.126999999999953,23,TRUE,0.921259842520176
"vary_k",10000,22,9,"SVP BIC multiscale",0.118999999999971,23,0.124000000000024,23,TRUE,0.959677419354419
"vary_k",10000,23,1,"PELT",0.00499999999999545,24,0.00600000000008549,24,TRUE,0.833333333320701
"vary_k",10000,23,1,"SVP BIC",0.11099999999999,24,0.116999999999962,24,TRUE,0.948717948718171
"vary_k",10000,23,1,"SVP BIC calibrated",0.11099999999999,24,0.116999999999962,24,TRUE,0.948717948718171
"vary_k",10000,23,1,"SVP BIC multiscale",0.115000000000009,24,0.119999999999891,24,TRUE,0.958333333334279
"vary_k",10000,23,10,"PELT",0.00499999999999545,24,0.00600000000008549,24,TRUE,0.833333333320701
"vary_k",10000,23,10,"SVP BIC",0.112000000000023,24,0.118999999999915,24,TRUE,0.941176470589101
"vary_k",10000,23,10,"SVP BIC calibrated",0.111999999999966,24,0.137000000000171,24,TRUE,0.817518248173914
"vary_k",10000,23,10,"SVP BIC multiscale",0.117000000000019,24,0.124000000000024,24,TRUE,0.943548387096745
"vary_k",10000,23,2,"PELT",0.00600000000002865,24,0.00500000000010914,24,TRUE,1.19999999997954
"vary_k",10000,23,2,"SVP BIC",0.113,24,0.127999999999929,24,TRUE,0.88281250000049
"vary_k",10000,23,2,"SVP BIC calibrated",0.112000000000023,24,0.131000000000085,24,TRUE,0.85496183206069
"vary_k",10000,23,2,"SVP BIC multiscale",0.115000000000009,24,0.127999999999929,24,TRUE,0.898437500000569
"vary_k",10000,23,3,"PELT",0.0040000000000191,24,0.00499999999988177,24,TRUE,0.800000000022737
"vary_k",10000,23,3,"SVP BIC",0.113,24,0.118999999999915,24,TRUE,0.949579831933451
"vary_k",10000,23,3,"SVP BIC calibrated",0.111999999999966,24,0.121000000000095,24,TRUE,0.925619834709736
"vary_k",10000,23,3,"SVP BIC multiscale",0.115000000000009,24,0.122000000000071,24,TRUE,0.942622950819197
"vary_k",10000,23,4,"PELT",0.00499999999999545,24,0.00500000000010914,24,TRUE,0.999999999977262
"vary_k",10000,23,4,"SVP BIC",0.112000000000023,24,0.143000000000029,24,TRUE,0.783216783216785
"vary_k",10000,23,4,"SVP BIC calibrated",0.112000000000023,24,0.118999999999915,24,TRUE,0.941176470589101
"vary_k",10000,23,4,"SVP BIC multiscale",0.115999999999985,24,0.125999999999976,24,TRUE,0.920634920634977
"vary_k",10000,23,5,"PELT",0.00599999999997181,24,0.00499999999988177,24,TRUE,1.20000000002274
"vary_k",10000,23,5,"SVP BIC",0.111999999999966,24,0.118999999999915,24,TRUE,0.941176470588622
"vary_k",10000,23,5,"SVP BIC calibrated",0.112000000000023,24,0.117999999999938,24,TRUE,0.949152542373575
"vary_k",10000,23,5,"SVP BIC multiscale",0.115999999999985,24,0.119000000000142,24,TRUE,0.974789915965097
"vary_k",10000,23,6,"PELT",0.00599999999997181,24,0.00500000000010914,24,TRUE,1.19999999996817
"vary_k",10000,23,6,"SVP BIC",0.11099999999999,24,0.117999999999938,24,TRUE,0.940677966102104
"vary_k",10000,23,6,"SVP BIC calibrated",0.111999999999966,24,0.118999999999915,24,TRUE,0.941176470588622
"vary_k",10000,23,6,"SVP BIC multiscale",0.115000000000009,24,0.118999999999915,24,TRUE,0.966386554622615
"vary_k",10000,23,7,"PELT",0.00499999999999545,24,0.00499999999988177,24,TRUE,1.00000000002274
"vary_k",10000,23,7,"SVP BIC",0.113,24,0.118000000000166,24,TRUE,0.957627118642721
"vary_k",10000,23,7,"SVP BIC calibrated",0.112000000000023,24,0.120000000000118,24,TRUE,0.933333333332607
"vary_k",10000,23,7,"SVP BIC multiscale",0.115000000000009,24,0.117999999999938,24,TRUE,0.974576271187029
"vary_k",10000,23,8,"PELT",0.00499999999999545,24,0.00699999999983447,24,TRUE,0.714285714301955
"vary_k",10000,23,8,"SVP BIC",0.112000000000023,24,0.116999999999962,24,TRUE,0.957264957265465
"vary_k",10000,23,8,"SVP BIC calibrated",0.113,24,0.116999999999962,24,TRUE,0.96581196581228
"vary_k",10000,23,8,"SVP BIC multiscale",0.115999999999985,24,0.118999999999915,24,TRUE,0.974789915966957
"vary_k",10000,23,9,"PELT",0.00499999999999545,24,0.00699999999983447,24,TRUE,0.714285714301955
"vary_k",10000,23,9,"SVP BIC",0.111999999999966,24,0.119999999999891,24,TRUE,0.933333333333898
"vary_k",10000,23,9,"SVP BIC calibrated",0.113,24,0.133000000000038,24,TRUE,0.849624060150133
"vary_k",10000,23,9,"SVP BIC multiscale",0.115000000000009,25,0.115999999999985,25,TRUE,0.991379310345033
"vary_k",10000,24,1,"PELT",0.0040000000000191,25,0.00500000000010914,25,TRUE,0.799999999986358
"vary_k",10000,24,1,"SVP BIC",0.10899999999998,25,0.115000000000009,25,TRUE,0.947826086956274
"vary_k",10000,24,1,"SVP BIC calibrated",0.109000000000037,25,0.114000000000033,25,TRUE,0.956140350877241
"vary_k",10000,24,1,"SVP BIC multiscale",0.11099999999999,25,0.114000000000033,25,TRUE,0.973684210525946
"vary_k",10000,24,10,"PELT",0.00499999999999545,25,0.00599999999985812,25,TRUE,0.83333333335228
"vary_k",10000,24,10,"SVP BIC",0.109000000000037,25,0.113000000000056,25,TRUE,0.964601769911354
"vary_k",10000,24,10,"SVP BIC calibrated",0.10899999999998,25,0.11200000000008,25,TRUE,0.973214285713412
"vary_k",10000,24,10,"SVP BIC multiscale",0.112000000000023,25,0.11200000000008,25,TRUE,0.999999999999491
"vary_k",10000,24,2,"PELT",0.00499999999999545,25,0.00500000000010914,25,TRUE,0.999999999977262
"vary_k",10000,24,2,"SVP BIC",0.108000000000004,25,0.11200000000008,25,TRUE,0.964285714285061
"vary_k",10000,24,2,"SVP BIC calibrated",0.106999999999971,25,0.11200000000008,25,TRUE,0.955357142856202
"vary_k",10000,24,2,"SVP BIC multiscale",0.110000000000014,25,0.115000000000009,25,TRUE,0.956521739130482
"vary_k",10000,24,3,"PELT",0.00499999999999545,25,0.00400000000013279,25,TRUE,1.24999999995737
"vary_k",10000,24,3,"SVP BIC",0.109000000000037,25,0.113000000000056,25,TRUE,0.964601769911354
"vary_k",10000,24,3,"SVP BIC calibrated",0.108000000000004,25,0.115000000000009,25,TRUE,0.93913043478257
"vary_k",10000,24,3,"SVP BIC multiscale",0.11099999999999,25,0.113000000000056,25,TRUE,0.982300884955177
"vary_k",10000,24,4,"PELT",0.0040000000000191,25,0.00500000000010914,25,TRUE,0.799999999986358
"vary_k",10000,24,4,"SVP BIC",0.108000000000004,25,0.115000000000009,25,TRUE,0.93913043478257
"vary_k",10000,24,4,"SVP BIC calibrated",0.108000000000004,25,0.111999999999853,25,TRUE,0.964285714287016
"vary_k",10000,24,4,"SVP BIC multiscale",0.110000000000014,25,0.114000000000033,25,TRUE,0.964912280701598
"vary_k",10000,24,5,"PELT",0.007000000000005,25,0.00499999999988177,25,TRUE,1.4000000000341
"vary_k",10000,24,5,"SVP BIC",0.108000000000004,25,0.115000000000009,25,TRUE,0.93913043478257
"vary_k",10000,24,5,"SVP BIC calibrated",0.10899999999998,25,0.114000000000033,25,TRUE,0.956140350876741
"vary_k",10000,24,5,"SVP BIC multiscale",0.112000000000023,25,0.114000000000033,25,TRUE,0.982456140350795
"vary_k",10000,24,6,"PELT",0.0040000000000191,25,0.00400000000013279,25,TRUE,0.999999999971578
"vary_k",10000,24,6,"SVP BIC",0.107999999999947,25,0.11200000000008,25,TRUE,0.964285714284552
"vary_k",10000,24,6,"SVP BIC calibrated",0.108000000000004,25,0.113000000000056,25,TRUE,0.955752212388942
"vary_k",10000,24,6,"SVP BIC multiscale",0.11099999999999,25,0.11200000000008,25,TRUE,0.991071428570631
"vary_k",10000,24,7,"PELT",0.00499999999999545,25,0.00500000000010914,25,TRUE,0.999999999977262
"vary_k",10000,24,7,"SVP BIC",0.106999999999971,25,0.11200000000008,25,TRUE,0.955357142856202
"vary_k",10000,24,7,"SVP BIC calibrated",0.107000000000028,25,0.111999999999853,25,TRUE,0.955357142858647
"vary_k",10000,24,7,"SVP BIC multiscale",0.112000000000023,25,0.111999999999853,25,TRUE,1.00000000000152
"vary_k",10000,24,8,"PELT",0.00499999999999545,25,0.00499999999988177,25,TRUE,1.00000000002274
"vary_k",10000,24,8,"SVP BIC",0.108000000000004,25,0.114000000000033,25,TRUE,0.947368421052392
"vary_k",10000,24,8,"SVP BIC calibrated",0.107999999999947,25,0.113000000000056,25,TRUE,0.955752212388438
"vary_k",10000,24,8,"SVP BIC multiscale",0.110000000000014,25,0.114000000000033,25,TRUE,0.964912280701598
"vary_k",10000,24,9,"PELT",0.00499999999999545,25,0.00499999999988177,25,TRUE,1.00000000002274
"vary_k",10000,24,9,"SVP BIC",0.109000000000037,25,0.120000000000118,25,TRUE,0.908333333332748
"vary_k",10000,24,9,"SVP BIC calibrated",0.108000000000004,25,0.110999999999876,25,TRUE,0.972972972974096
"vary_k",10000,24,9,"SVP BIC multiscale",0.109999999999957,25,0.110999999999876,25,TRUE,0.990990990991711
"vary_k",10000,25,1,"PELT",0.0050000000000523,26,0.00500000000010914,26,TRUE,0.999999999988632
"vary_k",10000,25,1,"SVP BIC",0.103999999999985,26,0.108999999999924,26,TRUE,0.9541284403675
"vary_k",10000,25,1,"SVP BIC calibrated",0.105000000000018,26,0.109000000000151,26,TRUE,0.963302752292409
"vary_k",10000,25,1,"SVP BIC multiscale",0.105999999999995,26,0.1099999999999,26,TRUE,0.963636363637194
"vary_k",10000,25,10,"PELT",0.0040000000000191,26,0.00399999999990541,26,TRUE,1.00000000002842
"vary_k",10000,25,10,"SVP BIC",0.105999999999995,26,0.110000000000127,26,TRUE,0.963636363635206
"vary_k",10000,25,10,"SVP BIC calibrated",0.104999999999961,26,0.1099999999999,26,TRUE,0.954545454545968
"vary_k",10000,25,10,"SVP BIC multiscale",0.108000000000004,26,0.107999999999947,26,TRUE,1.00000000000053
"vary_k",10000,25,2,"PELT",0.00499999999999545,26,0.00499999999988177,26,TRUE,1.00000000002274
"vary_k",10000,25,2,"SVP BIC",0.105000000000018,26,0.1099999999999,26,TRUE,0.954545454546486
"vary_k",10000,25,2,"SVP BIC calibrated",0.108000000000004,26,0.111000000000104,26,TRUE,0.972972972972097
"vary_k",10000,25,2,"SVP BIC multiscale",0.106999999999971,26,0.106999999999971,26,TRUE,1
"vary_k",10000,25,3,"PELT",0.0040000000000191,26,0.00499999999988177,26,TRUE,0.800000000022737
"vary_k",10000,25,3,"SVP BIC",0.103999999999985,26,0.108999999999924,26,TRUE,0.9541284403675
"vary_k",10000,25,3,"SVP BIC calibrated",0.104000000000042,26,0.109000000000151,26,TRUE,0.954128440366036
"vary_k",10000,25,3,"SVP BIC multiscale",0.108000000000004,26,0.111000000000104,26,TRUE,0.972972972972097
"vary_k",10000,25,4,"PELT",0.00399999999996226,26,0.00500000000010914,26,TRUE,0.79999999997499
"vary_k",10000,25,4,"SVP BIC",0.105000000000018,26,0.115000000000009,26,TRUE,0.913043478260955
"vary_k",10000,25,4,"SVP BIC calibrated",0.105000000000018,26,0.118999999999915,26,TRUE,0.882352941177252
"vary_k",10000,25,4,"SVP BIC multiscale",0.105999999999995,27,0.110999999999876,27,TRUE,0.954954954955977
"vary_k",10000,25,5,"PELT",0.00499999999999545,26,0.00399999999990541,26,TRUE,1.25000000002842
"vary_k",10000,25,5,"SVP BIC",0.105000000000018,26,0.111000000000104,26,TRUE,0.945945945945222
"vary_k",10000,25,5,"SVP BIC calibrated",0.105000000000018,26,0.107999999999947,26,TRUE,0.972222222222866
"vary_k",10000,25,5,"SVP BIC multiscale",0.107000000000028,26,0.107999999999947,26,TRUE,0.990740740741486
"vary_k",10000,25,6,"PELT",0.0040000000000191,26,0.00499999999988177,26,TRUE,0.800000000022737
"vary_k",10000,25,6,"SVP BIC",0.105000000000018,26,0.109000000000151,26,TRUE,0.963302752292409
"vary_k",10000,25,6,"SVP BIC calibrated",0.105000000000018,26,0.111000000000104,26,TRUE,0.945945945945222
"vary_k",10000,25,6,"SVP BIC multiscale",0.107000000000028,26,0.110999999999876,26,TRUE,0.963963963965293
"vary_k",10000,25,7,"PELT",0.0040000000000191,26,0.00499999999988177,26,TRUE,0.800000000022737
"vary_k",10000,25,7,"SVP BIC",0.103999999999985,26,0.110999999999876,26,TRUE,0.936936936937848
"vary_k",10000,25,7,"SVP BIC calibrated",0.103999999999985,26,0.110999999999876,26,TRUE,0.936936936937848
"vary_k",10000,25,7,"SVP BIC multiscale",0.107000000000028,26,0.110999999999876,26,TRUE,0.963963963965293
"vary_k",10000,25,8,"PELT",0.0050000000000523,26,0.00499999999988177,26,TRUE,1.00000000003411
"vary_k",10000,25,8,"SVP BIC",0.104999999999961,26,0.110999999999876,26,TRUE,0.945945945946651
"vary_k",10000,25,8,"SVP BIC calibrated",0.104999999999961,26,0.1099999999999,26,TRUE,0.954545454545968
"vary_k",10000,25,8,"SVP BIC multiscale",0.106999999999971,26,0.110000000000127,26,TRUE,0.972727272725886
"vary_k",10000,25,9,"PELT",0.00499999999999545,26,0.00500000000010914,26,TRUE,0.999999999977262
"vary_k",10000,25,9,"SVP BIC",0.103000000000009,26,0.1099999999999,26,TRUE,0.936363636364569
"vary_k",10000,25,9,"SVP BIC calibrated",0.104000000000042,26,0.110999999999876,26,TRUE,0.936936936938362
"vary_k",10000,25,9,"SVP BIC multiscale",0.106000000000051,26,0.1099999999999,26,TRUE,0.963636363637703
"vary_k",10000,26,1,"PELT",0.00499999999999545,27,0.00400000000013279,27,TRUE,1.24999999995737
"vary_k",10000,26,1,"SVP BIC",0.102000000000032,27,0.107999999999947,27,TRUE,0.944444444445204
"vary_k",10000,26,1,"SVP BIC calibrated",0.102000000000032,27,0.105999999999995,27,TRUE,0.962264150943743
"vary_k",10000,26,1,"SVP BIC multiscale",0.104000000000042,28,0.106999999999971,28,TRUE,0.971962616823086
"vary_k",10000,26,10,"PELT",0.00399999999996226,27,0.00500000000010914,27,TRUE,0.79999999997499
"vary_k",10000,26,10,"SVP BIC",0.102000000000032,27,0.105999999999995,27,TRUE,0.962264150943743
"vary_k",10000,26,10,"SVP BIC calibrated",0.100999999999999,27,0.107999999999947,27,TRUE,0.935185185185635
"vary_k",10000,26,10,"SVP BIC multiscale",0.103999999999985,27,0.105999999999995,27,TRUE,0.981132075471603
"vary_k",10000,26,2,"PELT",0.0040000000000191,27,0.00600000000008549,27,TRUE,0.666666666660351
"vary_k",10000,26,2,"SVP BIC",0.100999999999999,27,0.105999999999995,27,TRUE,0.952830188679281
"vary_k",10000,26,2,"SVP BIC calibrated",0.100000000000023,27,0.101999999999862,27,TRUE,0.980392156864297
"vary_k",10000,26,2,"SVP BIC multiscale",0.103000000000009,27,0.103999999999814,27,TRUE,0.990384615386473
"vary_k",10000,26,3,"PELT",0.00499999999999545,27,0.00499999999988177,27,TRUE,1.00000000002274
"vary_k",10000,26,3,"SVP BIC",0.102000000000032,27,0.105000000000018,27,TRUE,0.97142857142871
"vary_k",10000,26,3,"SVP BIC calibrated",0.100999999999999,27,0.105000000000018,27,TRUE,0.961904761904588
"vary_k",10000,26,3,"SVP BIC multiscale",0.105000000000018,27,0.105999999999995,27,TRUE,0.990566037736066
"vary_k",10000,26,4,"PELT",0.0040000000000191,27,0.00500000000010914,27,TRUE,0.799999999986358
"vary_k",10000,26,4,"SVP BIC",0.100999999999999,27,0.105000000000018,27,TRUE,0.961904761904588
"vary_k",10000,26,4,"SVP BIC calibrated",0.100999999999999,27,0.105000000000018,27,TRUE,0.961904761904588
"vary_k",10000,26,4,"SVP BIC multiscale",0.103000000000009,28,0.105000000000018,28,TRUE,0.980952380952299
"vary_k",10000,26,5,"PELT",0.00499999999999545,27,0.00499999999988177,27,TRUE,1.00000000002274
"vary_k",10000,26,5,"SVP BIC",0.100999999999999,27,0.103999999999814,27,TRUE,0.971153846155573
"vary_k",10000,26,5,"SVP BIC calibrated",0.100000000000023,27,0.105999999999995,27,TRUE,0.943396226415356
"vary_k",10000,26,5,"SVP BIC multiscale",0.102999999999952,27,0.109000000000151,27,TRUE,0.944954128438618
"vary_k",10000,26,6,"PELT",0.0040000000000191,27,0.00600000000008549,27,TRUE,0.666666666660351
"vary_k",10000,26,6,"SVP BIC",0.101999999999975,27,0.115000000000009,27,TRUE,0.886956521738844
"vary_k",10000,26,6,"SVP BIC calibrated",0.104000000000042,27,0.116999999999962,27,TRUE,0.888888888889537
"vary_k",10000,26,6,"SVP BIC multiscale",0.105000000000018,27,0.1099999999999,27,TRUE,0.954545454546486
"vary_k",10000,26,7,"PELT",0.0040000000000191,27,0.00499999999988177,27,TRUE,0.800000000022737
"vary_k",10000,26,7,"SVP BIC",0.100000000000023,27,0.106999999999971,27,TRUE,0.934579439252805
"vary_k",10000,26,7,"SVP BIC calibrated",0.0999999999999659,27,0.108999999999924,27,TRUE,0.917431192660877
"vary_k",10000,26,7,"SVP BIC multiscale",0.101999999999975,28,0.105000000000018,28,TRUE,0.971428571428167
"vary_k",10000,26,8,"PELT",0.00499999999999545,27,0.00600000000008549,27,TRUE,0.833333333320701
"vary_k",10000,26,8,"SVP BIC",0.102000000000032,27,0.106999999999971,27,TRUE,0.953271028037941
"vary_k",10000,26,8,"SVP BIC calibrated",0.100999999999999,27,0.105999999999995,27,TRUE,0.952830188679281
"vary_k",10000,26,8,"SVP BIC multiscale",0.103999999999985,27,0.107999999999947,27,TRUE,0.962962962963297
"vary_k",10000,26,9,"PELT",0.00499999999999545,27,0.00399999999990541,27,TRUE,1.25000000002842
"vary_k",10000,26,9,"SVP BIC",0.100999999999999,27,0.107999999999947,27,TRUE,0.935185185185635
"vary_k",10000,26,9,"SVP BIC calibrated",0.100999999999999,27,0.108000000000175,27,TRUE,0.93518518518366
"vary_k",10000,26,9,"SVP BIC multiscale",0.104000000000042,27,0.105999999999995,27,TRUE,0.981132075472141
"vary_k",10000,27,1,"PELT",0.00499999999999545,28,0.00499999999988177,28,TRUE,1.00000000002274
"vary_k",10000,27,1,"SVP BIC",0.100000000000023,28,0.105999999999995,28,TRUE,0.943396226415356
"vary_k",10000,27,1,"SVP BIC calibrated",0.0989999999999895,28,0.103000000000065,28,TRUE,0.961165048542981
"vary_k",10000,27,1,"SVP BIC multiscale",0.100999999999999,28,0.105000000000018,28,TRUE,0.961904761904588
"vary_k",10000,27,10,"PELT",0.00399999999996226,28,0.00500000000010914,28,TRUE,0.79999999997499
"vary_k",10000,27,10,"SVP BIC",0.09699999999998,28,0.102000000000089,28,TRUE,0.950980392155837
"vary_k",10000,27,10,"SVP BIC calibrated",0.0980000000000132,28,0.105999999999995,28,TRUE,0.92452830188696
"vary_k",10000,27,10,"SVP BIC multiscale",0.100000000000023,28,0.105000000000018,28,TRUE,0.952380952381008
"vary_k",10000,27,2,"PELT",0.00399999999996226,28,0.00499999999988177,28,TRUE,0.800000000011369
"vary_k",10000,27,2,"SVP BIC",0.0980000000000132,28,0.102000000000089,28,TRUE,0.960784313724781
"vary_k",10000,27,2,"SVP BIC calibrated",0.0980000000000132,28,0.103000000000065,28,TRUE,0.951456310679139
"vary_k",10000,27,2,"SVP BIC multiscale",0.100999999999999,28,0.103999999999814,28,TRUE,0.971153846155573
"vary_k",10000,27,3,"PELT",0.00399999999996226,28,0.00499999999988177,28,TRUE,0.800000000011369
"vary_k",10000,27,3,"SVP BIC",0.0979999999999563,28,0.100000000000136,28,TRUE,0.97999999999823
"vary_k",10000,27,3,"SVP BIC calibrated",0.09699999999998,28,0.102000000000089,28,TRUE,0.950980392155837
"vary_k",10000,27,3,"SVP BIC multiscale",0.0999999999999659,28,0.101000000000113,28,TRUE,0.990099009899545
"vary_k",10000,27,4,"PELT",0.0040000000000191,28,0.00499999999988177,28,TRUE,0.800000000022737
"vary_k",10000,27,4,"SVP BIC",0.09699999999998,28,0.101000000000113,28,TRUE,0.960396039602688
"vary_k",10000,27,4,"SVP BIC calibrated",0.0980000000000132,28,0.099999999999909,28,TRUE,0.980000000001024
"vary_k",10000,27,4,"SVP BIC multiscale",0.0990000000000464,28,0.100999999999885,28,TRUE,0.980198019803556
"vary_k",10000,27,5,"PELT",0.00600000000002865,28,0.00500000000010914,28,TRUE,1.19999999997954
"vary_k",10000,27,5,"SVP BIC",0.0970000000000368,28,0.099999999999909,28,TRUE,0.970000000001251
"vary_k",10000,27,5,"SVP BIC calibrated",0.0980000000000132,28,0.100999999999885,28,TRUE,0.970297029704206
"vary_k",10000,27,5,"SVP BIC multiscale",0.0989999999999895,28,0.100000000000136,28,TRUE,0.989999999998549
"vary_k",10000,27,6,"PELT",0.00499999999999545,28,0.00600000000008549,28,TRUE,0.833333333320701
"vary_k",10000,27,6,"SVP BIC",0.0980000000000132,28,0.103000000000065,28,TRUE,0.951456310679139
"vary_k",10000,27,6,"SVP BIC calibrated",0.0970000000000368,28,0.101000000000113,28,TRUE,0.96039603960325
"vary_k",10000,27,6,"SVP BIC multiscale",0.0999999999999659,28,0.099999999999909,28,TRUE,1.00000000000057
"vary_k",10000,27,7,"PELT",0.00499999999999545,28,0.00399999999990541,28,TRUE,1.25000000002842
"vary_k",10000,27,7,"SVP BIC",0.0980000000000132,28,0.104000000000042,28,TRUE,0.942307692307439
"vary_k",10000,27,7,"SVP BIC calibrated",0.0979999999999563,28,0.101999999999862,28,TRUE,0.960784313726362
"vary_k",10000,27,7,"SVP BIC multiscale",0.100999999999999,28,0.102000000000089,28,TRUE,0.990196078430499
"vary_k",10000,27,8,"PELT",0.00399999999996226,28,0.00500000000010914,28,TRUE,0.79999999997499
"vary_k",10000,27,8,"SVP BIC",0.0980000000000132,28,0.101999999999862,28,TRUE,0.960784313726919
"vary_k",10000,27,8,"SVP BIC calibrated",0.0980000000000132,28,0.101999999999862,28,TRUE,0.960784313726919
"vary_k",10000,27,8,"SVP BIC multiscale",0.0989999999999895,29,0.0979999999999563,29,TRUE,1.010204081633
"vary_k",10000,27,9,"PELT",0.00499999999999545,28,0.00600000000008549,28,TRUE,0.833333333320701
"vary_k",10000,27,9,"SVP BIC",0.0980000000000132,28,0.106999999999971,28,TRUE,0.915887850467661
"vary_k",10000,27,9,"SVP BIC calibrated",0.0979999999999563,28,0.103000000000065,28,TRUE,0.951456310678587
"vary_k",10000,27,9,"SVP BIC multiscale",0.100999999999999,28,0.103000000000065,28,TRUE,0.980582524271216
"vary_k",10000,28,1,"PELT",0.00499999999999545,29,0.00500000000010914,29,TRUE,0.999999999977262
"vary_k",10000,28,1,"SVP BIC",0.0940000000000509,29,0.104000000000042,29,TRUE,0.903846153846278
"vary_k",10000,28,1,"SVP BIC calibrated",0.0960000000000036,29,0.102000000000089,29,TRUE,0.941176470587449
"vary_k",10000,28,1,"SVP BIC multiscale",0.09699999999998,30,0.101000000000113,30,TRUE,0.960396039602688
"vary_k",10000,28,10,"PELT",0.0050000000000523,29,0.00600000000008549,29,TRUE,0.833333333330176
"vary_k",10000,28,10,"SVP BIC",0.09699999999998,29,0.11200000000008,29,TRUE,0.866071428570631
"vary_k",10000,28,10,"SVP BIC calibrated",0.0950000000000273,29,0.103000000000065,29,TRUE,0.922330097087062
"vary_k",10000,28,10,"SVP BIC multiscale",0.0980000000000132,29,0.105999999999995,29,TRUE,0.92452830188696
"vary_k",10000,28,2,"PELT",0.0040000000000191,29,0.00399999999990541,29,TRUE,1.00000000002842
"vary_k",10000,28,2,"SVP BIC",0.0939999999999941,29,0.103999999999814,29,TRUE,0.903846153847714
"vary_k",10000,28,2,"SVP BIC calibrated",0.0939999999999941,29,0.102999999999838,29,TRUE,0.912621359224679
"vary_k",10000,28,2,"SVP BIC multiscale",0.0959999999999468,29,0.100999999999885,29,TRUE,0.950495049505506
"vary_k",10000,28,3,"PELT",0.0040000000000191,29,0.00399999999990541,29,TRUE,1.00000000002842
"vary_k",10000,28,3,"SVP BIC",0.0939999999999941,29,0.102000000000089,29,TRUE,0.921568627450118
"vary_k",10000,28,3,"SVP BIC calibrated",0.0939999999999941,29,0.101999999999862,29,TRUE,0.921568627452169
"vary_k",10000,28,3,"SVP BIC multiscale",0.0960000000000036,29,0.100999999999885,29,TRUE,0.950495049506068
"vary_k",10000,28,4,"PELT",0.00399999999996226,30,0.00400000000013279,30,TRUE,0.999999999957368
"vary_k",10000,28,4,"SVP BIC",0.0949999999999704,29,0.101999999999862,29,TRUE,0.931372549020578
"vary_k",10000,28,4,"SVP BIC calibrated",0.0950000000000273,29,0.101999999999862,29,TRUE,0.931372549021136
"vary_k",10000,28,4,"SVP BIC multiscale",0.0980000000000132,29,0.103000000000065,29,TRUE,0.951456310679139
"vary_k",10000,28,5,"PELT",0.0040000000000191,30,0.00500000000010914,30,TRUE,0.799999999986358
"vary_k",10000,28,5,"SVP BIC",0.0960000000000036,29,0.104000000000042,29,TRUE,0.923076923076585
"vary_k",10000,28,5,"SVP BIC calibrated",0.0960000000000036,29,0.103000000000065,29,TRUE,0.932038834950903
"vary_k",10000,28,5,"SVP BIC multiscale",0.0979999999999563,29,0.101999999999862,29,TRUE,0.960784313726362
"vary_k",10000,28,6,"PELT",0.0040000000000191,29,0.00399999999990541,29,TRUE,1.00000000002842
"vary_k",10000,28,6,"SVP BIC",0.0950000000000273,29,0.105000000000018,29,TRUE,0.90476190476201
"vary_k",10000,28,6,"SVP BIC calibrated",0.0950000000000273,29,0.104000000000042,29,TRUE,0.913461538461432
"vary_k",10000,28,6,"SVP BIC multiscale",0.0980000000000132,29,0.102000000000089,29,TRUE,0.960784313724781
"vary_k",10000,28,7,"PELT",0.0040000000000191,29,0.00399999999990541,29,TRUE,1.00000000002842
"vary_k",10000,28,7,"SVP BIC",0.0949999999999704,29,0.101999999999862,29,TRUE,0.931372549020578
"vary_k",10000,28,7,"SVP BIC calibrated",0.0950000000000273,29,0.101000000000113,29,TRUE,0.940594059405159
"vary_k",10000,28,7,"SVP BIC multiscale",0.09699999999998,29,0.101000000000113,29,TRUE,0.960396039602688
"vary_k",10000,28,8,"PELT",0.0040000000000191,29,0.00399999999990541,29,TRUE,1.00000000002842
"vary_k",10000,28,8,"SVP BIC",0.0939999999999941,29,0.100999999999885,29,TRUE,0.930693069307932
"vary_k",10000,28,8,"SVP BIC calibrated",0.0950000000000273,29,0.102000000000089,29,TRUE,0.931372549019063
"vary_k",10000,28,8,"SVP BIC multiscale",0.0970000000000368,29,0.103000000000065,29,TRUE,0.941747572815297
"vary_k",10000,28,9,"PELT",0.0040000000000191,29,0.00399999999990541,29,TRUE,1.00000000002842
"vary_k",10000,28,9,"SVP BIC",0.0949999999999704,29,0.104000000000042,29,TRUE,0.913461538460885
"vary_k",10000,28,9,"SVP BIC calibrated",0.0949999999999704,29,0.103999999999814,29,TRUE,0.913461538462887
"vary_k",10000,28,9,"SVP BIC multiscale",0.09699999999998,30,0.114000000000033,30,TRUE,0.850877192982034
"vary_k",10000,29,1,"PELT",0.00499999999999545,30,0.00399999999990541,30,TRUE,1.25000000002842
"vary_k",10000,29,1,"SVP BIC",0.0919999999999845,30,0.110000000000127,30,TRUE,0.83636363636253
"vary_k",10000,29,1,"SVP BIC calibrated",0.0919999999999845,30,0.099999999999909,30,TRUE,0.920000000000682
"vary_k",10000,29,1,"SVP BIC multiscale",0.0960000000000036,30,0.0980000000001837,30,TRUE,0.979591836732894
"vary_k",10000,29,10,"PELT",0.00399999999996226,30,0.00399999999990541,30,TRUE,1.00000000001421
"vary_k",10000,29,10,"SVP BIC",0.0910000000000082,30,0.0980000000001837,30,TRUE,0.928571428569772
"vary_k",10000,29,10,"SVP BIC calibrated",0.0910000000000082,30,0.0979999999999563,30,TRUE,0.928571428571926
"vary_k",10000,29,10,"SVP BIC multiscale",0.0939999999999941,30,0.0980000000001837,30,TRUE,0.95918367346753
"vary_k",10000,29,2,"PELT",0.0040000000000191,30,0.00399999999990541,30,TRUE,1.00000000002842
"vary_k",10000,29,2,"SVP BIC",0.0919999999999845,30,0.100000000000136,30,TRUE,0.919999999998594
"vary_k",10000,29,2,"SVP BIC calibrated",0.0910000000000082,30,0.099999999999909,30,TRUE,0.91000000000091
"vary_k",10000,29,2,"SVP BIC multiscale",0.0939999999999941,30,0.099999999999909,30,TRUE,0.940000000000796
"vary_k",10000,29,3,"PELT",0.00499999999999545,30,0.00400000000013279,30,TRUE,1.24999999995737
"vary_k",10000,29,3,"SVP BIC",0.0930000000000177,30,0.099999999999909,30,TRUE,0.930000000001023
"vary_k",10000,29,3,"SVP BIC calibrated",0.0920000000000414,30,0.100000000000136,30,TRUE,0.919999999999163
"vary_k",10000,29,3,"SVP BIC multiscale",0.0949999999999704,30,0.103000000000065,30,TRUE,0.922330097086509
"vary_k",10000,29,4,"PELT",0.00399999999996226,30,0.00399999999990541,30,TRUE,1.00000000001421
"vary_k",10000,29,4,"SVP BIC",0.0910000000000082,30,0.0989999999999327,30,TRUE,0.919191919192627
"vary_k",10000,29,4,"SVP BIC calibrated",0.0920000000000414,30,0.0990000000001601,30,TRUE,0.929292929291845
"vary_k",10000,29,4,"SVP BIC multiscale",0.0949999999999704,30,0.0979999999999563,30,TRUE,0.969387755102171
"vary_k",10000,29,5,"PELT",0.00399999999996226,30,0.00400000000013279,30,TRUE,0.999999999957368
"vary_k",10000,29,5,"SVP BIC",0.0919999999999845,30,0.0989999999999327,30,TRUE,0.929292929293404
"vary_k",10000,29,5,"SVP BIC calibrated",0.0919999999999845,30,0.100999999999885,30,TRUE,0.910891089109795
"vary_k",10000,29,5,"SVP BIC multiscale",0.0949999999999704,30,0.0990000000001601,30,TRUE,0.959595959594109
"vary_k",10000,29,6,"PELT",0.00399999999996226,30,0.00599999999985812,30,TRUE,0.666666666676141
"vary_k",10000,29,6,"SVP BIC",0.0919999999999845,30,0.0989999999999327,30,TRUE,0.929292929293404
"vary_k",10000,29,6,"SVP BIC calibrated",0.0919999999999845,30,0.100000000000136,30,TRUE,0.919999999998594
"vary_k",10000,29,6,"SVP BIC multiscale",0.0939999999999941,30,0.101999999999862,30,TRUE,0.921568627452169
"vary_k",10000,29,7,"PELT",0.0040000000000191,31,0.00399999999990541,31,TRUE,1.00000000002842
"vary_k",10000,29,7,"SVP BIC",0.0919999999999845,30,0.100000000000136,30,TRUE,0.919999999998594
"vary_k",10000,29,7,"SVP BIC calibrated",0.0919999999999845,30,0.0989999999999327,30,TRUE,0.929292929293404
"vary_k",10000,29,7,"SVP BIC multiscale",0.0939999999999941,30,0.09699999999998,30,TRUE,0.969072164948593
"vary_k",10000,29,8,"PELT",0.0040000000000191,30,0.00399999999990541,30,TRUE,1.00000000002842
"vary_k",10000,29,8,"SVP BIC",0.0919999999999845,30,0.0979999999999563,30,TRUE,0.938775510204342
"vary_k",10000,29,8,"SVP BIC calibrated",0.0910000000000082,30,0.099999999999909,30,TRUE,0.91000000000091
"vary_k",10000,29,8,"SVP BIC multiscale",0.0939999999999941,30,0.09699999999998,30,TRUE,0.969072164948593
"vary_k",10000,29,9,"PELT",0.00499999999999545,30,0.00399999999990541,30,TRUE,1.25000000002842
"vary_k",10000,29,9,"SVP BIC",0.0910000000000082,30,0.100000000000136,30,TRUE,0.909999999998844
"vary_k",10000,29,9,"SVP BIC calibrated",0.0910000000000082,30,0.0989999999999327,30,TRUE,0.919191919192627
"vary_k",10000,29,9,"SVP BIC multiscale",0.0930000000000177,30,0.0980000000001837,30,TRUE,0.948979591835136
"vary_k",10000,3,1,"PELT",0.0219999999999914,4,0.0260000000000673,4,TRUE,0.846153846151325
"vary_k",10000,3,1,"SVP BIC",0.562000000000012,4,0.633000000000038,4,TRUE,0.887835703001546
"vary_k",10000,3,1,"SVP BIC calibrated",0.562999999999988,4,0.631999999999948,4,TRUE,0.890822784810181
"vary_k",10000,3,1,"SVP BIC multiscale",0.561999999999983,5,0.594999999999914,5,TRUE,0.944537815126158
"vary_k",10000,3,10,"PELT",0.0190000000000055,4,0.0190000000000055,4,TRUE,1
"vary_k",10000,3,10,"SVP BIC",0.582000000000022,4,0.636000000000081,4,TRUE,0.91509433962256
"vary_k",10000,3,10,"SVP BIC calibrated",0.572000000000003,4,0.644999999999982,4,TRUE,0.886821705426386
"vary_k",10000,3,10,"SVP BIC multiscale",0.641999999999996,4,0.69399999999996,4,TRUE,0.925072046109558
"vary_k",10000,3,2,"PELT",0.0240000000000009,4,0.0240000000000009,4,TRUE,1
"vary_k",10000,3,2,"SVP BIC",0.560999999999979,4,0.629000000000019,4,TRUE,0.891891891891831
"vary_k",10000,3,2,"SVP BIC calibrated",0.563000000000017,4,0.629999999999995,4,TRUE,0.893650793650828
"vary_k",10000,3,2,"SVP BIC multiscale",0.634000000000015,4,0.673999999999978,4,TRUE,0.940652818991151
"vary_k",10000,3,3,"PELT",0.0229999999999961,4,0.0240000000000009,4,TRUE,0.958333333333135
"vary_k",10000,3,3,"SVP BIC",0.558999999999997,4,0.624000000000024,4,TRUE,0.895833333333294
"vary_k",10000,3,3,"SVP BIC calibrated",0.560000000000002,4,0.626999999999953,4,TRUE,0.893141945773595
"vary_k",10000,3,3,"SVP BIC multiscale",0.588999999999999,5,0.619000000000028,5,TRUE,0.951534733440989
"vary_k",10000,3,4,"PELT",0.0209999999999866,4,0.02699999999993,4,TRUE,0.777777777779298
"vary_k",10000,3,4,"SVP BIC",0.579000000000008,4,0.646999999999935,4,TRUE,0.894899536321586
"vary_k",10000,3,4,"SVP BIC calibrated",0.572999999999979,4,0.641999999999939,4,TRUE,0.892523364486033
"vary_k",10000,3,4,"SVP BIC multiscale",0.638000000000005,4,0.680999999999926,4,TRUE,0.936857562408332
"vary_k",10000,3,5,"PELT",0.0209999999999866,4,0.0240000000000009,4,TRUE,0.874999999999409
"vary_k",10000,3,5,"SVP BIC",0.569999999999993,4,0.639999999999986,4,TRUE,0.890625000000008
"vary_k",10000,3,5,"SVP BIC calibrated",0.566000000000003,4,0.651000000000067,4,TRUE,0.869431643625107
"vary_k",10000,3,5,"SVP BIC multiscale",0.631999999999977,4,0.682000000000016,4,TRUE,0.926686217008742
"vary_k",10000,3,6,"PELT",0.0200000000000102,4,0.0209999999999582,4,TRUE,0.952380952383334
"vary_k",10000,3,6,"SVP BIC",0.563999999999993,4,0.637000000000057,4,TRUE,0.885400313971652
"vary_k",10000,3,6,"SVP BIC calibrated",0.566000000000003,4,0.634000000000015,4,TRUE,0.892744479495252
"vary_k",10000,3,6,"SVP BIC multiscale",0.637999999999977,4,0.683999999999969,4,TRUE,0.932748538011705
"vary_k",10000,3,7,"PELT",0.021000000000015,4,0.0199999999999818,4,TRUE,1.05000000000171
"vary_k",10000,3,7,"SVP BIC",0.561999999999983,4,0.638000000000034,4,TRUE,0.880877742946635
"vary_k",10000,3,7,"SVP BIC calibrated",0.560000000000002,4,0.636000000000081,4,TRUE,0.880503144653979
"vary_k",10000,3,7,"SVP BIC multiscale",0.632999999999981,4,0.68100000000004,4,TRUE,0.92951541850212
"vary_k",10000,3,8,"PELT",0.0220000000000198,4,0.0219999999999345,4,TRUE,1.00000000000388
"vary_k",10000,3,8,"SVP BIC",0.578999999999979,4,0.649000000000001,4,TRUE,0.892141756548502
"vary_k",10000,3,8,"SVP BIC calibrated",0.585999999999984,4,0.652999999999906,4,TRUE,0.897396630934255
"vary_k",10000,3,8,"SVP BIC multiscale",0.656000000000006,4,0.698999999999955,4,TRUE,0.938483547925677
"vary_k",10000,3,9,"PELT",0.021000000000015,4,0.0259999999999536,4,TRUE,0.807692307694326
"vary_k",10000,3,9,"SVP BIC",0.571999999999974,4,0.633000000000038,4,TRUE,0.903633491311121
"vary_k",10000,3,9,"SVP BIC calibrated",0.564999999999998,4,0.630999999999972,4,TRUE,0.895404120443776
"vary_k",10000,3,9,"SVP BIC multiscale",0.640999999999991,4,0.692999999999984,4,TRUE,0.924963924963933
"vary_k",10000,30,1,"PELT",0.00399999999996226,31,0.00399999999990541,31,TRUE,1.00000000001421
"vary_k",10000,30,1,"SVP BIC",0.0889999999999986,31,0.0960000000000036,31,TRUE,0.927083333333284
"vary_k",10000,30,1,"SVP BIC calibrated",0.089999999999975,31,0.0960000000000036,31,TRUE,0.937499999999704
"vary_k",10000,30,1,"SVP BIC multiscale",0.0919999999999845,31,0.0960000000000036,31,TRUE,0.958333333333136
"vary_k",10000,30,10,"PELT",0.0040000000000191,31,0.00399999999990541,31,TRUE,1.00000000002842
"vary_k",10000,30,10,"SVP BIC",0.0889999999999986,31,0.09699999999998,31,TRUE,0.917525773196051
"vary_k",10000,30,10,"SVP BIC calibrated",0.089999999999975,31,0.0970000000002074,31,TRUE,0.92783505154415
"vary_k",10000,30,10,"SVP BIC multiscale",0.0919999999999845,31,0.0960000000000036,31,TRUE,0.958333333333136
"vary_k",10000,30,2,"PELT",0.00399999999996226,31,0.00399999999990541,31,TRUE,1.00000000001421
"vary_k",10000,30,2,"SVP BIC",0.0889999999999986,31,0.0960000000000036,31,TRUE,0.927083333333284
"vary_k",10000,30,2,"SVP BIC calibrated",0.0900000000000318,31,0.09699999999998,31,TRUE,0.927835051546911
"vary_k",10000,30,2,"SVP BIC multiscale",0.0910000000000082,31,0.09699999999998,31,TRUE,0.938144329897185
"vary_k",10000,30,3,"PELT",0.0040000000000191,31,0.00399999999990541,31,TRUE,1.00000000002842
"vary_k",10000,30,3,"SVP BIC",0.0889999999999986,31,0.0979999999999563,31,TRUE,0.908163265306513
"vary_k",10000,30,3,"SVP BIC calibrated",0.0880000000000223,31,0.09699999999998,31,TRUE,0.907216494845778
"vary_k",10000,30,3,"SVP BIC multiscale",0.0920000000000414,31,0.0950000000000273,31,TRUE,0.968421052631736
"vary_k",10000,30,4,"PELT",0.0040000000000191,32,0.00399999999990541,32,TRUE,1.00000000002842
"vary_k",10000,30,4,"SVP BIC",0.0900000000000318,31,0.09699999999998,31,TRUE,0.927835051546911
"vary_k",10000,30,4,"SVP BIC calibrated",0.0900000000000318,31,0.09699999999998,31,TRUE,0.927835051546911
"vary_k",10000,30,4,"SVP BIC multiscale",0.0919999999999845,31,0.0950000000000273,31,TRUE,0.968421052631137
"vary_k",10000,30,5,"PELT",0.00300000000004275,31,0.00400000000013279,31,TRUE,0.74999999998579
"vary_k",10000,30,5,"SVP BIC",0.089999999999975,31,0.0960000000000036,31,TRUE,0.937499999999704
"vary_k",10000,30,5,"SVP BIC calibrated",0.089999999999975,31,0.0960000000000036,31,TRUE,0.937499999999704
"vary_k",10000,30,5,"SVP BIC multiscale",0.0920000000000414,31,0.0989999999999327,31,TRUE,0.929292929293979
"vary_k",10000,30,6,"PELT",0.0040000000000191,31,0.00600000000008549,31,TRUE,0.666666666660351
"vary_k",10000,30,6,"SVP BIC",0.0889999999999986,31,0.0960000000000036,31,TRUE,0.927083333333284
"vary_k",10000,30,6,"SVP BIC calibrated",0.0889999999999986,31,0.0960000000000036,31,TRUE,0.927083333333284
"vary_k",10000,30,6,"SVP BIC multiscale",0.0910000000000082,33,0.0929999999998472,33,TRUE,0.97849462365761
"vary_k",10000,30,7,"PELT",0.0040000000000191,31,0.00400000000013279,31,TRUE,0.999999999971578
"vary_k",10000,30,7,"SVP BIC",0.089999999999975,31,0.09699999999998,31,TRUE,0.927835051546325
"vary_k",10000,30,7,"SVP BIC calibrated",0.0900000000000318,31,0.0979999999999563,31,TRUE,0.91836734693951
"vary_k",10000,30,7,"SVP BIC multiscale",0.0910000000000082,31,0.0960000000000036,31,TRUE,0.947916666666717
"vary_k",10000,30,8,"PELT",0.0040000000000191,31,0.00499999999988177,31,TRUE,0.800000000022737
"vary_k",10000,30,8,"SVP BIC",0.0889999999999986,31,0.09699999999998,31,TRUE,0.917525773196051
"vary_k",10000,30,8,"SVP BIC calibrated",0.0889999999999986,31,0.099999999999909,31,TRUE,0.890000000000796
"vary_k",10000,30,8,"SVP BIC multiscale",0.0910000000000082,31,0.09699999999998,31,TRUE,0.938144329897185
"vary_k",10000,30,9,"PELT",0.0040000000000191,31,0.00400000000013279,31,TRUE,0.999999999971578
"vary_k",10000,30,9,"SVP BIC",0.0889999999999986,31,0.0979999999999563,31,TRUE,0.908163265306513
"vary_k",10000,30,9,"SVP BIC calibrated",0.089999999999975,31,0.0979999999999563,31,TRUE,0.91836734693893
"vary_k",10000,30,9,"SVP BIC multiscale",0.0919999999999845,31,0.0979999999999563,31,TRUE,0.938775510204342
"vary_k",10000,31,1,"PELT",0.00499999999999545,32,0.00299999999992906,32,TRUE,1.66666666670456
"vary_k",10000,31,1,"SVP BIC",0.0859999999999559,32,0.0899999999999181,32,TRUE,0.955555555555935
"vary_k",10000,31,1,"SVP BIC calibrated",0.0860000000000127,32,0.0910000000001219,32,TRUE,0.945054945053819
"vary_k",10000,31,1,"SVP BIC multiscale",0.0879999999999654,32,0.0899999999999181,32,TRUE,0.977777777778283
"vary_k",10000,31,10,"PELT",0.0029999999999859,32,0.00399999999990541,32,TRUE,0.750000000014211
"vary_k",10000,31,10,"SVP BIC",0.0869999999999891,32,0.0910000000001219,32,TRUE,0.956043956042556
"vary_k",10000,31,10,"SVP BIC calibrated",0.0859999999999559,32,0.0900000000001455,32,TRUE,0.955555555553521
"vary_k",10000,31,10,"SVP BIC multiscale",0.0889999999999986,32,0.0889999999999418,32,TRUE,1.00000000000064
"vary_k",10000,31,2,"PELT",0.00399999999996226,32,0.00400000000013279,32,TRUE,0.999999999957368
"vary_k",10000,31,2,"SVP BIC",0.0869999999999891,32,0.0909999999998945,32,TRUE,0.956043956044945
"vary_k",10000,31,2,"SVP BIC calibrated",0.0869999999999891,32,0.0909999999998945,32,TRUE,0.956043956044945
"vary_k",10000,31,2,"SVP BIC multiscale",0.0889999999999986,32,0.0890000000001692,32,TRUE,0.999999999998083
"vary_k",10000,31,3,"PELT",0.0040000000000191,32,0.00399999999990541,32,TRUE,1.00000000002842
"vary_k",10000,31,3,"SVP BIC",0.0859999999999559,32,0.123999999999796,32,TRUE,0.69354838709756
"vary_k",10000,31,3,"SVP BIC calibrated",0.0860000000000127,32,0.0920000000000982,32,TRUE,0.934782608694793
"vary_k",10000,31,3,"SVP BIC multiscale",0.0889999999999986,32,0.0889999999999418,32,TRUE,1.00000000000064
"vary_k",10000,31,4,"PELT",0.0029999999999859,32,0.00499999999988177,32,TRUE,0.600000000011368
"vary_k",10000,31,4,"SVP BIC",0.0860000000000127,32,0.0960000000000036,32,TRUE,0.895833333333432
"vary_k",10000,31,4,"SVP BIC calibrated",0.0860000000000127,32,0.0899999999999181,32,TRUE,0.955555555556566
"vary_k",10000,31,4,"SVP BIC multiscale",0.0880000000000223,32,0.0890000000001692,32,TRUE,0.988764044942191
"vary_k",10000,31,5,"PELT",0.0040000000000191,32,0.00299999999992906,32,TRUE,1.33333333337123
"vary_k",10000,31,5,"SVP BIC",0.0860000000000127,32,0.0879999999999654,32,TRUE,0.977272727273256
"vary_k",10000,31,5,"SVP BIC calibrated",0.0860000000000127,32,0.0899999999999181,32,TRUE,0.955555555556566
"vary_k",10000,31,5,"SVP BIC multiscale",0.0879999999999654,32,0.0920000000000982,32,TRUE,0.956521739129038
"vary_k",10000,31,6,"PELT",0.00399999999996226,32,0.00399999999990541,32,TRUE,1.00000000001421
"vary_k",10000,31,6,"SVP BIC",0.0869999999999891,32,0.0919999999998709,32,TRUE,0.945652173914252
"vary_k",10000,31,6,"SVP BIC calibrated",0.0870000000000459,32,0.0899999999999181,32,TRUE,0.966666666668056
"vary_k",10000,31,6,"SVP BIC multiscale",0.0889999999999986,32,0.0919999999998709,32,TRUE,0.967391304349168
"vary_k",10000,31,7,"PELT",0.00399999999996226,32,0.00400000000013279,32,TRUE,0.999999999957368
"vary_k",10000,31,7,"SVP BIC",0.0860000000000127,32,0.0889999999999418,32,TRUE,0.966292134832235
"vary_k",10000,31,7,"SVP BIC calibrated",0.0869999999999891,32,0.0929999999998472,32,TRUE,0.935483870969162
"vary_k",10000,31,7,"SVP BIC multiscale",0.0889999999999986,32,0.0899999999999181,32,TRUE,0.988888888889773
"vary_k",10000,31,8,"PELT",0.00399999999996226,32,0.00500000000010914,32,TRUE,0.79999999997499
"vary_k",10000,31,8,"SVP BIC",0.0869999999999891,32,0.0930000000000746,32,TRUE,0.935483870966874
"vary_k",10000,31,8,"SVP BIC calibrated",0.0869999999999891,32,0.0920000000000982,32,TRUE,0.945652173911916
"vary_k",10000,31,8,"SVP BIC multiscale",0.0889999999999986,32,0.0900000000001455,32,TRUE,0.988888888887275
"vary_k",10000,31,9,"PELT",0.0040000000000191,32,0.00500000000010914,32,TRUE,0.799999999986358
"vary_k",10000,31,9,"SVP BIC",0.0869999999999891,32,0.0930000000000746,32,TRUE,0.935483870966874
"vary_k",10000,31,9,"SVP BIC calibrated",0.0869999999999891,32,0.0900000000001455,32,TRUE,0.966666666664983
"vary_k",10000,31,9,"SVP BIC multiscale",0.089999999999975,32,0.0889999999999418,32,TRUE,1.01123595505656
"vary_k",10000,32,1,"PELT",0.0040000000000191,33,0.00399999999990541,33,TRUE,1.00000000002842
"vary_k",10000,32,1,"SVP BIC",0.0850000000000364,33,0.0889999999999418,33,TRUE,0.955056179776314
"vary_k",10000,32,1,"SVP BIC calibrated",0.0849999999999795,33,0.0889999999999418,33,TRUE,0.955056179775675
"vary_k",10000,32,1,"SVP BIC multiscale",0.0869999999999891,33,0.0860000000000127,33,TRUE,1.01162790697647
"vary_k",10000,32,10,"PELT",0.00399999999996226,33,0.00400000000013279,33,TRUE,0.999999999957368
"vary_k",10000,32,10,"SVP BIC",0.0849999999999795,33,0.0879999999999654,33,TRUE,0.965909090909238
"vary_k",10000,32,10,"SVP BIC calibrated",0.0840000000000032,33,0.0869999999999891,33,TRUE,0.965517241379468
"vary_k",10000,32,10,"SVP BIC multiscale",0.0850000000000364,34,0.0860000000000127,34,TRUE,0.988372093023533
"vary_k",10000,32,2,"PELT",0.00399999999996226,33,0.00400000000013279,33,TRUE,0.999999999957368
"vary_k",10000,32,2,"SVP BIC",0.0840000000000032,33,0.0869999999999891,33,TRUE,0.965517241379468
"vary_k",10000,32,2,"SVP BIC calibrated",0.0840000000000032,33,0.0879999999999654,33,TRUE,0.954545454545866
"vary_k",10000,32,2,"SVP BIC multiscale",0.0860000000000127,33,0.0869999999999891,33,TRUE,0.988505747126707
"vary_k",10000,32,3,"PELT",0.0029999999999859,33,0.00399999999990541,33,TRUE,0.750000000014211
"vary_k",10000,32,3,"SVP BIC",0.0849999999999795,33,0.0889999999999418,33,TRUE,0.955056179775675
"vary_k",10000,32,3,"SVP BIC calibrated",0.0840000000000032,33,0.0880000000001928,33,TRUE,0.9545454545434
"vary_k",10000,32,3,"SVP BIC multiscale",0.0889999999999986,33,0.0879999999999654,33,TRUE,1.01136363636402
"vary_k",10000,32,4,"PELT",0.0040000000000191,33,0.00500000000010914,33,TRUE,0.799999999986358
"vary_k",10000,32,4,"SVP BIC",0.0840000000000032,33,0.0889999999999418,33,TRUE,0.943820224719754
"vary_k",10000,32,4,"SVP BIC calibrated",0.0840000000000032,33,0.0879999999999654,33,TRUE,0.954545454545866
"vary_k",10000,32,4,"SVP BIC multiscale",0.0860000000000127,33,0.0869999999999891,33,TRUE,0.988505747126707
"vary_k",10000,32,5,"PELT",0.0040000000000191,33,0.00399999999990541,33,TRUE,1.00000000002842
"vary_k",10000,32,5,"SVP BIC",0.0850000000000364,33,0.0890000000001692,33,TRUE,0.955056179773874
"vary_k",10000,32,5,"SVP BIC calibrated",0.0840000000000032,33,0.0889999999999418,33,TRUE,0.943820224719754
"vary_k",10000,32,5,"SVP BIC multiscale",0.0860000000000127,34,0.0869999999999891,34,TRUE,0.988505747126707
"vary_k",10000,32,6,"PELT",0.0050000000000523,33,0.00399999999990541,33,TRUE,1.25000000004263
"vary_k",10000,32,6,"SVP BIC",0.0840000000000032,33,0.0879999999999654,33,TRUE,0.954545454545866
"vary_k",10000,32,6,"SVP BIC calibrated",0.0840000000000032,33,0.0879999999999654,33,TRUE,0.954545454545866
"vary_k",10000,32,6,"SVP BIC multiscale",0.0860000000000127,34,0.0869999999999891,34,TRUE,0.988505747126707
"vary_k",10000,32,7,"PELT",0.00399999999996226,33,0.00399999999990541,33,TRUE,1.00000000001421
"vary_k",10000,32,7,"SVP BIC",0.0840000000000032,33,0.0869999999999891,33,TRUE,0.965517241379468
"vary_k",10000,32,7,"SVP BIC calibrated",0.0840000000000032,33,0.0879999999999654,33,TRUE,0.954545454545866
"vary_k",10000,32,7,"SVP BIC multiscale",0.0860000000000127,33,0.0879999999999654,33,TRUE,0.977272727273256
"vary_k",10000,32,8,"PELT",0.00399999999996226,33,0.00500000000010914,33,TRUE,0.79999999997499
"vary_k",10000,32,8,"SVP BIC",0.0849999999999795,33,0.0889999999999418,33,TRUE,0.955056179775675
"vary_k",10000,32,8,"SVP BIC calibrated",0.0849999999999795,33,0.0879999999999654,33,TRUE,0.965909090909238
"vary_k",10000,32,8,"SVP BIC multiscale",0.0870000000000459,33,0.0860000000000127,33,TRUE,1.01162790697713
"vary_k",10000,32,9,"PELT",0.0040000000000191,33,0.00300000000015643,33,TRUE,1.33333333327018
"vary_k",10000,32,9,"SVP BIC",0.0840000000000032,33,0.0879999999999654,33,TRUE,0.954545454545866
"vary_k",10000,32,9,"SVP BIC calibrated",0.0840000000000032,33,0.0869999999999891,33,TRUE,0.965517241379468
"vary_k",10000,32,9,"SVP BIC multiscale",0.0869999999999891,33,0.0860000000000127,33,TRUE,1.01162790697647
"vary_k",10000,33,1,"PELT",0.0040000000000191,34,0.00500000000010914,34,TRUE,0.799999999986358
"vary_k",10000,33,1,"SVP BIC",0.0830000000000268,34,0.0860000000000127,34,TRUE,0.965116279069936
"vary_k",10000,33,1,"SVP BIC calibrated",0.0840000000000032,34,0.0860000000000127,34,TRUE,0.976744186046404
"vary_k",10000,33,1,"SVP BIC multiscale",0.0840000000000032,34,0.0850000000000364,34,TRUE,0.988235294117262
"vary_k",10000,33,10,"PELT",0.0040000000000191,34,0.00399999999990541,34,TRUE,1.00000000002842
"vary_k",10000,33,10,"SVP BIC",0.0819999999999936,34,0.0860000000000127,34,TRUE,0.953488372092808
"vary_k",10000,33,10,"SVP BIC calibrated",0.0819999999999936,34,0.0860000000000127,34,TRUE,0.953488372092808
"vary_k",10000,33,10,"SVP BIC multiscale",0.0840000000000032,34,0.0860000000000127,34,TRUE,0.976744186046404
"vary_k",10000,33,2,"PELT",0.0040000000000191,34,0.00400000000013279,34,TRUE,0.999999999971578
"vary_k",10000,33,2,"SVP BIC",0.0819999999999936,34,0.0850000000000364,34,TRUE,0.964705882352453
"vary_k",10000,33,2,"SVP BIC calibrated",0.0819999999999936,34,0.0850000000000364,34,TRUE,0.964705882352453
"vary_k",10000,33,2,"SVP BIC multiscale",0.08299999999997,34,0.0830000000000837,34,TRUE,0.99999999999863
"vary_k",10000,33,3,"PELT",0.0040000000000191,34,0.00400000000013279,34,TRUE,0.999999999971578
"vary_k",10000,33,3,"SVP BIC",0.08299999999997,34,0.0850000000000364,34,TRUE,0.976470588234523
"vary_k",10000,33,3,"SVP BIC calibrated",0.08299999999997,34,0.0860000000000127,34,TRUE,0.965116279069276
"vary_k",10000,33,3,"SVP BIC multiscale",0.0849999999999795,34,0.0860000000000127,34,TRUE,0.988372093022871
"vary_k",10000,33,4,"PELT",0.00399999999996226,34,0.00299999999992906,34,TRUE,1.33333333335228
"vary_k",10000,33,4,"SVP BIC",0.08299999999997,34,0.0869999999999891,34,TRUE,0.954022988505522
"vary_k",10000,33,4,"SVP BIC calibrated",0.08299999999997,34,0.0880000000001928,34,TRUE,0.943181818179411
"vary_k",10000,33,4,"SVP BIC multiscale",0.0840000000000032,34,0.0869999999999891,34,TRUE,0.965517241379468
"vary_k",10000,33,5,"PELT",0.0029999999999859,34,0.00299999999992906,34,TRUE,1.00000000001895
"vary_k",10000,33,5,"SVP BIC",0.08299999999997,34,0.0869999999999891,34,TRUE,0.954022988505522
"vary_k",10000,33,5,"SVP BIC calibrated",0.0819999999999936,34,0.0879999999999654,34,TRUE,0.931818181818476
"vary_k",10000,33,5,"SVP BIC multiscale",0.0840000000000032,35,0.0850000000000364,35,TRUE,0.988235294117262
"vary_k",10000,33,6,"PELT",0.00300000000004275,34,0.00500000000010914,34,TRUE,0.599999999995453
"vary_k",10000,33,6,"SVP BIC",0.08299999999997,34,0.0889999999999418,34,TRUE,0.932584269663194
"vary_k",10000,33,6,"SVP BIC calibrated",0.08299999999997,34,0.0860000000000127,34,TRUE,0.965116279069276
"vary_k",10000,33,6,"SVP BIC multiscale",0.0840000000000032,34,0.08400000000006,34,TRUE,0.999999999999324
"vary_k",10000,33,7,"PELT",0.0029999999999859,34,0.00399999999990541,34,TRUE,0.750000000014211
"vary_k",10000,33,7,"SVP BIC",0.0819999999999936,34,0.0859999999997854,34,TRUE,0.953488372095328
"vary_k",10000,33,7,"SVP BIC calibrated",0.0819999999999936,34,0.0850000000000364,34,TRUE,0.964705882352453
"vary_k",10000,33,7,"SVP BIC multiscale",0.0840000000000032,34,0.0839999999998327,34,TRUE,1.00000000000203
"vary_k",10000,33,8,"PELT",0.0040000000000191,34,0.00499999999988177,34,TRUE,0.800000000022737
"vary_k",10000,33,8,"SVP BIC",0.0819999999999936,34,0.0859999999997854,34,TRUE,0.953488372095328
"vary_k",10000,33,8,"SVP BIC calibrated",0.0820000000000505,34,0.0860000000000127,34,TRUE,0.95348837209347
"vary_k",10000,33,8,"SVP BIC multiscale",0.0860000000000127,34,0.0860000000000127,34,TRUE,1
"vary_k",10000,33,9,"PELT",0.0040000000000191,35,0.00299999999992906,35,TRUE,1.33333333337123
"vary_k",10000,33,9,"SVP BIC",0.0810000000000173,34,0.0850000000000364,34,TRUE,0.952941176470384
"vary_k",10000,33,9,"SVP BIC calibrated",0.0810000000000173,34,0.0850000000000364,34,TRUE,0.952941176470384
"vary_k",10000,33,9,"SVP BIC multiscale",0.0840000000000032,34,0.084999999999809,34,TRUE,0.988235294119905
"vary_k",10000,34,1,"PELT",0.0040000000000191,35,0.00400000000013279,35,TRUE,0.999999999971578
"vary_k",10000,34,1,"SVP BIC",0.0790000000000077,35,0.08400000000006,35,TRUE,0.94047619047561
"vary_k",10000,34,1,"SVP BIC calibrated",0.0790000000000077,35,0.08400000000006,35,TRUE,0.94047619047561
"vary_k",10000,34,1,"SVP BIC multiscale",0.0819999999999936,35,0.0830000000000837,35,TRUE,0.987951807227842
"vary_k",10000,34,10,"PELT",0.00399999999996226,35,0.00400000000013279,35,TRUE,0.999999999957368
"vary_k",10000,34,10,"SVP BIC",0.0799999999999841,35,0.0850000000000364,35,TRUE,0.941176470587645
"vary_k",10000,34,10,"SVP BIC calibrated",0.0809999999999604,35,0.08400000000006,35,TRUE,0.964285714284554
"vary_k",10000,34,10,"SVP BIC multiscale",0.0819999999999936,35,0.0830000000000837,35,TRUE,0.987951807227842
"vary_k",10000,34,2,"PELT",0.0029999999999859,35,0.00399999999990541,35,TRUE,0.750000000014211
"vary_k",10000,34,2,"SVP BIC",0.0799999999999841,35,0.0839999999998327,35,TRUE,0.95238095238266
"vary_k",10000,34,2,"SVP BIC calibrated",0.0800000000000409,35,0.0839999999998327,35,TRUE,0.952380952383336
"vary_k",10000,34,2,"SVP BIC multiscale",0.0819999999999936,35,0.0839999999998327,35,TRUE,0.976190476192344
"vary_k",10000,34,3,"PELT",0.0029999999999859,35,0.00299999999992906,35,TRUE,1.00000000001895
"vary_k",10000,34,3,"SVP BIC",0.0800000000000409,35,0.08400000000006,35,TRUE,0.952380952380759
"vary_k",10000,34,3,"SVP BIC calibrated",0.08299999999997,35,0.08400000000006,35,TRUE,0.988095238094175
"vary_k",10000,34,3,"SVP BIC multiscale",0.0819999999999936,36,0.0830000000000837,36,TRUE,0.987951807227842
"vary_k",10000,34,4,"PELT",0.0029999999999859,35,0.00500000000010914,35,TRUE,0.599999999984083
"vary_k",10000,34,4,"SVP BIC",0.0799999999999841,35,0.0830000000000837,35,TRUE,0.963855421685583
"vary_k",10000,34,4,"SVP BIC calibrated",0.0789999999999509,35,0.0829999999998563,35,TRUE,0.951807228916719
"vary_k",10000,34,4,"SVP BIC multiscale",0.08299999999997,35,0.0829999999998563,35,TRUE,1.00000000000137
"vary_k",10000,34,5,"PELT",0.0040000000000191,35,0.00399999999990541,35,TRUE,1.00000000002842
"vary_k",10000,34,5,"SVP BIC",0.0799999999999841,35,0.0839999999998327,35,TRUE,0.95238095238266
"vary_k",10000,34,5,"SVP BIC calibrated",0.0799999999999841,35,0.0839999999998327,35,TRUE,0.95238095238266
"vary_k",10000,34,5,"SVP BIC multiscale",0.0819999999999936,35,0.08199999999988,35,TRUE,1.00000000000139
"vary_k",10000,34,6,"PELT",0.0040000000000191,35,0.00399999999990541,35,TRUE,1.00000000002842
"vary_k",10000,34,6,"SVP BIC",0.0800000000000409,35,0.0830000000000837,35,TRUE,0.963855421686268
"vary_k",10000,34,6,"SVP BIC calibrated",0.0799999999999841,35,0.0830000000000837,35,TRUE,0.963855421685583
"vary_k",10000,34,6,"SVP BIC multiscale",0.0819999999999936,35,0.081000000000131,35,TRUE,1.01234567901063
"vary_k",10000,34,7,"PELT",0.0040000000000191,36,0.00299999999992906,36,TRUE,1.33333333337123
"vary_k",10000,34,7,"SVP BIC",0.0799999999999841,35,0.0829999999998563,35,TRUE,0.963855421688224
"vary_k",10000,34,7,"SVP BIC calibrated",0.0800000000000409,35,0.0829999999998563,35,TRUE,0.963855421688908
"vary_k",10000,34,7,"SVP BIC multiscale",0.0819999999999936,35,0.0830000000000837,35,TRUE,0.987951807227842
"vary_k",10000,34,8,"PELT",0.0029999999999859,35,0.00400000000013279,35,TRUE,0.749999999971577
"vary_k",10000,34,8,"SVP BIC",0.0799999999999841,35,0.0829999999998563,35,TRUE,0.963855421688224
"vary_k",10000,34,8,"SVP BIC calibrated",0.0799999999999841,35,0.0839999999998327,35,TRUE,0.95238095238266
"vary_k",10000,34,8,"SVP BIC multiscale",0.0819999999999936,35,0.08199999999988,35,TRUE,1.00000000000139
"vary_k",10000,34,9,"PELT",0.0040000000000191,35,0.00299999999992906,35,TRUE,1.33333333337123
"vary_k",10000,34,9,"SVP BIC",0.0799999999999841,35,0.0830000000000837,35,TRUE,0.963855421685583
"vary_k",10000,34,9,"SVP BIC calibrated",0.0800000000000409,35,0.08400000000006,35,TRUE,0.952380952380759
"vary_k",10000,34,9,"SVP BIC multiscale",0.0810000000000173,35,0.0830000000000837,35,TRUE,0.975903614457056
"vary_k",10000,35,1,"PELT",0.0029999999999859,36,0.00299999999992906,36,TRUE,1.00000000001895
"vary_k",10000,35,1,"SVP BIC",0.0779999999999745,36,0.0799999999999272,36,TRUE,0.975000000000569
"vary_k",10000,35,1,"SVP BIC calibrated",0.0769999999999982,36,0.081000000000131,36,TRUE,0.950617283949058
"vary_k",10000,35,1,"SVP BIC multiscale",0.0790000000000077,36,0.081000000000131,36,TRUE,0.975308641973826
"vary_k",10000,35,10,"PELT",0.00399999999996226,36,0.00500000000010914,36,TRUE,0.79999999997499
"vary_k",10000,35,10,"SVP BIC",0.0780000000000314,36,0.0830000000000837,36,TRUE,0.939759036144009
"vary_k",10000,35,10,"SVP BIC calibrated",0.0779999999999745,36,0.0830000000000837,36,TRUE,0.939759036143323
"vary_k",10000,35,10,"SVP BIC multiscale",0.0799999999999841,36,0.081000000000131,36,TRUE,0.987654320985861
"vary_k",10000,35,2,"PELT",0.0040000000000191,36,0.00299999999992906,36,TRUE,1.33333333337123
"vary_k",10000,35,2,"SVP BIC",0.0780000000000314,36,0.08199999999988,36,TRUE,0.951219512196897
"vary_k",10000,35,2,"SVP BIC calibrated",0.0789999999999509,36,0.08199999999988,36,TRUE,0.963414634147153
"vary_k",10000,35,2,"SVP BIC multiscale",0.0810000000000173,36,0.0820000000001073,36,TRUE,0.987804878047699
"vary_k",10000,35,3,"PELT",0.0029999999999859,36,0.00300000000015643,36,TRUE,0.999999999943157
"vary_k",10000,35,3,"SVP BIC",0.0780000000000314,36,0.08199999999988,36,TRUE,0.951219512196897
"vary_k",10000,35,3,"SVP BIC calibrated",0.0769999999999982,36,0.0809999999999036,36,TRUE,0.950617283951726
"vary_k",10000,35,3,"SVP BIC multiscale",0.0810000000000173,36,0.081000000000131,36,TRUE,0.999999999998596
"vary_k",10000,35,4,"PELT",0.0040000000000191,36,0.00400000000013279,36,TRUE,0.999999999971578
"vary_k",10000,35,4,"SVP BIC",0.0780000000000314,36,0.08199999999988,36,TRUE,0.951219512196897
"vary_k",10000,35,4,"SVP BIC calibrated",0.0780000000000314,36,0.08199999999988,36,TRUE,0.951219512196897
"vary_k",10000,35,4,"SVP BIC multiscale",0.0790000000000077,37,0.0799999999999272,37,TRUE,0.987500000000995
"vary_k",10000,35,5,"PELT",0.0040000000000191,36,0.00299999999992906,36,TRUE,1.33333333337123
"vary_k",10000,35,5,"SVP BIC",0.0779999999999745,36,0.081000000000131,36,TRUE,0.962962962961091
"vary_k",10000,35,5,"SVP BIC calibrated",0.0779999999999745,36,0.0809999999999036,36,TRUE,0.962962962963794
"vary_k",10000,35,5,"SVP BIC multiscale",0.0799999999999841,36,0.08199999999988,36,TRUE,0.975609756098795
"vary_k",10000,35,6,"PELT",0.00499999999999545,36,0.00399999999990541,36,TRUE,1.25000000002842
"vary_k",10000,35,6,"SVP BIC",0.0790000000000077,36,0.08199999999988,36,TRUE,0.963414634147845
"vary_k",10000,35,6,"SVP BIC calibrated",0.0790000000000077,36,0.0829999999998563,36,TRUE,0.951807228917403
"vary_k",10000,35,6,"SVP BIC multiscale",0.0799999999999841,36,0.08199999999988,36,TRUE,0.975609756098795
"vary_k",10000,35,7,"PELT",0.00600000000002865,36,0.00399999999990541,36,TRUE,1.50000000004263
"vary_k",10000,35,7,"SVP BIC",0.0780000000000314,36,0.08199999999988,36,TRUE,0.951219512196897
"vary_k",10000,35,7,"SVP BIC calibrated",0.0779999999999745,36,0.08199999999988,36,TRUE,0.951219512196203
"vary_k",10000,35,7,"SVP BIC multiscale",0.0799999999999841,36,0.0809999999999036,36,TRUE,0.987654320988633
"vary_k",10000,35,8,"PELT",0.0029999999999859,37,0.00299999999992906,37,TRUE,1.00000000001895
"vary_k",10000,35,8,"SVP BIC",0.0780000000000314,36,0.08400000000006,36,TRUE,0.928571428571139
"vary_k",10000,35,8,"SVP BIC calibrated",0.0779999999999745,36,0.0820000000001073,36,TRUE,0.951219512193566
"vary_k",10000,35,8,"SVP BIC multiscale",0.0799999999999841,36,0.081000000000131,36,TRUE,0.987654320985861
"vary_k",10000,35,9,"PELT",0.00300000000004275,36,0.00299999999992906,36,TRUE,1.0000000000379
"vary_k",10000,35,9,"SVP BIC",0.0780000000000314,36,0.0809999999999036,36,TRUE,0.962962962964497
"vary_k",10000,35,9,"SVP BIC calibrated",0.0779999999999745,36,0.0829999999998563,36,TRUE,0.939759036145898
"vary_k",10000,35,9,"SVP BIC multiscale",0.0799999999999841,36,0.0869999999999891,36,TRUE,0.91954022988499
"vary_k",10000,36,1,"PELT",0.00300000000004275,37,0.00400000000013279,37,TRUE,0.74999999998579
"vary_k",10000,36,1,"SVP BIC",0.0760000000000218,37,0.0789999999999509,37,TRUE,0.96202531645657
"vary_k",10000,36,1,"SVP BIC calibrated",0.075999999999965,37,0.0789999999999509,37,TRUE,0.962025316455851
"vary_k",10000,36,1,"SVP BIC multiscale",0.0779999999999745,37,0.0789999999999509,37,TRUE,0.98734177215219
"vary_k",10000,36,10,"PELT",0.0040000000000191,37,0.00400000000013279,37,TRUE,0.999999999971578
"vary_k",10000,36,10,"SVP BIC",0.0760000000000218,37,0.0789999999999509,37,TRUE,0.96202531645657
"vary_k",10000,36,10,"SVP BIC calibrated",0.0780000000000314,37,0.0799999999999272,37,TRUE,0.97500000000128
"vary_k",10000,36,10,"SVP BIC multiscale",0.0780000000000314,37,0.0790000000001783,37,TRUE,0.987341772150068
"vary_k",10000,36,2,"PELT",0.0040000000000191,37,0.00399999999990541,37,TRUE,1.00000000002842
"vary_k",10000,36,2,"SVP BIC",0.075999999999965,37,0.0800000000001546,37,TRUE,0.949999999997727
"vary_k",10000,36,2,"SVP BIC calibrated",0.075999999999965,37,0.0800000000001546,37,TRUE,0.949999999997727
"vary_k",10000,36,2,"SVP BIC multiscale",0.0780000000000314,37,0.0799999999999272,37,TRUE,0.97500000000128
"vary_k",10000,36,3,"PELT",0.0029999999999859,37,0.00399999999990541,37,TRUE,0.750000000014211
"vary_k",10000,36,3,"SVP BIC",0.0769999999999982,37,0.08199999999988,37,TRUE,0.939024390245255
"vary_k",10000,36,3,"SVP BIC calibrated",0.077000000000055,37,0.0799999999999272,37,TRUE,0.962500000001563
"vary_k",10000,36,3,"SVP BIC multiscale",0.0779999999999745,37,0.0779999999999745,37,TRUE,1
"vary_k",10000,36,4,"PELT",0.0040000000000191,37,0.00399999999990541,37,TRUE,1.00000000002842
"vary_k",10000,36,4,"SVP BIC",0.0769999999999982,37,0.0800000000001546,37,TRUE,0.962499999998117
"vary_k",10000,36,4,"SVP BIC calibrated",0.0760000000000218,37,0.0789999999999509,37,TRUE,0.96202531645657
"vary_k",10000,36,4,"SVP BIC multiscale",0.0780000000000314,37,0.0800000000001546,37,TRUE,0.974999999998508
"vary_k",10000,36,5,"PELT",0.0029999999999859,37,0.00400000000013279,37,TRUE,0.749999999971577
"vary_k",10000,36,5,"SVP BIC",0.0769999999999982,37,0.0789999999999509,37,TRUE,0.97468354430438
"vary_k",10000,36,5,"SVP BIC calibrated",0.0760000000000218,37,0.0790000000001783,37,TRUE,0.962025316453801
"vary_k",10000,36,5,"SVP BIC multiscale",0.0769999999999982,37,0.0779999999999745,37,TRUE,0.987179487179787
"vary_k",10000,36,6,"PELT",0.0040000000000191,37,0.00300000000015643,37,TRUE,1.33333333327018
"vary_k",10000,36,6,"SVP BIC",0.0749999999999886,37,0.0800000000001546,37,TRUE,0.937499999998046
"vary_k",10000,36,6,"SVP BIC calibrated",0.0760000000000218,37,0.0789999999999509,37,TRUE,0.96202531645657
"vary_k",10000,36,6,"SVP BIC multiscale",0.0780000000000314,37,0.0760000000000218,37,TRUE,1.0263157894738
"vary_k",10000,36,7,"PELT",0.0040000000000191,37,0.00299999999992906,37,TRUE,1.33333333337123
"vary_k",10000,36,7,"SVP BIC",0.0760000000000218,37,0.0789999999999509,37,TRUE,0.96202531645657
"vary_k",10000,36,7,"SVP BIC calibrated",0.0760000000000218,37,0.0790000000001783,37,TRUE,0.962025316453801
"vary_k",10000,36,7,"SVP BIC multiscale",0.077000000000055,37,0.0779999999999745,37,TRUE,0.987179487180515
"vary_k",10000,36,8,"PELT",0.00300000000004275,37,0.00400000000013279,37,TRUE,0.74999999998579
"vary_k",10000,36,8,"SVP BIC",0.0760000000000218,37,0.0799999999999272,37,TRUE,0.950000000001137
"vary_k",10000,36,8,"SVP BIC calibrated",0.0769999999999982,37,0.0789999999999509,37,TRUE,0.97468354430438
"vary_k",10000,36,8,"SVP BIC multiscale",0.0790000000000077,37,0.0779999999999745,37,TRUE,1.01282051282094
"vary_k",10000,36,9,"PELT",0.0029999999999859,37,0.00299999999992906,37,TRUE,1.00000000001895
"vary_k",10000,36,9,"SVP BIC",0.075999999999965,37,0.0799999999999272,37,TRUE,0.950000000000427
"vary_k",10000,36,9,"SVP BIC calibrated",0.0750000000000455,37,0.0789999999999509,37,TRUE,0.949367088608761
"vary_k",10000,36,9,"SVP BIC multiscale",0.0779999999999745,37,0.0769999999999982,37,TRUE,1.01298701298671
"vary_k",10000,37,1,"PELT",0.0040000000000191,38,0.00399999999990541,38,TRUE,1.00000000002842
"vary_k",10000,37,1,"SVP BIC",0.0740000000000123,38,0.0779999999999745,38,TRUE,0.948717948718417
"vary_k",10000,37,1,"SVP BIC calibrated",0.0749999999999886,38,0.0779999999999745,38,TRUE,0.96153846153863
"vary_k",10000,37,1,"SVP BIC multiscale",0.0799999999999841,38,0.0779999999999745,38,TRUE,1.02564102564116
"vary_k",10000,37,10,"PELT",0.0029999999999859,38,0.00300000000015643,38,TRUE,0.999999999943157
"vary_k",10000,37,10,"SVP BIC",0.0769999999999982,38,0.0839999999998327,38,TRUE,0.916666666668471
"vary_k",10000,37,10,"SVP BIC calibrated",0.0769999999999982,38,0.0850000000000364,38,TRUE,0.905882352940767
"vary_k",10000,37,10,"SVP BIC multiscale",0.0810000000000173,38,0.08400000000006,38,TRUE,0.964285714285231
"vary_k",10000,37,2,"PELT",0.0040000000000191,38,0.00399999999990541,38,TRUE,1.00000000002842
"vary_k",10000,37,2,"SVP BIC",0.0769999999999982,38,0.0769999999999982,38,TRUE,1
"vary_k",10000,37,2,"SVP BIC calibrated",0.0749999999999886,38,0.0779999999999745,38,TRUE,0.96153846153863
"vary_k",10000,37,2,"SVP BIC multiscale",0.0769999999999982,38,0.0750000000000455,38,TRUE,1.02666666666602
"vary_k",10000,37,3,"PELT",0.0029999999999859,38,0.00299999999992906,38,TRUE,1.00000000001895
"vary_k",10000,37,3,"SVP BIC",0.075999999999965,38,0.0789999999999509,38,TRUE,0.962025316455851
"vary_k",10000,37,3,"SVP BIC calibrated",0.075999999999965,38,0.0799999999999272,38,TRUE,0.950000000000427
"vary_k",10000,37,3,"SVP BIC multiscale",0.0780000000000314,38,0.0799999999999272,38,TRUE,0.97500000000128
"vary_k",10000,37,4,"PELT",0.00399999999996226,38,0.00399999999990541,38,TRUE,1.00000000001421
"vary_k",10000,37,4,"SVP BIC",0.0769999999999982,38,0.0779999999999745,38,TRUE,0.987179487179787
"vary_k",10000,37,4,"SVP BIC calibrated",0.0760000000000218,38,0.0769999999999982,38,TRUE,0.987012987013293
"vary_k",10000,37,4,"SVP BIC multiscale",0.0799999999999841,38,0.0799999999999272,38,TRUE,1.00000000000071
"vary_k",10000,37,5,"PELT",0.0040000000000191,38,0.00399999999990541,38,TRUE,1.00000000002842
"vary_k",10000,37,5,"SVP BIC",0.0769999999999982,38,0.0779999999999745,38,TRUE,0.987179487179787
"vary_k",10000,37,5,"SVP BIC calibrated",0.0760000000000218,39,0.081000000000131,39,TRUE,0.938271604937023
"vary_k",10000,37,5,"SVP BIC multiscale",0.0749999999999886,39,0.081000000000131,39,TRUE,0.925925925924288
"vary_k",10000,37,6,"PELT",0.00399999999996226,38,0.00400000000013279,38,TRUE,0.999999999957368
"vary_k",10000,37,6,"SVP BIC",0.0780000000000314,38,0.0830000000000837,38,TRUE,0.939759036144009
"vary_k",10000,37,6,"SVP BIC calibrated",0.0769999999999982,38,0.0850000000000364,38,TRUE,0.905882352940767
"vary_k",10000,37,6,"SVP BIC multiscale",0.0780000000000314,38,0.0830000000000837,38,TRUE,0.939759036144009
"vary_k",10000,37,7,"PELT",0.00300000000004275,38,0.00299999999992906,38,TRUE,1.0000000000379
"vary_k",10000,37,7,"SVP BIC",0.0769999999999982,38,0.08400000000006,38,TRUE,0.91666666666599
"vary_k",10000,37,7,"SVP BIC calibrated",0.0749999999999886,38,0.0850000000000364,38,TRUE,0.882352941175959
"vary_k",10000,37,7,"SVP BIC multiscale",0.0799999999999841,38,0.08199999999988,38,TRUE,0.975609756098795
"vary_k",10000,37,8,"PELT",0.00499999999999545,38,0.00299999999992906,38,TRUE,1.66666666670456
"vary_k",10000,37,8,"SVP BIC",0.0779999999999745,38,0.0839999999998327,38,TRUE,0.928571428572975
"vary_k",10000,37,8,"SVP BIC calibrated",0.0780000000000314,38,0.0829999999998563,38,TRUE,0.939759036146584
"vary_k",10000,37,8,"SVP BIC multiscale",0.0779999999999745,38,0.0830000000000837,38,TRUE,0.939759036143323
"vary_k",10000,37,9,"PELT",0.00300000000004275,38,0.00299999999992906,38,TRUE,1.0000000000379
"vary_k",10000,37,9,"SVP BIC",0.0749999999999886,38,0.08199999999988,38,TRUE,0.914634146342663
"vary_k",10000,37,9,"SVP BIC calibrated",0.0749999999999886,38,0.0830000000000837,38,TRUE,0.903614457830277
"vary_k",10000,37,9,"SVP BIC multiscale",0.0769999999999982,38,0.0820000000001073,38,TRUE,0.939024390242652
"vary_k",10000,38,1,"PELT",0.0029999999999859,39,0.00400000000013279,39,TRUE,0.749999999971577
"vary_k",10000,38,1,"SVP BIC",0.0760000000000218,39,0.0759999999997945,39,TRUE,1.00000000000299
"vary_k",10000,38,1,"SVP BIC calibrated",0.0749999999999886,39,0.0799999999999272,39,TRUE,0.937500000000711
"vary_k",10000,38,1,"SVP BIC multiscale",0.0749999999999886,39,0.0779999999999745,39,TRUE,0.96153846153863
"vary_k",10000,38,10,"PELT",0.0040000000000191,39,0.00300000000015643,39,TRUE,1.33333333327018
"vary_k",10000,38,10,"SVP BIC",0.0749999999999886,39,0.0760000000000218,39,TRUE,0.986842105262725
"vary_k",10000,38,10,"SVP BIC calibrated",0.0749999999999886,39,0.0799999999999272,39,TRUE,0.937500000000711
"vary_k",10000,38,10,"SVP BIC multiscale",0.0760000000000218,40,0.0789999999999509,40,TRUE,0.96202531645657
"vary_k",10000,38,2,"PELT",0.00300000000004275,39,0.00399999999990541,39,TRUE,0.750000000028423
"vary_k",10000,38,2,"SVP BIC",0.0749999999999886,39,0.0760000000000218,39,TRUE,0.986842105262725
"vary_k",10000,38,2,"SVP BIC calibrated",0.0749999999999886,39,0.0809999999999036,39,TRUE,0.925925925926887
"vary_k",10000,38,2,"SVP BIC multiscale",0.0749999999999886,39,0.0789999999999509,39,TRUE,0.949367088608041
"vary_k",10000,38,3,"PELT",0.0040000000000191,39,0.00400000000013279,39,TRUE,0.999999999971578
"vary_k",10000,38,3,"SVP BIC",0.0739999999999554,39,0.0779999999999745,39,TRUE,0.948717948717687
"vary_k",10000,38,3,"SVP BIC calibrated",0.0730000000000359,39,0.08199999999988,39,TRUE,0.890243902440765
"vary_k",10000,38,3,"SVP BIC multiscale",0.0749999999999886,39,0.08199999999988,39,TRUE,0.914634146342663
"vary_k",10000,38,4,"PELT",0.0029999999999859,39,0.00399999999990541,39,TRUE,0.750000000014211
"vary_k",10000,38,4,"SVP BIC",0.0739999999999554,39,0.0760000000000218,39,TRUE,0.97368421052545
"vary_k",10000,38,4,"SVP BIC calibrated",0.0739999999999554,39,0.0799999999999272,39,TRUE,0.925000000000284
"vary_k",10000,38,4,"SVP BIC multiscale",0.0760000000000218,39,0.081000000000131,39,TRUE,0.938271604937023
"vary_k",10000,38,5,"PELT",0.0029999999999859,39,0.00300000000015643,39,TRUE,0.999999999943157
"vary_k",10000,38,5,"SVP BIC",0.0740000000000123,39,0.0769999999999982,39,TRUE,0.961038961039143
"vary_k",10000,38,5,"SVP BIC calibrated",0.0740000000000123,39,0.0799999999999272,39,TRUE,0.925000000000996
"vary_k",10000,38,5,"SVP BIC multiscale",0.0760000000000218,39,0.081000000000131,39,TRUE,0.938271604937023
"vary_k",10000,38,6,"PELT",0.0040000000000191,39,0.00299999999992906,39,TRUE,1.33333333337123
"vary_k",10000,38,6,"SVP BIC",0.0739999999999554,39,0.0779999999999745,39,TRUE,0.948717948717687
"vary_k",10000,38,6,"SVP BIC calibrated",0.0740000000000123,39,0.0809999999999036,39,TRUE,0.91358024691482
"vary_k",10000,38,6,"SVP BIC multiscale",0.0769999999999982,39,0.0790000000001783,39,TRUE,0.974683544301575
"vary_k",10000,38,7,"PELT",0.00399999999996226,39,0.00399999999990541,39,TRUE,1.00000000001421
"vary_k",10000,38,7,"SVP BIC",0.0749999999999886,39,0.0750000000000455,39,TRUE,0.999999999999241
"vary_k",10000,38,7,"SVP BIC calibrated",0.0739999999999554,40,0.08199999999988,40,TRUE,0.90243902439102
"vary_k",10000,38,7,"SVP BIC multiscale",0.0749999999999886,40,0.0809999999999036,40,TRUE,0.925925925926887
"vary_k",10000,38,8,"PELT",0.00399999999996226,40,0.00299999999992906,40,TRUE,1.33333333335228
"vary_k",10000,38,8,"SVP BIC",0.0749999999999886,39,0.0779999999999745,39,TRUE,0.96153846153863
"vary_k",10000,38,8,"SVP BIC calibrated",0.0730000000000359,39,0.0809999999999036,39,TRUE,0.90123456790275
"vary_k",10000,38,8,"SVP BIC multiscale",0.075999999999965,39,0.0799999999999272,39,TRUE,0.950000000000427
"vary_k",10000,38,9,"PELT",0.0040000000000191,39,0.00400000000013279,39,TRUE,0.999999999971578
"vary_k",10000,38,9,"SVP BIC",0.0749999999999886,39,0.0760000000000218,39,TRUE,0.986842105262725
"vary_k",10000,38,9,"SVP BIC calibrated",0.0749999999999886,39,0.0799999999999272,39,TRUE,0.937500000000711
"vary_k",10000,38,9,"SVP BIC multiscale",0.075999999999965,39,0.0809999999999036,39,TRUE,0.938271604938956
"vary_k",10000,39,1,"PELT",0.0029999999999859,40,0.00299999999992906,40,TRUE,1.00000000001895
"vary_k",10000,39,1,"SVP BIC",0.0720000000000027,40,0.0799999999999272,40,TRUE,0.900000000000853
"vary_k",10000,39,1,"SVP BIC calibrated",0.0730000000000359,40,0.0799999999999272,40,TRUE,0.912500000001279
"vary_k",10000,39,1,"SVP BIC multiscale",0.0740000000000123,40,0.0779999999999745,40,TRUE,0.948717948718417
"vary_k",10000,39,10,"PELT",0.00399999999996226,40,0.00299999999992906,40,TRUE,1.33333333335228
"vary_k",10000,39,10,"SVP BIC",0.0740000000000123,40,0.0789999999999509,40,TRUE,0.936708860760232
"vary_k",10000,39,10,"SVP BIC calibrated",0.0740000000000123,40,0.0809999999999036,40,TRUE,0.91358024691482
"vary_k",10000,39,10,"SVP BIC multiscale",0.0740000000000123,40,0.0779999999999745,40,TRUE,0.948717948718417
"vary_k",10000,39,2,"PELT",0.0029999999999859,40,0.00300000000015643,40,TRUE,0.999999999943157
"vary_k",10000,39,2,"SVP BIC",0.0729999999999791,40,0.0799999999999272,40,TRUE,0.912500000000569
"vary_k",10000,39,2,"SVP BIC calibrated",0.0730000000000359,40,0.0789999999999509,40,TRUE,0.924050632912421
"vary_k",10000,39,2,"SVP BIC multiscale",0.0739999999999554,40,0.0769999999999982,40,TRUE,0.961038961038404
"vary_k",10000,39,3,"PELT",0.0040000000000191,40,0.00299999999992906,40,TRUE,1.33333333337123
"vary_k",10000,39,3,"SVP BIC",0.0740000000000123,40,0.0789999999999509,40,TRUE,0.936708860760232
"vary_k",10000,39,3,"SVP BIC calibrated",0.0730000000000359,40,0.0789999999999509,40,TRUE,0.924050632912421
"vary_k",10000,39,3,"SVP BIC multiscale",0.0740000000000123,40,0.0779999999999745,40,TRUE,0.948717948718417
"vary_k",10000,39,4,"PELT",0.0029999999999859,40,0.00299999999992906,40,TRUE,1.00000000001895
"vary_k",10000,39,4,"SVP BIC",0.0729999999999791,40,0.0790000000001783,40,TRUE,0.924050632909042
"vary_k",10000,39,4,"SVP BIC calibrated",0.0729999999999791,40,0.0789999999999509,40,TRUE,0.924050632911702
"vary_k",10000,39,4,"SVP BIC multiscale",0.0740000000000123,40,0.0780000000002019,40,TRUE,0.948717948715651
"vary_k",10000,39,5,"PELT",0.0040000000000191,40,0.00299999999992906,40,TRUE,1.33333333337123
"vary_k",10000,39,5,"SVP BIC",0.0720000000000027,40,0.0799999999999272,40,TRUE,0.900000000000853
"vary_k",10000,39,5,"SVP BIC calibrated",0.0710000000000264,40,0.0789999999999509,40,TRUE,0.898734177216083
"vary_k",10000,39,5,"SVP BIC multiscale",0.0740000000000123,42,0.0760000000000218,42,TRUE,0.973684210526198
"vary_k",10000,39,6,"PELT",0.0029999999999859,40,0.00400000000013279,40,TRUE,0.749999999971577
"vary_k",10000,39,6,"SVP BIC",0.0740000000000123,40,0.0779999999999745,40,TRUE,0.948717948718417
"vary_k",10000,39,6,"SVP BIC calibrated",0.0740000000000123,40,0.0799999999999272,40,TRUE,0.925000000000996
"vary_k",10000,39,6,"SVP BIC multiscale",0.0760000000000218,40,0.0769999999999982,40,TRUE,0.987012987013293
"vary_k",10000,39,7,"PELT",0.00300000000004275,40,0.00299999999992906,40,TRUE,1.0000000000379
"vary_k",10000,39,7,"SVP BIC",0.0720000000000027,40,0.0800000000001546,40,TRUE,0.899999999998294
"vary_k",10000,39,7,"SVP BIC calibrated",0.0720000000000027,40,0.0879999999999654,40,TRUE,0.818181818182171
"vary_k",10000,39,7,"SVP BIC multiscale",0.0739999999999554,40,0.0799999999999272,40,TRUE,0.925000000000284
"vary_k",10000,39,8,"PELT",0.0040000000000191,40,0.00399999999990541,40,TRUE,1.00000000002842
"vary_k",10000,39,8,"SVP BIC",0.0729999999999791,40,0.0809999999999036,40,TRUE,0.901234567902049
"vary_k",10000,39,8,"SVP BIC calibrated",0.0729999999999791,40,0.0790000000001783,40,TRUE,0.924050632909042
"vary_k",10000,39,8,"SVP BIC multiscale",0.0750000000000455,40,0.0799999999999272,40,TRUE,0.937500000001422
"vary_k",10000,39,9,"PELT",0.0029999999999859,40,0.00300000000015643,40,TRUE,0.999999999943157
"vary_k",10000,39,9,"SVP BIC",0.0729999999999791,40,0.0789999999999509,40,TRUE,0.924050632911702
"vary_k",10000,39,9,"SVP BIC calibrated",0.0730000000000359,40,0.0779999999999745,40,TRUE,0.935897435898202
"vary_k",10000,39,9,"SVP BIC multiscale",0.0749999999999886,41,0.0789999999999509,41,TRUE,0.949367088608041
"vary_k",10000,4,1,"PELT",0.0190000000000055,5,0.0209999999999582,5,TRUE,0.904761904763967
"vary_k",10000,4,1,"SVP BIC",0.47399999999999,5,0.514999999999986,5,TRUE,0.920388349514569
"vary_k",10000,4,1,"SVP BIC calibrated",0.474999999999994,5,0.523000000000025,5,TRUE,0.908221797323081
"vary_k",10000,4,1,"SVP BIC multiscale",0.52000000000001,5,0.543999999999983,5,TRUE,0.955882352941225
"vary_k",10000,4,10,"PELT",0.0180000000000007,5,0.0170000000000528,5,TRUE,1.05882352940852
"vary_k",10000,4,10,"SVP BIC",0.465000000000003,5,0.51400000000001,5,TRUE,0.904669260700377
"vary_k",10000,4,10,"SVP BIC calibrated",0.468999999999994,5,0.511999999999944,5,TRUE,0.916015625000088
"vary_k",10000,4,10,"SVP BIC multiscale",0.51600000000002,5,0.547000000000025,5,TRUE,0.94332723948811
"vary_k",10000,4,2,"PELT",0.0180000000000007,5,0.0179999999999154,5,TRUE,1.00000000000474
"vary_k",10000,4,2,"SVP BIC",0.466000000000008,5,0.516999999999939,5,TRUE,0.901353965183874
"vary_k",10000,4,2,"SVP BIC calibrated",0.47199999999998,5,0.509999999999991,5,TRUE,0.925490196078408
"vary_k",10000,4,2,"SVP BIC multiscale",0.515000000000015,5,0.548000000000002,5,TRUE,0.939781021897834
"vary_k",10000,4,3,"PELT",0.021000000000015,5,0.0200000000000955,5,TRUE,1.04999999999574
"vary_k",10000,4,3,"SVP BIC",0.467999999999989,5,0.524000000000001,5,TRUE,0.893129770992344
"vary_k",10000,4,3,"SVP BIC calibrated",0.472999999999985,5,0.524000000000001,5,TRUE,0.90267175572516
"vary_k",10000,4,3,"SVP BIC multiscale",0.513000000000005,5,0.548999999999978,5,TRUE,0.934426229508243
"vary_k",10000,4,4,"PELT",0.0180000000000007,5,0.0179999999999154,5,TRUE,1.00000000000474
"vary_k",10000,4,4,"SVP BIC",0.471000000000004,5,0.515999999999963,5,TRUE,0.912790697674492
"vary_k",10000,4,4,"SVP BIC calibrated",0.471000000000004,5,0.519000000000005,5,TRUE,0.907514450867051
"vary_k",10000,4,4,"SVP BIC multiscale",0.51400000000001,5,0.539999999999964,5,TRUE,0.951851851851934
"vary_k",10000,4,5,"PELT",0.0190000000000055,5,0.0199999999999818,5,TRUE,0.95000000000114
"vary_k",10000,4,5,"SVP BIC",0.462999999999994,5,0.513000000000034,5,TRUE,0.902534113060357
"vary_k",10000,4,5,"SVP BIC calibrated",0.462999999999994,5,0.509000000000015,5,TRUE,0.909626719056936
"vary_k",10000,4,5,"SVP BIC multiscale",0.506,5,0.533999999999992,5,TRUE,0.947565543071175
"vary_k",10000,4,6,"PELT",0.0200000000000102,5,0.0190000000000055,5,TRUE,1.0526315789476
"vary_k",10000,4,6,"SVP BIC",0.463999999999999,5,0.506000000000085,5,TRUE,0.916996047430674
"vary_k",10000,4,6,"SVP BIC calibrated",0.461000000000013,5,0.507000000000062,5,TRUE,0.909270216962439
"vary_k",10000,4,6,"SVP BIC multiscale",0.486000000000018,6,0.514999999999986,6,TRUE,0.94368932038841
"vary_k",10000,4,7,"PELT",0.0169999999999959,5,0.0170000000000528,5,TRUE,0.999999999996653
"vary_k",10000,4,7,"SVP BIC",0.465000000000003,5,0.508000000000038,5,TRUE,0.915354330708599
"vary_k",10000,4,7,"SVP BIC calibrated",0.462999999999994,5,0.51400000000001,5,TRUE,0.900778210116702
"vary_k",10000,4,7,"SVP BIC multiscale",0.509000000000015,5,0.538999999999987,5,TRUE,0.944341372912852
"vary_k",10000,4,8,"PELT",0.0170000000000243,5,0.0170000000000528,5,TRUE,0.999999999998324
"vary_k",10000,4,8,"SVP BIC",0.464999999999975,5,0.512000000000057,5,TRUE,0.90820312499985
"vary_k",10000,4,8,"SVP BIC calibrated",0.466000000000008,5,0.519000000000005,5,TRUE,0.897880539499043
"vary_k",10000,4,8,"SVP BIC multiscale",0.513000000000005,5,0.543000000000006,5,TRUE,0.944751381215468
"vary_k",10000,4,9,"PELT",0.0169999999999959,5,0.0179999999999154,5,TRUE,0.944444444448656
"vary_k",10000,4,9,"SVP BIC",0.465000000000003,5,0.505999999999972,5,TRUE,0.918972332015867
"vary_k",10000,4,9,"SVP BIC calibrated",0.463999999999999,5,0.501999999999953,5,TRUE,0.924302788844706
"vary_k",10000,4,9,"SVP BIC multiscale",0.463000000000022,6,0.488999999999919,6,TRUE,0.946830265848873
"vary_k",10000,40,1,"PELT",0.00300000000004275,42,0.00299999999992906,42,TRUE,1.0000000000379
"vary_k",10000,40,1,"SVP BIC",0.0709999999999695,41,0.0779999999999745,41,TRUE,0.910256410256317
"vary_k",10000,40,1,"SVP BIC calibrated",0.0709999999999695,41,0.0770000000002256,41,TRUE,0.922077922074825
"vary_k",10000,40,1,"SVP BIC multiscale",0.0720000000000027,41,0.0760000000000218,41,TRUE,0.947368421052395
"vary_k",10000,40,10,"PELT",0.0040000000000191,41,0.00299999999992906,41,TRUE,1.33333333337123
"vary_k",10000,40,10,"SVP BIC",0.0720000000000027,41,0.0760000000000218,41,TRUE,0.947368421052395
"vary_k",10000,40,10,"SVP BIC calibrated",0.0719999999999459,41,0.0759999999997945,41,TRUE,0.947368421054481
"vary_k",10000,40,10,"SVP BIC multiscale",0.0749999999999886,41,0.0749999999998181,41,TRUE,1.00000000000227
"vary_k",10000,40,2,"PELT",0.00300000000004275,41,0.00399999999990541,41,TRUE,0.750000000028423
"vary_k",10000,40,2,"SVP BIC",0.0699999999999932,41,0.0780000000002019,41,TRUE,0.897435897433487
"vary_k",10000,40,2,"SVP BIC calibrated",0.0699999999999932,41,0.0789999999999509,41,TRUE,0.886075949367553
"vary_k",10000,40,2,"SVP BIC multiscale",0.0729999999999791,42,0.0760000000000218,42,TRUE,0.960526315788923
"vary_k",10000,40,3,"PELT",0.0029999999999859,41,0.00399999999990541,41,TRUE,0.750000000014211
"vary_k",10000,40,3,"SVP BIC",0.0730000000000359,41,0.0789999999999509,41,TRUE,0.924050632912421
"vary_k",10000,40,3,"SVP BIC calibrated",0.0730000000000359,41,0.0789999999999509,41,TRUE,0.924050632912421
"vary_k",10000,40,3,"SVP BIC multiscale",0.0730000000000359,41,0.0789999999999509,41,TRUE,0.924050632912421
"vary_k",10000,40,4,"PELT",0.0040000000000191,41,0.00299999999992906,41,TRUE,1.33333333337123
"vary_k",10000,40,4,"SVP BIC",0.0729999999999791,41,0.0799999999999272,41,TRUE,0.912500000000569
"vary_k",10000,40,4,"SVP BIC calibrated",0.0720000000000027,41,0.0790000000001783,41,TRUE,0.911392405061268
"vary_k",10000,40,4,"SVP BIC multiscale",0.0749999999999886,41,0.0779999999999745,41,TRUE,0.96153846153863
"vary_k",10000,40,5,"PELT",0.0040000000000191,41,0.00300000000015643,41,TRUE,1.33333333327018
"vary_k",10000,40,5,"SVP BIC",0.0730000000000359,41,0.0820000000001073,41,TRUE,0.890243902438297
"vary_k",10000,40,5,"SVP BIC calibrated",0.0729999999999791,41,0.0809999999999036,41,TRUE,0.901234567902049
"vary_k",10000,40,5,"SVP BIC multiscale",0.0730000000000359,41,0.0789999999999509,41,TRUE,0.924050632912421
"vary_k",10000,40,6,"PELT",0.0029999999999859,41,0.00300000000015643,41,TRUE,0.999999999943157
"vary_k",10000,40,6,"SVP BIC",0.0710000000000264,41,0.0789999999999509,41,TRUE,0.898734177216083
"vary_k",10000,40,6,"SVP BIC calibrated",0.0720000000000027,41,0.0789999999999509,41,TRUE,0.911392405063892
"vary_k",10000,40,6,"SVP BIC multiscale",0.0740000000000123,41,0.0789999999999509,41,TRUE,0.936708860760232
"vary_k",10000,40,7,"PELT",0.0029999999999859,41,0.00299999999992906,41,TRUE,1.00000000001895
"vary_k",10000,40,7,"SVP BIC",0.0699999999999932,41,0.0769999999999982,41,TRUE,0.909090909090842
"vary_k",10000,40,7,"SVP BIC calibrated",0.07000000000005,41,0.0779999999999745,41,TRUE,0.897435897436832
"vary_k",10000,40,7,"SVP BIC multiscale",0.0729999999999791,41,0.0779999999999745,41,TRUE,0.935897435897474
"vary_k",10000,40,8,"PELT",0.00300000000004275,41,0.00299999999992906,41,TRUE,1.0000000000379
"vary_k",10000,40,8,"SVP BIC",0.0720000000000027,41,0.0799999999999272,41,TRUE,0.900000000000853
"vary_k",10000,40,8,"SVP BIC calibrated",0.0729999999999791,41,0.0780000000002019,41,TRUE,0.935897435894745
"vary_k",10000,40,8,"SVP BIC multiscale",0.0720000000000027,41,0.0789999999999509,41,TRUE,0.911392405063892
"vary_k",10000,40,9,"PELT",0.0029999999999859,41,0.00299999999992906,41,TRUE,1.00000000001895
"vary_k",10000,40,9,"SVP BIC",0.0710000000000264,41,0.0779999999999745,41,TRUE,0.910256410257046
"vary_k",10000,40,9,"SVP BIC calibrated",0.0740000000000123,41,0.0769999999999982,41,TRUE,0.961038961039143
"vary_k",10000,40,9,"SVP BIC multiscale",0.0740000000000123,41,0.0750000000000455,41,TRUE,0.986666666666232
"vary_k",10000,41,1,"PELT",0.00300000000004275,42,0.00299999999992906,42,TRUE,1.0000000000379
"vary_k",10000,41,1,"SVP BIC",0.0709999999999695,42,0.0750000000000455,42,TRUE,0.946666666665686
"vary_k",10000,41,1,"SVP BIC calibrated",0.0710000000000264,42,0.0750000000000455,42,TRUE,0.946666666666444
"vary_k",10000,41,1,"SVP BIC multiscale",0.0740000000000123,42,0.0740000000000691,42,TRUE,0.999999999999233
"vary_k",10000,41,10,"PELT",0.0040000000000191,42,0.00299999999992906,42,TRUE,1.33333333337123
"vary_k",10000,41,10,"SVP BIC",0.0690000000000168,42,0.0750000000000455,42,TRUE,0.919999999999666
"vary_k",10000,41,10,"SVP BIC calibrated",0.0690000000000168,42,0.0769999999999982,42,TRUE,0.896103896104135
"vary_k",10000,41,10,"SVP BIC multiscale",0.0710000000000264,42,0.0750000000000455,42,TRUE,0.946666666666444
"vary_k",10000,41,2,"PELT",0.0029999999999859,42,0.00299999999992906,42,TRUE,1.00000000001895
"vary_k",10000,41,2,"SVP BIC",0.0720000000000027,42,0.0760000000000218,42,TRUE,0.947368421052395
"vary_k",10000,41,2,"SVP BIC calibrated",0.0710000000000264,42,0.0760000000000218,42,TRUE,0.934210526315869
"vary_k",10000,41,2,"SVP BIC multiscale",0.0699999999999932,42,0.0740000000000691,42,TRUE,0.945945945944971
"vary_k",10000,41,3,"PELT",0.0029999999999859,42,0.00300000000015643,42,TRUE,0.999999999943157
"vary_k",10000,41,3,"SVP BIC",0.0699999999999932,42,0.0760000000000218,42,TRUE,0.921052631578594
"vary_k",10000,41,3,"SVP BIC calibrated",0.089999999999975,42,0.0769999999999982,42,TRUE,1.16883116883087
"vary_k",10000,41,3,"SVP BIC multiscale",0.0850000000000364,42,0.0749999999998181,42,TRUE,1.13333333333657
"vary_k",10000,41,4,"PELT",0.0029999999999859,42,0.00299999999992906,42,TRUE,1.00000000001895
"vary_k",10000,41,4,"SVP BIC",0.0710000000000264,42,0.0779999999999745,42,TRUE,0.910256410257046
"vary_k",10000,41,4,"SVP BIC calibrated",0.0709999999999695,42,0.0769999999999982,42,TRUE,0.922077922077548
"vary_k",10000,41,4,"SVP BIC multiscale",0.0719999999999459,42,0.0760000000000218,42,TRUE,0.947368421051648
"vary_k",10000,41,5,"PELT",0.0029999999999859,42,0.00299999999992906,42,TRUE,1.00000000001895
"vary_k",10000,41,5,"SVP BIC",0.0710000000000264,42,0.0769999999999982,42,TRUE,0.922077922078287
"vary_k",10000,41,5,"SVP BIC calibrated",0.0709999999999695,42,0.0769999999999982,42,TRUE,0.922077922077548
"vary_k",10000,41,5,"SVP BIC multiscale",0.0729999999999791,42,0.0779999999999745,42,TRUE,0.935897435897474
"vary_k",10000,41,6,"PELT",0.0040000000000191,42,0.00300000000015643,42,TRUE,1.33333333327018
"vary_k",10000,41,6,"SVP BIC",0.0699999999999932,42,0.0790000000001783,42,TRUE,0.886075949365003
"vary_k",10000,41,6,"SVP BIC calibrated",0.0699999999999932,42,0.0760000000000218,42,TRUE,0.921052631578594
"vary_k",10000,41,6,"SVP BIC multiscale",0.0739999999999554,42,0.0750000000000455,42,TRUE,0.986666666665473
"vary_k",10000,41,7,"PELT",0.0040000000000191,42,0.00600000000008549,42,TRUE,0.666666666660351
"vary_k",10000,41,7,"SVP BIC",0.0710000000000264,42,0.0769999999999982,42,TRUE,0.922077922078287
"vary_k",10000,41,7,"SVP BIC calibrated",0.0729999999999791,42,0.0760000000000218,42,TRUE,0.960526315788923
"vary_k",10000,41,7,"SVP BIC multiscale",0.0749999999999886,43,0.0750000000000455,43,TRUE,0.999999999999241
"vary_k",10000,41,8,"PELT",0.0029999999999859,42,0.00300000000015643,42,TRUE,0.999999999943157
"vary_k",10000,41,8,"SVP BIC",0.0710000000000264,42,0.0760000000000218,42,TRUE,0.934210526315869
"vary_k",10000,41,8,"SVP BIC calibrated",0.0709999999999695,42,0.0760000000000218,42,TRUE,0.93421052631512
"vary_k",10000,41,8,"SVP BIC multiscale",0.0849999999999795,42,0.0740000000000691,42,TRUE,1.1486486486473
"vary_k",10000,41,9,"PELT",0.0029999999999859,42,0.00299999999992906,42,TRUE,1.00000000001895
"vary_k",10000,41,9,"SVP BIC",0.0790000000000077,42,0.0769999999999982,42,TRUE,1.02597402597415
"vary_k",10000,41,9,"SVP BIC calibrated",0.0790000000000077,42,0.0760000000000218,42,TRUE,1.03947368421033
"vary_k",10000,41,9,"SVP BIC multiscale",0.0780000000000314,42,0.0760000000000218,42,TRUE,1.0263157894738
"vary_k",10000,42,1,"PELT",0.0029999999999859,43,0.00300000000015643,43,TRUE,0.999999999943157
"vary_k",10000,42,1,"SVP BIC",0.07000000000005,43,0.0740000000000691,43,TRUE,0.945945945945738
"vary_k",10000,42,1,"SVP BIC calibrated",0.0690000000000168,43,0.0750000000000455,43,TRUE,0.919999999999666
"vary_k",10000,42,1,"SVP BIC multiscale",0.0709999999999695,43,0.0729999999998654,43,TRUE,0.972602739727403
"vary_k",10000,42,10,"PELT",0.0040000000000191,43,0.00299999999992906,43,TRUE,1.33333333337123
"vary_k",10000,42,10,"SVP BIC",0.0679999999999836,43,0.0739999999998417,43,TRUE,0.918918918920663
"vary_k",10000,42,10,"SVP BIC calibrated",0.0670000000000073,43,0.0739999999998417,43,TRUE,0.905405405407441
"vary_k",10000,42,10,"SVP BIC multiscale",0.0679999999999836,43,0.0709999999999127,43,TRUE,0.957746478874186
"vary_k",10000,42,2,"PELT",0.00499999999999545,43,0.00299999999992906,43,TRUE,1.66666666670456
"vary_k",10000,42,2,"SVP BIC",0.0690000000000168,43,0.0740000000000691,43,TRUE,0.932432432431789
"vary_k",10000,42,2,"SVP BIC calibrated",0.0679999999999836,43,0.0740000000000691,43,TRUE,0.918918918917839
"vary_k",10000,42,2,"SVP BIC multiscale",0.07000000000005,43,0.071999999999889,43,TRUE,0.972222222224415
"vary_k",10000,42,3,"PELT",0.00300000000004275,43,0.00400000000013279,43,TRUE,0.74999999998579
"vary_k",10000,42,3,"SVP BIC",0.0699999999999932,43,0.0730000000000928,43,TRUE,0.958904109587729
"vary_k",10000,42,3,"SVP BIC calibrated",0.0679999999999836,43,0.0740000000000691,43,TRUE,0.918918918917839
"vary_k",10000,42,3,"SVP BIC multiscale",0.0699999999999932,43,0.071999999999889,43,TRUE,0.972222222223627
"vary_k",10000,42,4,"PELT",0.0040000000000191,43,0.00300000000015643,43,TRUE,1.33333333327018
"vary_k",10000,42,4,"SVP BIC",0.0720000000000027,43,0.0739999999998417,43,TRUE,0.972972972975091
"vary_k",10000,42,4,"SVP BIC calibrated",0.0679999999999836,43,0.0760000000000218,43,TRUE,0.894736842104791
"vary_k",10000,42,4,"SVP BIC multiscale",0.0699999999999932,43,0.0729999999998654,43,TRUE,0.958904109590716
"vary_k",10000,42,5,"PELT",0.0029999999999859,43,0.00199999999995271,43,TRUE,1.50000000002842
"vary_k",10000,42,5,"SVP BIC",0.0690000000000168,43,0.0750000000000455,43,TRUE,0.919999999999666
"vary_k",10000,42,5,"SVP BIC calibrated",0.0679999999999836,43,0.0740000000000691,43,TRUE,0.918918918917839
"vary_k",10000,42,5,"SVP BIC multiscale",0.0709999999999695,43,0.0720000000001164,43,TRUE,0.986111111109093
"vary_k",10000,42,6,"PELT",0.0029999999999859,43,0.00400000000013279,43,TRUE,0.749999999971577
"vary_k",10000,42,6,"SVP BIC",0.0699999999999932,43,0.0739999999998417,43,TRUE,0.945945945947878
"vary_k",10000,42,6,"SVP BIC calibrated",0.07000000000005,43,0.0750000000000455,43,TRUE,0.933333333333434
"vary_k",10000,42,6,"SVP BIC multiscale",0.07000000000005,43,0.0729999999998654,43,TRUE,0.958904109591494
"vary_k",10000,42,7,"PELT",0.0029999999999859,43,0.00399999999990541,43,TRUE,0.750000000014211
"vary_k",10000,42,7,"SVP BIC",0.0679999999999836,43,0.0750000000000455,43,TRUE,0.906666666665898
"vary_k",10000,42,7,"SVP BIC calibrated",0.0680000000000405,43,0.0750000000000455,43,TRUE,0.906666666666657
"vary_k",10000,42,7,"SVP BIC multiscale",0.0710000000000264,43,0.0730000000000928,43,TRUE,0.972602739725153
"vary_k",10000,42,8,"PELT",0.0029999999999859,43,0.00299999999992906,43,TRUE,1.00000000001895
"vary_k",10000,42,8,"SVP BIC",0.0679999999999836,43,0.0750000000000455,43,TRUE,0.906666666665898
"vary_k",10000,42,8,"SVP BIC calibrated",0.0670000000000073,43,0.0740000000000691,43,TRUE,0.905405405404659
"vary_k",10000,42,8,"SVP BIC multiscale",0.06899999999996,43,0.0710000000001401,43,TRUE,0.971830985913012
"vary_k",10000,42,9,"PELT",0.0029999999999859,43,0.00299999999992906,43,TRUE,1.00000000001895
"vary_k",10000,42,9,"SVP BIC",0.0679999999999836,43,0.0740000000000691,43,TRUE,0.918918918917839
"vary_k",10000,42,9,"SVP BIC calibrated",0.0680000000000405,43,0.0740000000000691,43,TRUE,0.918918918918608
"vary_k",10000,42,9,"SVP BIC multiscale",0.0690000000000168,43,0.0720000000001164,43,TRUE,0.958333333332017
"vary_k",10000,43,1,"PELT",0.0029999999999859,44,0.00300000000015643,44,TRUE,0.999999999943157
"vary_k",10000,43,1,"SVP BIC",0.0660000000000309,44,0.071999999999889,44,TRUE,0.916666666668509
"vary_k",10000,43,1,"SVP BIC calibrated",0.0660000000000309,44,0.0730000000000928,44,TRUE,0.90410958904037
"vary_k",10000,43,1,"SVP BIC multiscale",0.0679999999999836,44,0.0710000000001401,44,TRUE,0.957746478871119
"vary_k",10000,43,10,"PELT",0.0040000000000191,44,0.00299999999992906,44,TRUE,1.33333333337123
"vary_k",10000,43,10,"SVP BIC",0.0669999999999504,44,0.0679999999999836,44,TRUE,0.985294117646567
"vary_k",10000,43,10,"SVP BIC calibrated",0.0660000000000309,44,0.06899999999996,44,TRUE,0.956521739131437
"vary_k",10000,43,10,"SVP BIC multiscale",0.0690000000000168,44,0.0670000000000073,44,TRUE,1.0298507462688
"vary_k",10000,43,2,"PELT",0.0029999999999859,44,0.00299999999992906,44,TRUE,1.00000000001895
"vary_k",10000,43,2,"SVP BIC",0.0679999999999836,44,0.0729999999998654,44,TRUE,0.931506849316561
"vary_k",10000,43,2,"SVP BIC calibrated",0.0659999999999741,44,0.0710000000001401,44,TRUE,0.929577464786533
"vary_k",10000,43,2,"SVP BIC multiscale",0.0670000000000073,44,0.0709999999999127,44,TRUE,0.943661971832249
"vary_k",10000,43,3,"PELT",0.0029999999999859,44,0.00299999999992906,44,TRUE,1.00000000001895
"vary_k",10000,43,3,"SVP BIC",0.0670000000000073,44,0.0730000000000928,44,TRUE,0.917808219177015
"vary_k",10000,43,3,"SVP BIC calibrated",0.0660000000000309,44,0.0740000000000691,44,TRUE,0.891891891891477
"vary_k",10000,43,3,"SVP BIC multiscale",0.0670000000000073,44,0.0699999999999363,44,TRUE,0.957142857143833
"vary_k",10000,43,4,"PELT",0.00399999999996226,44,0.00300000000015643,44,TRUE,1.33333333325123
"vary_k",10000,43,4,"SVP BIC",0.0670000000000073,44,0.071999999999889,44,TRUE,0.930555555557092
"vary_k",10000,43,4,"SVP BIC calibrated",0.0660000000000309,44,0.0730000000000928,44,TRUE,0.90410958904037
"vary_k",10000,43,4,"SVP BIC multiscale",0.0670000000000073,44,0.0710000000001401,44,TRUE,0.943661971829227
"vary_k",10000,43,5,"PELT",0.0029999999999859,44,0.00299999999992906,44,TRUE,1.00000000001895
"vary_k",10000,43,5,"SVP BIC",0.0649999999999977,44,0.0720000000001164,44,TRUE,0.902777777776286
"vary_k",10000,43,5,"SVP BIC calibrated",0.0649999999999977,44,0.0750000000000455,44,TRUE,0.86666666666611
"vary_k",10000,43,5,"SVP BIC multiscale",0.0660000000000309,45,0.0730000000000928,45,TRUE,0.90410958904037
"vary_k",10000,43,6,"PELT",0.0029999999999859,44,0.00300000000015643,44,TRUE,0.999999999943157
"vary_k",10000,43,6,"SVP BIC",0.0649999999999977,44,0.0730000000000928,44,TRUE,0.890410958902946
"vary_k",10000,43,6,"SVP BIC calibrated",0.0649999999999977,44,0.0739999999998417,44,TRUE,0.878378378380226
"vary_k",10000,43,6,"SVP BIC multiscale",0.0670000000000073,44,0.0760000000000218,44,TRUE,0.881578947368264
"vary_k",10000,43,7,"PELT",0.00300000000004275,44,0.00299999999992906,44,TRUE,1.0000000000379
"vary_k",10000,43,7,"SVP BIC",0.0660000000000309,44,0.0730000000000928,44,TRUE,0.90410958904037
"vary_k",10000,43,7,"SVP BIC calibrated",0.0660000000000309,44,0.0760000000000218,44,TRUE,0.868421052631736
"vary_k",10000,43,7,"SVP BIC multiscale",0.0670000000000073,44,0.0730000000000928,44,TRUE,0.917808219177015
"vary_k",10000,43,8,"PELT",0.0029999999999859,44,0.00400000000013279,44,TRUE,0.749999999971577
"vary_k",10000,43,8,"SVP BIC",0.0659999999999741,44,0.0760000000000218,44,TRUE,0.868421052630989
"vary_k",10000,43,8,"SVP BIC calibrated",0.0649999999999977,44,0.0730000000000928,44,TRUE,0.890410958902946
"vary_k",10000,43,8,"SVP BIC multiscale",0.0670000000000073,45,0.0710000000001401,45,TRUE,0.943661971829227
"vary_k",10000,43,9,"PELT",0.0029999999999859,44,0.00400000000013279,44,TRUE,0.749999999971577
"vary_k",10000,43,9,"SVP BIC",0.0659999999999741,44,0.0709999999999127,44,TRUE,0.92957746478951
"vary_k",10000,43,9,"SVP BIC calibrated",0.0649999999999977,44,0.0670000000000073,44,TRUE,0.970149253731203
"vary_k",10000,43,9,"SVP BIC multiscale",0.0670000000000073,44,0.0660000000000309,44,TRUE,1.01515151515115
"vary_k",10000,44,1,"PELT",0.00300000000004275,45,0.00299999999992906,45,TRUE,1.0000000000379
"vary_k",10000,44,1,"SVP BIC",0.0649999999999977,45,0.068000000000211,45,TRUE,0.955882352938177
"vary_k",10000,44,1,"SVP BIC calibrated",0.0649999999999977,45,0.06899999999996,45,TRUE,0.942028985507759
"vary_k",10000,44,1,"SVP BIC multiscale",0.0670000000000073,45,0.0660000000000309,45,TRUE,1.01515151515115
"vary_k",10000,44,10,"PELT",0.0029999999999859,45,0.00300000000015643,45,TRUE,0.999999999943157
"vary_k",10000,44,10,"SVP BIC",0.0649999999999977,45,0.0660000000000309,45,TRUE,0.984848484847989
"vary_k",10000,44,10,"SVP BIC calibrated",0.0649999999999977,45,0.0670000000000073,45,TRUE,0.970149253731203
"vary_k",10000,44,10,"SVP BIC multiscale",0.0670000000000073,45,0.0650000000000546,45,TRUE,1.03076923076848
"vary_k",10000,44,2,"PELT",0.0040000000000191,45,0.00299999999992906,45,TRUE,1.33333333337123
"vary_k",10000,44,2,"SVP BIC",0.0649999999999977,45,0.0679999999999836,45,TRUE,0.955882352941373
"vary_k",10000,44,2,"SVP BIC calibrated",0.0649999999999977,45,0.0670000000000073,45,TRUE,0.970149253731203
"vary_k",10000,44,2,"SVP BIC multiscale",0.0660000000000309,45,0.0660000000000309,45,TRUE,1
"vary_k",10000,44,3,"PELT",0.0040000000000191,45,0.00300000000015643,45,TRUE,1.33333333327018
"vary_k",10000,44,3,"SVP BIC",0.0659999999999741,45,0.0679999999999836,45,TRUE,0.970588235293971
"vary_k",10000,44,3,"SVP BIC calibrated",0.0649999999999977,45,0.0690000000001874,45,TRUE,0.942028985504655
"vary_k",10000,44,3,"SVP BIC multiscale",0.0670000000000073,45,0.0650000000000546,45,TRUE,1.03076923076848
"vary_k",10000,44,4,"PELT",0.00399999999996226,45,0.00299999999992906,45,TRUE,1.33333333335228
"vary_k",10000,44,4,"SVP BIC",0.0640000000000214,45,0.0670000000000073,45,TRUE,0.95522388059723
"vary_k",10000,44,4,"SVP BIC calibrated",0.0629999999999882,45,0.0670000000000073,45,TRUE,0.940298507462408
"vary_k",10000,44,4,"SVP BIC multiscale",0.0659999999999741,45,0.0640000000000782,45,TRUE,1.03124999999834
"vary_k",10000,44,5,"PELT",0.0029999999999859,45,0.00299999999992906,45,TRUE,1.00000000001895
"vary_k",10000,44,5,"SVP BIC",0.0639999999999645,45,0.0670000000000073,45,TRUE,0.955223880596381
"vary_k",10000,44,5,"SVP BIC calibrated",0.0649999999999977,45,0.0670000000000073,45,TRUE,0.970149253731203
"vary_k",10000,44,5,"SVP BIC multiscale",0.0659999999999741,45,0.0650000000000546,45,TRUE,1.01538461538336
"vary_k",10000,44,6,"PELT",0.0029999999999859,45,0.00299999999992906,45,TRUE,1.00000000001895
"vary_k",10000,44,6,"SVP BIC",0.0640000000000214,45,0.0660000000000309,45,TRUE,0.96969696969684
"vary_k",10000,44,6,"SVP BIC calibrated",0.0640000000000214,45,0.0660000000000309,45,TRUE,0.96969696969684
"vary_k",10000,44,6,"SVP BIC multiscale",0.0659999999999741,45,0.0660000000000309,45,TRUE,0.999999999999139
"vary_k",10000,44,7,"PELT",0.0040000000000191,45,0.00299999999992906,45,TRUE,1.33333333337123
"vary_k",10000,44,7,"SVP BIC",0.0649999999999977,45,0.0670000000000073,45,TRUE,0.970149253731203
"vary_k",10000,44,7,"SVP BIC calibrated",0.0649999999999977,46,0.0670000000000073,46,TRUE,0.970149253731203
"vary_k",10000,44,7,"SVP BIC multiscale",0.0660000000000309,46,0.0640000000000782,46,TRUE,1.03124999999922
"vary_k",10000,44,8,"PELT",0.0029999999999859,45,0.00300000000015643,45,TRUE,0.999999999943157
"vary_k",10000,44,8,"SVP BIC",0.0639999999999645,45,0.0660000000000309,45,TRUE,0.969696969695978
"vary_k",10000,44,8,"SVP BIC calibrated",0.0649999999999977,45,0.0660000000000309,45,TRUE,0.984848484847989
"vary_k",10000,44,8,"SVP BIC multiscale",0.0649999999999977,45,0.0640000000000782,45,TRUE,1.01562499999872
"vary_k",10000,44,9,"PELT",0.0029999999999859,45,0.00200000000018008,45,TRUE,1.49999999985789
"vary_k",10000,44,9,"SVP BIC",0.0640000000000214,45,0.0670000000000073,45,TRUE,0.95522388059723
"vary_k",10000,44,9,"SVP BIC calibrated",0.0640000000000214,45,0.0670000000000073,45,TRUE,0.95522388059723
"vary_k",10000,44,9,"SVP BIC multiscale",0.0659999999999741,45,0.0640000000000782,45,TRUE,1.03124999999834
"vary_k",10000,45,1,"PELT",0.0029999999999859,46,0.00400000000013279,46,TRUE,0.749999999971577
"vary_k",10000,45,1,"SVP BIC",0.0629999999999882,46,0.0650000000000546,46,TRUE,0.969230769229774
"vary_k",10000,45,1,"SVP BIC calibrated",0.063000000000045,46,0.0670000000000073,46,TRUE,0.940298507463256
"vary_k",10000,45,1,"SVP BIC multiscale",0.0649999999999977,46,0.0659999999998035,46,TRUE,0.984848484851382
"vary_k",10000,45,10,"PELT",0.0040000000000191,46,0.00299999999992906,46,TRUE,1.33333333337123
"vary_k",10000,45,10,"SVP BIC",0.0629999999999882,46,0.0650000000000546,46,TRUE,0.969230769229774
"vary_k",10000,45,10,"SVP BIC calibrated",0.0629999999999882,46,0.0660000000000309,46,TRUE,0.954545454544829
"vary_k",10000,45,10,"SVP BIC multiscale",0.0640000000000214,46,0.0629999999998745,46,TRUE,1.01587301587538
"vary_k",10000,45,2,"PELT",0.0029999999999859,46,0.00299999999992906,46,TRUE,1.00000000001895
"vary_k",10000,45,2,"SVP BIC",0.063000000000045,46,0.0660000000000309,46,TRUE,0.95454545454569
"vary_k",10000,45,2,"SVP BIC calibrated",0.0629999999999882,46,0.0650000000000546,46,TRUE,0.969230769229774
"vary_k",10000,45,2,"SVP BIC multiscale",0.0639999999999645,46,0.0640000000000782,46,TRUE,0.999999999998223
"vary_k",10000,45,3,"PELT",0.00300000000004275,46,0.00299999999992906,46,TRUE,1.0000000000379
"vary_k",10000,45,3,"SVP BIC",0.0629999999999882,46,0.0679999999999836,46,TRUE,0.926470588235344
"vary_k",10000,45,3,"SVP BIC calibrated",0.0629999999999882,46,0.0650000000000546,46,TRUE,0.969230769229774
"vary_k",10000,45,3,"SVP BIC multiscale",0.0649999999999977,46,0.0630000000001019,46,TRUE,1.03174603174433
"vary_k",10000,45,4,"PELT",0.0040000000000191,47,0.00299999999992906,47,TRUE,1.33333333337123
"vary_k",10000,45,4,"SVP BIC",0.063000000000045,46,0.0649999999998272,46,TRUE,0.969230769234038
"vary_k",10000,45,4,"SVP BIC calibrated",0.0640000000000214,46,0.0679999999999836,46,TRUE,0.941176470588777
"vary_k",10000,45,4,"SVP BIC multiscale",0.0649999999999977,46,0.0640000000000782,46,TRUE,1.01562499999872
"vary_k",10000,45,5,"PELT",0.0029999999999859,46,0.00399999999990541,46,TRUE,0.750000000014211
"vary_k",10000,45,5,"SVP BIC",0.0639999999999645,46,0.0660000000000309,46,TRUE,0.969696969695978
"vary_k",10000,45,5,"SVP BIC calibrated",0.0629999999999882,46,0.0660000000000309,46,TRUE,0.954545454544829
"vary_k",10000,45,5,"SVP BIC multiscale",0.0649999999999977,46,0.0670000000000073,46,TRUE,0.970149253731203
"vary_k",10000,45,6,"PELT",0.0029999999999859,46,0.00300000000015643,46,TRUE,0.999999999943157
"vary_k",10000,45,6,"SVP BIC",0.0620000000000118,46,0.0679999999999836,46,TRUE,0.911764705882746
"vary_k",10000,45,6,"SVP BIC calibrated",0.0629999999999882,46,0.0670000000000073,46,TRUE,0.940298507462408
"vary_k",10000,45,6,"SVP BIC multiscale",0.0649999999999977,46,0.0640000000000782,46,TRUE,1.01562499999872
"vary_k",10000,45,7,"PELT",0.0029999999999859,46,0.00299999999992906,46,TRUE,1.00000000001895
"vary_k",10000,45,7,"SVP BIC",0.0629999999999882,46,0.0670000000000073,46,TRUE,0.940298507462408
"vary_k",10000,45,7,"SVP BIC calibrated",0.0649999999999977,46,0.0700000000001637,46,TRUE,0.928571428569224
"vary_k",10000,45,7,"SVP BIC multiscale",0.0660000000000309,46,0.0640000000000782,46,TRUE,1.03124999999922
"vary_k",10000,45,8,"PELT",0.00300000000004275,46,0.00299999999992906,46,TRUE,1.0000000000379
"vary_k",10000,45,8,"SVP BIC",0.0629999999999882,46,0.0660000000000309,46,TRUE,0.954545454544829
"vary_k",10000,45,8,"SVP BIC calibrated",0.0629999999999882,46,0.0650000000000546,46,TRUE,0.969230769229774
"vary_k",10000,45,8,"SVP BIC multiscale",0.0649999999999977,46,0.0630000000001019,46,TRUE,1.03174603174433
"vary_k",10000,45,9,"PELT",0.00300000000004275,46,0.00299999999992906,46,TRUE,1.0000000000379
"vary_k",10000,45,9,"SVP BIC",0.0629999999999882,46,0.0670000000000073,46,TRUE,0.940298507462408
"vary_k",10000,45,9,"SVP BIC calibrated",0.0629999999999882,46,0.0640000000000782,46,TRUE,0.984374999998613
"vary_k",10000,45,9,"SVP BIC multiscale",0.0639999999999645,46,0.0620000000001255,46,TRUE,1.03225806451347
"vary_k",10000,46,1,"PELT",0.0029999999999859,47,0.00199999999995271,47,TRUE,1.50000000002842
"vary_k",10000,46,1,"SVP BIC",0.063000000000045,47,0.0639999999998508,47,TRUE,0.984375000002998
"vary_k",10000,46,1,"SVP BIC calibrated",0.0620000000000118,47,0.0640000000000782,47,TRUE,0.968749999999001
"vary_k",10000,46,1,"SVP BIC multiscale",0.0629999999999882,48,0.0619999999998981,48,TRUE,1.01612903225954
"vary_k",10000,46,10,"PELT",0.0029999999999859,47,0.00300000000015643,47,TRUE,0.999999999943157
"vary_k",10000,46,10,"SVP BIC",0.0620000000000118,47,0.0650000000000546,47,TRUE,0.953846153845534
"vary_k",10000,46,10,"SVP BIC calibrated",0.0620000000000118,47,0.0640000000000782,47,TRUE,0.968749999999001
"vary_k",10000,46,10,"SVP BIC multiscale",0.0629999999999882,47,0.0619999999998981,47,TRUE,1.01612903225954
"vary_k",10000,46,2,"PELT",0.0029999999999859,47,0.00399999999990541,47,TRUE,0.750000000014211
"vary_k",10000,46,2,"SVP BIC",0.0629999999999882,47,0.0640000000000782,47,TRUE,0.984374999998613
"vary_k",10000,46,2,"SVP BIC calibrated",0.061999999999955,47,0.0650000000000546,47,TRUE,0.95384615384466
"vary_k",10000,46,2,"SVP BIC multiscale",0.063000000000045,47,0.0630000000001019,47,TRUE,0.999999999999097
"vary_k",10000,46,3,"PELT",0.00300000000004275,47,0.00300000000015643,47,TRUE,0.999999999962107
"vary_k",10000,46,3,"SVP BIC",0.0620000000000118,47,0.0650000000000546,47,TRUE,0.953846153845534
"vary_k",10000,46,3,"SVP BIC calibrated",0.0620000000000118,47,0.0640000000000782,47,TRUE,0.968749999999001
"vary_k",10000,46,3,"SVP BIC multiscale",0.0639999999999645,47,0.0640000000000782,47,TRUE,0.999999999998223
"vary_k",10000,46,4,"PELT",0.0029999999999859,47,0.00300000000015643,47,TRUE,0.999999999943157
"vary_k",10000,46,4,"SVP BIC",0.0629999999999882,47,0.0639999999998508,47,TRUE,0.98437500000211
"vary_k",10000,46,4,"SVP BIC calibrated",0.0620000000000118,47,0.0650000000000546,47,TRUE,0.953846153845534
"vary_k",10000,46,4,"SVP BIC multiscale",0.0639999999999645,47,0.0620000000001255,47,TRUE,1.03225806451347
"vary_k",10000,46,5,"PELT",0.0029999999999859,47,0.00399999999990541,47,TRUE,0.750000000014211
"vary_k",10000,46,5,"SVP BIC",0.0610000000000355,47,0.0639999999998508,47,TRUE,0.953125000002777
"vary_k",10000,46,5,"SVP BIC calibrated",0.0610000000000355,47,0.0640000000000782,47,TRUE,0.95312499999939
"vary_k",10000,46,5,"SVP BIC multiscale",0.0629999999999882,48,0.0620000000001255,48,TRUE,1.01612903225582
"vary_k",10000,46,6,"PELT",0.0029999999999859,47,0.00299999999992906,47,TRUE,1.00000000001895
"vary_k",10000,46,6,"SVP BIC",0.0620000000000118,47,0.0640000000000782,47,TRUE,0.968749999999001
"vary_k",10000,46,6,"SVP BIC calibrated",0.0629999999999882,47,0.0640000000000782,47,TRUE,0.984374999998613
"vary_k",10000,46,6,"SVP BIC multiscale",0.0640000000000214,47,0.0640000000000782,47,TRUE,0.999999999999112
"vary_k",10000,46,7,"PELT",0.0040000000000191,47,0.00299999999992906,47,TRUE,1.33333333337123
"vary_k",10000,46,7,"SVP BIC",0.0620000000000118,47,0.0640000000000782,47,TRUE,0.968749999999001
"vary_k",10000,46,7,"SVP BIC calibrated",0.0620000000000118,47,0.0640000000000782,47,TRUE,0.968749999999001
"vary_k",10000,46,7,"SVP BIC multiscale",0.0629999999999882,47,0.0620000000001255,47,TRUE,1.01612903225582
"vary_k",10000,46,8,"PELT",0.0029999999999859,47,0.00299999999992906,47,TRUE,1.00000000001895
"vary_k",10000,46,8,"SVP BIC",0.0620000000000118,47,0.0640000000000782,47,TRUE,0.968749999999001
"vary_k",10000,46,8,"SVP BIC calibrated",0.0609999999999786,47,0.0640000000000782,47,TRUE,0.953124999998501
"vary_k",10000,46,8,"SVP BIC multiscale",0.0640000000000214,47,0.0630000000001019,47,TRUE,1.01587301587171
"vary_k",10000,46,9,"PELT",0.00300000000004275,47,0.00300000000015643,47,TRUE,0.999999999962107
"vary_k",10000,46,9,"SVP BIC",0.0629999999999882,47,0.0650000000000546,47,TRUE,0.969230769229774
"vary_k",10000,46,9,"SVP BIC calibrated",0.063000000000045,47,0.0670000000000073,47,TRUE,0.940298507463256
"vary_k",10000,46,9,"SVP BIC multiscale",0.0639999999999645,47,0.0640000000000782,47,TRUE,0.999999999998223
"vary_k",10000,47,1,"PELT",0.00300000000004275,48,0.00299999999992906,48,TRUE,1.0000000000379
"vary_k",10000,47,1,"SVP BIC",0.0610000000000355,48,0.0640000000000782,48,TRUE,0.95312499999939
"vary_k",10000,47,1,"SVP BIC calibrated",0.0610000000000355,48,0.0629999999998745,48,TRUE,0.96825396825646
"vary_k",10000,47,1,"SVP BIC multiscale",0.0629999999999882,48,0.0639999999998508,48,TRUE,0.98437500000211
"vary_k",10000,47,10,"PELT",0.0029999999999859,48,0.00399999999990541,48,TRUE,0.750000000014211
"vary_k",10000,47,10,"SVP BIC",0.0610000000000355,48,0.0620000000001255,48,TRUE,0.983870967740516
"vary_k",10000,47,10,"SVP BIC calibrated",0.0609999999999786,48,0.0640000000000782,48,TRUE,0.953124999998501
"vary_k",10000,47,10,"SVP BIC multiscale",0.0640000000000214,48,0.0640000000000782,48,TRUE,0.999999999999112
"vary_k",10000,47,2,"PELT",0.0029999999999859,48,0.00199999999995271,48,TRUE,1.50000000002842
"vary_k",10000,47,2,"SVP BIC",0.0600000000000023,48,0.0630000000001019,48,TRUE,0.952380952379448
"vary_k",10000,47,2,"SVP BIC calibrated",0.0609999999999786,48,0.0630000000001019,48,TRUE,0.968253968252062
"vary_k",10000,47,2,"SVP BIC multiscale",0.0629999999999882,48,0.0609999999999218,48,TRUE,1.03278688524703
"vary_k",10000,47,3,"PELT",0.00399999999996226,48,0.00300000000015643,48,TRUE,1.33333333325123
"vary_k",10000,47,3,"SVP BIC",0.0609999999999786,48,0.0629999999998745,48,TRUE,0.968253968255557
"vary_k",10000,47,3,"SVP BIC calibrated",0.0609999999999786,48,0.0639999999998508,48,TRUE,0.953125000001888
"vary_k",10000,47,3,"SVP BIC multiscale",0.0629999999999882,48,0.0639999999998508,48,TRUE,0.98437500000211
"vary_k",10000,47,4,"PELT",0.00300000000004275,48,0.00299999999992906,48,TRUE,1.0000000000379
"vary_k",10000,47,4,"SVP BIC",0.0600000000000023,48,0.0639999999998508,48,TRUE,0.937500000002221
"vary_k",10000,47,4,"SVP BIC calibrated",0.0609999999999786,48,0.0629999999998745,48,TRUE,0.968253968255557
"vary_k",10000,47,4,"SVP BIC multiscale",0.0629999999999882,48,0.0619999999998981,48,TRUE,1.01612903225954
"vary_k",10000,47,5,"PELT",0.0029999999999859,48,0.00400000000013279,48,TRUE,0.749999999971577
"vary_k",10000,47,5,"SVP BIC",0.0610000000000355,48,0.0630000000001019,48,TRUE,0.968253968252966
"vary_k",10000,47,5,"SVP BIC calibrated",0.0609999999999786,48,0.0639999999998508,48,TRUE,0.953125000001888
"vary_k",10000,47,5,"SVP BIC multiscale",0.063000000000045,48,0.0609999999999218,48,TRUE,1.03278688524796
"vary_k",10000,47,6,"PELT",0.0040000000000191,48,0.00300000000015643,48,TRUE,1.33333333327018
"vary_k",10000,47,6,"SVP BIC",0.0609999999999786,48,0.0619999999998981,48,TRUE,0.983870967743207
"vary_k",10000,47,6,"SVP BIC calibrated",0.0609999999999786,48,0.0619999999998981,48,TRUE,0.983870967743207
"vary_k",10000,47,6,"SVP BIC multiscale",0.063000000000045,48,0.0620000000001255,48,TRUE,1.01612903225673
"vary_k",10000,47,7,"PELT",0.0040000000000191,48,0.00300000000015643,48,TRUE,1.33333333327018
"vary_k",10000,47,7,"SVP BIC",0.0620000000000118,48,0.0629999999998745,48,TRUE,0.984126984129132
"vary_k",10000,47,7,"SVP BIC calibrated",0.0610000000000355,48,0.0629999999998745,48,TRUE,0.96825396825646
"vary_k",10000,47,7,"SVP BIC multiscale",0.063000000000045,48,0.0610000000001492,48,TRUE,1.03278688524411
"vary_k",10000,47,8,"PELT",0.00399999999996226,48,0.00199999999995271,48,TRUE,2.00000000002842
"vary_k",10000,47,8,"SVP BIC",0.0610000000000355,48,0.0630000000001019,48,TRUE,0.968253968252966
"vary_k",10000,47,8,"SVP BIC calibrated",0.0620000000000118,48,0.0630000000001019,48,TRUE,0.98412698412558
"vary_k",10000,47,8,"SVP BIC multiscale",0.0620000000000118,48,0.0609999999999218,48,TRUE,1.01639344262445
"vary_k",10000,47,9,"PELT",0.0029999999999859,48,0.00300000000015643,48,TRUE,0.999999999943157
"vary_k",10000,47,9,"SVP BIC",0.0609999999999786,48,0.0629999999998745,48,TRUE,0.968253968255557
"vary_k",10000,47,9,"SVP BIC calibrated",0.0600000000000023,48,0.0650000000000546,48,TRUE,0.923076923076183
"vary_k",10000,47,9,"SVP BIC multiscale",0.0629999999999882,48,0.0599999999999454,48,TRUE,1.05000000000076
"vary_k",10000,48,1,"PELT",0.0029999999999859,49,0.00399999999990541,49,TRUE,0.750000000014211
"vary_k",10000,48,1,"SVP BIC",0.0610000000000355,49,0.0630000000001019,49,TRUE,0.968253968252966
"vary_k",10000,48,1,"SVP BIC calibrated",0.0609999999999786,49,0.0619999999998981,49,TRUE,0.983870967743207
"vary_k",10000,48,1,"SVP BIC multiscale",0.061999999999955,49,0.0599999999999454,49,TRUE,1.03333333333352
"vary_k",10000,48,10,"PELT",0.0029999999999859,49,0.00299999999992906,49,TRUE,1.00000000001895
"vary_k",10000,48,10,"SVP BIC",0.0600000000000023,49,0.0620000000001255,49,TRUE,0.967741935481949
"vary_k",10000,48,10,"SVP BIC calibrated",0.0590000000000259,49,0.0599999999999454,49,TRUE,0.98333333333466
"vary_k",10000,48,10,"SVP BIC multiscale",0.0600000000000023,49,0.0580000000002201,49,TRUE,1.0344827586168
"vary_k",10000,48,2,"PELT",0.0029999999999859,51,0.00300000000015643,51,TRUE,0.999999999943157
"vary_k",10000,48,2,"SVP BIC",0.0609999999999786,49,0.0619999999998981,49,TRUE,0.983870967743207
"vary_k",10000,48,2,"SVP BIC calibrated",0.0600000000000023,50,0.0610000000001492,50,TRUE,0.983606557374681
"vary_k",10000,48,2,"SVP BIC multiscale",0.0610000000000355,50,0.0599999999999454,50,TRUE,1.01666666666818
"vary_k",10000,48,3,"PELT",0.00300000000004275,49,0.00300000000015643,49,TRUE,0.999999999962107
"vary_k",10000,48,3,"SVP BIC",0.0609999999999786,49,0.0619999999998981,49,TRUE,0.983870967743207
"vary_k",10000,48,3,"SVP BIC calibrated",0.0600000000000023,49,0.0619999999998981,49,TRUE,0.967741935485499
"vary_k",10000,48,3,"SVP BIC multiscale",0.0609999999999786,49,0.0600000000001728,49,TRUE,1.01666666666338
"vary_k",10000,48,4,"PELT",0.0029999999999859,49,0.00199999999995271,49,TRUE,1.50000000002842
"vary_k",10000,48,4,"SVP BIC",0.0600000000000023,49,0.0620000000001255,49,TRUE,0.967741935481949
"vary_k",10000,48,4,"SVP BIC calibrated",0.0590000000000259,49,0.0619999999998981,49,TRUE,0.951612903227788
"vary_k",10000,48,4,"SVP BIC multiscale",0.0609999999999786,49,0.0579999999999927,49,TRUE,1.0517241379308
"vary_k",10000,48,5,"PELT",0.0029999999999859,49,0.00299999999992906,49,TRUE,1.00000000001895
"vary_k",10000,48,5,"SVP BIC",0.0600000000000023,49,0.0629999999998745,49,TRUE,0.952380952382886
"vary_k",10000,48,5,"SVP BIC calibrated",0.0600000000000023,49,0.0619999999998981,49,TRUE,0.967741935485499
"vary_k",10000,48,5,"SVP BIC multiscale",0.0609999999999786,49,0.0589999999999691,49,TRUE,1.03389830508492
"vary_k",10000,48,6,"PELT",0.0029999999999859,49,0.00299999999992906,49,TRUE,1.00000000001895
"vary_k",10000,48,6,"SVP BIC",0.0609999999999786,49,0.0620000000001255,49,TRUE,0.983870967739599
"vary_k",10000,48,6,"SVP BIC calibrated",0.0600000000000023,49,0.0619999999998981,49,TRUE,0.967741935485499
"vary_k",10000,48,6,"SVP BIC multiscale",0.0609999999999786,49,0.0589999999999691,49,TRUE,1.03389830508492
"vary_k",10000,48,7,"PELT",0.0040000000000191,49,0.00299999999992906,49,TRUE,1.33333333337123
"vary_k",10000,48,7,"SVP BIC",0.0600000000000023,49,0.0610000000001492,49,TRUE,0.983606557374681
"vary_k",10000,48,7,"SVP BIC calibrated",0.0600000000000023,49,0.0620000000001255,49,TRUE,0.967741935481949
"vary_k",10000,48,7,"SVP BIC multiscale",0.0620000000000118,50,0.0599999999999454,50,TRUE,1.03333333333447
"vary_k",10000,48,8,"PELT",0.0029999999999859,49,0.00399999999990541,49,TRUE,0.750000000014211
"vary_k",10000,48,8,"SVP BIC",0.0600000000000023,49,0.0620000000001255,49,TRUE,0.967741935481949
"vary_k",10000,48,8,"SVP BIC calibrated",0.0600000000000023,49,0.0609999999999218,49,TRUE,0.983606557378348
"vary_k",10000,48,8,"SVP BIC multiscale",0.0609999999999786,49,0.0600000000001728,49,TRUE,1.01666666666338
"vary_k",10000,48,9,"PELT",0.0029999999999859,49,0.00299999999992906,49,TRUE,1.00000000001895
"vary_k",10000,48,9,"SVP BIC",0.0600000000000023,49,0.0629999999998745,49,TRUE,0.952380952382886
"vary_k",10000,48,9,"SVP BIC calibrated",0.0609999999999786,49,0.0630000000001019,49,TRUE,0.968253968252062
"vary_k",10000,48,9,"SVP BIC multiscale",0.0620000000000118,49,0.0600000000001728,49,TRUE,1.03333333333055
"vary_k",10000,49,1,"PELT",0.0029999999999859,50,0.00299999999992906,50,TRUE,1.00000000001895
"vary_k",10000,49,1,"SVP BIC",0.0590000000000259,50,0.0609999999999218,50,TRUE,0.967213114755763
"vary_k",10000,49,1,"SVP BIC calibrated",0.0590000000000259,50,0.0609999999999218,50,TRUE,0.967213114755763
"vary_k",10000,49,1,"SVP BIC multiscale",0.0600000000000023,50,0.0579999999999927,50,TRUE,1.03448275862086
"vary_k",10000,49,10,"PELT",0.0029999999999859,50,0.00300000000015643,50,TRUE,0.999999999943157
"vary_k",10000,49,10,"SVP BIC",0.0589999999999691,50,0.0609999999999218,50,TRUE,0.967213114754832
"vary_k",10000,49,10,"SVP BIC calibrated",0.0590000000000259,50,0.0599999999999454,50,TRUE,0.98333333333466
"vary_k",10000,49,10,"SVP BIC multiscale",0.0610000000000355,50,0.0579999999999927,50,TRUE,1.05172413793178
"vary_k",10000,49,2,"PELT",0.0040000000000191,50,0.00299999999992906,50,TRUE,1.33333333337123
"vary_k",10000,49,2,"SVP BIC",0.0579999999999927,50,0.0629999999998745,50,TRUE,0.920634920636639
"vary_k",10000,49,2,"SVP BIC calibrated",0.0590000000000259,50,0.0610000000001492,50,TRUE,0.967213114752157
"vary_k",10000,49,2,"SVP BIC multiscale",0.0600000000000023,50,0.0609999999999218,50,TRUE,0.983606557378348
"vary_k",10000,49,3,"PELT",0.0029999999999859,50,0.00299999999992906,50,TRUE,1.00000000001895
"vary_k",10000,49,3,"SVP BIC",0.0590000000000259,50,0.0630000000001019,50,TRUE,0.936507936506833
"vary_k",10000,49,3,"SVP BIC calibrated",0.0589999999999691,50,0.0619999999998981,50,TRUE,0.951612903226872
"vary_k",10000,49,3,"SVP BIC multiscale",0.0610000000000355,50,0.0599999999999454,50,TRUE,1.01666666666818
"vary_k",10000,49,4,"PELT",0.00200000000000955,50,0.00300000000015643,50,TRUE,0.666666666635088
"vary_k",10000,49,4,"SVP BIC",0.0600000000000023,50,0.0609999999999218,50,TRUE,0.983606557378348
"vary_k",10000,49,4,"SVP BIC calibrated",0.0590000000000259,50,0.0619999999998981,50,TRUE,0.951612903227788
"vary_k",10000,49,4,"SVP BIC multiscale",0.0609999999999786,50,0.0600000000001728,50,TRUE,1.01666666666338
"vary_k",10000,49,5,"PELT",0.00200000000000955,50,0.00299999999992906,50,TRUE,0.666666666685614
"vary_k",10000,49,5,"SVP BIC",0.0600000000000023,50,0.0600000000001728,50,TRUE,0.999999999997158
"vary_k",10000,49,5,"SVP BIC calibrated",0.0600000000000023,50,0.0609999999999218,50,TRUE,0.983606557378348
"vary_k",10000,49,5,"SVP BIC multiscale",0.0600000000000023,50,0.0579999999999927,50,TRUE,1.03448275862086
"vary_k",10000,49,6,"PELT",0.00399999999996226,50,0.00399999999990541,50,TRUE,1.00000000001421
"vary_k",10000,49,6,"SVP BIC",0.0600000000000023,50,0.0610000000001492,50,TRUE,0.983606557374681
"vary_k",10000,49,6,"SVP BIC calibrated",0.0589999999999691,50,0.0619999999998981,50,TRUE,0.951612903226872
"vary_k",10000,49,6,"SVP BIC multiscale",0.0600000000000023,50,0.0610000000001492,50,TRUE,0.983606557374681
"vary_k",10000,49,7,"PELT",0.0029999999999859,50,0.00299999999992906,50,TRUE,1.00000000001895
"vary_k",10000,49,7,"SVP BIC",0.0589999999999691,50,0.0599999999999454,50,TRUE,0.983333333333713
"vary_k",10000,49,7,"SVP BIC calibrated",0.0589999999999691,50,0.0609999999999218,50,TRUE,0.967213114754832
"vary_k",10000,49,7,"SVP BIC multiscale",0.0609999999999786,50,0.0579999999999927,50,TRUE,1.0517241379308
"vary_k",10000,49,8,"PELT",0.00399999999996226,50,0.00299999999992906,50,TRUE,1.33333333335228
"vary_k",10000,49,8,"SVP BIC",0.0590000000000259,50,0.0610000000001492,50,TRUE,0.967213114752157
"vary_k",10000,49,8,"SVP BIC calibrated",0.0590000000000259,50,0.0599999999999454,50,TRUE,0.98333333333466
"vary_k",10000,49,8,"SVP BIC multiscale",0.0610000000000355,50,0.0579999999999927,50,TRUE,1.05172413793178
"vary_k",10000,49,9,"PELT",0.00300000000004275,50,0.00299999999992906,50,TRUE,1.0000000000379
"vary_k",10000,49,9,"SVP BIC",0.0589999999999691,50,0.0609999999999218,50,TRUE,0.967213114754832
"vary_k",10000,49,9,"SVP BIC calibrated",0.0589999999999691,50,0.0610000000001492,50,TRUE,0.967213114751226
"vary_k",10000,49,9,"SVP BIC multiscale",0.0609999999999786,50,0.0579999999999927,50,TRUE,1.0517241379308
"vary_k",10000,5,1,"PELT",0.0159999999999911,6,0.0179999999999154,6,TRUE,0.888888888892572
"vary_k",10000,5,1,"SVP BIC",0.396999999999991,6,0.424999999999955,6,TRUE,0.934117647058901
"vary_k",10000,5,1,"SVP BIC calibrated",0.395999999999987,6,0.425999999999931,6,TRUE,0.929577464788852
"vary_k",10000,5,1,"SVP BIC multiscale",0.426999999999992,6,0.446000000000026,6,TRUE,0.95739910313894
"vary_k",10000,5,10,"PELT",0.0149999999999864,6,0.0149999999999864,6,TRUE,1
"vary_k",10000,5,10,"SVP BIC",0.390999999999991,6,0.423000000000002,6,TRUE,0.924349881796665
"vary_k",10000,5,10,"SVP BIC calibrated",0.39100000000002,6,0.425999999999931,6,TRUE,0.91784037558705
"vary_k",10000,5,10,"SVP BIC multiscale",0.424999999999983,6,0.44500000000005,6,TRUE,0.955056179775135
"vary_k",10000,5,2,"PELT",0.0130000000000052,6,0.0160000000000764,6,TRUE,0.812499999996445
"vary_k",10000,5,2,"SVP BIC",0.390999999999991,6,0.420999999999935,6,TRUE,0.928741092636702
"vary_k",10000,5,2,"SVP BIC calibrated",0.391999999999996,6,0.425000000000068,6,TRUE,0.922352941176314
"vary_k",10000,5,2,"SVP BIC multiscale",0.423000000000002,6,0.447999999999979,6,TRUE,0.944196428571477
"vary_k",10000,5,3,"PELT",0.0149999999999864,6,0.0149999999999864,6,TRUE,1
"vary_k",10000,5,3,"SVP BIC",0.39700000000002,6,0.43100000000004,6,TRUE,0.921113689095089
"vary_k",10000,5,3,"SVP BIC calibrated",0.39700000000002,6,0.432000000000016,6,TRUE,0.918981481481494
"vary_k",10000,5,3,"SVP BIC multiscale",0.429000000000002,6,0.454999999999927,6,TRUE,0.942857142857298
"vary_k",10000,5,4,"PELT",0.0150000000000148,6,0.0150000000001,6,TRUE,0.99999999999432
"vary_k",10000,5,4,"SVP BIC",0.391999999999996,6,0.427000000000021,6,TRUE,0.918032786885192
"vary_k",10000,5,4,"SVP BIC calibrated",0.390999999999991,6,0.432000000000016,6,TRUE,0.905092592592538
"vary_k",10000,5,4,"SVP BIC multiscale",0.421999999999997,6,0.446000000000026,6,TRUE,0.946188340807113
"vary_k",10000,5,5,"PELT",0.0139999999999816,6,0.0150000000001,6,TRUE,0.933333333325885
"vary_k",10000,5,5,"SVP BIC",0.39500000000001,6,0.428999999999974,6,TRUE,0.920745920746
"vary_k",10000,5,5,"SVP BIC calibrated",0.395999999999987,6,0.43100000000004,6,TRUE,0.918793503480163
"vary_k",10000,5,5,"SVP BIC multiscale",0.432000000000016,6,0.456000000000017,6,TRUE,0.947368421052631
"vary_k",10000,5,6,"PELT",0.0149999999999864,6,0.0190000000000055,6,TRUE,0.789473684209582
"vary_k",10000,5,6,"SVP BIC",0.395999999999987,6,0.423999999999978,6,TRUE,0.933962264150961
"vary_k",10000,5,6,"SVP BIC calibrated",0.394000000000005,6,0.427999999999997,6,TRUE,0.92056074766357
"vary_k",10000,5,6,"SVP BIC multiscale",0.425999999999988,6,0.446000000000026,6,TRUE,0.955156950672563
"vary_k",10000,5,7,"PELT",0.01400000000001,6,0.0190000000000055,6,TRUE,0.736842105263471
"vary_k",10000,5,7,"SVP BIC",0.397999999999996,6,0.425999999999931,6,TRUE,0.934272300469626
"vary_k",10000,5,7,"SVP BIC calibrated",0.397999999999996,6,0.429000000000087,6,TRUE,0.92773892773873
"vary_k",10000,5,7,"SVP BIC multiscale",0.418999999999983,7,0.439000000000078,7,TRUE,0.954441913439427
"vary_k",10000,5,8,"PELT",0.0150000000000148,6,0.0180000000000291,6,TRUE,0.833333333332808
"vary_k",10000,5,8,"SVP BIC",0.394999999999982,6,0.425000000000068,6,TRUE,0.929411764705691
"vary_k",10000,5,8,"SVP BIC calibrated",0.393000000000001,6,0.423999999999978,6,TRUE,0.926886792452881
"vary_k",10000,5,8,"SVP BIC multiscale",0.391999999999996,7,0.413999999999987,7,TRUE,0.946859903381663
"vary_k",10000,5,9,"PELT",0.0149999999999864,6,0.0160000000000764,6,TRUE,0.937499999994673
"vary_k",10000,5,9,"SVP BIC",0.393000000000001,6,0.423000000000002,6,TRUE,0.929078014184395
"vary_k",10000,5,9,"SVP BIC calibrated",0.394000000000005,6,0.427000000000021,6,TRUE,0.922716627634627
"vary_k",10000,5,9,"SVP BIC multiscale",0.426000000000016,6,0.449000000000069,6,TRUE,0.948775055679177
"vary_k",10000,50,1,"PELT",0.0029999999999859,51,0.00199999999995271,51,TRUE,1.50000000002842
"vary_k",10000,50,1,"SVP BIC",0.0589999999999691,51,0.0590000000001965,51,TRUE,0.999999999996146
"vary_k",10000,50,1,"SVP BIC calibrated",0.0600000000000023,51,0.0589999999999691,51,TRUE,1.01694915254294
"vary_k",10000,50,1,"SVP BIC multiscale",0.0590000000000259,51,0.0570000000000164,51,TRUE,1.0350877192984
"vary_k",10000,50,10,"PELT",0.0029999999999859,51,0.00399999999990541,51,TRUE,0.750000000014211
"vary_k",10000,50,10,"SVP BIC",0.0579999999999927,51,0.0589999999999691,51,TRUE,0.983050847458018
"vary_k",10000,50,10,"SVP BIC calibrated",0.0570000000000164,51,0.0619999999998981,51,TRUE,0.919354838711453
"vary_k",10000,50,10,"SVP BIC multiscale",0.0590000000000259,51,0.0589999999999691,51,TRUE,1.00000000000096
"vary_k",10000,50,2,"PELT",0.0029999999999859,51,0.00299999999992906,51,TRUE,1.00000000001895
"vary_k",10000,50,2,"SVP BIC",0.0570000000000164,51,0.0589999999999691,51,TRUE,0.966101694916038
"vary_k",10000,50,2,"SVP BIC calibrated",0.0569999999999595,51,0.0589999999999691,51,TRUE,0.966101694915074
"vary_k",10000,50,2,"SVP BIC multiscale",0.0600000000000023,51,0.0570000000000164,51,TRUE,1.05263157894711
"vary_k",10000,50,3,"PELT",0.00300000000004275,52,0.00199999999995271,52,TRUE,1.50000000005684
"vary_k",10000,50,3,"SVP BIC",0.0579999999999927,51,0.0589999999999691,51,TRUE,0.983050847458018
"vary_k",10000,50,3,"SVP BIC calibrated",0.0579999999999927,51,0.0579999999999927,51,TRUE,1
"vary_k",10000,50,3,"SVP BIC multiscale",0.0590000000000259,52,0.0579999999999927,52,TRUE,1.01724137931092
"vary_k",10000,50,4,"PELT",0.00300000000004275,51,0.00300000000015643,51,TRUE,0.999999999962107
"vary_k",10000,50,4,"SVP BIC",0.0570000000000164,51,0.0589999999999691,51,TRUE,0.966101694916038
"vary_k",10000,50,4,"SVP BIC calibrated",0.0569999999999595,51,0.0600000000001728,51,TRUE,0.949999999996589
"vary_k",10000,50,4,"SVP BIC multiscale",0.0589999999999691,51,0.0570000000000164,51,TRUE,1.03508771929741
"vary_k",10000,50,5,"PELT",0.00300000000004275,51,0.00199999999995271,51,TRUE,1.50000000005684
"vary_k",10000,50,5,"SVP BIC",0.0579999999999927,51,0.0599999999999454,51,TRUE,0.966666666667425
"vary_k",10000,50,5,"SVP BIC calibrated",0.0579999999999927,51,0.0599999999999454,51,TRUE,0.966666666667425
"vary_k",10000,50,5,"SVP BIC multiscale",0.0600000000000023,51,0.0570000000000164,51,TRUE,1.05263157894711
"vary_k",10000,50,6,"PELT",0.00300000000004275,51,0.00399999999990541,51,TRUE,0.750000000028423
"vary_k",10000,50,6,"SVP BIC",0.0579999999999927,51,0.0600000000001728,51,TRUE,0.966666666663761
"vary_k",10000,50,6,"SVP BIC calibrated",0.0580000000000496,51,0.0599999999999454,51,TRUE,0.966666666668373
"vary_k",10000,50,6,"SVP BIC multiscale",0.0600000000000023,51,0.0579999999999927,51,TRUE,1.03448275862086
"vary_k",10000,50,7,"PELT",0.0029999999999859,51,0.00299999999992906,51,TRUE,1.00000000001895
"vary_k",10000,50,7,"SVP BIC",0.0579999999999927,51,0.0589999999999691,51,TRUE,0.983050847458018
"vary_k",10000,50,7,"SVP BIC calibrated",0.0579999999999927,51,0.0599999999999454,51,TRUE,0.966666666667425
"vary_k",10000,50,7,"SVP BIC multiscale",0.0600000000000023,51,0.0570000000000164,51,TRUE,1.05263157894711
"vary_k",10000,50,8,"PELT",0.0029999999999859,51,0.00300000000015643,51,TRUE,0.999999999943157
"vary_k",10000,50,8,"SVP BIC",0.0580000000000496,51,0.0589999999999691,51,TRUE,0.983050847458983
"vary_k",10000,50,8,"SVP BIC calibrated",0.0579999999999927,51,0.0599999999999454,51,TRUE,0.966666666667425
"vary_k",10000,50,8,"SVP BIC multiscale",0.0600000000000023,51,0.0599999999999454,51,TRUE,1.00000000000095
"vary_k",10000,50,9,"PELT",0.0029999999999859,51,0.00300000000015643,51,TRUE,0.999999999943157
"vary_k",10000,50,9,"SVP BIC",0.0579999999999927,51,0.0599999999999454,51,TRUE,0.966666666667425
"vary_k",10000,50,9,"SVP BIC calibrated",0.0579999999999927,51,0.0609999999999218,51,TRUE,0.950819672132247
"vary_k",10000,50,9,"SVP BIC multiscale",0.0590000000000259,51,0.0590000000001965,51,TRUE,0.999999999997109
"vary_k",10000,51,1,"PELT",0.0029999999999859,52,0.00299999999992906,52,TRUE,1.00000000001895
"vary_k",10000,51,1,"SVP BIC",0.05600000000004,52,0.0589999999999691,52,TRUE,0.949152542374056
"vary_k",10000,51,1,"SVP BIC calibrated",0.0569999999999595,52,0.0599999999999454,52,TRUE,0.95000000000019
"vary_k",10000,51,1,"SVP BIC multiscale",0.0579999999999927,52,0.0590000000001965,52,TRUE,0.983050847454229
"vary_k",10000,51,10,"PELT",0.0029999999999859,52,0.00200000000018008,52,TRUE,1.49999999985789
"vary_k",10000,51,10,"SVP BIC",0.0570000000000164,52,0.0630000000001019,52,TRUE,0.904761904760702
"vary_k",10000,51,10,"SVP BIC calibrated",0.0580000000000496,52,0.0589999999999691,52,TRUE,0.983050847458983
"vary_k",10000,51,10,"SVP BIC multiscale",0.0580000000000496,52,0.0580000000002201,52,TRUE,0.99999999999706
"vary_k",10000,51,2,"PELT",0.0029999999999859,52,0.00299999999992906,52,TRUE,1.00000000001895
"vary_k",10000,51,2,"SVP BIC",0.0559999999999832,52,0.0589999999999691,52,TRUE,0.949152542373094
"vary_k",10000,51,2,"SVP BIC calibrated",0.0559999999999832,52,0.0579999999999927,52,TRUE,0.965517241379142
"vary_k",10000,51,2,"SVP BIC multiscale",0.0579999999999927,52,0.0549999999998363,52,TRUE,1.05454545454846
"vary_k",10000,51,3,"PELT",0.0029999999999859,52,0.00299999999992906,52,TRUE,1.00000000001895
"vary_k",10000,51,3,"SVP BIC",0.0579999999999927,52,0.0579999999999927,52,TRUE,1
"vary_k",10000,51,3,"SVP BIC calibrated",0.0569999999999595,52,0.0589999999999691,52,TRUE,0.966101694915074
"vary_k",10000,51,3,"SVP BIC multiscale",0.0579999999999927,52,0.0570000000000164,52,TRUE,1.0175438596487
"vary_k",10000,51,4,"PELT",0.0029999999999859,52,0.00300000000015643,52,TRUE,0.999999999943157
"vary_k",10000,51,4,"SVP BIC",0.0570000000000164,52,0.0579999999999927,52,TRUE,0.982758620690062
"vary_k",10000,51,4,"SVP BIC calibrated",0.0570000000000164,52,0.0600000000001728,52,TRUE,0.949999999997537
"vary_k",10000,51,4,"SVP BIC multiscale",0.0590000000000259,52,0.0579999999999927,52,TRUE,1.01724137931092
"vary_k",10000,51,5,"PELT",0.00300000000004275,52,0.00300000000015643,52,TRUE,0.999999999962107
"vary_k",10000,51,5,"SVP BIC",0.0579999999999927,52,0.0589999999999691,52,TRUE,0.983050847458018
"vary_k",10000,51,5,"SVP BIC calibrated",0.0569999999999595,52,0.0589999999999691,52,TRUE,0.966101694915074
"vary_k",10000,51,5,"SVP BIC multiscale",0.0580000000000496,52,0.056999999999789,52,TRUE,1.01754385965376
"vary_k",10000,51,6,"PELT",0.00300000000004275,52,0.00299999999992906,52,TRUE,1.0000000000379
"vary_k",10000,51,6,"SVP BIC",0.0559999999999832,52,0.0579999999999927,52,TRUE,0.965517241379142
"vary_k",10000,51,6,"SVP BIC calibrated",0.05600000000004,52,0.0579999999999927,52,TRUE,0.965517241380121
"vary_k",10000,51,6,"SVP BIC multiscale",0.0589999999999691,52,0.0559999999998126,52,TRUE,1.0535714285744
"vary_k",10000,51,7,"PELT",0.0029999999999859,52,0.00199999999995271,52,TRUE,1.50000000002842
"vary_k",10000,51,7,"SVP BIC",0.0570000000000164,52,0.0579999999999927,52,TRUE,0.982758620690062
"vary_k",10000,51,7,"SVP BIC calibrated",0.0559999999999832,52,0.0579999999999927,52,TRUE,0.965517241379142
"vary_k",10000,51,7,"SVP BIC multiscale",0.0579999999999927,52,0.0570000000000164,52,TRUE,1.0175438596487
"vary_k",10000,51,8,"PELT",0.0029999999999859,52,0.00299999999992906,52,TRUE,1.00000000001895
"vary_k",10000,51,8,"SVP BIC",0.0579999999999927,52,0.0590000000001965,52,TRUE,0.983050847454229
"vary_k",10000,51,8,"SVP BIC calibrated",0.0569999999999595,52,0.0579999999999927,52,TRUE,0.98275862068908
"vary_k",10000,51,8,"SVP BIC multiscale",0.0590000000000259,52,0.0600000000001728,52,TRUE,0.983333333330933
"vary_k",10000,51,9,"PELT",0.00300000000004275,53,0.00299999999992906,53,TRUE,1.0000000000379
"vary_k",10000,51,9,"SVP BIC",0.0559999999999832,52,0.0599999999999454,52,TRUE,0.933333333333903
"vary_k",10000,51,9,"SVP BIC calibrated",0.05600000000004,52,0.0589999999999691,52,TRUE,0.949152542374056
"vary_k",10000,51,9,"SVP BIC multiscale",0.0579999999999927,52,0.0579999999999927,52,TRUE,1
"vary_k",10000,52,1,"PELT",0.0029999999999859,53,0.00299999999992906,53,TRUE,1.00000000001895
"vary_k",10000,52,1,"SVP BIC",0.05600000000004,53,0.0580000000002201,53,TRUE,0.965517241376336
"vary_k",10000,52,1,"SVP BIC calibrated",0.0559999999999832,53,0.0579999999999927,53,TRUE,0.965517241379142
"vary_k",10000,52,1,"SVP BIC multiscale",0.0570000000000164,53,0.05600000000004,53,TRUE,1.01785714285671
"vary_k",10000,52,10,"PELT",0.00200000000000955,53,0.00299999999992906,53,TRUE,0.666666666685614
"vary_k",10000,52,10,"SVP BIC",0.0550000000000068,53,0.0570000000000164,53,TRUE,0.964912280701596
"vary_k",10000,52,10,"SVP BIC calibrated",0.0559999999999832,53,0.0570000000000164,53,TRUE,0.9824561403503
"vary_k",10000,52,10,"SVP BIC multiscale",0.0569999999999595,53,0.05600000000004,53,TRUE,1.01785714285569
"vary_k",10000,52,2,"PELT",0.00200000000000955,53,0.00300000000015643,53,TRUE,0.666666666635088
"vary_k",10000,52,2,"SVP BIC",0.0559999999999832,53,0.0579999999999927,53,TRUE,0.965517241379142
"vary_k",10000,52,2,"SVP BIC calibrated",0.0570000000000164,53,0.0589999999999691,53,TRUE,0.966101694916038
"vary_k",10000,52,2,"SVP BIC multiscale",0.0579999999999927,53,0.0579999999999927,53,TRUE,1
"vary_k",10000,52,3,"PELT",0.0029999999999859,53,0.00299999999992906,53,TRUE,1.00000000001895
"vary_k",10000,52,3,"SVP BIC",0.05600000000004,53,0.0579999999999927,53,TRUE,0.965517241380121
"vary_k",10000,52,3,"SVP BIC calibrated",0.0550000000000068,53,0.0589999999999691,53,TRUE,0.932203389831112
"vary_k",10000,52,3,"SVP BIC multiscale",0.0570000000000164,53,0.0570000000000164,53,TRUE,1
"vary_k",10000,52,4,"PELT",0.00199999999995271,53,0.00300000000015643,53,TRUE,0.666666666616141
"vary_k",10000,52,4,"SVP BIC",0.0550000000000068,53,0.0579999999999927,53,TRUE,0.948275862069202
"vary_k",10000,52,4,"SVP BIC calibrated",0.0559999999999832,53,0.0599999999999454,53,TRUE,0.933333333333903
"vary_k",10000,52,4,"SVP BIC multiscale",0.0570000000000164,53,0.0559999999998126,53,TRUE,1.01785714286084
"vary_k",10000,52,5,"PELT",0.0029999999999859,53,0.00199999999995271,53,TRUE,1.50000000002842
"vary_k",10000,52,5,"SVP BIC",0.0559999999999832,53,0.0579999999999927,53,TRUE,0.965517241379142
"vary_k",10000,52,5,"SVP BIC calibrated",0.0559999999999832,53,0.0579999999999927,53,TRUE,0.965517241379142
"vary_k",10000,52,5,"SVP BIC multiscale",0.0569999999999595,53,0.0570000000000164,53,TRUE,0.999999999999002
"vary_k",10000,52,6,"PELT",0.00200000000000955,53,0.00300000000015643,53,TRUE,0.666666666635088
"vary_k",10000,52,6,"SVP BIC",0.0559999999999832,53,0.0570000000000164,53,TRUE,0.9824561403503
"vary_k",10000,52,6,"SVP BIC calibrated",0.0570000000000164,53,0.0589999999999691,53,TRUE,0.966101694916038
"vary_k",10000,52,6,"SVP BIC multiscale",0.0570000000000164,54,0.0549999999998363,54,TRUE,1.03636363636702
"vary_k",10000,52,7,"PELT",0.0029999999999859,53,0.00299999999992906,53,TRUE,1.00000000001895
"vary_k",10000,52,7,"SVP BIC",0.05600000000004,53,0.0590000000001965,53,TRUE,0.949152542370398
"vary_k",10000,52,7,"SVP BIC calibrated",0.0570000000000164,53,0.0579999999999927,53,TRUE,0.982758620690062
"vary_k",10000,52,7,"SVP BIC multiscale",0.0590000000000259,54,0.0570000000000164,54,TRUE,1.0350877192984
"vary_k",10000,52,8,"PELT",0.00300000000004275,53,0.00399999999990541,53,TRUE,0.750000000028423
"vary_k",10000,52,8,"SVP BIC",0.0569999999999595,53,0.0579999999999927,53,TRUE,0.98275862068908
"vary_k",10000,52,8,"SVP BIC calibrated",0.0570000000000164,53,0.0589999999999691,53,TRUE,0.966101694916038
"vary_k",10000,52,8,"SVP BIC multiscale",0.0579999999999927,53,0.0570000000000164,53,TRUE,1.0175438596487
"vary_k",10000,52,9,"PELT",0.00300000000004275,53,0.00299999999992906,53,TRUE,1.0000000000379
"vary_k",10000,52,9,"SVP BIC",0.05499999999995,53,0.0570000000000164,53,TRUE,0.9649122807006
"vary_k",10000,52,9,"SVP BIC calibrated",0.05600000000004,53,0.0579999999999927,53,TRUE,0.965517241380121
"vary_k",10000,52,9,"SVP BIC multiscale",0.0579999999999927,53,0.0550000000000637,53,TRUE,1.0545454545441
"vary_k",10000,53,1,"PELT",0.0029999999999859,54,0.00299999999992906,54,TRUE,1.00000000001895
"vary_k",10000,53,1,"SVP BIC",0.0550000000000068,54,0.0559999999998126,54,TRUE,0.982142857146265
"vary_k",10000,53,1,"SVP BIC calibrated",0.05600000000004,54,0.05600000000004,54,TRUE,1
"vary_k",10000,53,1,"SVP BIC multiscale",0.0570000000000164,54,0.0550000000000637,54,TRUE,1.03636363636273
"vary_k",10000,53,10,"PELT",0.00199999999995271,54,0.00199999999995271,54,TRUE,1
"vary_k",10000,53,10,"SVP BIC",0.0559999999999832,54,0.0570000000000164,54,TRUE,0.9824561403503
"vary_k",10000,53,10,"SVP BIC calibrated",0.0550000000000068,54,0.0570000000000164,54,TRUE,0.964912280701596
"vary_k",10000,53,10,"SVP BIC multiscale",0.0570000000000164,54,0.0550000000000637,54,TRUE,1.03636363636273
"vary_k",10000,53,2,"PELT",0.00300000000004275,54,0.00299999999992906,54,TRUE,1.0000000000379
"vary_k",10000,53,2,"SVP BIC",0.0559999999999832,54,0.0570000000000164,54,TRUE,0.9824561403503
"vary_k",10000,53,2,"SVP BIC calibrated",0.05600000000004,54,0.0570000000000164,54,TRUE,0.982456140351296
"vary_k",10000,53,2,"SVP BIC multiscale",0.0569999999999595,54,0.0550000000000637,54,TRUE,1.0363636363617
"vary_k",10000,53,3,"PELT",0.0029999999999859,55,0.00199999999995271,55,TRUE,1.50000000002842
"vary_k",10000,53,3,"SVP BIC",0.0550000000000068,54,0.0589999999999691,54,TRUE,0.932203389831112
"vary_k",10000,53,3,"SVP BIC calibrated",0.0550000000000068,55,0.0589999999999691,55,TRUE,0.932203389831112
"vary_k",10000,53,3,"SVP BIC multiscale",0.0570000000000164,55,0.05600000000004,55,TRUE,1.01785714285671
"vary_k",10000,53,4,"PELT",0.0029999999999859,54,0.00199999999995271,54,TRUE,1.50000000002842
"vary_k",10000,53,4,"SVP BIC",0.0570000000000164,54,0.0609999999999218,54,TRUE,0.934426229509663
"vary_k",10000,53,4,"SVP BIC calibrated",0.0550000000000068,54,0.0579999999999927,54,TRUE,0.948275862069202
"vary_k",10000,53,4,"SVP BIC multiscale",0.0570000000000164,54,0.0570000000000164,54,TRUE,1
"vary_k",10000,53,5,"PELT",0.00300000000004275,54,0.00299999999992906,54,TRUE,1.0000000000379
"vary_k",10000,53,5,"SVP BIC",0.0550000000000068,54,0.056999999999789,54,TRUE,0.964912280705446
"vary_k",10000,53,5,"SVP BIC calibrated",0.0550000000000068,54,0.0579999999999927,54,TRUE,0.948275862069202
"vary_k",10000,53,5,"SVP BIC multiscale",0.0559999999999832,54,0.0540000000000873,54,TRUE,1.03703703703505
"vary_k",10000,53,6,"PELT",0.0029999999999859,54,0.00299999999992906,54,TRUE,1.00000000001895
"vary_k",10000,53,6,"SVP BIC",0.0550000000000068,54,0.0570000000000164,54,TRUE,0.964912280701596
"vary_k",10000,53,6,"SVP BIC calibrated",0.0550000000000068,54,0.0579999999999927,54,TRUE,0.948275862069202
"vary_k",10000,53,6,"SVP BIC multiscale",0.0559999999999832,54,0.0549999999998363,54,TRUE,1.01818181818454
"vary_k",10000,53,7,"PELT",0.0029999999999859,54,0.00299999999992906,54,TRUE,1.00000000001895
"vary_k",10000,53,7,"SVP BIC",0.0559999999999832,54,0.0570000000000164,54,TRUE,0.9824561403503
"vary_k",10000,53,7,"SVP BIC calibrated",0.0550000000000068,54,0.05600000000004,54,TRUE,0.982142857142277
"vary_k",10000,53,7,"SVP BIC multiscale",0.0569999999999595,54,0.05600000000004,54,TRUE,1.01785714285569
"vary_k",10000,53,8,"PELT",0.0029999999999859,54,0.00299999999992906,54,TRUE,1.00000000001895
"vary_k",10000,53,8,"SVP BIC",0.0550000000000068,54,0.0570000000000164,54,TRUE,0.964912280701596
"vary_k",10000,53,8,"SVP BIC calibrated",0.0550000000000068,54,0.0579999999999927,54,TRUE,0.948275862069202
"vary_k",10000,53,8,"SVP BIC multiscale",0.05600000000004,54,0.0550000000000637,54,TRUE,1.01818181818137
"vary_k",10000,53,9,"PELT",0.0029999999999859,54,0.00300000000015643,54,TRUE,0.999999999943157
"vary_k",10000,53,9,"SVP BIC",0.0550000000000068,54,0.0629999999998745,54,TRUE,0.87301587301772
"vary_k",10000,53,9,"SVP BIC calibrated",0.0559999999999832,54,0.05600000000004,54,TRUE,0.999999999998986
"vary_k",10000,53,9,"SVP BIC multiscale",0.0570000000000164,54,0.05600000000004,54,TRUE,1.01785714285671
"vary_k",10000,54,1,"PELT",0.0029999999999859,55,0.00199999999995271,55,TRUE,1.50000000002842
"vary_k",10000,54,1,"SVP BIC",0.0539999999999736,55,0.0559999999998126,55,TRUE,0.96428571428847
"vary_k",10000,54,1,"SVP BIC calibrated",0.0539999999999736,56,0.0549999999998363,56,TRUE,0.981818181820624
"vary_k",10000,54,1,"SVP BIC multiscale",0.0550000000000068,56,0.0529999999998836,56,TRUE,1.03773584905901
"vary_k",10000,54,10,"PELT",0.00200000000000955,55,0.00300000000015643,55,TRUE,0.666666666635088
"vary_k",10000,54,10,"SVP BIC",0.0540000000000305,55,0.0559999999998126,55,TRUE,0.964285714289486
"vary_k",10000,54,10,"SVP BIC calibrated",0.0540000000000305,55,0.0559999999998126,55,TRUE,0.964285714289486
"vary_k",10000,54,10,"SVP BIC multiscale",0.0559999999999832,55,0.0539999999998599,55,TRUE,1.03703703703942
"vary_k",10000,54,2,"PELT",0.00200000000000955,55,0.00399999999990541,55,TRUE,0.500000000014211
"vary_k",10000,54,2,"SVP BIC",0.0550000000000068,55,0.05600000000004,55,TRUE,0.982142857142277
"vary_k",10000,54,2,"SVP BIC calibrated",0.0550000000000068,55,0.05600000000004,55,TRUE,0.982142857142277
"vary_k",10000,54,2,"SVP BIC multiscale",0.0559999999999832,55,0.0540000000000873,55,TRUE,1.03703703703505
"vary_k",10000,54,3,"PELT",0.00200000000000955,55,0.00299999999992906,55,TRUE,0.666666666685614
"vary_k",10000,54,3,"SVP BIC",0.0540000000000305,55,0.05600000000004,55,TRUE,0.96428571428557
"vary_k",10000,54,3,"SVP BIC calibrated",0.0550000000000068,55,0.0550000000000637,55,TRUE,0.999999999998965
"vary_k",10000,54,3,"SVP BIC multiscale",0.0559999999999832,56,0.0540000000000873,56,TRUE,1.03703703703505
"vary_k",10000,54,4,"PELT",0.00200000000000955,55,0.00300000000015643,55,TRUE,0.666666666635088
"vary_k",10000,54,4,"SVP BIC",0.0539999999999736,55,0.05600000000004,55,TRUE,0.964285714284554
"vary_k",10000,54,4,"SVP BIC calibrated",0.0539999999999736,55,0.0570000000000164,55,TRUE,0.947368421051896
"vary_k",10000,54,4,"SVP BIC multiscale",0.0559999999999832,55,0.0540000000000873,55,TRUE,1.03703703703505
"vary_k",10000,54,5,"PELT",0.0029999999999859,55,0.00199999999995271,55,TRUE,1.50000000002842
"vary_k",10000,54,5,"SVP BIC",0.0550000000000068,55,0.0559999999998126,55,TRUE,0.982142857146265
"vary_k",10000,54,5,"SVP BIC calibrated",0.0550000000000068,55,0.05600000000004,55,TRUE,0.982142857142277
"vary_k",10000,54,5,"SVP BIC multiscale",0.0550000000000068,55,0.0539999999998599,55,TRUE,1.01851851852129
"vary_k",10000,54,6,"PELT",0.00300000000004275,55,0.00299999999992906,55,TRUE,1.0000000000379
"vary_k",10000,54,6,"SVP BIC",0.0550000000000068,55,0.0570000000000164,55,TRUE,0.964912280701596
"vary_k",10000,54,6,"SVP BIC calibrated",0.0540000000000305,55,0.0550000000000637,55,TRUE,0.981818181817599
"vary_k",10000,54,6,"SVP BIC multiscale",0.0559999999999832,57,0.053000000000111,57,TRUE,1.05660377358238
"vary_k",10000,54,7,"PELT",0.00200000000000955,55,0.00299999999992906,55,TRUE,0.666666666685614
"vary_k",10000,54,7,"SVP BIC",0.0540000000000305,55,0.0570000000000164,55,TRUE,0.947368421052894
"vary_k",10000,54,7,"SVP BIC calibrated",0.0539999999999736,55,0.05600000000004,55,TRUE,0.964285714284554
"vary_k",10000,54,7,"SVP BIC multiscale",0.0559999999999832,55,0.0550000000000637,55,TRUE,1.01818181818033
"vary_k",10000,54,8,"PELT",0.0029999999999859,55,0.00199999999995271,55,TRUE,1.50000000002842
"vary_k",10000,54,8,"SVP BIC",0.0550000000000068,55,0.0559999999998126,55,TRUE,0.982142857146265
"vary_k",10000,54,8,"SVP BIC calibrated",0.0550000000000068,55,0.05600000000004,55,TRUE,0.982142857142277
"vary_k",10000,54,8,"SVP BIC multiscale",0.0559999999999832,55,0.0540000000000873,55,TRUE,1.03703703703505
"vary_k",10000,54,9,"PELT",0.0029999999999859,55,0.00299999999992906,55,TRUE,1.00000000001895
"vary_k",10000,54,9,"SVP BIC",0.0540000000000305,55,0.0570000000000164,55,TRUE,0.947368421052894
"vary_k",10000,54,9,"SVP BIC calibrated",0.0550000000000068,55,0.05600000000004,55,TRUE,0.982142857142277
"vary_k",10000,54,9,"SVP BIC multiscale",0.0569999999999595,55,0.053000000000111,55,TRUE,1.07547169811019
"vary_k",10000,55,1,"PELT",0.0029999999999859,56,0.00299999999992906,56,TRUE,1.00000000001895
"vary_k",10000,55,1,"SVP BIC",0.0529999999999973,56,0.0570000000000164,56,TRUE,0.929824561403194
"vary_k",10000,55,1,"SVP BIC calibrated",0.0529999999999973,56,0.0549999999998363,56,TRUE,0.963636363639183
"vary_k",10000,55,1,"SVP BIC multiscale",0.05600000000004,56,0.0529999999998836,56,TRUE,1.05660377358798
"vary_k",10000,55,10,"PELT",0.0029999999999859,56,0.00299999999992906,56,TRUE,1.00000000001895
"vary_k",10000,55,10,"SVP BIC",0.0529999999999973,56,0.0570000000000164,56,TRUE,0.929824561403194
"vary_k",10000,55,10,"SVP BIC calibrated",0.0539999999999736,56,0.0550000000000637,56,TRUE,0.981818181816565
"vary_k",10000,55,10,"SVP BIC multiscale",0.0559999999999832,56,0.05600000000004,56,TRUE,0.999999999998986
"vary_k",10000,55,2,"PELT",0.0029999999999859,56,0.00299999999992906,56,TRUE,1.00000000001895
"vary_k",10000,55,2,"SVP BIC",0.0530000000000541,56,0.0550000000000637,56,TRUE,0.963636363636231
"vary_k",10000,55,2,"SVP BIC calibrated",0.0529999999999973,56,0.0550000000000637,56,TRUE,0.963636363635198
"vary_k",10000,55,2,"SVP BIC multiscale",0.0550000000000068,56,0.053000000000111,56,TRUE,1.03773584905456
"vary_k",10000,55,3,"PELT",0.00200000000000955,56,0.00299999999992906,56,TRUE,0.666666666685614
"vary_k",10000,55,3,"SVP BIC",0.0529999999999973,56,0.0559999999998126,56,TRUE,0.94642857143169
"vary_k",10000,55,3,"SVP BIC calibrated",0.0529999999999973,56,0.0549999999998363,56,TRUE,0.963636363639183
"vary_k",10000,55,3,"SVP BIC multiscale",0.0539999999999736,56,0.0519999999999072,56,TRUE,1.03846153846288
"vary_k",10000,55,4,"PELT",0.0029999999999859,56,0.00299999999992906,56,TRUE,1.00000000001895
"vary_k",10000,55,4,"SVP BIC",0.0539999999999736,56,0.0550000000000637,56,TRUE,0.981818181816565
"vary_k",10000,55,4,"SVP BIC calibrated",0.0529999999999973,56,0.05600000000004,56,TRUE,0.946428571427847
"vary_k",10000,55,4,"SVP BIC multiscale",0.0550000000000068,57,0.0540000000000873,57,TRUE,1.018518518517
"vary_k",10000,55,5,"PELT",0.00199999999995271,56,0.00300000000015643,56,TRUE,0.666666666616141
"vary_k",10000,55,5,"SVP BIC",0.0539999999999736,56,0.0589999999999691,56,TRUE,0.915254237288167
"vary_k",10000,55,5,"SVP BIC calibrated",0.0540000000000305,56,0.0550000000000637,56,TRUE,0.981818181817599
"vary_k",10000,55,5,"SVP BIC multiscale",0.0540000000000305,56,0.0540000000000873,56,TRUE,0.999999999998948
"vary_k",10000,55,6,"PELT",0.00300000000004275,56,0.00299999999992906,56,TRUE,1.0000000000379
"vary_k",10000,55,6,"SVP BIC",0.0529999999999973,56,0.0590000000001965,56,TRUE,0.898305084742725
"vary_k",10000,55,6,"SVP BIC calibrated",0.0539999999999736,56,0.05600000000004,56,TRUE,0.964285714284554
"vary_k",10000,55,6,"SVP BIC multiscale",0.05499999999995,56,0.0529999999998836,56,TRUE,1.03773584905794
"vary_k",10000,55,7,"PELT",0.0029999999999859,56,0.00299999999992906,56,TRUE,1.00000000001895
"vary_k",10000,55,7,"SVP BIC",0.0539999999999736,56,0.053000000000111,56,TRUE,1.01886792452567
"vary_k",10000,55,7,"SVP BIC calibrated",0.0529999999999973,56,0.0550000000000637,56,TRUE,0.963636363635198
"vary_k",10000,55,7,"SVP BIC multiscale",0.0540000000000305,56,0.0520000000001346,56,TRUE,1.03846153845944
"vary_k",10000,55,8,"PELT",0.00300000000004275,56,0.00199999999995271,56,TRUE,1.50000000005684
"vary_k",10000,55,8,"SVP BIC",0.0539999999999736,56,0.05600000000004,56,TRUE,0.964285714284554
"vary_k",10000,55,8,"SVP BIC calibrated",0.0529999999999973,56,0.0549999999998363,56,TRUE,0.963636363639183
"vary_k",10000,55,8,"SVP BIC multiscale",0.0550000000000068,56,0.0529999999998836,56,TRUE,1.03773584905901
"vary_k",10000,55,9,"PELT",0.00300000000004275,56,0.00199999999995271,56,TRUE,1.50000000005684
"vary_k",10000,55,9,"SVP BIC",0.0529999999999973,56,0.05600000000004,56,TRUE,0.946428571427847
"vary_k",10000,55,9,"SVP BIC calibrated",0.0529999999999973,56,0.0540000000000873,56,TRUE,0.981481481479845
"vary_k",10000,55,9,"SVP BIC multiscale",0.05499999999995,56,0.05600000000004,56,TRUE,0.982142857141263
"vary_k",10000,56,1,"PELT",0.00200000000000955,57,0.00299999999992906,57,TRUE,0.666666666685614
"vary_k",10000,56,1,"SVP BIC",0.0529999999999973,57,0.0539999999998599,57,TRUE,0.981481481483978
"vary_k",10000,56,1,"SVP BIC calibrated",0.0529999999999973,57,0.0540000000000873,57,TRUE,0.981481481479845
"vary_k",10000,56,1,"SVP BIC multiscale",0.0540000000000305,57,0.0520000000001346,57,TRUE,1.03846153845944
"vary_k",10000,56,10,"PELT",0.00200000000000955,57,0.00299999999992906,57,TRUE,0.666666666685614
"vary_k",10000,56,10,"SVP BIC",0.0529999999999973,57,0.0539999999998599,57,TRUE,0.981481481483978
"vary_k",10000,56,10,"SVP BIC calibrated",0.0529999999999973,57,0.05600000000004,57,TRUE,0.946428571427847
"vary_k",10000,56,10,"SVP BIC multiscale",0.0550000000000068,57,0.053000000000111,57,TRUE,1.03773584905456
"vary_k",10000,56,2,"PELT",0.0029999999999859,57,0.00199999999995271,57,TRUE,1.50000000002842
"vary_k",10000,56,2,"SVP BIC",0.0520000000000209,57,0.0549999999998363,57,TRUE,0.945454545457739
"vary_k",10000,56,2,"SVP BIC calibrated",0.0529999999999973,57,0.0539999999998599,57,TRUE,0.981481481483978
"vary_k",10000,56,2,"SVP BIC multiscale",0.0539999999999736,57,0.053000000000111,57,TRUE,1.01886792452567
"vary_k",10000,56,3,"PELT",0.0029999999999859,57,0.00199999999995271,57,TRUE,1.50000000002842
"vary_k",10000,56,3,"SVP BIC",0.0520000000000209,57,0.0549999999998363,57,TRUE,0.945454545457739
"vary_k",10000,56,3,"SVP BIC calibrated",0.0529999999999973,57,0.0540000000000873,57,TRUE,0.981481481479845
"vary_k",10000,56,3,"SVP BIC multiscale",0.0550000000000068,57,0.053000000000111,57,TRUE,1.03773584905456
"vary_k",10000,56,4,"PELT",0.00200000000000955,57,0.00299999999992906,57,TRUE,0.666666666685614
"vary_k",10000,56,4,"SVP BIC",0.0529999999999973,57,0.0550000000000637,57,TRUE,0.963636363635198
"vary_k",10000,56,4,"SVP BIC calibrated",0.0520000000000209,57,0.0550000000000637,57,TRUE,0.94545454545383
"vary_k",10000,56,4,"SVP BIC multiscale",0.0540000000000305,57,0.0529999999998836,57,TRUE,1.01886792453112
"vary_k",10000,56,5,"PELT",0.0029999999999859,57,0.00299999999992906,57,TRUE,1.00000000001895
"vary_k",10000,56,5,"SVP BIC",0.0530000000000541,57,0.056999999999789,57,TRUE,0.9298245614079
"vary_k",10000,56,5,"SVP BIC calibrated",0.0529999999999973,57,0.0550000000000637,57,TRUE,0.963636363635198
"vary_k",10000,56,5,"SVP BIC multiscale",0.0539999999999736,57,0.0540000000000873,57,TRUE,0.999999999997894
"vary_k",10000,56,6,"PELT",0.00200000000000955,57,0.00299999999992906,57,TRUE,0.666666666685614
"vary_k",10000,56,6,"SVP BIC",0.0529999999999973,57,0.0550000000000637,57,TRUE,0.963636363635198
"vary_k",10000,56,6,"SVP BIC calibrated",0.0520000000000209,57,0.0570000000000164,57,TRUE,0.91228070175449
"vary_k",10000,56,6,"SVP BIC multiscale",0.0539999999999736,57,0.0540000000000873,57,TRUE,0.999999999997894
"vary_k",10000,56,7,"PELT",0.0029999999999859,57,0.00200000000018008,57,TRUE,1.49999999985789
"vary_k",10000,56,7,"SVP BIC",0.0519999999999641,57,0.0540000000000873,57,TRUE,0.962962962960741
"vary_k",10000,56,7,"SVP BIC calibrated",0.0529999999999973,57,0.0550000000000637,57,TRUE,0.963636363635198
"vary_k",10000,56,7,"SVP BIC multiscale",0.0539999999999736,57,0.053000000000111,57,TRUE,1.01886792452567
"vary_k",10000,56,8,"PELT",0.00199999999995271,57,0.00299999999992906,57,TRUE,0.666666666666668
"vary_k",10000,56,8,"SVP BIC",0.0529999999999973,57,0.0549999999998363,57,TRUE,0.963636363639183
"vary_k",10000,56,8,"SVP BIC calibrated",0.0529999999999973,57,0.0549999999998363,57,TRUE,0.963636363639183
"vary_k",10000,56,8,"SVP BIC multiscale",0.0539999999999736,57,0.0539999999998599,57,TRUE,1.00000000000211
"vary_k",10000,56,9,"PELT",0.0029999999999859,57,0.00199999999995271,57,TRUE,1.50000000002842
"vary_k",10000,56,9,"SVP BIC",0.0520000000000209,57,0.0550000000000637,57,TRUE,0.94545454545383
"vary_k",10000,56,9,"SVP BIC calibrated",0.0539999999999736,57,0.0539999999998599,57,TRUE,1.00000000000211
"vary_k",10000,56,9,"SVP BIC multiscale",0.05499999999995,57,0.0519999999999072,57,TRUE,1.05769230769323
"vary_k",10000,57,1,"PELT",0.00300000000004275,58,0.00300000000015643,58,TRUE,0.999999999962107
"vary_k",10000,57,1,"SVP BIC",0.0519999999999641,58,0.0539999999998599,58,TRUE,0.962962962964796
"vary_k",10000,57,1,"SVP BIC calibrated",0.0529999999999973,58,0.0539999999998599,58,TRUE,0.981481481483978
"vary_k",10000,57,1,"SVP BIC multiscale",0.0529999999999973,58,0.0509999999999309,58,TRUE,1.03921568627586
"vary_k",10000,57,10,"PELT",0.00200000000000955,58,0.00199999999995271,58,TRUE,1.00000000002842
"vary_k",10000,57,10,"SVP BIC",0.0519999999999641,58,0.0540000000000873,58,TRUE,0.962962962960741
"vary_k",10000,57,10,"SVP BIC calibrated",0.0509999999999877,58,0.0550000000000637,58,TRUE,0.92727272727143
"vary_k",10000,57,10,"SVP BIC multiscale",0.0529999999999973,58,0.0550000000000637,58,TRUE,0.963636363635198
"vary_k",10000,57,2,"PELT",0.0029999999999859,58,0.00299999999992906,58,TRUE,1.00000000001895
"vary_k",10000,57,2,"SVP BIC",0.0520000000000209,58,0.0539999999998599,58,TRUE,0.962962962965848
"vary_k",10000,57,2,"SVP BIC calibrated",0.0519999999999641,58,0.05600000000004,58,TRUE,0.928571428570124
"vary_k",10000,57,2,"SVP BIC multiscale",0.0529999999999973,58,0.0540000000000873,58,TRUE,0.981481481479845
"vary_k",10000,57,3,"PELT",0.0029999999999859,58,0.00299999999992906,58,TRUE,1.00000000001895
"vary_k",10000,57,3,"SVP BIC",0.0520000000000209,58,0.0540000000000873,58,TRUE,0.962962962961793
"vary_k",10000,57,3,"SVP BIC calibrated",0.0519999999999641,58,0.0549999999998363,58,TRUE,0.945454545456707
"vary_k",10000,57,3,"SVP BIC multiscale",0.0529999999999973,58,0.0539999999998599,58,TRUE,0.981481481483978
"vary_k",10000,57,4,"PELT",0.00199999999995271,58,0.00299999999992906,58,TRUE,0.666666666666668
"vary_k",10000,57,4,"SVP BIC",0.0520000000000209,58,0.053000000000111,58,TRUE,0.981132075470038
"vary_k",10000,57,4,"SVP BIC calibrated",0.0520000000000209,58,0.05600000000004,58,TRUE,0.928571428571139
"vary_k",10000,57,4,"SVP BIC multiscale",0.0529999999999973,58,0.053000000000111,58,TRUE,0.999999999997855
"vary_k",10000,57,5,"PELT",0.0029999999999859,58,0.00300000000015643,58,TRUE,0.999999999943157
"vary_k",10000,57,5,"SVP BIC",0.0519999999999641,58,0.0549999999998363,58,TRUE,0.945454545456707
"vary_k",10000,57,5,"SVP BIC calibrated",0.0529999999999973,58,0.0550000000000637,58,TRUE,0.963636363635198
"vary_k",10000,57,5,"SVP BIC multiscale",0.0539999999999736,58,0.0529999999998836,58,TRUE,1.01886792453004
"vary_k",10000,57,6,"PELT",0.0029999999999859,58,0.00199999999995271,58,TRUE,1.50000000002842
"vary_k",10000,57,6,"SVP BIC",0.0519999999999641,58,0.053000000000111,58,TRUE,0.981132075468966
"vary_k",10000,57,6,"SVP BIC calibrated",0.0510000000000446,58,0.0550000000000637,58,TRUE,0.927272727272464
"vary_k",10000,57,6,"SVP BIC multiscale",0.0529999999999973,58,0.0509999999999309,58,TRUE,1.03921568627586
"vary_k",10000,57,7,"PELT",0.0029999999999859,58,0.00300000000015643,58,TRUE,0.999999999943157
"vary_k",10000,57,7,"SVP BIC",0.0519999999999641,58,0.0550000000000637,58,TRUE,0.945454545452798
"vary_k",10000,57,7,"SVP BIC calibrated",0.0520000000000209,58,0.05600000000004,58,TRUE,0.928571428571139
"vary_k",10000,57,7,"SVP BIC multiscale",0.0530000000000541,58,0.0540000000000873,58,TRUE,0.981481481480897
"vary_k",10000,57,8,"PELT",0.00300000000004275,58,0.00299999999992906,58,TRUE,1.0000000000379
"vary_k",10000,57,8,"SVP BIC",0.0509999999999877,58,0.0539999999998599,58,TRUE,0.944444444446667
"vary_k",10000,57,8,"SVP BIC calibrated",0.0519999999999641,58,0.0529999999998836,58,TRUE,0.981132075473176
"vary_k",10000,57,8,"SVP BIC multiscale",0.05499999999995,58,0.0529999999998836,58,TRUE,1.03773584905794
"vary_k",10000,57,9,"PELT",0.0029999999999859,58,0.00299999999992906,58,TRUE,1.00000000001895
"vary_k",10000,57,9,"SVP BIC",0.0529999999999973,58,0.0550000000000637,58,TRUE,0.963636363635198
"vary_k",10000,57,9,"SVP BIC calibrated",0.0520000000000209,58,0.0540000000000873,58,TRUE,0.962962962961793
"vary_k",10000,57,9,"SVP BIC multiscale",0.0529999999999973,58,0.0549999999998363,58,TRUE,0.963636363639183
"vary_k",10000,58,1,"PELT",0.00300000000004275,59,0.00199999999995271,59,TRUE,1.50000000005684
"vary_k",10000,58,1,"SVP BIC",0.0509999999999877,59,0.053000000000111,59,TRUE,0.962264150941149
"vary_k",10000,58,1,"SVP BIC calibrated",0.0509999999999877,59,0.0520000000001346,59,TRUE,0.980769230766456
"vary_k",10000,58,1,"SVP BIC multiscale",0.0520000000000209,59,0.0519999999999072,59,TRUE,1.00000000000219
"vary_k",10000,58,10,"PELT",0.00300000000004275,59,0.00299999999992906,59,TRUE,1.0000000000379
"vary_k",10000,58,10,"SVP BIC",0.0509999999999877,59,0.0519999999999072,59,TRUE,0.980769230770745
"vary_k",10000,58,10,"SVP BIC calibrated",0.0520000000000209,59,0.0519999999999072,59,TRUE,1.00000000000219
"vary_k",10000,58,10,"SVP BIC multiscale",0.0529999999999973,59,0.0499999999999545,59,TRUE,1.06000000000091
"vary_k",10000,58,2,"PELT",0.0029999999999859,59,0.00299999999992906,59,TRUE,1.00000000001895
"vary_k",10000,58,2,"SVP BIC",0.0509999999999877,59,0.0520000000001346,59,TRUE,0.980769230766456
"vary_k",10000,58,2,"SVP BIC calibrated",0.0500000000000114,59,0.0529999999998836,59,TRUE,0.943396226417381
"vary_k",10000,58,2,"SVP BIC multiscale",0.0520000000000209,59,0.0509999999999309,59,TRUE,1.01960784313905
"vary_k",10000,58,3,"PELT",0.0029999999999859,59,0.00199999999995271,59,TRUE,1.50000000002842
"vary_k",10000,58,3,"SVP BIC",0.0519999999999641,59,0.0519999999999072,59,TRUE,1.00000000000109
"vary_k",10000,58,3,"SVP BIC calibrated",0.0519999999999641,59,0.0529999999998836,59,TRUE,0.981132075473176
"vary_k",10000,58,3,"SVP BIC multiscale",0.0529999999999973,59,0.0510000000001583,59,TRUE,1.03921568627123
"vary_k",10000,58,4,"PELT",0.00200000000000955,59,0.00299999999992906,59,TRUE,0.666666666685614
"vary_k",10000,58,4,"SVP BIC",0.0500000000000114,59,0.0520000000001346,59,TRUE,0.961538461536192
"vary_k",10000,58,4,"SVP BIC calibrated",0.0509999999999877,59,0.0529999999998836,59,TRUE,0.962264150945278
"vary_k",10000,58,4,"SVP BIC multiscale",0.0520000000000209,59,0.0509999999999309,59,TRUE,1.01960784313905
"vary_k",10000,58,5,"PELT",0.0029999999999859,59,0.00200000000018008,59,TRUE,1.49999999985789
"vary_k",10000,58,5,"SVP BIC",0.0509999999999877,59,0.0550000000000637,59,TRUE,0.92727272727143
"vary_k",10000,58,5,"SVP BIC calibrated",0.0509999999999877,59,0.0550000000000637,59,TRUE,0.92727272727143
"vary_k",10000,58,5,"SVP BIC multiscale",0.0520000000000209,59,0.0520000000001346,59,TRUE,0.999999999997813
"vary_k",10000,58,6,"PELT",0.0029999999999859,59,0.00299999999992906,59,TRUE,1.00000000001895
"vary_k",10000,58,6,"SVP BIC",0.0520000000000209,59,0.0529999999998836,59,TRUE,0.981132075474247
"vary_k",10000,58,6,"SVP BIC calibrated",0.0509999999999877,59,0.053000000000111,59,TRUE,0.962264150941149
"vary_k",10000,58,6,"SVP BIC multiscale",0.0519999999999641,59,0.0509999999999309,59,TRUE,1.01960784313793
"vary_k",10000,58,7,"PELT",0.0029999999999859,59,0.00300000000015643,59,TRUE,0.999999999943157
"vary_k",10000,58,7,"SVP BIC",0.0509999999999877,59,0.0529999999998836,59,TRUE,0.962264150945278
"vary_k",10000,58,7,"SVP BIC calibrated",0.0510000000000446,59,0.0529999999998836,59,TRUE,0.962264150946351
"vary_k",10000,58,7,"SVP BIC multiscale",0.0520000000000209,59,0.0509999999999309,59,TRUE,1.01960784313905
"vary_k",10000,58,8,"PELT",0.0029999999999859,59,0.00199999999995271,59,TRUE,1.50000000002842
"vary_k",10000,58,8,"SVP BIC",0.0509999999999877,59,0.0519999999999072,59,TRUE,0.980769230770745
"vary_k",10000,58,8,"SVP BIC calibrated",0.0509999999999877,59,0.0520000000001346,59,TRUE,0.980769230766456
"vary_k",10000,58,8,"SVP BIC multiscale",0.0529999999999973,59,0.0509999999999309,59,TRUE,1.03921568627586
"vary_k",10000,58,9,"PELT",0.00200000000000955,59,0.00299999999992906,59,TRUE,0.666666666685614
"vary_k",10000,58,9,"SVP BIC",0.0509999999999877,59,0.053000000000111,59,TRUE,0.962264150941149
"vary_k",10000,58,9,"SVP BIC calibrated",0.0509999999999877,59,0.053000000000111,59,TRUE,0.962264150941149
"vary_k",10000,58,9,"SVP BIC multiscale",0.0519999999999641,59,0.0519999999999072,59,TRUE,1.00000000000109
"vary_k",10000,59,1,"PELT",0.0029999999999859,60,0.00299999999992906,60,TRUE,1.00000000001895
"vary_k",10000,59,1,"SVP BIC",0.0500000000000114,60,0.0519999999999072,60,TRUE,0.961538461540397
"vary_k",10000,59,1,"SVP BIC calibrated",0.0500000000000114,60,0.0519999999999072,60,TRUE,0.961538461540397
"vary_k",10000,59,1,"SVP BIC multiscale",0.0519999999999641,60,0.0499999999999545,60,TRUE,1.04000000000023
"vary_k",10000,59,10,"PELT",0.00200000000000955,61,0.00299999999992906,61,TRUE,0.666666666685614
"vary_k",10000,59,10,"SVP BIC",0.0509999999999877,60,0.0529999999998836,60,TRUE,0.962264150945278
"vary_k",10000,59,10,"SVP BIC calibrated",0.0500000000000114,61,0.053000000000111,61,TRUE,0.943396226413334
"vary_k",10000,59,10,"SVP BIC multiscale",0.0519999999999641,61,0.0540000000000873,61,TRUE,0.962962962960741
"vary_k",10000,59,2,"PELT",0.0029999999999859,60,0.00299999999992906,60,TRUE,1.00000000001895
"vary_k",10000,59,2,"SVP BIC",0.0500000000000114,60,0.0520000000001346,60,TRUE,0.961538461536192
"vary_k",10000,59,2,"SVP BIC calibrated",0.0500000000000114,60,0.053000000000111,60,TRUE,0.943396226413334
"vary_k",10000,59,2,"SVP BIC multiscale",0.0520000000000209,60,0.0520000000001346,60,TRUE,0.999999999997813
"vary_k",10000,59,3,"PELT",0.0029999999999859,60,0.00299999999992906,60,TRUE,1.00000000001895
"vary_k",10000,59,3,"SVP BIC",0.0500000000000114,60,0.0529999999998836,60,TRUE,0.943396226417381
"vary_k",10000,59,3,"SVP BIC calibrated",0.0499999999999545,60,0.0539999999998599,60,TRUE,0.925925925927485
"vary_k",10000,59,3,"SVP BIC multiscale",0.0520000000000209,60,0.0519999999999072,60,TRUE,1.00000000000219
"vary_k",10000,59,4,"PELT",0.0029999999999859,60,0.00199999999995271,60,TRUE,1.50000000002842
"vary_k",10000,59,4,"SVP BIC",0.0500000000000114,60,0.0540000000000873,60,TRUE,0.92592592592464
"vary_k",10000,59,4,"SVP BIC calibrated",0.0500000000000114,60,0.0540000000000873,60,TRUE,0.92592592592464
"vary_k",10000,59,4,"SVP BIC multiscale",0.0509999999999877,60,0.0510000000001583,60,TRUE,0.999999999996655
"vary_k",10000,59,5,"PELT",0.00300000000004275,60,0.00300000000015643,60,TRUE,0.999999999962107
"vary_k",10000,59,5,"SVP BIC",0.0500000000000114,60,0.0540000000000873,60,TRUE,0.92592592592464
"vary_k",10000,59,5,"SVP BIC calibrated",0.0500000000000114,60,0.0540000000000873,60,TRUE,0.92592592592464
"vary_k",10000,59,5,"SVP BIC multiscale",0.0519999999999641,60,0.0519999999999072,60,TRUE,1.00000000000109
"vary_k",10000,59,6,"PELT",0.00200000000000955,60,0.00299999999992906,60,TRUE,0.666666666685614
"vary_k",10000,59,6,"SVP BIC",0.0509999999999877,60,0.0539999999998599,60,TRUE,0.944444444446667
"vary_k",10000,59,6,"SVP BIC calibrated",0.0509999999999877,60,0.0529999999998836,60,TRUE,0.962264150945278
"vary_k",10000,59,6,"SVP BIC multiscale",0.0520000000000209,61,0.0500000000001819,61,TRUE,1.03999999999663
"vary_k",10000,59,7,"PELT",0.0029999999999859,60,0.00299999999992906,60,TRUE,1.00000000001895
"vary_k",10000,59,7,"SVP BIC",0.0509999999999877,60,0.0529999999998836,60,TRUE,0.962264150945278
"vary_k",10000,59,7,"SVP BIC calibrated",0.0500000000000114,60,0.0540000000000873,60,TRUE,0.92592592592464
"vary_k",10000,59,7,"SVP BIC multiscale",0.0519999999999641,60,0.0510000000001583,60,TRUE,1.01960784313339
"vary_k",10000,59,8,"PELT",0.00200000000000955,60,0.00299999999992906,60,TRUE,0.666666666685614
"vary_k",10000,59,8,"SVP BIC",0.0500000000000114,60,0.0529999999998836,60,TRUE,0.943396226417381
"vary_k",10000,59,8,"SVP BIC calibrated",0.0499999999999545,60,0.053000000000111,60,TRUE,0.94339622641226
"vary_k",10000,59,8,"SVP BIC multiscale",0.0509999999999877,60,0.0520000000001346,60,TRUE,0.980769230766456
"vary_k",10000,59,9,"PELT",0.0029999999999859,60,0.00299999999992906,60,TRUE,1.00000000001895
"vary_k",10000,59,9,"SVP BIC",0.0500000000000114,60,0.0540000000000873,60,TRUE,0.92592592592464
"vary_k",10000,59,9,"SVP BIC calibrated",0.0509999999999877,60,0.053000000000111,60,TRUE,0.962264150941149
"vary_k",10000,59,9,"SVP BIC multiscale",0.0520000000000209,60,0.0570000000000164,60,TRUE,0.91228070175449
"vary_k",10000,6,1,"PELT",0.01400000000001,7,0.0149999999999864,7,TRUE,0.933333333334846
"vary_k",10000,6,1,"SVP BIC",0.343999999999994,7,0.368000000000052,7,TRUE,0.934782608695504
"vary_k",10000,6,1,"SVP BIC calibrated",0.343000000000018,7,0.365000000000009,7,TRUE,0.939726027397287
"vary_k",10000,6,1,"SVP BIC multiscale",0.369,7,0.384999999999991,7,TRUE,0.958441558441581
"vary_k",10000,6,10,"PELT",0.0130000000000052,7,0.01299999999992,7,TRUE,1.00000000000655
"vary_k",10000,6,10,"SVP BIC",0.341000000000008,7,0.366999999999962,7,TRUE,0.929155313351617
"vary_k",10000,6,10,"SVP BIC calibrated",0.343999999999994,7,0.370999999999981,7,TRUE,0.927223719676581
"vary_k",10000,6,10,"SVP BIC multiscale",0.367999999999995,7,0.389999999999986,7,TRUE,0.943589743589765
"vary_k",10000,6,2,"PELT",0.0130000000000052,7,0.01400000000001,7,TRUE,0.928571428571137
"vary_k",10000,6,2,"SVP BIC",0.347000000000008,7,0.374000000000024,7,TRUE,0.927807486630978
"vary_k",10000,6,2,"SVP BIC calibrated",0.34699999999998,7,0.373000000000047,7,TRUE,0.930294906166049
"vary_k",10000,6,2,"SVP BIC multiscale",0.367999999999995,7,0.389999999999986,7,TRUE,0.943589743589765
"vary_k",10000,6,3,"PELT",0.0150000000000148,7,0.01400000000001,7,TRUE,1.07142857142886
"vary_k",10000,6,3,"SVP BIC",0.34099999999998,7,0.368000000000052,7,TRUE,0.926630434782423
"vary_k",10000,6,3,"SVP BIC calibrated",0.343999999999994,7,0.364000000000033,7,TRUE,0.945054945054843
"vary_k",10000,6,3,"SVP BIC multiscale",0.365999999999985,7,0.387000000000057,7,TRUE,0.945736434108349
"vary_k",10000,6,4,"PELT",0.0130000000000052,7,0.01400000000001,7,TRUE,0.928571428571137
"vary_k",10000,6,4,"SVP BIC",0.341999999999985,7,0.369000000000028,7,TRUE,0.926829268292572
"vary_k",10000,6,4,"SVP BIC calibrated",0.347000000000008,7,0.365999999999985,7,TRUE,0.94808743169405
"vary_k",10000,6,4,"SVP BIC multiscale",0.364999999999981,7,0.380999999999972,7,TRUE,0.958005249343852
"vary_k",10000,6,5,"PELT",0.0130000000000052,7,0.0130000000000337,7,TRUE,0.999999999997808
"vary_k",10000,6,5,"SVP BIC",0.352000000000004,7,0.368000000000052,7,TRUE,0.95652173913031
"vary_k",10000,6,5,"SVP BIC calibrated",0.349000000000018,7,0.373000000000047,7,TRUE,0.935656836461056
"vary_k",10000,6,5,"SVP BIC multiscale",0.373000000000019,7,0.388000000000034,7,TRUE,0.961340206185532
"vary_k",10000,6,6,"PELT",0.0129999999999768,7,0.0149999999999864,7,TRUE,0.866666666665906
"vary_k",10000,6,6,"SVP BIC",0.345999999999975,7,0.364000000000033,7,TRUE,0.950549450549296
"vary_k",10000,6,6,"SVP BIC calibrated",0.350999999999999,7,0.365999999999985,7,TRUE,0.959016393442659
"vary_k",10000,6,6,"SVP BIC multiscale",0.399000000000001,8,0.361999999999966,8,TRUE,1.10220994475149
"vary_k",10000,6,7,"PELT",0.0130000000000052,7,0.0149999999999864,7,TRUE,0.866666666667799
"vary_k",10000,6,7,"SVP BIC",0.350999999999999,7,0.365999999999985,7,TRUE,0.959016393442659
"vary_k",10000,6,7,"SVP BIC calibrated",0.350999999999999,7,0.366999999999962,7,TRUE,0.956403269754865
"vary_k",10000,6,7,"SVP BIC multiscale",0.364000000000004,7,0.381999999999948,7,TRUE,0.952879581151973
"vary_k",10000,6,8,"PELT",0.0149999999999864,7,0.0159999999999627,7,TRUE,0.937500000001335
"vary_k",10000,6,8,"SVP BIC",0.355000000000018,7,0.368999999999915,7,TRUE,0.962059620596476
"vary_k",10000,6,8,"SVP BIC calibrated",0.366000000000014,7,0.365999999999985,7,TRUE,1.00000000000008
"vary_k",10000,6,8,"SVP BIC multiscale",0.378999999999991,7,0.38799999999992,7,TRUE,0.976804123711518
"vary_k",10000,6,9,"PELT",0.0149999999999864,7,0.01400000000001,7,TRUE,1.07142857142683
"vary_k",10000,6,9,"SVP BIC",0.353999999999985,7,0.375999999999976,7,TRUE,0.941489361702148
"vary_k",10000,6,9,"SVP BIC calibrated",0.347000000000008,7,0.365999999999985,7,TRUE,0.94808743169405
"vary_k",10000,6,9,"SVP BIC multiscale",0.381,7,0.384000000000015,7,TRUE,0.992187499999961
"vary_k",10000,60,1,"PELT",0.0029999999999859,61,0.00200000000018008,61,TRUE,1.49999999985789
"vary_k",10000,60,1,"SVP BIC",0.0500000000000114,61,0.0540000000000873,61,TRUE,0.92592592592464
"vary_k",10000,60,1,"SVP BIC calibrated",0.049000000000035,61,0.0520000000001346,61,TRUE,0.942307692305926
"vary_k",10000,60,1,"SVP BIC multiscale",0.0509999999999877,61,0.0509999999999309,61,TRUE,1.00000000000111
"vary_k",10000,60,10,"PELT",0.0029999999999859,61,0.00199999999995271,61,TRUE,1.50000000002842
"vary_k",10000,60,10,"SVP BIC",0.0500000000000114,61,0.0510000000001583,61,TRUE,0.980392156859926
"vary_k",10000,60,10,"SVP BIC calibrated",0.0500000000000114,61,0.0519999999999072,61,TRUE,0.961538461540397
"vary_k",10000,60,10,"SVP BIC multiscale",0.0500000000000114,61,0.0509999999999309,61,TRUE,0.980392156864297
"vary_k",10000,60,2,"PELT",0.0029999999999859,61,0.00199999999995271,61,TRUE,1.50000000002842
"vary_k",10000,60,2,"SVP BIC",0.0499999999999545,61,0.0510000000001583,61,TRUE,0.98039215685881
"vary_k",10000,60,2,"SVP BIC calibrated",0.0500000000000114,61,0.0510000000001583,61,TRUE,0.980392156859926
"vary_k",10000,60,2,"SVP BIC multiscale",0.0509999999999877,61,0.0510000000001583,61,TRUE,0.999999999996655
"vary_k",10000,60,3,"PELT",0.00300000000004275,61,0.00200000000018008,61,TRUE,1.49999999988632
"vary_k",10000,60,3,"SVP BIC",0.0500000000000114,61,0.0519999999999072,61,TRUE,0.961538461540397
"vary_k",10000,60,3,"SVP BIC calibrated",0.0500000000000114,61,0.0519999999999072,61,TRUE,0.961538461540397
"vary_k",10000,60,3,"SVP BIC multiscale",0.0509999999999877,61,0.0509999999999309,61,TRUE,1.00000000000111
"vary_k",10000,60,4,"PELT",0.00300000000004275,61,0.00299999999992906,61,TRUE,1.0000000000379
"vary_k",10000,60,4,"SVP BIC",0.0489999999999782,61,0.0510000000001583,61,TRUE,0.96078431372208
"vary_k",10000,60,4,"SVP BIC calibrated",0.0500000000000114,61,0.0529999999998836,61,TRUE,0.943396226417381
"vary_k",10000,60,4,"SVP BIC multiscale",0.0509999999999877,61,0.0499999999999545,61,TRUE,1.02000000000068
"vary_k",10000,60,5,"PELT",0.00300000000004275,61,0.00199999999995271,61,TRUE,1.50000000005684
"vary_k",10000,60,5,"SVP BIC",0.0489999999999782,61,0.0519999999999072,61,TRUE,0.942307692308955
"vary_k",10000,60,5,"SVP BIC calibrated",0.0489999999999782,61,0.0509999999999309,61,TRUE,0.960784313726365
"vary_k",10000,60,5,"SVP BIC multiscale",0.0509999999999877,61,0.0499999999999545,61,TRUE,1.02000000000068
"vary_k",10000,60,6,"PELT",0.00200000000000955,61,0.00300000000015643,61,TRUE,0.666666666635088
"vary_k",10000,60,6,"SVP BIC",0.0500000000000114,61,0.053000000000111,61,TRUE,0.943396226413334
"vary_k",10000,60,6,"SVP BIC calibrated",0.0500000000000114,61,0.053000000000111,61,TRUE,0.943396226413334
"vary_k",10000,60,6,"SVP BIC multiscale",0.0510000000000446,61,0.0509999999999309,61,TRUE,1.00000000000223
"vary_k",10000,60,7,"PELT",0.0029999999999859,61,0.00199999999995271,61,TRUE,1.50000000002842
"vary_k",10000,60,7,"SVP BIC",0.0500000000000114,61,0.0519999999999072,61,TRUE,0.961538461540397
"vary_k",10000,60,7,"SVP BIC calibrated",0.0500000000000114,61,0.0519999999999072,61,TRUE,0.961538461540397
"vary_k",10000,60,7,"SVP BIC multiscale",0.0509999999999877,61,0.0510000000001583,61,TRUE,0.999999999996655
"vary_k",10000,60,8,"PELT",0.0029999999999859,61,0.00299999999992906,61,TRUE,1.00000000001895
"vary_k",10000,60,8,"SVP BIC",0.0500000000000114,61,0.0520000000001346,61,TRUE,0.961538461536192
"vary_k",10000,60,8,"SVP BIC calibrated",0.0509999999999877,61,0.053000000000111,61,TRUE,0.962264150941149
"vary_k",10000,60,8,"SVP BIC multiscale",0.0529999999999973,61,0.0509999999999309,61,TRUE,1.03921568627586
"vary_k",10000,60,9,"PELT",0.0029999999999859,61,0.00299999999992906,61,TRUE,1.00000000001895
"vary_k",10000,60,9,"SVP BIC",0.0509999999999877,61,0.0519999999999072,61,TRUE,0.980769230770745
"vary_k",10000,60,9,"SVP BIC calibrated",0.0509999999999877,61,0.0529999999998836,61,TRUE,0.962264150945278
"vary_k",10000,60,9,"SVP BIC multiscale",0.0529999999999973,61,0.0499999999999545,61,TRUE,1.06000000000091
"vary_k",10000,61,1,"PELT",0.0029999999999859,62,0.00200000000018008,62,TRUE,1.49999999985789
"vary_k",10000,61,1,"SVP BIC",0.0489999999999782,62,0.0509999999999309,62,TRUE,0.960784313726365
"vary_k",10000,61,1,"SVP BIC calibrated",0.0500000000000114,62,0.0510000000001583,62,TRUE,0.980392156859926
"vary_k",10000,61,1,"SVP BIC multiscale",0.0509999999999877,62,0.0489999999999782,62,TRUE,1.04081632653082
"vary_k",10000,61,10,"PELT",0.00200000000000955,62,0.00299999999992906,62,TRUE,0.666666666685614
"vary_k",10000,61,10,"SVP BIC",0.0489999999999782,62,0.0510000000001583,62,TRUE,0.96078431372208
"vary_k",10000,61,10,"SVP BIC calibrated",0.0500000000000114,62,0.0509999999999309,62,TRUE,0.980392156864297
"vary_k",10000,61,10,"SVP BIC multiscale",0.0500000000000114,62,0.0499999999999545,62,TRUE,1.00000000000114
"vary_k",10000,61,2,"PELT",0.00300000000004275,62,0.00200000000018008,62,TRUE,1.49999999988632
"vary_k",10000,61,2,"SVP BIC",0.0489999999999782,62,0.0509999999999309,62,TRUE,0.960784313726365
"vary_k",10000,61,2,"SVP BIC calibrated",0.049000000000035,62,0.0510000000001583,62,TRUE,0.960784313723194
"vary_k",10000,61,2,"SVP BIC multiscale",0.0499999999999545,62,0.0499999999999545,62,TRUE,1
"vary_k",10000,61,3,"PELT",0.0029999999999859,62,0.00300000000015643,62,TRUE,0.999999999943157
"vary_k",10000,61,3,"SVP BIC",0.049000000000035,62,0.0509999999999309,62,TRUE,0.960784313727478
"vary_k",10000,61,3,"SVP BIC calibrated",0.0489999999999782,62,0.0499999999999545,62,TRUE,0.980000000000456
"vary_k",10000,61,3,"SVP BIC multiscale",0.0500000000000114,62,0.0489999999999782,62,TRUE,1.02040816326599
"vary_k",10000,61,4,"PELT",0.0029999999999859,62,0.00400000000013279,62,TRUE,0.749999999971577
"vary_k",10000,61,4,"SVP BIC",0.049000000000035,62,0.0509999999999309,62,TRUE,0.960784313727478
"vary_k",10000,61,4,"SVP BIC calibrated",0.0500000000000114,62,0.0509999999999309,62,TRUE,0.980392156864297
"vary_k",10000,61,4,"SVP BIC multiscale",0.0500000000000114,62,0.0489999999999782,62,TRUE,1.02040816326599
"vary_k",10000,61,5,"PELT",0.0029999999999859,62,0.00199999999995271,62,TRUE,1.50000000002842
"vary_k",10000,61,5,"SVP BIC",0.0489999999999782,62,0.0519999999999072,62,TRUE,0.942307692308955
"vary_k",10000,61,5,"SVP BIC calibrated",0.0489999999999782,62,0.0520000000001346,62,TRUE,0.942307692304834
"vary_k",10000,61,5,"SVP BIC multiscale",0.0509999999999877,62,0.0489999999999782,62,TRUE,1.04081632653082
"vary_k",10000,61,6,"PELT",0.0029999999999859,62,0.00199999999995271,62,TRUE,1.50000000002842
"vary_k",10000,61,6,"SVP BIC",0.049000000000035,62,0.0509999999999309,62,TRUE,0.960784313727478
"vary_k",10000,61,6,"SVP BIC calibrated",0.0480000000000018,62,0.0519999999999072,62,TRUE,0.923076923078605
"vary_k",10000,61,6,"SVP BIC multiscale",0.0500000000000114,62,0.0490000000002055,62,TRUE,1.02040816326126
"vary_k",10000,61,7,"PELT",0.0029999999999859,62,0.00199999999995271,62,TRUE,1.50000000002842
"vary_k",10000,61,7,"SVP BIC",0.0489999999999782,62,0.0509999999999309,62,TRUE,0.960784313726365
"vary_k",10000,61,7,"SVP BIC calibrated",0.0489999999999782,62,0.0499999999999545,62,TRUE,0.980000000000456
"vary_k",10000,61,7,"SVP BIC multiscale",0.0500000000000114,62,0.0489999999999782,62,TRUE,1.02040816326599
"vary_k",10000,61,8,"PELT",0.00300000000004275,62,0.00200000000018008,62,TRUE,1.49999999988632
"vary_k",10000,61,8,"SVP BIC",0.0489999999999782,62,0.0509999999999309,62,TRUE,0.960784313726365
"vary_k",10000,61,8,"SVP BIC calibrated",0.0500000000000114,62,0.0520000000001346,62,TRUE,0.961538461536192
"vary_k",10000,61,8,"SVP BIC multiscale",0.0510000000000446,62,0.0480000000000018,62,TRUE,1.06250000000089
"vary_k",10000,61,9,"PELT",0.0029999999999859,62,0.00199999999995271,62,TRUE,1.50000000002842
"vary_k",10000,61,9,"SVP BIC",0.0480000000000018,62,0.0520000000001346,62,TRUE,0.923076923074568
"vary_k",10000,61,9,"SVP BIC calibrated",0.0489999999999782,62,0.0509999999999309,62,TRUE,0.960784313726365
"vary_k",10000,61,9,"SVP BIC multiscale",0.0509999999999877,62,0.0489999999999782,62,TRUE,1.04081632653082
"vary_k",10000,62,1,"PELT",0.00300000000004275,63,0.00200000000018008,63,TRUE,1.49999999988632
"vary_k",10000,62,1,"SVP BIC",0.0480000000000018,63,0.0509999999999309,63,TRUE,0.941176470589546
"vary_k",10000,62,1,"SVP BIC calibrated",0.0480000000000018,63,0.0499999999999545,63,TRUE,0.96000000000091
"vary_k",10000,62,1,"SVP BIC multiscale",0.0489999999999782,63,0.0489999999999782,63,TRUE,1
"vary_k",10000,62,10,"PELT",0.00200000000000955,63,0.00199999999995271,63,TRUE,1.00000000002842
"vary_k",10000,62,10,"SVP BIC",0.0480000000000018,63,0.0500000000001819,63,TRUE,0.959999999996544
"vary_k",10000,62,10,"SVP BIC calibrated",0.049000000000035,63,0.0499999999999545,63,TRUE,0.980000000001592
"vary_k",10000,62,10,"SVP BIC multiscale",0.0500000000000114,64,0.0480000000000018,64,TRUE,1.04166666666687
"vary_k",10000,62,2,"PELT",0.00200000000000955,63,0.00199999999995271,63,TRUE,1.00000000002842
"vary_k",10000,62,2,"SVP BIC",0.0489999999999782,63,0.0499999999999545,63,TRUE,0.980000000000456
"vary_k",10000,62,2,"SVP BIC calibrated",0.0489999999999782,63,0.0499999999999545,63,TRUE,0.980000000000456
"vary_k",10000,62,2,"SVP BIC multiscale",0.0500000000000114,63,0.0489999999999782,63,TRUE,1.02040816326599
"vary_k",10000,62,3,"PELT",0.0029999999999859,63,0.00199999999995271,63,TRUE,1.50000000002842
"vary_k",10000,62,3,"SVP BIC",0.0480000000000018,63,0.0500000000001819,63,TRUE,0.959999999996544
"vary_k",10000,62,3,"SVP BIC calibrated",0.0480000000000018,63,0.0509999999999309,63,TRUE,0.941176470589546
"vary_k",10000,62,3,"SVP BIC multiscale",0.0489999999999782,63,0.0499999999999545,63,TRUE,0.980000000000456
"vary_k",10000,62,4,"PELT",0.00200000000000955,63,0.00300000000015643,63,TRUE,0.666666666635088
"vary_k",10000,62,4,"SVP BIC",0.0480000000000018,63,0.0509999999999309,63,TRUE,0.941176470589546
"vary_k",10000,62,4,"SVP BIC calibrated",0.0489999999999782,63,0.0510000000001583,63,TRUE,0.96078431372208
"vary_k",10000,62,4,"SVP BIC multiscale",0.0499999999999545,63,0.0499999999999545,63,TRUE,1
"vary_k",10000,62,5,"PELT",0.00200000000000955,63,0.00300000000015643,63,TRUE,0.666666666635088
"vary_k",10000,62,5,"SVP BIC",0.0489999999999782,63,0.0489999999999782,63,TRUE,1
"vary_k",10000,62,5,"SVP BIC calibrated",0.0500000000000114,63,0.0489999999999782,63,TRUE,1.02040816326599
"vary_k",10000,62,5,"SVP BIC multiscale",0.0499999999999545,63,0.0480000000000018,63,TRUE,1.04166666666568
"vary_k",10000,62,6,"PELT",0.0029999999999859,63,0.00199999999995271,63,TRUE,1.50000000002842
"vary_k",10000,62,6,"SVP BIC",0.0489999999999782,63,0.0509999999999309,63,TRUE,0.960784313726365
"vary_k",10000,62,6,"SVP BIC calibrated",0.0500000000000114,63,0.0499999999999545,63,TRUE,1.00000000000114
"vary_k",10000,62,6,"SVP BIC multiscale",0.0499999999999545,63,0.0489999999999782,63,TRUE,1.02040816326483
"vary_k",10000,62,7,"PELT",0.00300000000004275,63,0.00199999999995271,63,TRUE,1.50000000005684
"vary_k",10000,62,7,"SVP BIC",0.0500000000000114,63,0.0509999999999309,63,TRUE,0.980392156864297
"vary_k",10000,62,7,"SVP BIC calibrated",0.0499999999999545,63,0.0520000000001346,63,TRUE,0.961538461535098
"vary_k",10000,62,7,"SVP BIC multiscale",0.049000000000035,63,0.0499999999999545,63,TRUE,0.980000000001592
"vary_k",10000,62,8,"PELT",0.0029999999999859,63,0.00199999999995271,63,TRUE,1.50000000002842
"vary_k",10000,62,8,"SVP BIC",0.0480000000000018,63,0.0499999999999545,63,TRUE,0.96000000000091
"vary_k",10000,62,8,"SVP BIC calibrated",0.049000000000035,63,0.0499999999999545,63,TRUE,0.980000000001592
"vary_k",10000,62,8,"SVP BIC multiscale",0.0500000000000114,63,0.0510000000001583,63,TRUE,0.980392156859926
"vary_k",10000,62,9,"PELT",0.00200000000000955,63,0.00299999999992906,63,TRUE,0.666666666685614
"vary_k",10000,62,9,"SVP BIC",0.0489999999999782,63,0.0499999999999545,63,TRUE,0.980000000000456
"vary_k",10000,62,9,"SVP BIC calibrated",0.049000000000035,63,0.0489999999999782,63,TRUE,1.00000000000116
"vary_k",10000,62,9,"SVP BIC multiscale",0.0500000000000114,63,0.0480000000000018,63,TRUE,1.04166666666687
"vary_k",10000,63,1,"PELT",0.0029999999999859,64,0.00299999999992906,64,TRUE,1.00000000001895
"vary_k",10000,63,1,"SVP BIC",0.0470000000000255,64,0.0499999999999545,64,TRUE,0.940000000001365
"vary_k",10000,63,1,"SVP BIC calibrated",0.0469999999999686,64,0.0499999999999545,64,TRUE,0.940000000000227
"vary_k",10000,63,1,"SVP BIC multiscale",0.0480000000000018,64,0.0470000000000255,64,TRUE,1.02127659574416
"vary_k",10000,63,10,"PELT",0.00200000000000955,64,0.00300000000015643,64,TRUE,0.666666666635088
"vary_k",10000,63,10,"SVP BIC",0.0470000000000255,64,0.0510000000001583,64,TRUE,0.92156862744862
"vary_k",10000,63,10,"SVP BIC calibrated",0.0480000000000018,64,0.0499999999999545,64,TRUE,0.96000000000091
"vary_k",10000,63,10,"SVP BIC multiscale",0.0500000000000114,64,0.0489999999999782,64,TRUE,1.02040816326599
"vary_k",10000,63,2,"PELT",0.00200000000000955,64,0.00199999999995271,64,TRUE,1.00000000002842
"vary_k",10000,63,2,"SVP BIC",0.0470000000000255,64,0.0489999999999782,64,TRUE,0.959183673470335
"vary_k",10000,63,2,"SVP BIC calibrated",0.0480000000000018,64,0.0489999999999782,64,TRUE,0.979591836735166
"vary_k",10000,63,2,"SVP BIC multiscale",0.0489999999999782,64,0.0470000000000255,64,TRUE,1.04255319148833
"vary_k",10000,63,3,"PELT",0.0029999999999859,64,0.00300000000015643,64,TRUE,0.999999999943157
"vary_k",10000,63,3,"SVP BIC",0.0470000000000255,64,0.0489999999999782,64,TRUE,0.959183673470335
"vary_k",10000,63,3,"SVP BIC calibrated",0.0480000000000018,64,0.0509999999999309,64,TRUE,0.941176470589546
"vary_k",10000,63,3,"SVP BIC multiscale",0.0480000000000018,64,0.0489999999999782,64,TRUE,0.979591836735166
"vary_k",10000,63,4,"PELT",0.00199999999995271,64,0.00299999999992906,64,TRUE,0.666666666666668
"vary_k",10000,63,4,"SVP BIC",0.0469999999999686,64,0.0500000000001819,64,TRUE,0.939999999995952
"vary_k",10000,63,4,"SVP BIC calibrated",0.0480000000000018,64,0.0499999999999545,64,TRUE,0.96000000000091
"vary_k",10000,63,4,"SVP BIC multiscale",0.0489999999999782,64,0.0480000000000018,64,TRUE,1.02083333333284
"vary_k",10000,63,5,"PELT",0.00200000000000955,64,0.00299999999992906,64,TRUE,0.666666666685614
"vary_k",10000,63,5,"SVP BIC",0.0480000000000018,64,0.0499999999999545,64,TRUE,0.96000000000091
"vary_k",10000,63,5,"SVP BIC calibrated",0.0470000000000255,64,0.0509999999999309,64,TRUE,0.921568627452729
"vary_k",10000,63,5,"SVP BIC multiscale",0.0489999999999782,64,0.0499999999999545,64,TRUE,0.980000000000456
"vary_k",10000,63,6,"PELT",0.0029999999999859,64,0.00300000000015643,64,TRUE,0.999999999943157
"vary_k",10000,63,6,"SVP BIC",0.0480000000000018,64,0.0509999999999309,64,TRUE,0.941176470589546
"vary_k",10000,63,6,"SVP BIC calibrated",0.0480000000000018,64,0.0509999999999309,64,TRUE,0.941176470589546
"vary_k",10000,63,6,"SVP BIC multiscale",0.0500000000000114,64,0.0499999999999545,64,TRUE,1.00000000000114
"vary_k",10000,63,7,"PELT",0.00200000000000955,64,0.00199999999995271,64,TRUE,1.00000000002842
"vary_k",10000,63,7,"SVP BIC",0.0480000000000018,64,0.0499999999999545,64,TRUE,0.96000000000091
"vary_k",10000,63,7,"SVP BIC calibrated",0.0480000000000018,64,0.0500000000001819,64,TRUE,0.959999999996544
"vary_k",10000,63,7,"SVP BIC multiscale",0.0499999999999545,64,0.0499999999999545,64,TRUE,1
"vary_k",10000,63,8,"PELT",0.00300000000004275,64,0.00299999999992906,64,TRUE,1.0000000000379
"vary_k",10000,63,8,"SVP BIC",0.0480000000000018,64,0.0500000000001819,64,TRUE,0.959999999996544
"vary_k",10000,63,8,"SVP BIC calibrated",0.0480000000000018,64,0.0499999999999545,64,TRUE,0.96000000000091
"vary_k",10000,63,8,"SVP BIC multiscale",0.0489999999999782,64,0.0489999999999782,64,TRUE,1
"vary_k",10000,63,9,"PELT",0.0029999999999859,64,0.00299999999992906,64,TRUE,1.00000000001895
"vary_k",10000,63,9,"SVP BIC",0.0480000000000018,64,0.0510000000001583,64,TRUE,0.941176470585349
"vary_k",10000,63,9,"SVP BIC calibrated",0.0470000000000255,64,0.0509999999999309,64,TRUE,0.921568627452729
"vary_k",10000,63,9,"SVP BIC multiscale",0.0489999999999782,64,0.0480000000000018,64,TRUE,1.02083333333284
"vary_k",10000,64,1,"PELT",0.0029999999999859,65,0.00299999999992906,65,TRUE,1.00000000001895
"vary_k",10000,64,1,"SVP BIC",0.0469999999999686,65,0.0489999999999782,65,TRUE,0.959183673469174
"vary_k",10000,64,1,"SVP BIC calibrated",0.0470000000000255,65,0.0489999999999782,65,TRUE,0.959183673470335
"vary_k",10000,64,1,"SVP BIC multiscale",0.0480000000000018,65,0.0490000000002055,65,TRUE,0.979591836730622
"vary_k",10000,64,10,"PELT",0.00300000000004275,65,0.00299999999992906,65,TRUE,1.0000000000379
"vary_k",10000,64,10,"SVP BIC",0.0469999999999686,65,0.0500000000001819,65,TRUE,0.939999999995952
"vary_k",10000,64,10,"SVP BIC calibrated",0.0469999999999686,65,0.0499999999999545,65,TRUE,0.940000000000227
"vary_k",10000,64,10,"SVP BIC multiscale",0.0480000000000018,65,0.0489999999999782,65,TRUE,0.979591836735166
"vary_k",10000,64,2,"PELT",0.00300000000004275,65,0.00300000000015643,65,TRUE,0.999999999962107
"vary_k",10000,64,2,"SVP BIC",0.0470000000000255,65,0.0519999999999072,65,TRUE,0.903846153848257
"vary_k",10000,64,2,"SVP BIC calibrated",0.0470000000000255,65,0.0499999999999545,65,TRUE,0.940000000001365
"vary_k",10000,64,2,"SVP BIC multiscale",0.0480000000000018,65,0.0499999999999545,65,TRUE,0.96000000000091
"vary_k",10000,64,3,"PELT",0.00200000000000955,65,0.00199999999995271,65,TRUE,1.00000000002842
"vary_k",10000,64,3,"SVP BIC",0.0480000000000018,65,0.0499999999999545,65,TRUE,0.96000000000091
"vary_k",10000,64,3,"SVP BIC calibrated",0.0469999999999686,65,0.0489999999999782,65,TRUE,0.959183673469174
"vary_k",10000,64,3,"SVP BIC multiscale",0.0480000000000018,65,0.0499999999999545,65,TRUE,0.96000000000091
"vary_k",10000,64,4,"PELT",0.00200000000000955,65,0.00400000000013279,65,TRUE,0.499999999985789
"vary_k",10000,64,4,"SVP BIC",0.0469999999999686,65,0.0499999999999545,65,TRUE,0.940000000000227
"vary_k",10000,64,4,"SVP BIC calibrated",0.0470000000000255,65,0.0500000000001819,65,TRUE,0.93999999999709
"vary_k",10000,64,4,"SVP BIC multiscale",0.049000000000035,65,0.0480000000000018,65,TRUE,1.02083333333402
"vary_k",10000,64,5,"PELT",0.00300000000004275,65,0.00299999999992906,65,TRUE,1.0000000000379
"vary_k",10000,64,5,"SVP BIC",0.0480000000000018,65,0.0509999999999309,65,TRUE,0.941176470589546
"vary_k",10000,64,5,"SVP BIC calibrated",0.0470000000000255,65,0.0499999999999545,65,TRUE,0.940000000001365
"vary_k",10000,64,5,"SVP BIC multiscale",0.049000000000035,65,0.0480000000000018,65,TRUE,1.02083333333402
"vary_k",10000,64,6,"PELT",0.00200000000000955,65,0.00200000000018008,65,TRUE,0.999999999914735
"vary_k",10000,64,6,"SVP BIC",0.0470000000000255,65,0.0499999999999545,65,TRUE,0.940000000001365
"vary_k",10000,64,6,"SVP BIC calibrated",0.0470000000000255,66,0.0499999999999545,66,TRUE,0.940000000001365
"vary_k",10000,64,6,"SVP BIC multiscale",0.047999999999945,67,0.0480000000000018,67,TRUE,0.999999999998817
"vary_k",10000,64,7,"PELT",0.00200000000000955,65,0.00199999999995271,65,TRUE,1.00000000002842
"vary_k",10000,64,7,"SVP BIC",0.0480000000000018,65,0.0499999999999545,65,TRUE,0.96000000000091
"vary_k",10000,64,7,"SVP BIC calibrated",0.0480000000000018,65,0.0499999999999545,65,TRUE,0.96000000000091
"vary_k",10000,64,7,"SVP BIC multiscale",0.0489999999999782,65,0.0489999999999782,65,TRUE,1
"vary_k",10000,64,8,"PELT",0.00300000000004275,65,0.00299999999992906,65,TRUE,1.0000000000379
"vary_k",10000,64,8,"SVP BIC",0.0480000000000018,65,0.0489999999999782,65,TRUE,0.979591836735166
"vary_k",10000,64,8,"SVP BIC calibrated",0.0480000000000018,65,0.0509999999999309,65,TRUE,0.941176470589546
"vary_k",10000,64,8,"SVP BIC multiscale",0.0480000000000018,65,0.0499999999999545,65,TRUE,0.96000000000091
"vary_k",10000,64,9,"PELT",0.00200000000000955,65,0.00299999999992906,65,TRUE,0.666666666685614
"vary_k",10000,64,9,"SVP BIC",0.047999999999945,65,0.0500000000001819,65,TRUE,0.959999999995408
"vary_k",10000,64,9,"SVP BIC calibrated",0.0470000000000255,65,0.0499999999999545,65,TRUE,0.940000000001365
"vary_k",10000,64,9,"SVP BIC multiscale",0.0480000000000018,65,0.0480000000000018,65,TRUE,1
"vary_k",10000,65,1,"PELT",0.00200000000000955,66,0.00200000000018008,66,TRUE,0.999999999914735
"vary_k",10000,65,1,"SVP BIC",0.0469999999999686,66,0.0489999999999782,66,TRUE,0.959183673469174
"vary_k",10000,65,1,"SVP BIC calibrated",0.0470000000000255,66,0.0489999999999782,66,TRUE,0.959183673470335
"vary_k",10000,65,1,"SVP BIC multiscale",0.0480000000000018,66,0.0470000000000255,66,TRUE,1.02127659574416
"vary_k",10000,65,10,"PELT",0.0029999999999859,66,0.00299999999992906,66,TRUE,1.00000000001895
"vary_k",10000,65,10,"SVP BIC",0.0470000000000255,66,0.0480000000000018,66,TRUE,0.979166666667161
"vary_k",10000,65,10,"SVP BIC calibrated",0.0470000000000255,66,0.0480000000000018,66,TRUE,0.979166666667161
"vary_k",10000,65,10,"SVP BIC multiscale",0.0480000000000018,66,0.0470000000000255,66,TRUE,1.02127659574416
"vary_k",10000,65,2,"PELT",0.00200000000000955,66,0.00199999999995271,66,TRUE,1.00000000002842
"vary_k",10000,65,2,"SVP BIC",0.0459999999999923,66,0.0489999999999782,66,TRUE,0.938775510204342
"vary_k",10000,65,2,"SVP BIC calibrated",0.0469999999999686,66,0.0489999999999782,66,TRUE,0.959183673469174
"vary_k",10000,65,2,"SVP BIC multiscale",0.0480000000000018,66,0.0470000000000255,66,TRUE,1.02127659574416
"vary_k",10000,65,3,"PELT",0.00200000000000955,67,0.00200000000018008,67,TRUE,0.999999999914735
"vary_k",10000,65,3,"SVP BIC",0.0470000000000255,66,0.0489999999999782,66,TRUE,0.959183673470335
"vary_k",10000,65,3,"SVP BIC calibrated",0.0460000000000491,66,0.0489999999999782,66,TRUE,0.938775510205501
"vary_k",10000,65,3,"SVP BIC multiscale",0.0480000000000018,66,0.0470000000000255,66,TRUE,1.02127659574416
"vary_k",10000,65,4,"PELT",0.0029999999999859,66,0.00299999999992906,66,TRUE,1.00000000001895
"vary_k",10000,65,4,"SVP BIC",0.0470000000000255,66,0.0490000000002055,66,TRUE,0.959183673465886
"vary_k",10000,65,4,"SVP BIC calibrated",0.0480000000000018,66,0.0480000000000018,66,TRUE,1
"vary_k",10000,65,4,"SVP BIC multiscale",0.0489999999999782,66,0.0480000000000018,66,TRUE,1.02083333333284
"vary_k",10000,65,5,"PELT",0.0029999999999859,66,0.00199999999995271,66,TRUE,1.50000000002842
"vary_k",10000,65,5,"SVP BIC",0.0480000000000018,66,0.0489999999999782,66,TRUE,0.979591836735166
"vary_k",10000,65,5,"SVP BIC calibrated",0.0469999999999686,66,0.0489999999999782,66,TRUE,0.959183673469174
"vary_k",10000,65,5,"SVP BIC multiscale",0.0489999999999782,66,0.0470000000000255,66,TRUE,1.04255319148833
"vary_k",10000,65,6,"PELT",0.00200000000000955,66,0.00199999999995271,66,TRUE,1.00000000002842
"vary_k",10000,65,6,"SVP BIC",0.0470000000000255,66,0.0480000000000018,66,TRUE,0.979166666667161
"vary_k",10000,65,6,"SVP BIC calibrated",0.0470000000000255,66,0.0480000000000018,66,TRUE,0.979166666667161
"vary_k",10000,65,6,"SVP BIC multiscale",0.0480000000000018,66,0.0470000000000255,66,TRUE,1.02127659574416
"vary_k",10000,65,7,"PELT",0.00199999999995271,66,0.00299999999992906,66,TRUE,0.666666666666668
"vary_k",10000,65,7,"SVP BIC",0.0470000000000255,66,0.0490000000002055,66,TRUE,0.959183673465886
"vary_k",10000,65,7,"SVP BIC calibrated",0.0470000000000255,66,0.0480000000000018,66,TRUE,0.979166666667161
"vary_k",10000,65,7,"SVP BIC multiscale",0.0489999999999782,66,0.0470000000000255,66,TRUE,1.04255319148833
"vary_k",10000,65,8,"PELT",0.00200000000000955,66,0.00199999999995271,66,TRUE,1.00000000002842
"vary_k",10000,65,8,"SVP BIC",0.0470000000000255,66,0.0489999999999782,66,TRUE,0.959183673470335
"vary_k",10000,65,8,"SVP BIC calibrated",0.0470000000000255,66,0.0480000000000018,66,TRUE,0.979166666667161
"vary_k",10000,65,8,"SVP BIC multiscale",0.0480000000000018,66,0.0469999999997981,66,TRUE,1.02127659574911
"vary_k",10000,65,9,"PELT",0.0029999999999859,66,0.00199999999995271,66,TRUE,1.50000000002842
"vary_k",10000,65,9,"SVP BIC",0.0469999999999686,66,0.0480000000000018,66,TRUE,0.979166666665976
"vary_k",10000,65,9,"SVP BIC calibrated",0.0459999999999923,66,0.0499999999999545,66,TRUE,0.920000000000683
"vary_k",10000,65,9,"SVP BIC multiscale",0.0480000000000018,66,0.0469999999997981,66,TRUE,1.02127659574911
"vary_k",10000,66,1,"PELT",0.00300000000004275,67,0.00199999999995271,67,TRUE,1.50000000005684
"vary_k",10000,66,1,"SVP BIC",0.0459999999999923,67,0.0480000000000018,67,TRUE,0.958333333333137
"vary_k",10000,66,1,"SVP BIC calibrated",0.0459999999999923,67,0.0489999999999782,67,TRUE,0.938775510204342
"vary_k",10000,66,1,"SVP BIC multiscale",0.0469999999999686,67,0.0470000000000255,67,TRUE,0.999999999998789
"vary_k",10000,66,10,"PELT",0.0029999999999859,67,0.00199999999995271,67,TRUE,1.50000000002842
"vary_k",10000,66,10,"SVP BIC",0.0459999999999923,67,0.0470000000000255,67,TRUE,0.978723404254624
"vary_k",10000,66,10,"SVP BIC calibrated",0.0469999999999686,67,0.0499999999999545,67,TRUE,0.940000000000227
"vary_k",10000,66,10,"SVP BIC multiscale",0.0480000000000018,67,0.0470000000000255,67,TRUE,1.02127659574416
"vary_k",10000,66,2,"PELT",0.00200000000000955,67,0.00199999999995271,67,TRUE,1.00000000002842
"vary_k",10000,66,2,"SVP BIC",0.0460000000000491,67,0.0499999999999545,67,TRUE,0.920000000001819
"vary_k",10000,66,2,"SVP BIC calibrated",0.0459999999999923,67,0.0490000000002055,67,TRUE,0.938775510199987
"vary_k",10000,66,2,"SVP BIC multiscale",0.0470000000000255,67,0.0480000000000018,67,TRUE,0.979166666667161
"vary_k",10000,66,3,"PELT",0.0029999999999859,67,0.00200000000018008,67,TRUE,1.49999999985789
"vary_k",10000,66,3,"SVP BIC",0.0450000000000159,67,0.0489999999999782,67,TRUE,0.918367346939509
"vary_k",10000,66,3,"SVP BIC calibrated",0.0450000000000159,67,0.0480000000000018,67,TRUE,0.937500000000296
"vary_k",10000,66,3,"SVP BIC multiscale",0.0470000000000255,67,0.0470000000000255,67,TRUE,1
"vary_k",10000,66,4,"PELT",0.0029999999999859,67,0.00300000000015643,67,TRUE,0.999999999943157
"vary_k",10000,66,4,"SVP BIC",0.0459999999999923,67,0.0489999999999782,67,TRUE,0.938775510204342
"vary_k",10000,66,4,"SVP BIC calibrated",0.0460000000000491,67,0.0480000000000018,67,TRUE,0.95833333333432
"vary_k",10000,66,4,"SVP BIC multiscale",0.0470000000000255,67,0.0470000000000255,67,TRUE,1
"vary_k",10000,66,5,"PELT",0.00200000000000955,67,0.00199999999995271,67,TRUE,1.00000000002842
"vary_k",10000,66,5,"SVP BIC",0.0459999999999923,67,0.0480000000000018,67,TRUE,0.958333333333137
"vary_k",10000,66,5,"SVP BIC calibrated",0.0459999999999923,67,0.0519999999999072,67,TRUE,0.884615384616815
"vary_k",10000,66,5,"SVP BIC multiscale",0.0470000000000255,67,0.0470000000000255,67,TRUE,1
"vary_k",10000,66,6,"PELT",0.00200000000000955,67,0.00299999999992906,67,TRUE,0.666666666685614
"vary_k",10000,66,6,"SVP BIC",0.0449999999999591,67,0.0489999999999782,67,TRUE,0.918367346938349
"vary_k",10000,66,6,"SVP BIC calibrated",0.0459999999999923,67,0.0470000000000255,67,TRUE,0.978723404254624
"vary_k",10000,66,6,"SVP BIC multiscale",0.0480000000000018,67,0.0480000000000018,67,TRUE,1
"vary_k",10000,66,7,"PELT",0.00200000000000955,67,0.00300000000015643,67,TRUE,0.666666666635088
"vary_k",10000,66,7,"SVP BIC",0.0459999999999923,67,0.0480000000000018,67,TRUE,0.958333333333137
"vary_k",10000,66,7,"SVP BIC calibrated",0.0459999999999923,67,0.0470000000000255,67,TRUE,0.978723404254624
"vary_k",10000,66,7,"SVP BIC multiscale",0.0469999999999686,67,0.0470000000000255,67,TRUE,0.999999999998789
"vary_k",10000,66,8,"PELT",0.0029999999999859,67,0.00299999999992906,67,TRUE,1.00000000001895
"vary_k",10000,66,8,"SVP BIC",0.0459999999999923,67,0.0480000000000018,67,TRUE,0.958333333333137
"vary_k",10000,66,8,"SVP BIC calibrated",0.0459999999999923,67,0.0480000000000018,67,TRUE,0.958333333333137
"vary_k",10000,66,8,"SVP BIC multiscale",0.0480000000000018,67,0.0470000000000255,67,TRUE,1.02127659574416
"vary_k",10000,66,9,"PELT",0.0029999999999859,67,0.00300000000015643,67,TRUE,0.999999999943157
"vary_k",10000,66,9,"SVP BIC",0.0459999999999923,67,0.0480000000000018,67,TRUE,0.958333333333137
"vary_k",10000,66,9,"SVP BIC calibrated",0.0470000000000255,67,0.0489999999999782,67,TRUE,0.959183673470335
"vary_k",10000,66,9,"SVP BIC multiscale",0.0480000000000018,67,0.0470000000000255,67,TRUE,1.02127659574416
"vary_k",10000,67,1,"PELT",0.00200000000000955,68,0.00199999999995271,68,TRUE,1.00000000002842
"vary_k",10000,67,1,"SVP BIC",0.0450000000000159,68,0.0469999999997981,68,TRUE,0.95744680851509
"vary_k",10000,67,1,"SVP BIC calibrated",0.0459999999999923,68,0.0480000000000018,68,TRUE,0.958333333333137
"vary_k",10000,67,1,"SVP BIC multiscale",0.0470000000000255,68,0.0460000000000491,68,TRUE,1.02173913043425
"vary_k",10000,67,10,"PELT",0.00199999999995271,68,0.00199999999995271,68,TRUE,1
"vary_k",10000,67,10,"SVP BIC",0.0450000000000159,68,0.0470000000000255,68,TRUE,0.957446808510457
"vary_k",10000,67,10,"SVP BIC calibrated",0.0450000000000159,68,0.0470000000000255,68,TRUE,0.957446808510457
"vary_k",10000,67,10,"SVP BIC multiscale",0.0469999999999686,68,0.0470000000000255,68,TRUE,0.999999999998789
"vary_k",10000,67,2,"PELT",0.00199999999995271,68,0.00299999999992906,68,TRUE,0.666666666666668
"vary_k",10000,67,2,"SVP BIC",0.0459999999999923,68,0.0490000000002055,68,TRUE,0.938775510199987
"vary_k",10000,67,2,"SVP BIC calibrated",0.0450000000000159,68,0.0470000000000255,68,TRUE,0.957446808510457
"vary_k",10000,67,2,"SVP BIC multiscale",0.0470000000000255,68,0.0470000000000255,68,TRUE,1
"vary_k",10000,67,3,"PELT",0.00200000000000955,68,0.00200000000018008,68,TRUE,0.999999999914735
"vary_k",10000,67,3,"SVP BIC",0.0459999999999923,68,0.0480000000000018,68,TRUE,0.958333333333137
"vary_k",10000,67,3,"SVP BIC calibrated",0.0450000000000159,68,0.0480000000000018,68,TRUE,0.937500000000296
"vary_k",10000,67,3,"SVP BIC multiscale",0.0469999999999686,68,0.0460000000000491,68,TRUE,1.02173913043301
"vary_k",10000,67,4,"PELT",0.00200000000000955,68,0.00199999999995271,68,TRUE,1.00000000002842
"vary_k",10000,67,4,"SVP BIC",0.0459999999999923,68,0.0480000000000018,68,TRUE,0.958333333333137
"vary_k",10000,67,4,"SVP BIC calibrated",0.0460000000000491,68,0.0489999999999782,68,TRUE,0.938775510205501
"vary_k",10000,67,4,"SVP BIC multiscale",0.0480000000000018,68,0.0470000000000255,68,TRUE,1.02127659574416
"vary_k",10000,67,5,"PELT",0.0029999999999859,68,0.00199999999995271,68,TRUE,1.50000000002842
"vary_k",10000,67,5,"SVP BIC",0.0460000000000491,68,0.0480000000000018,68,TRUE,0.95833333333432
"vary_k",10000,67,5,"SVP BIC calibrated",0.0450000000000159,68,0.0480000000000018,68,TRUE,0.937500000000296
"vary_k",10000,67,5,"SVP BIC multiscale",0.0470000000000255,68,0.0469999999997981,68,TRUE,1.00000000000484
"vary_k",10000,67,6,"PELT",0.00200000000000955,68,0.00199999999995271,68,TRUE,1.00000000002842
"vary_k",10000,67,6,"SVP BIC",0.0459999999999923,68,0.0470000000000255,68,TRUE,0.978723404254624
"vary_k",10000,67,6,"SVP BIC calibrated",0.0459999999999923,68,0.0480000000000018,68,TRUE,0.958333333333137
"vary_k",10000,67,6,"SVP BIC multiscale",0.0469999999999686,68,0.0470000000000255,68,TRUE,0.999999999998789
"vary_k",10000,67,7,"PELT",0.0029999999999859,68,0.00299999999992906,68,TRUE,1.00000000001895
"vary_k",10000,67,7,"SVP BIC",0.0459999999999923,68,0.0489999999999782,68,TRUE,0.938775510204342
"vary_k",10000,67,7,"SVP BIC calibrated",0.0459999999999923,68,0.0480000000000018,68,TRUE,0.958333333333137
"vary_k",10000,67,7,"SVP BIC multiscale",0.0480000000000018,68,0.0459999999998217,68,TRUE,1.04347826087365
"vary_k",10000,67,8,"PELT",0.00300000000004275,68,0.00299999999992906,68,TRUE,1.0000000000379
"vary_k",10000,67,8,"SVP BIC",0.0459999999999923,68,0.0480000000000018,68,TRUE,0.958333333333137
"vary_k",10000,67,8,"SVP BIC calibrated",0.0459999999999923,68,0.0470000000000255,68,TRUE,0.978723404254624
"vary_k",10000,67,8,"SVP BIC multiscale",0.0459999999999923,68,0.0449999999998454,68,TRUE,1.02222222222556
"vary_k",10000,67,9,"PELT",0.00199999999995271,68,0.00200000000018008,68,TRUE,0.999999999886315
"vary_k",10000,67,9,"SVP BIC",0.0459999999999923,68,0.0480000000000018,68,TRUE,0.958333333333137
"vary_k",10000,67,9,"SVP BIC calibrated",0.0459999999999923,68,0.0460000000000491,68,TRUE,0.999999999998765
"vary_k",10000,67,9,"SVP BIC multiscale",0.0470000000000255,68,0.0449999999998454,68,TRUE,1.0444444444486
"vary_k",10000,68,1,"PELT",0.00200000000000955,69,0.00199999999995271,69,TRUE,1.00000000002842
"vary_k",10000,68,1,"SVP BIC",0.0450000000000159,69,0.0470000000000255,69,TRUE,0.957446808510457
"vary_k",10000,68,1,"SVP BIC calibrated",0.0459999999999923,69,0.0460000000000491,69,TRUE,0.999999999998765
"vary_k",10000,68,1,"SVP BIC multiscale",0.0459999999999923,70,0.0450000000000728,70,TRUE,1.0222222222204
"vary_k",10000,68,10,"PELT",0.00200000000000955,69,0.00199999999995271,69,TRUE,1.00000000002842
"vary_k",10000,68,10,"SVP BIC",0.0450000000000159,69,0.0480000000000018,69,TRUE,0.937500000000296
"vary_k",10000,68,10,"SVP BIC calibrated",0.0449999999999591,69,0.0469999999997981,69,TRUE,0.957446808513881
"vary_k",10000,68,10,"SVP BIC multiscale",0.0460000000000491,69,0.0459999999998217,69,TRUE,1.00000000000494
"vary_k",10000,68,2,"PELT",0.00300000000004275,69,0.00199999999995271,69,TRUE,1.50000000005684
"vary_k",10000,68,2,"SVP BIC",0.0449999999999591,69,0.0480000000000018,69,TRUE,0.937499999999113
"vary_k",10000,68,2,"SVP BIC calibrated",0.0470000000000255,69,0.0459999999998217,69,TRUE,1.0217391304393
"vary_k",10000,68,2,"SVP BIC multiscale",0.0470000000000255,69,0.043999999999869,69,TRUE,1.06818181818558
"vary_k",10000,68,3,"PELT",0.0029999999999859,69,0.00300000000015643,69,TRUE,0.999999999943157
"vary_k",10000,68,3,"SVP BIC",0.0460000000000491,69,0.0470000000000255,69,TRUE,0.978723404255833
"vary_k",10000,68,3,"SVP BIC calibrated",0.0459999999999923,69,0.0460000000000491,69,TRUE,0.999999999998765
"vary_k",10000,68,3,"SVP BIC multiscale",0.0480000000000018,69,0.0450000000000728,69,TRUE,1.06666666666498
"vary_k",10000,68,4,"PELT",0.00200000000000955,69,0.00199999999995271,69,TRUE,1.00000000002842
"vary_k",10000,68,4,"SVP BIC",0.0450000000000159,69,0.0459999999998217,69,TRUE,0.978260869569355
"vary_k",10000,68,4,"SVP BIC calibrated",0.0450000000000159,69,0.0449999999998454,69,TRUE,1.00000000000379
"vary_k",10000,68,4,"SVP BIC multiscale",0.0459999999999923,69,0.0459999999998217,69,TRUE,1.00000000000371
"vary_k",10000,68,5,"PELT",0.00200000000000955,69,0.00199999999995271,69,TRUE,1.00000000002842
"vary_k",10000,68,5,"SVP BIC",0.0450000000000159,69,0.0460000000000491,69,TRUE,0.978260869564519
"vary_k",10000,68,5,"SVP BIC calibrated",0.0450000000000159,69,0.0460000000000491,69,TRUE,0.978260869564519
"vary_k",10000,68,5,"SVP BIC multiscale",0.0459999999999923,70,0.0440000000000964,70,TRUE,1.04545454545208
"vary_k",10000,68,6,"PELT",0.00300000000004275,69,0.00300000000015643,69,TRUE,0.999999999962107
"vary_k",10000,68,6,"SVP BIC",0.0450000000000159,69,0.0460000000000491,69,TRUE,0.978260869564519
"vary_k",10000,68,6,"SVP BIC calibrated",0.0450000000000159,69,0.0470000000000255,69,TRUE,0.957446808510457
"vary_k",10000,68,6,"SVP BIC multiscale",0.0460000000000491,69,0.0440000000000964,69,TRUE,1.04545454545337
"vary_k",10000,68,7,"PELT",0.0029999999999859,69,0.00199999999995271,69,TRUE,1.50000000002842
"vary_k",10000,68,7,"SVP BIC",0.0450000000000159,69,0.0460000000000491,69,TRUE,0.978260869564519
"vary_k",10000,68,7,"SVP BIC calibrated",0.0449999999999591,69,0.0489999999999782,69,TRUE,0.918367346938349
"vary_k",10000,68,7,"SVP BIC multiscale",0.0459999999999923,69,0.0460000000000491,69,TRUE,0.999999999998765
"vary_k",10000,68,8,"PELT",0.0029999999999859,69,0.00200000000018008,69,TRUE,1.49999999985789
"vary_k",10000,68,8,"SVP BIC",0.0450000000000159,69,0.0480000000000018,69,TRUE,0.937500000000296
"vary_k",10000,68,8,"SVP BIC calibrated",0.0459999999999923,69,0.0469999999997981,69,TRUE,0.97872340425936
"vary_k",10000,68,8,"SVP BIC multiscale",0.0469999999999686,69,0.0470000000000255,69,TRUE,0.999999999998789
"vary_k",10000,68,9,"PELT",0.0029999999999859,69,0.00299999999992906,69,TRUE,1.00000000001895
"vary_k",10000,68,9,"SVP BIC",0.0450000000000159,69,0.0470000000000255,69,TRUE,0.957446808510457
"vary_k",10000,68,9,"SVP BIC calibrated",0.0449999999999591,69,0.0470000000000255,69,TRUE,0.957446808509249
"vary_k",10000,68,9,"SVP BIC multiscale",0.0459999999999923,69,0.0440000000000964,69,TRUE,1.04545454545208
"vary_k",10000,69,1,"PELT",0.0029999999999859,70,0.00199999999995271,70,TRUE,1.50000000002842
"vary_k",10000,69,1,"SVP BIC",0.0450000000000159,70,0.0450000000000728,70,TRUE,0.999999999998736
"vary_k",10000,69,1,"SVP BIC calibrated",0.0440000000000396,70,0.0460000000000491,70,TRUE,0.956521739130275
"vary_k",10000,69,1,"SVP BIC multiscale",0.0450000000000159,70,0.0440000000000964,70,TRUE,1.02272727272539
"vary_k",10000,69,10,"PELT",0.00200000000000955,70,0.00299999999992906,70,TRUE,0.666666666685614
"vary_k",10000,69,10,"SVP BIC",0.0449999999999591,70,0.0460000000000491,70,TRUE,0.978260869563284
"vary_k",10000,69,10,"SVP BIC calibrated",0.0450000000000159,70,0.0460000000000491,70,TRUE,0.978260869564519
"vary_k",10000,69,10,"SVP BIC multiscale",0.0459999999999923,70,0.0450000000000728,70,TRUE,1.0222222222204
"vary_k",10000,69,2,"PELT",0.00300000000004275,70,0.00300000000015643,70,TRUE,0.999999999962107
"vary_k",10000,69,2,"SVP BIC",0.0450000000000159,70,0.0460000000000491,70,TRUE,0.978260869564519
"vary_k",10000,69,2,"SVP BIC calibrated",0.0439999999999827,70,0.0460000000000491,70,TRUE,0.956521739129038
"vary_k",10000,69,2,"SVP BIC multiscale",0.0459999999999923,70,0.0440000000000964,70,TRUE,1.04545454545208
"vary_k",10000,69,3,"PELT",0.0029999999999859,70,0.00299999999992906,70,TRUE,1.00000000001895
"vary_k",10000,69,3,"SVP BIC",0.0449999999999591,70,0.0460000000000491,70,TRUE,0.978260869563284
"vary_k",10000,69,3,"SVP BIC calibrated",0.0439999999999827,70,0.0450000000000728,70,TRUE,0.977777777775811
"vary_k",10000,69,3,"SVP BIC multiscale",0.0459999999999923,70,0.0430000000001201,70,TRUE,1.0697674418573
"vary_k",10000,69,4,"PELT",0.0029999999999859,70,0.00199999999995271,70,TRUE,1.50000000002842
"vary_k",10000,69,4,"SVP BIC",0.0450000000000159,70,0.0460000000000491,70,TRUE,0.978260869564519
"vary_k",10000,69,4,"SVP BIC calibrated",0.0450000000000159,70,0.0459999999998217,70,TRUE,0.978260869569355
"vary_k",10000,69,4,"SVP BIC multiscale",0.0459999999999923,70,0.0460000000000491,70,TRUE,0.999999999998765
"vary_k",10000,69,5,"PELT",0.0029999999999859,70,0.00299999999992906,70,TRUE,1.00000000001895
"vary_k",10000,69,5,"SVP BIC",0.0450000000000159,70,0.0460000000000491,70,TRUE,0.978260869564519
"vary_k",10000,69,5,"SVP BIC calibrated",0.0439999999999827,70,0.0460000000000491,70,TRUE,0.956521739129038
"vary_k",10000,69,5,"SVP BIC multiscale",0.0459999999999923,70,0.0450000000000728,70,TRUE,1.0222222222204
"vary_k",10000,69,6,"PELT",0.00200000000000955,70,0.00199999999995271,70,TRUE,1.00000000002842
"vary_k",10000,69,6,"SVP BIC",0.0449999999999591,70,0.0459999999998217,70,TRUE,0.97826086956812
"vary_k",10000,69,6,"SVP BIC calibrated",0.0440000000000396,70,0.0459999999998217,70,TRUE,0.956521739135003
"vary_k",10000,69,6,"SVP BIC multiscale",0.0449999999999591,70,0.043999999999869,70,TRUE,1.02272727272939
"vary_k",10000,69,7,"PELT",0.0029999999999859,70,0.00199999999995271,70,TRUE,1.50000000002842
"vary_k",10000,69,7,"SVP BIC",0.0450000000000159,70,0.0450000000000728,70,TRUE,0.999999999998736
"vary_k",10000,69,7,"SVP BIC calibrated",0.0450000000000159,70,0.0459999999998217,70,TRUE,0.978260869569355
"vary_k",10000,69,7,"SVP BIC multiscale",0.0459999999999923,70,0.043999999999869,70,TRUE,1.04545454545748
"vary_k",10000,69,8,"PELT",0.00199999999995271,70,0.00200000000018008,70,TRUE,0.999999999886315
"vary_k",10000,69,8,"SVP BIC",0.0450000000000159,70,0.0449999999998454,70,TRUE,1.00000000000379
"vary_k",10000,69,8,"SVP BIC calibrated",0.0439999999999827,70,0.0460000000000491,70,TRUE,0.956521739129038
"vary_k",10000,69,8,"SVP BIC multiscale",0.0450000000000159,70,0.0440000000000964,70,TRUE,1.02272727272539
"vary_k",10000,69,9,"PELT",0.00200000000000955,70,0.00200000000018008,70,TRUE,0.999999999914735
"vary_k",10000,69,9,"SVP BIC",0.0450000000000159,70,0.0449999999998454,70,TRUE,1.00000000000379
"vary_k",10000,69,9,"SVP BIC calibrated",0.0440000000000396,70,0.0459999999998217,70,TRUE,0.956521739135003
"vary_k",10000,69,9,"SVP BIC multiscale",0.0459999999999923,71,0.043999999999869,71,TRUE,1.04545454545748
"vary_k",10000,7,1,"PELT",0.0120000000000005,8,0.01400000000001,8,TRUE,0.857142857142281
"vary_k",10000,7,1,"SVP BIC",0.306000000000012,8,0.328999999999951,8,TRUE,0.930091185410509
"vary_k",10000,7,1,"SVP BIC calibrated",0.305999999999983,8,0.322999999999979,8,TRUE,0.94736842105264
"vary_k",10000,7,1,"SVP BIC multiscale",0.328000000000003,8,0.338999999999942,8,TRUE,0.967551622419053
"vary_k",10000,7,10,"PELT",0.0109999999999957,8,0.0149999999999864,8,TRUE,0.733333333333712
"vary_k",10000,7,10,"SVP BIC",0.302999999999997,8,0.323999999999955,8,TRUE,0.935185185185306
"vary_k",10000,7,10,"SVP BIC calibrated",0.304000000000002,8,0.326000000000022,8,TRUE,0.932515337423256
"vary_k",10000,7,10,"SVP BIC multiscale",0.322000000000003,8,0.336999999999989,8,TRUE,0.955489614243364
"vary_k",10000,7,2,"PELT",0.0109999999999957,8,0.0100000000001046,8,TRUE,1.09999999998806
"vary_k",10000,7,2,"SVP BIC",0.307999999999993,8,0.326999999999998,8,TRUE,0.941896024464816
"vary_k",10000,7,2,"SVP BIC calibrated",0.310000000000002,8,0.326000000000022,8,TRUE,0.950920245398715
"vary_k",10000,7,2,"SVP BIC multiscale",0.329000000000008,9,0.342999999999961,9,TRUE,0.95918367346952
"vary_k",10000,7,3,"PELT",0.0110000000000241,8,0.0119999999999436,8,TRUE,0.916666666672983
"vary_k",10000,7,3,"SVP BIC",0.316000000000003,8,0.325000000000045,8,TRUE,0.972307692307567
"vary_k",10000,7,3,"SVP BIC calibrated",0.316999999999979,8,0.325000000000045,8,TRUE,0.975384615384416
"vary_k",10000,7,3,"SVP BIC multiscale",0.335000000000008,8,0.340000000000032,8,TRUE,0.98529411764699
"vary_k",10000,7,4,"PELT",0.0120000000000005,8,0.01400000000001,8,TRUE,0.857142857142281
"vary_k",10000,7,4,"SVP BIC",0.310000000000002,8,0.324000000000069,8,TRUE,0.956790123456593
"vary_k",10000,7,4,"SVP BIC calibrated",0.311000000000007,8,0.330000000000041,8,TRUE,0.942424242424147
"vary_k",10000,7,4,"SVP BIC multiscale",0.335000000000008,8,0.341999999999985,8,TRUE,0.979532163742757
"vary_k",10000,7,5,"PELT",0.0139999999999816,8,0.0120000000000573,8,TRUE,1.16666666665956
"vary_k",10000,7,5,"SVP BIC",0.308999999999997,8,0.321000000000026,8,TRUE,0.962616822429819
"vary_k",10000,7,5,"SVP BIC calibrated",0.304999999999978,8,0.326000000000022,8,TRUE,0.935582822085759
"vary_k",10000,7,5,"SVP BIC multiscale",0.324999999999989,8,0.338000000000079,8,TRUE,0.961538461538204
"vary_k",10000,7,6,"PELT",0.0130000000000052,8,0.0130000000000337,8,TRUE,0.999999999997808
"vary_k",10000,7,6,"SVP BIC",0.305000000000007,8,0.324999999999932,8,TRUE,0.938461538461756
"vary_k",10000,7,6,"SVP BIC calibrated",0.316000000000003,8,0.326000000000022,8,TRUE,0.969325153374177
"vary_k",10000,7,6,"SVP BIC multiscale",0.332999999999998,8,0.337999999999965,8,TRUE,0.985207100591812
"vary_k",10000,7,7,"PELT",0.0109999999999957,8,0.0110000000000809,8,TRUE,0.999999999992255
"vary_k",10000,7,7,"SVP BIC",0.305000000000007,8,0.329000000000065,8,TRUE,0.927051671732361
"vary_k",10000,7,7,"SVP BIC calibrated",0.306999999999988,8,0.328999999999951,8,TRUE,0.933130699088248
"vary_k",10000,7,7,"SVP BIC multiscale",0.327999999999975,8,0.342000000000098,8,TRUE,0.959064327485032
"vary_k",10000,7,8,"PELT",0.0120000000000005,8,0.01400000000001,8,TRUE,0.857142857142281
"vary_k",10000,7,8,"SVP BIC",0.300000000000011,8,0.324999999999932,8,TRUE,0.92307692307715
"vary_k",10000,7,8,"SVP BIC calibrated",0.299000000000007,8,0.324999999999932,8,TRUE,0.920000000000214
"vary_k",10000,7,8,"SVP BIC multiscale",0.322999999999979,8,0.338999999999942,8,TRUE,0.952802359882107
"vary_k",10000,7,9,"PELT",0.0160000000000196,8,0.0130000000000337,8,TRUE,1.23076923076755
"vary_k",10000,7,9,"SVP BIC",0.311999999999983,8,0.322999999999979,8,TRUE,0.965944272445831
"vary_k",10000,7,9,"SVP BIC calibrated",0.306000000000012,8,0.324000000000069,8,TRUE,0.94444444444428
"vary_k",10000,7,9,"SVP BIC multiscale",0.326999999999998,8,0.342999999999961,8,TRUE,0.953352769679403
"vary_k",10000,70,1,"PELT",0.0029999999999859,71,0.00200000000018008,71,TRUE,1.49999999985789
"vary_k",10000,70,1,"SVP BIC",0.0450000000000159,71,0.0450000000000728,71,TRUE,0.999999999998736
"vary_k",10000,70,1,"SVP BIC calibrated",0.0449999999999591,71,0.0450000000000728,71,TRUE,0.999999999997473
"vary_k",10000,70,1,"SVP BIC multiscale",0.0450000000000159,71,0.0449999999998454,71,TRUE,1.00000000000379
"vary_k",10000,70,10,"PELT",0.0029999999999859,71,0.00199999999995271,71,TRUE,1.50000000002842
"vary_k",10000,70,10,"SVP BIC",0.0439999999999827,71,0.0449999999998454,71,TRUE,0.977777777780752
"vary_k",10000,70,10,"SVP BIC calibrated",0.0439999999999827,71,0.0449999999998454,71,TRUE,0.977777777780752
"vary_k",10000,70,10,"SVP BIC multiscale",0.0459999999999923,71,0.0449999999998454,71,TRUE,1.02222222222556
"vary_k",10000,70,2,"PELT",0.00200000000000955,71,0.00299999999992906,71,TRUE,0.666666666685614
"vary_k",10000,70,2,"SVP BIC",0.0439999999999827,71,0.0460000000000491,71,TRUE,0.956521739129038
"vary_k",10000,70,2,"SVP BIC calibrated",0.0439999999999827,71,0.0450000000000728,71,TRUE,0.977777777775811
"vary_k",10000,70,2,"SVP BIC multiscale",0.0459999999999923,71,0.0429999999998927,71,TRUE,1.06976744186296
"vary_k",10000,70,3,"PELT",0.00300000000004275,71,0.00299999999992906,71,TRUE,1.0000000000379
"vary_k",10000,70,3,"SVP BIC",0.0450000000000159,71,0.0450000000000728,71,TRUE,0.999999999998736
"vary_k",10000,70,3,"SVP BIC calibrated",0.0439999999999827,71,0.0460000000000491,71,TRUE,0.956521739129038
"vary_k",10000,70,3,"SVP BIC multiscale",0.0460000000000491,71,0.0430000000001201,71,TRUE,1.06976744185862
"vary_k",10000,70,4,"PELT",0.00200000000000955,71,0.00199999999995271,71,TRUE,1.00000000002842
"vary_k",10000,70,4,"SVP BIC",0.0450000000000159,71,0.0449999999998454,71,TRUE,1.00000000000379
"vary_k",10000,70,4,"SVP BIC calibrated",0.0440000000000396,71,0.0459999999998217,71,TRUE,0.956521739135003
"vary_k",10000,70,4,"SVP BIC multiscale",0.0449999999999591,72,0.0429999999998927,72,TRUE,1.04651162790864
"vary_k",10000,70,5,"PELT",0.00200000000000955,71,0.00199999999995271,71,TRUE,1.00000000002842
"vary_k",10000,70,5,"SVP BIC",0.0439999999999827,71,0.0450000000000728,71,TRUE,0.977777777775811
"vary_k",10000,70,5,"SVP BIC calibrated",0.0439999999999827,71,0.0450000000000728,71,TRUE,0.977777777775811
"vary_k",10000,70,5,"SVP BIC multiscale",0.0450000000000159,71,0.0430000000001201,71,TRUE,1.04651162790442
"vary_k",10000,70,6,"PELT",0.0029999999999859,71,0.00299999999992906,71,TRUE,1.00000000001895
"vary_k",10000,70,6,"SVP BIC",0.0439999999999827,71,0.0440000000000964,71,TRUE,0.999999999997416
"vary_k",10000,70,6,"SVP BIC calibrated",0.0430000000000064,71,0.0460000000000491,71,TRUE,0.934782608694794
"vary_k",10000,70,6,"SVP BIC multiscale",0.0450000000000159,71,0.0430000000001201,71,TRUE,1.04651162790442
"vary_k",10000,70,7,"PELT",0.0029999999999859,71,0.00299999999992906,71,TRUE,1.00000000001895
"vary_k",10000,70,7,"SVP BIC",0.0440000000000396,71,0.0450000000000728,71,TRUE,0.977777777777076
"vary_k",10000,70,7,"SVP BIC calibrated",0.0439999999999827,71,0.0450000000000728,71,TRUE,0.977777777775811
"vary_k",10000,70,7,"SVP BIC multiscale",0.0449999999999591,72,0.0430000000001201,72,TRUE,1.0465116279031
"vary_k",10000,70,8,"PELT",0.00200000000000955,71,0.00199999999995271,71,TRUE,1.00000000002842
"vary_k",10000,70,8,"SVP BIC",0.0439999999999827,71,0.0449999999998454,71,TRUE,0.977777777780752
"vary_k",10000,70,8,"SVP BIC calibrated",0.0440000000000396,71,0.0449999999998454,71,TRUE,0.977777777782017
"vary_k",10000,70,8,"SVP BIC multiscale",0.0450000000000159,71,0.0429999999998927,71,TRUE,1.04651162790996
"vary_k",10000,70,9,"PELT",0.00199999999995271,71,0.00199999999995271,71,TRUE,1
"vary_k",10000,70,9,"SVP BIC",0.0440000000000396,71,0.0460000000000491,71,TRUE,0.956521739130275
"vary_k",10000,70,9,"SVP BIC calibrated",0.0440000000000396,71,0.0460000000000491,71,TRUE,0.956521739130275
"vary_k",10000,70,9,"SVP BIC multiscale",0.0459999999999923,71,0.0429999999998927,71,TRUE,1.06976744186296
"vary_k",10000,71,1,"PELT",0.00200000000000955,72,0.00199999999995271,72,TRUE,1.00000000002842
"vary_k",10000,71,1,"SVP BIC",0.0429999999999495,72,0.0440000000000964,72,TRUE,0.977272727269438
"vary_k",10000,71,1,"SVP BIC calibrated",0.0440000000000396,72,0.0450000000000728,72,TRUE,0.977777777777076
"vary_k",10000,71,1,"SVP BIC multiscale",0.0459999999999923,72,0.0430000000001201,72,TRUE,1.0697674418573
"vary_k",10000,71,10,"PELT",0.00200000000000955,72,0.00299999999992906,72,TRUE,0.666666666685614
"vary_k",10000,71,10,"SVP BIC",0.0430000000000064,72,0.0450000000000728,72,TRUE,0.955555555554152
"vary_k",10000,71,10,"SVP BIC calibrated",0.0440000000000396,72,0.0449999999998454,72,TRUE,0.977777777782017
"vary_k",10000,71,10,"SVP BIC multiscale",0.0439999999999827,72,0.0429999999998927,72,TRUE,1.02325581395564
"vary_k",10000,71,2,"PELT",0.00200000000000955,72,0.00299999999992906,72,TRUE,0.666666666685614
"vary_k",10000,71,2,"SVP BIC",0.0450000000000159,72,0.0449999999998454,72,TRUE,1.00000000000379
"vary_k",10000,71,2,"SVP BIC calibrated",0.0440000000000396,72,0.0450000000000728,72,TRUE,0.977777777777076
"vary_k",10000,71,2,"SVP BIC multiscale",0.0450000000000159,72,0.0430000000001201,72,TRUE,1.04651162790442
"vary_k",10000,71,3,"PELT",0.0029999999999859,72,0.00199999999995271,72,TRUE,1.50000000002842
"vary_k",10000,71,3,"SVP BIC",0.0439999999999827,72,0.0450000000000728,72,TRUE,0.977777777775811
"vary_k",10000,71,3,"SVP BIC calibrated",0.0439999999999827,72,0.0440000000000964,72,TRUE,0.999999999997416
"vary_k",10000,71,3,"SVP BIC multiscale",0.0440000000000396,72,0.0419999999999163,72,TRUE,1.04761904762208
"vary_k",10000,71,4,"PELT",0.0029999999999859,72,0.00199999999995271,72,TRUE,1.50000000002842
"vary_k",10000,71,4,"SVP BIC",0.0430000000000064,72,0.0450000000000728,72,TRUE,0.955555555554152
"vary_k",10000,71,4,"SVP BIC calibrated",0.0440000000000396,72,0.0450000000000728,72,TRUE,0.977777777777076
"vary_k",10000,71,4,"SVP BIC multiscale",0.0449999999999591,72,0.0430000000001201,72,TRUE,1.0465116279031
"vary_k",10000,71,5,"PELT",0.0029999999999859,72,0.00299999999992906,72,TRUE,1.00000000001895
"vary_k",10000,71,5,"SVP BIC",0.0439999999999827,72,0.0460000000000491,72,TRUE,0.956521739129038
"vary_k",10000,71,5,"SVP BIC calibrated",0.0430000000000064,72,0.0449999999998454,72,TRUE,0.955555555558981
"vary_k",10000,71,5,"SVP BIC multiscale",0.0439999999999827,73,0.0429999999998927,73,TRUE,1.02325581395564
"vary_k",10000,71,6,"PELT",0.00200000000000955,72,0.00199999999995271,72,TRUE,1.00000000002842
"vary_k",10000,71,6,"SVP BIC",0.0439999999999827,72,0.0449999999998454,72,TRUE,0.977777777780752
"vary_k",10000,71,6,"SVP BIC calibrated",0.0430000000000064,72,0.043999999999869,72,TRUE,0.977272727275782
"vary_k",10000,71,6,"SVP BIC multiscale",0.0449999999999591,72,0.0440000000000964,72,TRUE,1.0227272727241
"vary_k",10000,71,7,"PELT",0.00200000000000955,72,0.00300000000015643,72,TRUE,0.666666666635088
"vary_k",10000,71,7,"SVP BIC",0.0439999999999827,72,0.0460000000000491,72,TRUE,0.956521739129038
"vary_k",10000,71,7,"SVP BIC calibrated",0.0459999999999923,72,0.0450000000000728,72,TRUE,1.0222222222204
"vary_k",10000,71,7,"SVP BIC multiscale",0.0450000000000159,72,0.0419999999999163,72,TRUE,1.07142857143109
"vary_k",10000,71,8,"PELT",0.0029999999999859,72,0.00199999999995271,72,TRUE,1.50000000002842
"vary_k",10000,71,8,"SVP BIC",0.0440000000000396,72,0.0450000000000728,72,TRUE,0.977777777777076
"vary_k",10000,71,8,"SVP BIC calibrated",0.0430000000000064,72,0.0440000000000964,72,TRUE,0.977272727270732
"vary_k",10000,71,8,"SVP BIC multiscale",0.0459999999999923,72,0.0419999999999163,72,TRUE,1.09523809524009
"vary_k",10000,71,9,"PELT",0.00300000000004275,72,0.00299999999992906,72,TRUE,1.0000000000379
"vary_k",10000,71,9,"SVP BIC",0.0439999999999827,72,0.0450000000000728,72,TRUE,0.977777777775811
"vary_k",10000,71,9,"SVP BIC calibrated",0.0439999999999827,72,0.0450000000000728,72,TRUE,0.977777777775811
"vary_k",10000,71,9,"SVP BIC multiscale",0.0450000000000159,72,0.0429999999998927,72,TRUE,1.04651162790996
"vary_k",10000,72,1,"PELT",0.00200000000000955,73,0.00300000000015643,73,TRUE,0.666666666635088
"vary_k",10000,72,1,"SVP BIC",0.0439999999999827,73,0.043999999999869,73,TRUE,1.00000000000258
"vary_k",10000,72,1,"SVP BIC calibrated",0.0430000000000064,73,0.0440000000000964,73,TRUE,0.977272727270732
"vary_k",10000,72,1,"SVP BIC multiscale",0.0439999999999827,73,0.0430000000001201,73,TRUE,1.02325581395023
"vary_k",10000,72,10,"PELT",0.0029999999999859,73,0.00199999999995271,73,TRUE,1.50000000002842
"vary_k",10000,72,10,"SVP BIC",0.0430000000000064,73,0.0450000000000728,73,TRUE,0.955555555554152
"vary_k",10000,72,10,"SVP BIC calibrated",0.0439999999999827,73,0.0440000000000964,73,TRUE,0.999999999997416
"vary_k",10000,72,10,"SVP BIC multiscale",0.0450000000000159,73,0.0419999999999163,73,TRUE,1.07142857143109
"vary_k",10000,72,2,"PELT",0.00200000000000955,73,0.00199999999995271,73,TRUE,1.00000000002842
"vary_k",10000,72,2,"SVP BIC",0.04200000000003,73,0.0440000000000964,73,TRUE,0.954545454544045
"vary_k",10000,72,2,"SVP BIC calibrated",0.0440000000000396,73,0.0440000000000964,73,TRUE,0.999999999998709
"vary_k",10000,72,2,"SVP BIC multiscale",0.0439999999999827,73,0.0420000000001437,73,TRUE,1.04761904761505
"vary_k",10000,72,3,"PELT",0.00200000000000955,73,0.00299999999992906,73,TRUE,0.666666666685614
"vary_k",10000,72,3,"SVP BIC",0.0430000000000064,73,0.0440000000000964,73,TRUE,0.977272727270732
"vary_k",10000,72,3,"SVP BIC calibrated",0.0430000000000064,73,0.0450000000000728,73,TRUE,0.955555555554152
"vary_k",10000,72,3,"SVP BIC multiscale",0.0440000000000396,73,0.0430000000001201,73,TRUE,1.02325581395155
"vary_k",10000,72,4,"PELT",0.0029999999999859,73,0.00299999999992906,73,TRUE,1.00000000001895
"vary_k",10000,72,4,"SVP BIC",0.0439999999999827,73,0.043999999999869,73,TRUE,1.00000000000258
"vary_k",10000,72,4,"SVP BIC calibrated",0.0429999999999495,73,0.0450000000000728,73,TRUE,0.955555555552888
"vary_k",10000,72,4,"SVP BIC multiscale",0.0440000000000396,73,0.0420000000001437,73,TRUE,1.04761904761641
"vary_k",10000,72,5,"PELT",0.0029999999999859,73,0.00299999999992906,73,TRUE,1.00000000001895
"vary_k",10000,72,5,"SVP BIC",0.0440000000000396,73,0.0450000000000728,73,TRUE,0.977777777777076
"vary_k",10000,72,5,"SVP BIC calibrated",0.0419999999999732,73,0.0440000000000964,73,TRUE,0.954545454542754
"vary_k",10000,72,5,"SVP BIC multiscale",0.0430000000000064,73,0.0430000000001201,73,TRUE,0.999999999997356
"vary_k",10000,72,6,"PELT",0.00200000000000955,73,0.00300000000015643,73,TRUE,0.666666666635088
"vary_k",10000,72,6,"SVP BIC",0.0429999999999495,73,0.043999999999869,73,TRUE,0.977272727274489
"vary_k",10000,72,6,"SVP BIC calibrated",0.0430000000000064,73,0.0449999999998454,73,TRUE,0.955555555558981
"vary_k",10000,72,6,"SVP BIC multiscale",0.0449999999999591,73,0.0429999999998927,73,TRUE,1.04651162790864
"vary_k",10000,72,7,"PELT",0.0029999999999859,73,0.00199999999995271,73,TRUE,1.50000000002842
"vary_k",10000,72,7,"SVP BIC",0.0439999999999827,73,0.043999999999869,73,TRUE,1.00000000000258
"vary_k",10000,72,7,"SVP BIC calibrated",0.0430000000000064,73,0.0450000000000728,73,TRUE,0.955555555554152
"vary_k",10000,72,7,"SVP BIC multiscale",0.0450000000000159,73,0.0430000000001201,73,TRUE,1.04651162790442
"vary_k",10000,72,8,"PELT",0.00199999999995271,73,0.00199999999995271,73,TRUE,1
"vary_k",10000,72,8,"SVP BIC",0.0430000000000064,73,0.0450000000000728,73,TRUE,0.955555555554152
"vary_k",10000,72,8,"SVP BIC calibrated",0.0430000000000064,73,0.0450000000000728,73,TRUE,0.955555555554152
"vary_k",10000,72,8,"SVP BIC multiscale",0.0440000000000396,73,0.0420000000001437,73,TRUE,1.04761904761641
"vary_k",10000,72,9,"PELT",0.00199999999995271,73,0.00199999999995271,73,TRUE,1
"vary_k",10000,72,9,"SVP BIC",0.0430000000000064,73,0.0450000000000728,73,TRUE,0.955555555554152
"vary_k",10000,72,9,"SVP BIC calibrated",0.0430000000000064,73,0.0440000000000964,73,TRUE,0.977272727270732
"vary_k",10000,72,9,"SVP BIC multiscale",0.0450000000000159,73,0.0419999999999163,73,TRUE,1.07142857143109
"vary_k",10000,73,1,"PELT",0.0029999999999859,74,0.00199999999995271,74,TRUE,1.50000000002842
"vary_k",10000,73,1,"SVP BIC",0.0430000000000064,74,0.0440000000000964,74,TRUE,0.977272727270732
"vary_k",10000,73,1,"SVP BIC calibrated",0.0430000000000064,74,0.0440000000000964,74,TRUE,0.977272727270732
"vary_k",10000,73,1,"SVP BIC multiscale",0.0439999999999827,74,0.04099999999994,74,TRUE,1.07317073170847
"vary_k",10000,73,10,"PELT",0.00200000000000955,74,0.00199999999995271,74,TRUE,1.00000000002842
"vary_k",10000,73,10,"SVP BIC",0.0419999999999732,74,0.0429999999998927,74,TRUE,0.976744186048326
"vary_k",10000,73,10,"SVP BIC calibrated",0.0419999999999732,74,0.0430000000001201,74,TRUE,0.97674418604316
"vary_k",10000,73,10,"SVP BIC multiscale",0.0430000000000064,74,0.0410000000001673,74,TRUE,1.04878048780075
"vary_k",10000,73,2,"PELT",0.0029999999999859,74,0.00199999999995271,74,TRUE,1.50000000002842
"vary_k",10000,73,2,"SVP BIC",0.04200000000003,74,0.0419999999999163,74,TRUE,1.00000000000271
"vary_k",10000,73,2,"SVP BIC calibrated",0.04200000000003,74,0.0419999999999163,74,TRUE,1.00000000000271
"vary_k",10000,73,2,"SVP BIC multiscale",0.0430000000000064,74,0.0420000000001437,74,TRUE,1.02380952380617
"vary_k",10000,73,3,"PELT",0.00200000000000955,74,0.00199999999995271,74,TRUE,1.00000000002842
"vary_k",10000,73,3,"SVP BIC",0.0430000000000064,74,0.0440000000000964,74,TRUE,0.977272727270732
"vary_k",10000,73,3,"SVP BIC calibrated",0.0430000000000064,74,0.0440000000000964,74,TRUE,0.977272727270732
"vary_k",10000,73,3,"SVP BIC multiscale",0.0439999999999827,74,0.0419999999999163,74,TRUE,1.04761904762072
"vary_k",10000,73,4,"PELT",0.00200000000000955,74,0.00199999999995271,74,TRUE,1.00000000002842
"vary_k",10000,73,4,"SVP BIC",0.0430000000000064,74,0.0440000000000964,74,TRUE,0.977272727270732
"vary_k",10000,73,4,"SVP BIC calibrated",0.04200000000003,74,0.0429999999998927,74,TRUE,0.976744186049647
"vary_k",10000,73,4,"SVP BIC multiscale",0.0430000000000064,74,0.04099999999994,74,TRUE,1.04878048780657
"vary_k",10000,73,5,"PELT",0.00200000000000955,74,0.00200000000018008,74,TRUE,0.999999999914735
"vary_k",10000,73,5,"SVP BIC",0.04200000000003,74,0.0429999999998927,74,TRUE,0.976744186049647
"vary_k",10000,73,5,"SVP BIC calibrated",0.0419999999999732,74,0.0429999999998927,74,TRUE,0.976744186048326
"vary_k",10000,73,5,"SVP BIC multiscale",0.0439999999999827,74,0.0420000000001437,74,TRUE,1.04761904761505
"vary_k",10000,73,6,"PELT",0.00200000000000955,74,0.00299999999992906,74,TRUE,0.666666666685614
"vary_k",10000,73,6,"SVP BIC",0.0429999999999495,74,0.0430000000001201,74,TRUE,0.999999999996033
"vary_k",10000,73,6,"SVP BIC calibrated",0.0419999999999732,74,0.043999999999869,74,TRUE,0.954545454547687
"vary_k",10000,73,6,"SVP BIC multiscale",0.0439999999999827,74,0.0419999999999163,74,TRUE,1.04761904762072
"vary_k",10000,73,7,"PELT",0.00200000000000955,74,0.00300000000015643,74,TRUE,0.666666666635088
"vary_k",10000,73,7,"SVP BIC",0.0430000000000064,74,0.043999999999869,74,TRUE,0.977272727275782
"vary_k",10000,73,7,"SVP BIC calibrated",0.0430000000000064,74,0.0440000000000964,74,TRUE,0.977272727270732
"vary_k",10000,73,7,"SVP BIC multiscale",0.0439999999999827,74,0.04099999999994,74,TRUE,1.07317073170847
"vary_k",10000,73,8,"PELT",0.00200000000000955,74,0.00299999999992906,74,TRUE,0.666666666685614
"vary_k",10000,73,8,"SVP BIC",0.0430000000000064,74,0.0440000000000964,74,TRUE,0.977272727270732
"vary_k",10000,73,8,"SVP BIC calibrated",0.04200000000003,74,0.0430000000001201,74,TRUE,0.976744186044481
"vary_k",10000,73,8,"SVP BIC multiscale",0.0439999999999827,75,0.04099999999994,75,TRUE,1.07317073170847
"vary_k",10000,73,9,"PELT",0.00200000000000955,74,0.00299999999992906,74,TRUE,0.666666666685614
"vary_k",10000,73,9,"SVP BIC",0.0419999999999732,74,0.0430000000001201,74,TRUE,0.97674418604316
"vary_k",10000,73,9,"SVP BIC calibrated",0.0430000000000064,74,0.0429999999998927,74,TRUE,1.00000000000264
"vary_k",10000,73,9,"SVP BIC multiscale",0.0440000000000396,74,0.04099999999994,74,TRUE,1.07317073170985
"vary_k",10000,74,1,"PELT",0.00200000000000955,75,0.00199999999995271,75,TRUE,1.00000000002842
"vary_k",10000,74,1,"SVP BIC",0.0430000000000064,75,0.0430000000001201,75,TRUE,0.999999999997356
"vary_k",10000,74,1,"SVP BIC calibrated",0.0419999999999732,75,0.0430000000001201,75,TRUE,0.97674418604316
"vary_k",10000,74,1,"SVP BIC multiscale",0.0430000000000064,75,0.04099999999994,75,TRUE,1.04878048780657
"vary_k",10000,74,10,"PELT",0.00200000000000955,75,0.00300000000015643,75,TRUE,0.666666666635088
"vary_k",10000,74,10,"SVP BIC",0.04200000000003,75,0.0429999999998927,75,TRUE,0.976744186049647
"vary_k",10000,74,10,"SVP BIC calibrated",0.0419999999999732,75,0.0419999999999163,75,TRUE,1.00000000000135
"vary_k",10000,74,10,"SVP BIC multiscale",0.0430000000000064,75,0.0410000000001673,75,TRUE,1.04878048780075
"vary_k",10000,74,2,"PELT",0.00200000000000955,75,0.00200000000018008,75,TRUE,0.999999999914735
"vary_k",10000,74,2,"SVP BIC",0.0430000000000064,75,0.043999999999869,75,TRUE,0.977272727275782
"vary_k",10000,74,2,"SVP BIC calibrated",0.04200000000003,75,0.043999999999869,75,TRUE,0.954545454548978
"vary_k",10000,74,2,"SVP BIC multiscale",0.0439999999999827,75,0.04099999999994,75,TRUE,1.07317073170847
"vary_k",10000,74,3,"PELT",0.00300000000004275,76,0.00199999999995271,76,TRUE,1.50000000005684
"vary_k",10000,74,3,"SVP BIC",0.0430000000000064,75,0.0429999999998927,75,TRUE,1.00000000000264
"vary_k",10000,74,3,"SVP BIC calibrated",0.0419999999999732,75,0.0430000000001201,75,TRUE,0.97674418604316
"vary_k",10000,74,3,"SVP BIC multiscale",0.0450000000000159,75,0.04099999999994,75,TRUE,1.09756097561175
"vary_k",10000,74,4,"PELT",0.00199999999995271,75,0.00199999999995271,75,TRUE,1
"vary_k",10000,74,4,"SVP BIC",0.0430000000000064,75,0.0429999999998927,75,TRUE,1.00000000000264
"vary_k",10000,74,4,"SVP BIC calibrated",0.0419999999999732,75,0.0430000000001201,75,TRUE,0.97674418604316
"vary_k",10000,74,4,"SVP BIC multiscale",0.0430000000000064,75,0.04099999999994,75,TRUE,1.04878048780657
"vary_k",10000,74,5,"PELT",0.00199999999995271,76,0.00299999999992906,76,TRUE,0.666666666666668
"vary_k",10000,74,5,"SVP BIC",0.0419999999999732,75,0.0430000000001201,75,TRUE,0.97674418604316
"vary_k",10000,74,5,"SVP BIC calibrated",0.0430000000000064,75,0.0429999999998927,75,TRUE,1.00000000000264
"vary_k",10000,74,5,"SVP BIC multiscale",0.0430000000000064,75,0.04099999999994,75,TRUE,1.04878048780657
"vary_k",10000,74,6,"PELT",0.0029999999999859,75,0.00200000000018008,75,TRUE,1.49999999985789
"vary_k",10000,74,6,"SVP BIC",0.04200000000003,75,0.0429999999998927,75,TRUE,0.976744186049647
"vary_k",10000,74,6,"SVP BIC calibrated",0.04200000000003,75,0.0420000000001437,75,TRUE,0.999999999997293
"vary_k",10000,74,6,"SVP BIC multiscale",0.0439999999999827,75,0.0419999999999163,75,TRUE,1.04761904762072
"vary_k",10000,74,7,"PELT",0.00200000000000955,75,0.00199999999995271,75,TRUE,1.00000000002842
"vary_k",10000,74,7,"SVP BIC",0.0430000000000064,75,0.0430000000001201,75,TRUE,0.999999999997356
"vary_k",10000,74,7,"SVP BIC calibrated",0.0419999999999732,75,0.0429999999998927,75,TRUE,0.976744186048326
"vary_k",10000,74,7,"SVP BIC multiscale",0.0439999999999827,76,0.0419999999999163,76,TRUE,1.04761904762072
"vary_k",10000,74,8,"PELT",0.00199999999995271,75,0.00200000000018008,75,TRUE,0.999999999886315
"vary_k",10000,74,8,"SVP BIC",0.04200000000003,75,0.0429999999998927,75,TRUE,0.976744186049647
"vary_k",10000,74,8,"SVP BIC calibrated",0.0419999999999732,75,0.0420000000001437,75,TRUE,0.99999999999594
"vary_k",10000,74,8,"SVP BIC multiscale",0.0430000000000064,75,0.04099999999994,75,TRUE,1.04878048780657
"vary_k",10000,74,9,"PELT",0.0029999999999859,75,0.00299999999992906,75,TRUE,1.00000000001895
"vary_k",10000,74,9,"SVP BIC",0.04200000000003,75,0.0430000000001201,75,TRUE,0.976744186044481
"vary_k",10000,74,9,"SVP BIC calibrated",0.0429999999999495,75,0.0429999999998927,75,TRUE,1.00000000000132
"vary_k",10000,74,9,"SVP BIC multiscale",0.0430000000000064,76,0.04099999999994,76,TRUE,1.04878048780657
"vary_k",10000,75,1,"PELT",0.0029999999999859,76,0.00199999999995271,76,TRUE,1.50000000002842
"vary_k",10000,75,1,"SVP BIC",0.0419999999999732,76,0.0430000000001201,76,TRUE,0.97674418604316
"vary_k",10000,75,1,"SVP BIC calibrated",0.0419999999999732,76,0.0430000000001201,76,TRUE,0.97674418604316
"vary_k",10000,75,1,"SVP BIC multiscale",0.0430000000000064,76,0.04099999999994,76,TRUE,1.04878048780657
"vary_k",10000,75,10,"PELT",0.00200000000000955,76,0.00199999999995271,76,TRUE,1.00000000002842
"vary_k",10000,75,10,"SVP BIC",0.0419999999999732,76,0.0429999999998927,76,TRUE,0.976744186048326
"vary_k",10000,75,10,"SVP BIC calibrated",0.0419999999999732,76,0.0430000000001201,76,TRUE,0.97674418604316
"vary_k",10000,75,10,"SVP BIC multiscale",0.0440000000000396,76,0.04099999999994,76,TRUE,1.07317073170985
"vary_k",10000,75,2,"PELT",0.0029999999999859,76,0.00200000000018008,76,TRUE,1.49999999985789
"vary_k",10000,75,2,"SVP BIC",0.04200000000003,76,0.0429999999998927,76,TRUE,0.976744186049647
"vary_k",10000,75,2,"SVP BIC calibrated",0.0419999999999732,76,0.0430000000001201,76,TRUE,0.97674418604316
"vary_k",10000,75,2,"SVP BIC multiscale",0.0430000000000064,77,0.0419999999999163,77,TRUE,1.02380952381172
"vary_k",10000,75,3,"PELT",0.00199999999995271,76,0.00199999999995271,76,TRUE,1
"vary_k",10000,75,3,"SVP BIC",0.0409999999999968,76,0.0430000000001201,76,TRUE,0.953488372090286
"vary_k",10000,75,3,"SVP BIC calibrated",0.0409999999999968,76,0.0429999999998927,76,TRUE,0.953488372095328
"vary_k",10000,75,3,"SVP BIC multiscale",0.0430000000000064,76,0.0419999999999163,76,TRUE,1.02380952381172
"vary_k",10000,75,4,"PELT",0.00200000000000955,76,0.00199999999995271,76,TRUE,1.00000000002842
"vary_k",10000,75,4,"SVP BIC",0.04200000000003,76,0.043999999999869,76,TRUE,0.954545454548978
"vary_k",10000,75,4,"SVP BIC calibrated",0.04200000000003,76,0.0430000000001201,76,TRUE,0.976744186044481
"vary_k",10000,75,4,"SVP BIC multiscale",0.0430000000000064,76,0.0410000000001673,76,TRUE,1.04878048780075
"vary_k",10000,75,5,"PELT",0.0029999999999859,76,0.00199999999995271,76,TRUE,1.50000000002842
"vary_k",10000,75,5,"SVP BIC",0.0419999999999732,76,0.0430000000001201,76,TRUE,0.97674418604316
"vary_k",10000,75,5,"SVP BIC calibrated",0.0419999999999732,76,0.0429999999998927,76,TRUE,0.976744186048326
"vary_k",10000,75,5,"SVP BIC multiscale",0.0430000000000064,76,0.04099999999994,76,TRUE,1.04878048780657
"vary_k",10000,75,6,"PELT",0.0029999999999859,76,0.00200000000018008,76,TRUE,1.49999999985789
"vary_k",10000,75,6,"SVP BIC",0.0419999999999732,76,0.0419999999999163,76,TRUE,1.00000000000135
"vary_k",10000,75,6,"SVP BIC calibrated",0.0419999999999732,76,0.0419999999999163,76,TRUE,1.00000000000135
"vary_k",10000,75,6,"SVP BIC multiscale",0.0430000000000064,76,0.0410000000001673,76,TRUE,1.04878048780075
"vary_k",10000,75,7,"PELT",0.00200000000000955,76,0.00199999999995271,76,TRUE,1.00000000002842
"vary_k",10000,75,7,"SVP BIC",0.0419999999999732,76,0.0430000000001201,76,TRUE,0.97674418604316
"vary_k",10000,75,7,"SVP BIC calibrated",0.0409999999999968,76,0.0419999999999163,76,TRUE,0.976190476192346
"vary_k",10000,75,7,"SVP BIC multiscale",0.04200000000003,76,0.0399999999999636,76,TRUE,1.05000000000171
"vary_k",10000,75,8,"PELT",0.00200000000000955,76,0.00299999999992906,76,TRUE,0.666666666685614
"vary_k",10000,75,8,"SVP BIC",0.0419999999999732,76,0.0419999999999163,76,TRUE,1.00000000000135
"vary_k",10000,75,8,"SVP BIC calibrated",0.0419999999999732,76,0.0420000000001437,76,TRUE,0.99999999999594
"vary_k",10000,75,8,"SVP BIC multiscale",0.0430000000000064,76,0.0399999999999636,76,TRUE,1.07500000000114
"vary_k",10000,75,9,"PELT",0.00200000000000955,76,0.00199999999995271,76,TRUE,1.00000000002842
"vary_k",10000,75,9,"SVP BIC",0.0419999999999732,76,0.0430000000001201,76,TRUE,0.97674418604316
"vary_k",10000,75,9,"SVP BIC calibrated",0.0419999999999732,76,0.0430000000001201,76,TRUE,0.97674418604316
"vary_k",10000,75,9,"SVP BIC multiscale",0.0419999999999732,76,0.04099999999994,76,TRUE,1.02439024390328
"vary_k",10000,76,1,"PELT",0.0029999999999859,77,0.00199999999995271,77,TRUE,1.50000000002842
"vary_k",10000,76,1,"SVP BIC",0.0429999999999495,77,0.0430000000001201,77,TRUE,0.999999999996033
"vary_k",10000,76,1,"SVP BIC calibrated",0.0419999999999732,77,0.0430000000001201,77,TRUE,0.97674418604316
"vary_k",10000,76,1,"SVP BIC multiscale",0.0430000000000064,77,0.0399999999999636,77,TRUE,1.07500000000114
"vary_k",10000,76,10,"PELT",0.00200000000000955,77,0.00199999999995271,77,TRUE,1.00000000002842
"vary_k",10000,76,10,"SVP BIC",0.0409999999999968,77,0.04099999999994,77,TRUE,1.00000000000139
"vary_k",10000,76,10,"SVP BIC calibrated",0.0409999999999968,77,0.0429999999998927,77,TRUE,0.953488372095328
"vary_k",10000,76,10,"SVP BIC multiscale",0.0430000000000064,77,0.0410000000001673,77,TRUE,1.04878048780075
"vary_k",10000,76,2,"PELT",0.00200000000000955,77,0.00199999999995271,77,TRUE,1.00000000002842
"vary_k",10000,76,2,"SVP BIC",0.0409999999999968,77,0.04099999999994,77,TRUE,1.00000000000139
"vary_k",10000,76,2,"SVP BIC calibrated",0.04200000000003,77,0.0419999999999163,77,TRUE,1.00000000000271
"vary_k",10000,76,2,"SVP BIC multiscale",0.0430000000000064,78,0.0399999999999636,78,TRUE,1.07500000000114
"vary_k",10000,76,3,"PELT",0.00200000000000955,77,0.00199999999995271,77,TRUE,1.00000000002842
"vary_k",10000,76,3,"SVP BIC",0.0419999999999732,77,0.0420000000001437,77,TRUE,0.99999999999594
"vary_k",10000,76,3,"SVP BIC calibrated",0.0409999999999968,77,0.0430000000001201,77,TRUE,0.953488372090286
"vary_k",10000,76,3,"SVP BIC multiscale",0.04200000000003,77,0.04099999999994,77,TRUE,1.02439024390467
"vary_k",10000,76,4,"PELT",0.00200000000000955,77,0.00199999999995271,77,TRUE,1.00000000002842
"vary_k",10000,76,4,"SVP BIC",0.0409999999999968,77,0.0419999999999163,77,TRUE,0.976190476192346
"vary_k",10000,76,4,"SVP BIC calibrated",0.0409999999999968,77,0.0419999999999163,77,TRUE,0.976190476192346
"vary_k",10000,76,4,"SVP BIC multiscale",0.0419999999999732,77,0.04099999999994,77,TRUE,1.02439024390328
"vary_k",10000,76,5,"PELT",0.00200000000000955,77,0.00200000000018008,77,TRUE,0.999999999914735
"vary_k",10000,76,5,"SVP BIC",0.0419999999999732,77,0.0429999999998927,77,TRUE,0.976744186048326
"vary_k",10000,76,5,"SVP BIC calibrated",0.0509999999999877,77,0.0429999999998927,77,TRUE,1.18604651163058
"vary_k",10000,76,5,"SVP BIC multiscale",0.0430000000000064,78,0.04099999999994,78,TRUE,1.04878048780657
"vary_k",10000,76,6,"PELT",0.00200000000000955,77,0.00199999999995271,77,TRUE,1.00000000002842
"vary_k",10000,76,6,"SVP BIC",0.0409999999999968,77,0.0429999999998927,77,TRUE,0.953488372095328
"vary_k",10000,76,6,"SVP BIC calibrated",0.04200000000003,77,0.0430000000001201,77,TRUE,0.976744186044481
"vary_k",10000,76,6,"SVP BIC multiscale",0.0430000000000064,77,0.04099999999994,77,TRUE,1.04878048780657
"vary_k",10000,76,7,"PELT",0.00200000000000955,77,0.00199999999995271,77,TRUE,1.00000000002842
"vary_k",10000,76,7,"SVP BIC",0.0409999999999968,77,0.0420000000001437,77,TRUE,0.97619047618706
"vary_k",10000,76,7,"SVP BIC calibrated",0.0410000000000537,77,0.0419999999999163,77,TRUE,0.9761904761937
"vary_k",10000,76,7,"SVP BIC multiscale",0.0430000000000064,78,0.0399999999999636,78,TRUE,1.07500000000114
"vary_k",10000,76,8,"PELT",0.00200000000000955,78,0.00199999999995271,78,TRUE,1.00000000002842
"vary_k",10000,76,8,"SVP BIC",0.0419999999999732,77,0.0420000000001437,77,TRUE,0.99999999999594
"vary_k",10000,76,8,"SVP BIC calibrated",0.04200000000003,77,0.0429999999998927,77,TRUE,0.976744186049647
"vary_k",10000,76,8,"SVP BIC multiscale",0.0430000000000064,77,0.0419999999999163,77,TRUE,1.02380952381172
"vary_k",10000,76,9,"PELT",0.00199999999995271,77,0.00199999999995271,77,TRUE,1
"vary_k",10000,76,9,"SVP BIC",0.0419999999999732,77,0.0430000000001201,77,TRUE,0.97674418604316
"vary_k",10000,76,9,"SVP BIC calibrated",0.04200000000003,77,0.0429999999998927,77,TRUE,0.976744186049647
"vary_k",10000,76,9,"SVP BIC multiscale",0.0419999999999732,77,0.0399999999999636,77,TRUE,1.05000000000029
"vary_k",10000,77,1,"PELT",0.0029999999999859,78,0.00199999999995271,78,TRUE,1.50000000002842
"vary_k",10000,77,1,"SVP BIC",0.0409999999999968,78,0.0430000000001201,78,TRUE,0.953488372090286
"vary_k",10000,77,1,"SVP BIC calibrated",0.0410000000000537,78,0.04099999999994,78,TRUE,1.00000000000277
"vary_k",10000,77,1,"SVP BIC multiscale",0.04200000000003,78,0.0399999999999636,78,TRUE,1.05000000000171
"vary_k",10000,77,10,"PELT",0.0029999999999859,78,0.00199999999995271,78,TRUE,1.50000000002842
"vary_k",10000,77,10,"SVP BIC",0.0410000000000537,78,0.0419999999999163,78,TRUE,0.9761904761937
"vary_k",10000,77,10,"SVP BIC calibrated",0.0419999999999732,78,0.0419999999999163,78,TRUE,1.00000000000135
"vary_k",10000,77,10,"SVP BIC multiscale",0.0419999999999732,78,0.040000000000191,78,TRUE,1.04999999999432
"vary_k",10000,77,2,"PELT",0.00300000000004275,78,0.00299999999992906,78,TRUE,1.0000000000379
"vary_k",10000,77,2,"SVP BIC",0.0409999999999968,78,0.0420000000001437,78,TRUE,0.97619047618706
"vary_k",10000,77,2,"SVP BIC calibrated",0.0419999999999732,78,0.0420000000001437,78,TRUE,0.99999999999594
"vary_k",10000,77,2,"SVP BIC multiscale",0.04200000000003,78,0.0399999999999636,78,TRUE,1.05000000000171
"vary_k",10000,77,3,"PELT",0.0029999999999859,78,0.00200000000018008,78,TRUE,1.49999999985789
"vary_k",10000,77,3,"SVP BIC",0.0409999999999968,78,0.0419999999999163,78,TRUE,0.976190476192346
"vary_k",10000,77,3,"SVP BIC calibrated",0.0419999999999732,78,0.0420000000001437,78,TRUE,0.99999999999594
"vary_k",10000,77,3,"SVP BIC multiscale",0.04200000000003,78,0.04099999999994,78,TRUE,1.02439024390467
"vary_k",10000,77,4,"PELT",0.0029999999999859,78,0.00299999999992906,78,TRUE,1.00000000001895
"vary_k",10000,77,4,"SVP BIC",0.0409999999999968,78,0.04099999999994,78,TRUE,1.00000000000139
"vary_k",10000,77,4,"SVP BIC calibrated",0.0409999999999968,78,0.0419999999999163,78,TRUE,0.976190476192346
"vary_k",10000,77,4,"SVP BIC multiscale",0.0419999999999732,78,0.0399999999999636,78,TRUE,1.05000000000029
"vary_k",10000,77,5,"PELT",0.00200000000000955,78,0.00199999999995271,78,TRUE,1.00000000002842
"vary_k",10000,77,5,"SVP BIC",0.0409999999999968,78,0.0419999999999163,78,TRUE,0.976190476192346
"vary_k",10000,77,5,"SVP BIC calibrated",0.0409999999999968,78,0.04099999999994,78,TRUE,1.00000000000139
"vary_k",10000,77,5,"SVP BIC multiscale",0.0409999999999968,78,0.0399999999999636,78,TRUE,1.02500000000085
"vary_k",10000,77,6,"PELT",0.00200000000000955,78,0.00199999999995271,78,TRUE,1.00000000002842
"vary_k",10000,77,6,"SVP BIC",0.0409999999999968,78,0.0420000000001437,78,TRUE,0.97619047618706
"vary_k",10000,77,6,"SVP BIC calibrated",0.0409999999999968,78,0.04099999999994,78,TRUE,1.00000000000139
"vary_k",10000,77,6,"SVP BIC multiscale",0.0419999999999732,78,0.0399999999999636,78,TRUE,1.05000000000029
"vary_k",10000,77,7,"PELT",0.00200000000000955,78,0.00200000000018008,78,TRUE,0.999999999914735
"vary_k",10000,77,7,"SVP BIC",0.0409999999999968,78,0.04099999999994,78,TRUE,1.00000000000139
"vary_k",10000,77,7,"SVP BIC calibrated",0.0400000000000205,78,0.04099999999994,78,TRUE,0.975609756099489
"vary_k",10000,77,7,"SVP BIC multiscale",0.0430000000000064,78,0.040000000000191,78,TRUE,1.07499999999503
"vary_k",10000,77,8,"PELT",0.00200000000000955,78,0.00299999999992906,78,TRUE,0.666666666685614
"vary_k",10000,77,8,"SVP BIC",0.0409999999999968,78,0.0430000000001201,78,TRUE,0.953488372090286
"vary_k",10000,77,8,"SVP BIC calibrated",0.0400000000000205,78,0.0419999999999163,78,TRUE,0.952380952383338
"vary_k",10000,77,8,"SVP BIC multiscale",0.0419999999999732,78,0.04099999999994,78,TRUE,1.02439024390328
"vary_k",10000,77,9,"PELT",0.00200000000000955,78,0.00200000000018008,78,TRUE,0.999999999914735
"vary_k",10000,77,9,"SVP BIC",0.0409999999999968,78,0.04099999999994,78,TRUE,1.00000000000139
"vary_k",10000,77,9,"SVP BIC calibrated",0.0409999999999968,78,0.0419999999999163,78,TRUE,0.976190476192346
"vary_k",10000,77,9,"SVP BIC multiscale",0.04200000000003,78,0.0399999999999636,78,TRUE,1.05000000000171
"vary_k",10000,78,1,"PELT",0.00200000000000955,79,0.00199999999995271,79,TRUE,1.00000000002842
"vary_k",10000,78,1,"SVP BIC",0.04200000000003,79,0.0430000000001201,79,TRUE,0.976744186044481
"vary_k",10000,78,1,"SVP BIC calibrated",0.0409999999999968,79,0.04099999999994,79,TRUE,1.00000000000139
"vary_k",10000,78,1,"SVP BIC multiscale",0.04200000000003,79,0.0399999999999636,79,TRUE,1.05000000000171
"vary_k",10000,78,10,"PELT",0.0029999999999859,79,0.00200000000018008,79,TRUE,1.49999999985789
"vary_k",10000,78,10,"SVP BIC",0.0409999999999968,79,0.0419999999999163,79,TRUE,0.976190476192346
"vary_k",10000,78,10,"SVP BIC calibrated",0.0400000000000205,79,0.04099999999994,79,TRUE,0.975609756099489
"vary_k",10000,78,10,"SVP BIC multiscale",0.0419999999999732,79,0.0389999999999873,79,TRUE,1.07692307692274
"vary_k",10000,78,2,"PELT",0.00200000000000955,79,0.00200000000018008,79,TRUE,0.999999999914735
"vary_k",10000,78,2,"SVP BIC",0.0399999999999636,79,0.0419999999999163,79,TRUE,0.952380952381984
"vary_k",10000,78,2,"SVP BIC calibrated",0.0409999999999968,79,0.0410000000001673,79,TRUE,0.999999999995842
"vary_k",10000,78,2,"SVP BIC multiscale",0.0419999999999732,79,0.0399999999999636,79,TRUE,1.05000000000029
"vary_k",10000,78,3,"PELT",0.00200000000000955,79,0.00200000000018008,79,TRUE,0.999999999914735
"vary_k",10000,78,3,"SVP BIC",0.0400000000000205,79,0.04099999999994,79,TRUE,0.975609756099489
"vary_k",10000,78,3,"SVP BIC calibrated",0.0409999999999968,79,0.04099999999994,79,TRUE,1.00000000000139
"vary_k",10000,78,3,"SVP BIC multiscale",0.0419999999999732,79,0.0399999999999636,79,TRUE,1.05000000000029
"vary_k",10000,78,4,"PELT",0.0029999999999859,79,0.00300000000015643,79,TRUE,0.999999999943157
"vary_k",10000,78,4,"SVP BIC",0.0409999999999968,79,0.04099999999994,79,TRUE,1.00000000000139
"vary_k",10000,78,4,"SVP BIC calibrated",0.0409999999999968,79,0.0420000000001437,79,TRUE,0.97619047618706
"vary_k",10000,78,4,"SVP BIC multiscale",0.0409999999999968,79,0.0389999999999873,79,TRUE,1.05128205128231
"vary_k",10000,78,5,"PELT",0.00300000000004275,79,0.00200000000018008,79,TRUE,1.49999999988632
"vary_k",10000,78,5,"SVP BIC",0.0400000000000205,79,0.04099999999994,79,TRUE,0.975609756099489
"vary_k",10000,78,5,"SVP BIC calibrated",0.0409999999999968,79,0.04099999999994,79,TRUE,1.00000000000139
"vary_k",10000,78,5,"SVP BIC multiscale",0.04200000000003,79,0.040000000000191,79,TRUE,1.04999999999574
"vary_k",10000,78,6,"PELT",0.00200000000000955,79,0.00199999999995271,79,TRUE,1.00000000002842
"vary_k",10000,78,6,"SVP BIC",0.0400000000000205,79,0.0410000000001673,79,TRUE,0.97560975609408
"vary_k",10000,78,6,"SVP BIC calibrated",0.0409999999999968,79,0.0419999999999163,79,TRUE,0.976190476192346
"vary_k",10000,78,6,"SVP BIC multiscale",0.04200000000003,79,0.0399999999999636,79,TRUE,1.05000000000171
"vary_k",10000,78,7,"PELT",0.00200000000000955,80,0.00199999999995271,80,TRUE,1.00000000002842
"vary_k",10000,78,7,"SVP BIC",0.0400000000000205,79,0.04099999999994,79,TRUE,0.975609756099489
"vary_k",10000,78,7,"SVP BIC calibrated",0.0409999999999968,79,0.04099999999994,79,TRUE,1.00000000000139
"vary_k",10000,78,7,"SVP BIC multiscale",0.0419999999999732,79,0.0399999999999636,79,TRUE,1.05000000000029
"vary_k",10000,78,8,"PELT",0.0029999999999859,79,0.00200000000018008,79,TRUE,1.49999999985789
"vary_k",10000,78,8,"SVP BIC",0.04200000000003,79,0.0419999999999163,79,TRUE,1.00000000000271
"vary_k",10000,78,8,"SVP BIC calibrated",0.0409999999999968,79,0.0410000000001673,79,TRUE,0.999999999995842
"vary_k",10000,78,8,"SVP BIC multiscale",0.04200000000003,79,0.0389999999999873,79,TRUE,1.0769230769242
"vary_k",10000,78,9,"PELT",0.00200000000000955,79,0.00300000000015643,79,TRUE,0.666666666635088
"vary_k",10000,78,9,"SVP BIC",0.0409999999999968,79,0.04099999999994,79,TRUE,1.00000000000139
"vary_k",10000,78,9,"SVP BIC calibrated",0.0399999999999636,79,0.0410000000001673,79,TRUE,0.975609756092692
"vary_k",10000,78,9,"SVP BIC multiscale",0.0419999999999732,79,0.0399999999999636,79,TRUE,1.05000000000029
"vary_k",10000,79,1,"PELT",0.00200000000000955,80,0.00199999999995271,80,TRUE,1.00000000002842
"vary_k",10000,79,1,"SVP BIC",0.0400000000000205,80,0.0399999999999636,80,TRUE,1.00000000000142
"vary_k",10000,79,1,"SVP BIC calibrated",0.0399999999999636,80,0.0399999999999636,80,TRUE,1
"vary_k",10000,79,1,"SVP BIC multiscale",0.0409999999999968,81,0.0380000000000109,81,TRUE,1.07894736842066
"vary_k",10000,79,10,"PELT",0.00200000000000955,80,0.00199999999995271,80,TRUE,1.00000000002842
"vary_k",10000,79,10,"SVP BIC",0.0409999999999968,80,0.040000000000191,80,TRUE,1.02499999999503
"vary_k",10000,79,10,"SVP BIC calibrated",0.0409999999999968,80,0.04099999999994,80,TRUE,1.00000000000139
"vary_k",10000,79,10,"SVP BIC multiscale",0.0430000000000064,80,0.0389999999999873,80,TRUE,1.10256410256463
"vary_k",10000,79,2,"PELT",0.0029999999999859,80,0.00199999999995271,80,TRUE,1.50000000002842
"vary_k",10000,79,2,"SVP BIC",0.0400000000000205,80,0.0410000000001673,80,TRUE,0.97560975609408
"vary_k",10000,79,2,"SVP BIC calibrated",0.0400000000000205,80,0.04099999999994,80,TRUE,0.975609756099489
"vary_k",10000,79,2,"SVP BIC multiscale",0.0419999999999732,81,0.0389999999999873,81,TRUE,1.07692307692274
"vary_k",10000,79,3,"PELT",0.0029999999999859,80,0.00199999999995271,80,TRUE,1.50000000002842
"vary_k",10000,79,3,"SVP BIC",0.0409999999999968,80,0.0410000000001673,80,TRUE,0.999999999995842
"vary_k",10000,79,3,"SVP BIC calibrated",0.0410000000000537,80,0.0419999999999163,80,TRUE,0.9761904761937
"vary_k",10000,79,3,"SVP BIC multiscale",0.0409999999999968,80,0.0389999999999873,80,TRUE,1.05128205128231
"vary_k",10000,79,4,"PELT",0.00200000000000955,80,0.00199999999995271,80,TRUE,1.00000000002842
"vary_k",10000,79,4,"SVP BIC",0.0409999999999968,80,0.04099999999994,80,TRUE,1.00000000000139
"vary_k",10000,79,4,"SVP BIC calibrated",0.0400000000000205,80,0.0419999999999163,80,TRUE,0.952380952383338
"vary_k",10000,79,4,"SVP BIC multiscale",0.0409999999999968,80,0.04099999999994,80,TRUE,1.00000000000139
"vary_k",10000,79,5,"PELT",0.00300000000004275,80,0.00200000000018008,80,TRUE,1.49999999988632
"vary_k",10000,79,5,"SVP BIC",0.0399999999999636,80,0.04099999999994,80,TRUE,0.975609756098101
"vary_k",10000,79,5,"SVP BIC calibrated",0.0400000000000205,80,0.0399999999999636,80,TRUE,1.00000000000142
"vary_k",10000,79,5,"SVP BIC multiscale",0.0409999999999968,80,0.0399999999999636,80,TRUE,1.02500000000085
"vary_k",10000,79,6,"PELT",0.0029999999999859,80,0.00199999999995271,80,TRUE,1.50000000002842
"vary_k",10000,79,6,"SVP BIC",0.0400000000000205,80,0.0399999999999636,80,TRUE,1.00000000000142
"vary_k",10000,79,6,"SVP BIC calibrated",0.0409999999999968,80,0.04099999999994,80,TRUE,1.00000000000139
"vary_k",10000,79,6,"SVP BIC multiscale",0.0409999999999968,80,0.0399999999999636,80,TRUE,1.02500000000085
"vary_k",10000,79,7,"PELT",0.00199999999995271,81,0.00199999999995271,81,TRUE,1
"vary_k",10000,79,7,"SVP BIC",0.0409999999999968,80,0.04099999999994,80,TRUE,1.00000000000139
"vary_k",10000,79,7,"SVP BIC calibrated",0.0409999999999968,80,0.0419999999999163,80,TRUE,0.976190476192346
"vary_k",10000,79,7,"SVP BIC multiscale",0.0409999999999968,80,0.0389999999999873,80,TRUE,1.05128205128231
"vary_k",10000,79,8,"PELT",0.00200000000000955,80,0.00299999999992906,80,TRUE,0.666666666685614
"vary_k",10000,79,8,"SVP BIC",0.0419999999999732,80,0.0399999999999636,80,TRUE,1.05000000000029
"vary_k",10000,79,8,"SVP BIC calibrated",0.0400000000000205,80,0.0410000000001673,80,TRUE,0.97560975609408
"vary_k",10000,79,8,"SVP BIC multiscale",0.0409999999999968,80,0.0389999999999873,80,TRUE,1.05128205128231
"vary_k",10000,79,9,"PELT",0.00199999999995271,80,0.00199999999995271,80,TRUE,1
"vary_k",10000,79,9,"SVP BIC",0.0409999999999968,80,0.0419999999999163,80,TRUE,0.976190476192346
"vary_k",10000,79,9,"SVP BIC calibrated",0.0409999999999968,80,0.0420000000001437,80,TRUE,0.97619047618706
"vary_k",10000,79,9,"SVP BIC multiscale",0.0439999999999827,80,0.0389999999999873,80,TRUE,1.12820512820505
"vary_k",10000,8,1,"PELT",0.0109999999999957,9,0.0109999999999673,9,TRUE,1.00000000000258
"vary_k",10000,8,1,"SVP BIC",0.271999999999991,9,0.287999999999897,9,TRUE,0.944444444444751
"vary_k",10000,8,1,"SVP BIC calibrated",0.27000000000001,9,0.288999999999987,9,TRUE,0.934256055363399
"vary_k",10000,8,1,"SVP BIC multiscale",0.284999999999997,9,0.307000000000016,9,TRUE,0.928338762214926
"vary_k",10000,8,10,"PELT",0.0109999999999957,9,0.0099999999999909,9,TRUE,1.10000000000057
"vary_k",10000,8,10,"SVP BIC",0.269999999999982,9,0.291000000000054,9,TRUE,0.927835051546158
"vary_k",10000,8,10,"SVP BIC calibrated",0.27200000000002,9,0.288000000000011,9,TRUE,0.944444444444478
"vary_k",10000,8,10,"SVP BIC multiscale",0.284999999999997,9,0.300999999999931,9,TRUE,0.946843853820805
"vary_k",10000,8,2,"PELT",0.0120000000000005,9,0.0099999999999909,9,TRUE,1.20000000000114
"vary_k",10000,8,2,"SVP BIC",0.274000000000001,9,0.291999999999916,9,TRUE,0.938356164383835
"vary_k",10000,8,2,"SVP BIC calibrated",0.271000000000015,9,0.288000000000011,9,TRUE,0.940972222222238
"vary_k",10000,8,2,"SVP BIC multiscale",0.283999999999992,10,0.298000000000002,10,TRUE,0.953020134228155
"vary_k",10000,8,3,"PELT",0.0130000000000052,10,0.0120000000000573,10,TRUE,1.08333333332859
"vary_k",10000,8,3,"SVP BIC",0.272999999999996,9,0.293000000000006,9,TRUE,0.931740614334438
"vary_k",10000,8,3,"SVP BIC calibrated",0.271999999999991,9,0.293999999999983,9,TRUE,0.925170068027234
"vary_k",10000,8,3,"SVP BIC multiscale",0.289000000000016,9,0.304000000000087,9,TRUE,0.950657894736623
"vary_k",10000,8,4,"PELT",0.0139999999999816,9,0.0109999999999673,9,TRUE,1.27272727272938
"vary_k",10000,8,4,"SVP BIC",0.271000000000015,9,0.289999999999964,9,TRUE,0.934482758620857
"vary_k",10000,8,4,"SVP BIC calibrated",0.271999999999991,9,0.294999999999959,9,TRUE,0.922033898305182
"vary_k",10000,8,4,"SVP BIC multiscale",0.287000000000006,9,0.30600000000004,9,TRUE,0.937908496731923
"vary_k",10000,8,5,"PELT",0.0129999999999768,9,0.0110000000000809,9,TRUE,1.18181818180738
"vary_k",10000,8,5,"SVP BIC",0.27200000000002,9,0.29200000000003,9,TRUE,0.931506849315041
"vary_k",10000,8,5,"SVP BIC calibrated",0.271999999999991,9,0.290000000000077,9,TRUE,0.937931034482479
"vary_k",10000,8,5,"SVP BIC multiscale",0.283999999999992,9,0.297000000000025,9,TRUE,0.956228956228849
"vary_k",10000,8,6,"PELT",0.0130000000000052,9,0.0119999999999436,9,TRUE,1.08333333333886
"vary_k",10000,8,6,"SVP BIC",0.272999999999996,9,0.293999999999983,9,TRUE,0.928571428571469
"vary_k",10000,8,6,"SVP BIC calibrated",0.275000000000006,9,0.293000000000006,9,TRUE,0.938566552901025
"vary_k",10000,8,6,"SVP BIC multiscale",0.296999999999997,9,0.305000000000064,9,TRUE,0.973770491803065
"vary_k",10000,8,7,"PELT",0.0150000000000148,9,0.01299999999992,9,TRUE,1.15384615385439
"vary_k",10000,8,7,"SVP BIC",0.276999999999987,9,0.294999999999959,9,TRUE,0.938983050847544
"vary_k",10000,8,7,"SVP BIC calibrated",0.275000000000006,9,0.300999999999931,9,TRUE,0.913621262458701
"vary_k",10000,8,7,"SVP BIC multiscale",0.292999999999978,9,0.307000000000016,9,TRUE,0.954397394136686
"vary_k",10000,8,8,"PELT",0.0109999999999957,9,0.01299999999992,9,TRUE,0.846153846158723
"vary_k",10000,8,8,"SVP BIC",0.272999999999996,9,0.29099999999994,9,TRUE,0.938144329897087
"vary_k",10000,8,8,"SVP BIC calibrated",0.270999999999987,9,0.287000000000035,9,TRUE,0.944250871079979
"vary_k",10000,8,8,"SVP BIC multiscale",0.288000000000011,9,0.299999999999955,9,TRUE,0.960000000000181
"vary_k",10000,8,9,"PELT",0.0100000000000193,9,0.0109999999999673,9,TRUE,0.909090909095366
"vary_k",10000,8,9,"SVP BIC",0.272999999999996,9,0.294999999999959,9,TRUE,0.925423728813674
"vary_k",10000,8,9,"SVP BIC calibrated",0.272999999999996,9,0.293999999999983,9,TRUE,0.928571428571469
"vary_k",10000,8,9,"SVP BIC multiscale",0.289000000000016,9,0.301999999999907,9,TRUE,0.956953642384454
"vary_k",10000,80,1,"PELT",0.0029999999999859,81,0.00199999999995271,81,TRUE,1.50000000002842
"vary_k",10000,80,1,"SVP BIC",0.0409999999999968,81,0.04099999999994,81,TRUE,1.00000000000139
"vary_k",10000,80,1,"SVP BIC calibrated",0.0409999999999968,81,0.04099999999994,81,TRUE,1.00000000000139
"vary_k",10000,80,1,"SVP BIC multiscale",0.0430000000000064,81,0.0389999999999873,81,TRUE,1.10256410256463
"vary_k",10000,80,10,"PELT",0.00200000000000955,82,0.00199999999995271,82,TRUE,1.00000000002842
"vary_k",10000,80,10,"SVP BIC",0.0400000000000205,81,0.04099999999994,81,TRUE,0.975609756099489
"vary_k",10000,80,10,"SVP BIC calibrated",0.0409999999999968,81,0.0410000000001673,81,TRUE,0.999999999995842
"vary_k",10000,80,10,"SVP BIC multiscale",0.0409999999999968,81,0.0389999999999873,81,TRUE,1.05128205128231
"vary_k",10000,80,2,"PELT",0.00200000000000955,81,0.00199999999995271,81,TRUE,1.00000000002842
"vary_k",10000,80,2,"SVP BIC",0.04200000000003,81,0.04099999999994,81,TRUE,1.02439024390467
"vary_k",10000,80,2,"SVP BIC calibrated",0.0409999999999968,81,0.0410000000001673,81,TRUE,0.999999999995842
"vary_k",10000,80,2,"SVP BIC multiscale",0.04200000000003,81,0.0399999999999636,81,TRUE,1.05000000000171
"vary_k",10000,80,3,"PELT",0.0029999999999859,81,0.00300000000015643,81,TRUE,0.999999999943157
"vary_k",10000,80,3,"SVP BIC",0.0400000000000205,81,0.0419999999999163,81,TRUE,0.952380952383338
"vary_k",10000,80,3,"SVP BIC calibrated",0.0399999999999636,81,0.0410000000001673,81,TRUE,0.975609756092692
"vary_k",10000,80,3,"SVP BIC multiscale",0.0409999999999968,81,0.0399999999999636,81,TRUE,1.02500000000085
"vary_k",10000,80,4,"PELT",0.0029999999999859,81,0.00199999999995271,81,TRUE,1.50000000002842
"vary_k",10000,80,4,"SVP BIC",0.0400000000000205,81,0.04099999999994,81,TRUE,0.975609756099489
"vary_k",10000,80,4,"SVP BIC calibrated",0.0400000000000205,81,0.0399999999999636,81,TRUE,1.00000000000142
"vary_k",10000,80,4,"SVP BIC multiscale",0.0409999999999968,81,0.0399999999999636,81,TRUE,1.02500000000085
"vary_k",10000,80,5,"PELT",0.00200000000000955,81,0.00299999999992906,81,TRUE,0.666666666685614
"vary_k",10000,80,5,"SVP BIC",0.0400000000000205,81,0.0419999999999163,81,TRUE,0.952380952383338
"vary_k",10000,80,5,"SVP BIC calibrated",0.0400000000000205,81,0.0420000000001437,81,TRUE,0.952380952378182
"vary_k",10000,80,5,"SVP BIC multiscale",0.0409999999999968,81,0.0399999999999636,81,TRUE,1.02500000000085
"vary_k",10000,80,6,"PELT",0.0029999999999859,81,0.00199999999995271,81,TRUE,1.50000000002842
"vary_k",10000,80,6,"SVP BIC",0.0400000000000205,81,0.0410000000001673,81,TRUE,0.97560975609408
"vary_k",10000,80,6,"SVP BIC calibrated",0.0409999999999968,81,0.04099999999994,81,TRUE,1.00000000000139
"vary_k",10000,80,6,"SVP BIC multiscale",0.0409999999999968,81,0.0389999999999873,81,TRUE,1.05128205128231
"vary_k",10000,80,7,"PELT",0.00200000000000955,81,0.00199999999995271,81,TRUE,1.00000000002842
"vary_k",10000,80,7,"SVP BIC",0.0400000000000205,81,0.0419999999999163,81,TRUE,0.952380952383338
"vary_k",10000,80,7,"SVP BIC calibrated",0.0400000000000205,81,0.04099999999994,81,TRUE,0.975609756099489
"vary_k",10000,80,7,"SVP BIC multiscale",0.0409999999999968,81,0.0399999999999636,81,TRUE,1.02500000000085
"vary_k",10000,80,8,"PELT",0.00200000000000955,81,0.00199999999995271,81,TRUE,1.00000000002842
"vary_k",10000,80,8,"SVP BIC",0.0409999999999968,81,0.0410000000001673,81,TRUE,0.999999999995842
"vary_k",10000,80,8,"SVP BIC calibrated",0.0409999999999968,81,0.0419999999999163,81,TRUE,0.976190476192346
"vary_k",10000,80,8,"SVP BIC multiscale",0.0409999999999968,81,0.0399999999999636,81,TRUE,1.02500000000085
"vary_k",10000,80,9,"PELT",0.00200000000000955,81,0.00300000000015643,81,TRUE,0.666666666635088
"vary_k",10000,80,9,"SVP BIC",0.0400000000000205,81,0.0419999999999163,81,TRUE,0.952380952383338
"vary_k",10000,80,9,"SVP BIC calibrated",0.0389999999999873,81,0.04099999999994,81,TRUE,0.951219512196204
"vary_k",10000,80,9,"SVP BIC multiscale",0.0409999999999968,82,0.0399999999999636,82,TRUE,1.02500000000085
"vary_k",10000,81,1,"PELT",0.0029999999999859,82,0.00199999999995271,82,TRUE,1.50000000002842
"vary_k",10000,81,1,"SVP BIC",0.0400000000000205,82,0.04099999999994,82,TRUE,0.975609756099489
"vary_k",10000,81,1,"SVP BIC calibrated",0.0389999999999873,82,0.04099999999994,82,TRUE,0.951219512196204
"vary_k",10000,81,1,"SVP BIC multiscale",0.0409999999999968,82,0.0389999999999873,82,TRUE,1.05128205128231
"vary_k",10000,81,10,"PELT",0.00200000000000955,82,0.00199999999995271,82,TRUE,1.00000000002842
"vary_k",10000,81,10,"SVP BIC",0.0389999999999873,82,0.040000000000191,82,TRUE,0.974999999995027
"vary_k",10000,81,10,"SVP BIC calibrated",0.0389999999999873,82,0.04099999999994,82,TRUE,0.951219512196204
"vary_k",10000,81,10,"SVP BIC multiscale",0.0400000000000205,83,0.0389999999999873,83,TRUE,1.02564102564189
"vary_k",10000,81,2,"PELT",0.00200000000000955,82,0.00299999999992906,82,TRUE,0.666666666685614
"vary_k",10000,81,2,"SVP BIC",0.0389999999999873,82,0.04099999999994,82,TRUE,0.951219512196204
"vary_k",10000,81,2,"SVP BIC calibrated",0.0389999999999873,82,0.0399999999999636,82,TRUE,0.97500000000057
"vary_k",10000,81,2,"SVP BIC multiscale",0.0399999999999636,82,0.0389999999999873,82,TRUE,1.02564102564043
"vary_k",10000,81,3,"PELT",0.00200000000000955,82,0.00199999999995271,82,TRUE,1.00000000002842
"vary_k",10000,81,3,"SVP BIC",0.0389999999999873,82,0.04099999999994,82,TRUE,0.951219512196204
"vary_k",10000,81,3,"SVP BIC calibrated",0.0400000000000205,82,0.0399999999999636,82,TRUE,1.00000000000142
"vary_k",10000,81,3,"SVP BIC multiscale",0.0399999999999636,82,0.0380000000000109,82,TRUE,1.05263157894611
"vary_k",10000,81,4,"PELT",0.00200000000000955,82,0.00199999999995271,82,TRUE,1.00000000002842
"vary_k",10000,81,4,"SVP BIC",0.0399999999999636,82,0.0399999999999636,82,TRUE,1
"vary_k",10000,81,4,"SVP BIC calibrated",0.0400000000000205,82,0.0399999999999636,82,TRUE,1.00000000000142
"vary_k",10000,81,4,"SVP BIC multiscale",0.0400000000000205,82,0.0460000000000491,82,TRUE,0.869565217390822
"vary_k",10000,81,5,"PELT",0.00199999999995271,82,0.00300000000015643,82,TRUE,0.666666666616141
"vary_k",10000,81,5,"SVP BIC",0.0400000000000205,82,0.0419999999999163,82,TRUE,0.952380952383338
"vary_k",10000,81,5,"SVP BIC calibrated",0.0400000000000205,82,0.04099999999994,82,TRUE,0.975609756099489
"vary_k",10000,81,5,"SVP BIC multiscale",0.0409999999999968,82,0.0399999999999636,82,TRUE,1.02500000000085
"vary_k",10000,81,6,"PELT",0.0029999999999859,82,0.00199999999995271,82,TRUE,1.50000000002842
"vary_k",10000,81,6,"SVP BIC",0.0399999999999636,82,0.04099999999994,82,TRUE,0.975609756098101
"vary_k",10000,81,6,"SVP BIC calibrated",0.0400000000000205,82,0.0419999999999163,82,TRUE,0.952380952383338
"vary_k",10000,81,6,"SVP BIC multiscale",0.0409999999999968,82,0.0399999999999636,82,TRUE,1.02500000000085
"vary_k",10000,81,7,"PELT",0.00199999999995271,82,0.00200000000018008,82,TRUE,0.999999999886315
"vary_k",10000,81,7,"SVP BIC",0.0399999999999636,82,0.04099999999994,82,TRUE,0.975609756098101
"vary_k",10000,81,7,"SVP BIC calibrated",0.0389999999999873,83,0.0399999999999636,83,TRUE,0.97500000000057
"vary_k",10000,81,7,"SVP BIC multiscale",0.0409999999999968,83,0.040000000000191,83,TRUE,1.02499999999503
"vary_k",10000,81,8,"PELT",0.00300000000004275,82,0.00199999999995271,82,TRUE,1.50000000005684
"vary_k",10000,81,8,"SVP BIC",0.0389999999999873,82,0.040000000000191,82,TRUE,0.974999999995027
"vary_k",10000,81,8,"SVP BIC calibrated",0.0389999999999873,82,0.0399999999999636,82,TRUE,0.97500000000057
"vary_k",10000,81,8,"SVP BIC multiscale",0.0399999999999636,82,0.0389999999999873,82,TRUE,1.02564102564043
"vary_k",10000,81,9,"PELT",0.00200000000000955,82,0.00199999999995271,82,TRUE,1.00000000002842
"vary_k",10000,81,9,"SVP BIC",0.0389999999999873,82,0.040000000000191,82,TRUE,0.974999999995027
"vary_k",10000,81,9,"SVP BIC calibrated",0.0389999999999873,82,0.04099999999994,82,TRUE,0.951219512196204
"vary_k",10000,81,9,"SVP BIC multiscale",0.0400000000000205,82,0.0389999999999873,82,TRUE,1.02564102564189
"vary_k",10000,82,1,"PELT",0.0029999999999859,83,0.00199999999995271,83,TRUE,1.50000000002842
"vary_k",10000,82,1,"SVP BIC",0.0390000000000441,83,0.0389999999999873,83,TRUE,1.00000000000146
"vary_k",10000,82,1,"SVP BIC calibrated",0.0389999999999873,83,0.0399999999999636,83,TRUE,0.97500000000057
"vary_k",10000,82,1,"SVP BIC multiscale",0.0400000000000205,84,0.0380000000000109,84,TRUE,1.05263157894761
"vary_k",10000,82,10,"PELT",0.00200000000000955,83,0.00199999999995271,83,TRUE,1.00000000002842
"vary_k",10000,82,10,"SVP BIC",0.0389999999999873,83,0.0410000000001673,83,TRUE,0.951219512190931
"vary_k",10000,82,10,"SVP BIC calibrated",0.0389999999999873,83,0.0420000000001437,83,TRUE,0.928571428567949
"vary_k",10000,82,10,"SVP BIC multiscale",0.0409999999999968,83,0.0410000000001673,83,TRUE,0.999999999995842
"vary_k",10000,82,2,"PELT",0.00200000000000955,83,0.00199999999995271,83,TRUE,1.00000000002842
"vary_k",10000,82,2,"SVP BIC",0.0399999999999636,83,0.0389999999999873,83,TRUE,1.02564102564043
"vary_k",10000,82,2,"SVP BIC calibrated",0.0389999999999873,83,0.0399999999999636,83,TRUE,0.97500000000057
"vary_k",10000,82,2,"SVP BIC multiscale",0.0409999999999968,83,0.0389999999999873,83,TRUE,1.05128205128231
"vary_k",10000,82,3,"PELT",0.00200000000000955,83,0.00299999999992906,83,TRUE,0.666666666685614
"vary_k",10000,82,3,"SVP BIC",0.0389999999999873,83,0.040000000000191,83,TRUE,0.974999999995027
"vary_k",10000,82,3,"SVP BIC calibrated",0.0400000000000205,83,0.0399999999999636,83,TRUE,1.00000000000142
"vary_k",10000,82,3,"SVP BIC multiscale",0.0409999999999968,83,0.0389999999999873,83,TRUE,1.05128205128231
"vary_k",10000,82,4,"PELT",0.00200000000000955,83,0.00199999999995271,83,TRUE,1.00000000002842
"vary_k",10000,82,4,"SVP BIC",0.0390000000000441,83,0.0399999999999636,83,TRUE,0.97500000000199
"vary_k",10000,82,4,"SVP BIC calibrated",0.0389999999999873,83,0.0399999999999636,83,TRUE,0.97500000000057
"vary_k",10000,82,4,"SVP BIC multiscale",0.0400000000000205,83,0.0389999999999873,83,TRUE,1.02564102564189
"vary_k",10000,82,5,"PELT",0.0029999999999859,83,0.00199999999995271,83,TRUE,1.50000000002842
"vary_k",10000,82,5,"SVP BIC",0.0389999999999873,83,0.0399999999999636,83,TRUE,0.97500000000057
"vary_k",10000,82,5,"SVP BIC calibrated",0.0389999999999873,83,0.0399999999999636,83,TRUE,0.97500000000057
"vary_k",10000,82,5,"SVP BIC multiscale",0.0409999999999968,83,0.0399999999999636,83,TRUE,1.02500000000085
"vary_k",10000,82,6,"PELT",0.00200000000000955,83,0.00199999999995271,83,TRUE,1.00000000002842
"vary_k",10000,82,6,"SVP BIC",0.0390000000000441,83,0.040000000000191,83,TRUE,0.974999999996447
"vary_k",10000,82,6,"SVP BIC calibrated",0.0400000000000205,83,0.0399999999999636,83,TRUE,1.00000000000142
"vary_k",10000,82,6,"SVP BIC multiscale",0.0400000000000205,85,0.0389999999999873,85,TRUE,1.02564102564189
"vary_k",10000,82,7,"PELT",0.00200000000000955,83,0.00199999999995271,83,TRUE,1.00000000002842
"vary_k",10000,82,7,"SVP BIC",0.0390000000000441,83,0.040000000000191,83,TRUE,0.974999999996447
"vary_k",10000,82,7,"SVP BIC calibrated",0.0389999999999873,83,0.0399999999999636,83,TRUE,0.97500000000057
"vary_k",10000,82,7,"SVP BIC multiscale",0.0400000000000205,83,0.0380000000000109,83,TRUE,1.05263157894761
"vary_k",10000,82,8,"PELT",0.00200000000000955,83,0.00199999999995271,83,TRUE,1.00000000002842
"vary_k",10000,82,8,"SVP BIC",0.0400000000000205,83,0.0399999999999636,83,TRUE,1.00000000000142
"vary_k",10000,82,8,"SVP BIC calibrated",0.0389999999999873,83,0.0399999999999636,83,TRUE,0.97500000000057
"vary_k",10000,82,8,"SVP BIC multiscale",0.0389999999999873,83,0.0389999999999873,83,TRUE,1
"vary_k",10000,82,9,"PELT",0.00200000000000955,83,0.00299999999992906,83,TRUE,0.666666666685614
"vary_k",10000,82,9,"SVP BIC",0.0389999999999873,83,0.040000000000191,83,TRUE,0.974999999995027
"vary_k",10000,82,9,"SVP BIC calibrated",0.0389999999999873,83,0.0399999999999636,83,TRUE,0.97500000000057
"vary_k",10000,82,9,"SVP BIC multiscale",0.0400000000000205,83,0.0390000000002146,83,TRUE,1.02564102563591
"vary_k",10000,83,1,"PELT",0.00199999999995271,84,0.00199999999995271,84,TRUE,1
"vary_k",10000,83,1,"SVP BIC",0.0390000000000441,84,0.040000000000191,84,TRUE,0.974999999996447
"vary_k",10000,83,1,"SVP BIC calibrated",0.0380000000000109,84,0.0389999999999873,84,TRUE,0.974358974359571
"vary_k",10000,83,1,"SVP BIC multiscale",0.0399999999999636,84,0.0380000000000109,84,TRUE,1.05263157894611
"vary_k",10000,83,10,"PELT",0.0029999999999859,84,0.00199999999995271,84,TRUE,1.50000000002842
"vary_k",10000,83,10,"SVP BIC",0.0389999999999873,84,0.04099999999994,84,TRUE,0.951219512196204
"vary_k",10000,83,10,"SVP BIC calibrated",0.0390000000000441,84,0.04099999999994,84,TRUE,0.95121951219759
"vary_k",10000,83,10,"SVP BIC multiscale",0.0400000000000205,84,0.0389999999999873,84,TRUE,1.02564102564189
"vary_k",10000,83,2,"PELT",0.00199999999995271,84,0.00199999999995271,84,TRUE,1
"vary_k",10000,83,2,"SVP BIC",0.0389999999999873,84,0.04099999999994,84,TRUE,0.951219512196204
"vary_k",10000,83,2,"SVP BIC calibrated",0.0389999999999873,84,0.0399999999999636,84,TRUE,0.97500000000057
"vary_k",10000,83,2,"SVP BIC multiscale",0.0400000000000205,84,0.0389999999999873,84,TRUE,1.02564102564189
"vary_k",10000,83,3,"PELT",0.00200000000000955,84,0.00199999999995271,84,TRUE,1.00000000002842
"vary_k",10000,83,3,"SVP BIC",0.0380000000000109,84,0.0410000000001673,84,TRUE,0.926829268289167
"vary_k",10000,83,3,"SVP BIC calibrated",0.0390000000000441,84,0.04099999999994,84,TRUE,0.95121951219759
"vary_k",10000,83,3,"SVP BIC multiscale",0.0389999999999873,84,0.0389999999999873,84,TRUE,1
"vary_k",10000,83,4,"PELT",0.00200000000000955,84,0.00199999999995271,84,TRUE,1.00000000002842
"vary_k",10000,83,4,"SVP BIC",0.0389999999999873,84,0.0389999999999873,84,TRUE,1
"vary_k",10000,83,4,"SVP BIC calibrated",0.0380000000000109,84,0.0399999999999636,84,TRUE,0.950000000001137
"vary_k",10000,83,4,"SVP BIC multiscale",0.0389999999999873,84,0.0380000000000109,84,TRUE,1.02631578947306
"vary_k",10000,83,5,"PELT",0.00200000000000955,84,0.00200000000018008,84,TRUE,0.999999999914735
"vary_k",10000,83,5,"SVP BIC",0.0390000000000441,84,0.0389999999999873,84,TRUE,1.00000000000146
"vary_k",10000,83,5,"SVP BIC calibrated",0.0380000000000109,84,0.04099999999994,84,TRUE,0.926829268294305
"vary_k",10000,83,5,"SVP BIC multiscale",0.0400000000000205,84,0.0380000000000109,84,TRUE,1.05263157894761
"vary_k",10000,83,6,"PELT",0.00199999999995271,84,0.00199999999995271,84,TRUE,1
"vary_k",10000,83,6,"SVP BIC",0.0389999999999873,84,0.0389999999999873,84,TRUE,1
"vary_k",10000,83,6,"SVP BIC calibrated",0.0389999999999873,84,0.04099999999994,84,TRUE,0.951219512196204
"vary_k",10000,83,6,"SVP BIC multiscale",0.0389999999999873,84,0.0389999999999873,84,TRUE,1
"vary_k",10000,83,7,"PELT",0.00200000000000955,84,0.00199999999995271,84,TRUE,1.00000000002842
"vary_k",10000,83,7,"SVP BIC",0.0389999999999873,84,0.0399999999999636,84,TRUE,0.97500000000057
"vary_k",10000,83,7,"SVP BIC calibrated",0.0380000000000109,84,0.0399999999999636,84,TRUE,0.950000000001137
"vary_k",10000,83,7,"SVP BIC multiscale",0.0400000000000205,84,0.0389999999999873,84,TRUE,1.02564102564189
"vary_k",10000,83,8,"PELT",0.00200000000000955,84,0.00199999999995271,84,TRUE,1.00000000002842
"vary_k",10000,83,8,"SVP BIC",0.0400000000000205,84,0.0399999999999636,84,TRUE,1.00000000000142
"vary_k",10000,83,8,"SVP BIC calibrated",0.0389999999999873,84,0.0399999999999636,84,TRUE,0.97500000000057
"vary_k",10000,83,8,"SVP BIC multiscale",0.0400000000000205,84,0.0380000000000109,84,TRUE,1.05263157894761
"vary_k",10000,83,9,"PELT",0.00200000000000955,84,0.00199999999995271,84,TRUE,1.00000000002842
"vary_k",10000,83,9,"SVP BIC",0.0389999999999873,84,0.040000000000191,84,TRUE,0.974999999995027
"vary_k",10000,83,9,"SVP BIC calibrated",0.0389999999999873,84,0.0399999999999636,84,TRUE,0.97500000000057
"vary_k",10000,83,9,"SVP BIC multiscale",0.0400000000000205,84,0.0389999999999873,84,TRUE,1.02564102564189
"vary_k",10000,84,1,"PELT",0.0029999999999859,86,0.00199999999995271,86,TRUE,1.50000000002842
"vary_k",10000,84,1,"SVP BIC",0.0380000000000109,85,0.0399999999999636,85,TRUE,0.950000000001137
"vary_k",10000,84,1,"SVP BIC calibrated",0.0380000000000109,85,0.0399999999999636,85,TRUE,0.950000000001137
"vary_k",10000,84,1,"SVP BIC multiscale",0.0400000000000205,85,0.0389999999999873,85,TRUE,1.02564102564189
"vary_k",10000,84,10,"PELT",0.00200000000000955,85,0.00199999999995271,85,TRUE,1.00000000002842
"vary_k",10000,84,10,"SVP BIC",0.0379999999999541,85,0.040000000000191,85,TRUE,0.949999999994316
"vary_k",10000,84,10,"SVP BIC calibrated",0.0390000000000441,85,0.0399999999999636,85,TRUE,0.97500000000199
"vary_k",10000,84,10,"SVP BIC multiscale",0.0400000000000205,85,0.0380000000000109,85,TRUE,1.05263157894761
"vary_k",10000,84,2,"PELT",0.00200000000000955,85,0.00199999999995271,85,TRUE,1.00000000002842
"vary_k",10000,84,2,"SVP BIC",0.0389999999999873,85,0.0410000000001673,85,TRUE,0.951219512190931
"vary_k",10000,84,2,"SVP BIC calibrated",0.0389999999999873,85,0.0399999999999636,85,TRUE,0.97500000000057
"vary_k",10000,84,2,"SVP BIC multiscale",0.0389999999999873,85,0.0380000000000109,85,TRUE,1.02631578947306
"vary_k",10000,84,3,"PELT",0.00200000000000955,85,0.00299999999992906,85,TRUE,0.666666666685614
"vary_k",10000,84,3,"SVP BIC",0.0380000000000109,85,0.0389999999999873,85,TRUE,0.974358974359571
"vary_k",10000,84,3,"SVP BIC calibrated",0.0379999999999541,85,0.0389999999999873,85,TRUE,0.974358974358115
"vary_k",10000,84,3,"SVP BIC multiscale",0.0389999999999873,85,0.0370000000000346,85,TRUE,1.05405405405273
"vary_k",10000,84,4,"PELT",0.00200000000000955,85,0.00199999999995271,85,TRUE,1.00000000002842
"vary_k",10000,84,4,"SVP BIC",0.0380000000000109,85,0.0399999999999636,85,TRUE,0.950000000001137
"vary_k",10000,84,4,"SVP BIC calibrated",0.0380000000000109,85,0.0399999999999636,85,TRUE,0.950000000001137
"vary_k",10000,84,4,"SVP BIC multiscale",0.0400000000000205,85,0.0389999999999873,85,TRUE,1.02564102564189
"vary_k",10000,84,5,"PELT",0.00200000000000955,85,0.00299999999992906,85,TRUE,0.666666666685614
"vary_k",10000,84,5,"SVP BIC",0.0380000000000109,85,0.0399999999999636,85,TRUE,0.950000000001137
"vary_k",10000,84,5,"SVP BIC calibrated",0.0380000000000109,85,0.0399999999999636,85,TRUE,0.950000000001137
"vary_k",10000,84,5,"SVP BIC multiscale",0.0400000000000205,85,0.0380000000000109,85,TRUE,1.05263157894761
"vary_k",10000,84,6,"PELT",0.00199999999995271,85,0.00199999999995271,85,TRUE,1
"vary_k",10000,84,6,"SVP BIC",0.0380000000000109,85,0.0389999999999873,85,TRUE,0.974358974359571
"vary_k",10000,84,6,"SVP BIC calibrated",0.0379999999999541,85,0.0389999999999873,85,TRUE,0.974358974358115
"vary_k",10000,84,6,"SVP BIC multiscale",0.0389999999999873,85,0.0380000000000109,85,TRUE,1.02631578947306
"vary_k",10000,84,7,"PELT",0.00200000000000955,85,0.00199999999995271,85,TRUE,1.00000000002842
"vary_k",10000,84,7,"SVP BIC",0.0379999999999541,85,0.04099999999994,85,TRUE,0.92682926829292
"vary_k",10000,84,7,"SVP BIC calibrated",0.0380000000000109,85,0.0399999999999636,85,TRUE,0.950000000001137
"vary_k",10000,84,7,"SVP BIC multiscale",0.0389999999999873,85,0.0389999999999873,85,TRUE,1
"vary_k",10000,84,8,"PELT",0.00200000000000955,85,0.00199999999995271,85,TRUE,1.00000000002842
"vary_k",10000,84,8,"SVP BIC",0.0389999999999873,85,0.0399999999999636,85,TRUE,0.97500000000057
"vary_k",10000,84,8,"SVP BIC calibrated",0.0389999999999873,85,0.0410000000001673,85,TRUE,0.951219512190931
"vary_k",10000,84,8,"SVP BIC multiscale",0.0389999999999873,85,0.0380000000000109,85,TRUE,1.02631578947306
"vary_k",10000,84,9,"PELT",0.00199999999995271,85,0.00200000000018008,85,TRUE,0.999999999886315
"vary_k",10000,84,9,"SVP BIC",0.0380000000000109,85,0.0389999999999873,85,TRUE,0.974358974359571
"vary_k",10000,84,9,"SVP BIC calibrated",0.0389999999999873,85,0.0399999999999636,85,TRUE,0.97500000000057
"vary_k",10000,84,9,"SVP BIC multiscale",0.0399999999999636,85,0.0380000000000109,85,TRUE,1.05263157894611
"vary_k",10000,85,1,"PELT",0.00200000000000955,86,0.00199999999995271,86,TRUE,1.00000000002842
"vary_k",10000,85,1,"SVP BIC",0.0380000000000109,86,0.0380000000000109,86,TRUE,1
"vary_k",10000,85,1,"SVP BIC calibrated",0.0389999999999873,86,0.0389999999999873,86,TRUE,1
"vary_k",10000,85,1,"SVP BIC multiscale",0.0390000000000441,86,0.0379999999997835,86,TRUE,1.02631578948069
"vary_k",10000,85,10,"PELT",0.0029999999999859,86,0.00199999999995271,86,TRUE,1.50000000002842
"vary_k",10000,85,10,"SVP BIC",0.0380000000000109,86,0.0390000000002146,86,TRUE,0.974358974353892
"vary_k",10000,85,10,"SVP BIC calibrated",0.0379999999999541,86,0.0389999999999873,86,TRUE,0.974358974358115
"vary_k",10000,85,10,"SVP BIC multiscale",0.0389999999999873,86,0.0370000000000346,86,TRUE,1.05405405405273
"vary_k",10000,85,2,"PELT",0.00300000000004275,87,0.00199999999995271,87,TRUE,1.50000000005684
"vary_k",10000,85,2,"SVP BIC",0.0380000000000109,86,0.0380000000000109,86,TRUE,1
"vary_k",10000,85,2,"SVP BIC calibrated",0.0380000000000109,87,0.0389999999999873,87,TRUE,0.974358974359571
"vary_k",10000,85,2,"SVP BIC multiscale",0.0389999999999873,87,0.0369999999998072,87,TRUE,1.0540540540592
"vary_k",10000,85,3,"PELT",0.00200000000000955,86,0.00299999999992906,86,TRUE,0.666666666685614
"vary_k",10000,85,3,"SVP BIC",0.0379999999999541,86,0.0389999999999873,86,TRUE,0.974358974358115
"vary_k",10000,85,3,"SVP BIC calibrated",0.0380000000000109,86,0.0389999999999873,86,TRUE,0.974358974359571
"vary_k",10000,85,3,"SVP BIC multiscale",0.0400000000000205,86,0.0370000000000346,86,TRUE,1.08108108108062
"vary_k",10000,85,4,"PELT",0.00300000000004275,86,0.00199999999995271,86,TRUE,1.50000000005684
"vary_k",10000,85,4,"SVP BIC",0.0380000000000109,86,0.0399999999999636,86,TRUE,0.950000000001137
"vary_k",10000,85,4,"SVP BIC calibrated",0.0380000000000109,86,0.0380000000000109,86,TRUE,1
"vary_k",10000,85,4,"SVP BIC multiscale",0.0389999999999873,86,0.0380000000000109,86,TRUE,1.02631578947306
"vary_k",10000,85,5,"PELT",0.00200000000000955,86,0.00200000000018008,86,TRUE,0.999999999914735
"vary_k",10000,85,5,"SVP BIC",0.0380000000000109,86,0.0389999999999873,86,TRUE,0.974358974359571
"vary_k",10000,85,5,"SVP BIC calibrated",0.0380000000000109,86,0.0389999999999873,86,TRUE,0.974358974359571
"vary_k",10000,85,5,"SVP BIC multiscale",0.0389999999999873,86,0.0380000000000109,86,TRUE,1.02631578947306
"vary_k",10000,85,6,"PELT",0.00200000000000955,86,0.00200000000018008,86,TRUE,0.999999999914735
"vary_k",10000,85,6,"SVP BIC",0.0380000000000109,86,0.0380000000000109,86,TRUE,1
"vary_k",10000,85,6,"SVP BIC calibrated",0.0380000000000109,86,0.0389999999999873,86,TRUE,0.974358974359571
"vary_k",10000,85,6,"SVP BIC multiscale",0.0389999999999873,86,0.0370000000000346,86,TRUE,1.05405405405273
"vary_k",10000,85,7,"PELT",0.00200000000000955,86,0.00200000000018008,86,TRUE,0.999999999914735
"vary_k",10000,85,7,"SVP BIC",0.0379999999999541,86,0.0389999999999873,86,TRUE,0.974358974358115
"vary_k",10000,85,7,"SVP BIC calibrated",0.0380000000000109,86,0.0380000000000109,86,TRUE,1
"vary_k",10000,85,7,"SVP BIC multiscale",0.0389999999999873,86,0.0369999999998072,86,TRUE,1.0540540540592
"vary_k",10000,85,8,"PELT",0.00200000000000955,86,0.00199999999995271,86,TRUE,1.00000000002842
"vary_k",10000,85,8,"SVP BIC",0.0379999999999541,86,0.0389999999999873,86,TRUE,0.974358974358115
"vary_k",10000,85,8,"SVP BIC calibrated",0.0389999999999873,86,0.0389999999999873,86,TRUE,1
"vary_k",10000,85,8,"SVP BIC multiscale",0.0389999999999873,87,0.0370000000000346,87,TRUE,1.05405405405273
"vary_k",10000,85,9,"PELT",0.00200000000000955,86,0.00199999999995271,86,TRUE,1.00000000002842
"vary_k",10000,85,9,"SVP BIC",0.0380000000000109,86,0.0380000000000109,86,TRUE,1
"vary_k",10000,85,9,"SVP BIC calibrated",0.0380000000000109,86,0.0389999999999873,86,TRUE,0.974358974359571
"vary_k",10000,85,9,"SVP BIC multiscale",0.0400000000000205,86,0.0380000000000109,86,TRUE,1.05263157894761
"vary_k",10000,86,1,"PELT",0.00200000000000955,87,0.00200000000018008,87,TRUE,0.999999999914735
"vary_k",10000,86,1,"SVP BIC",0.0379999999999541,87,0.0389999999999873,87,TRUE,0.974358974358115
"vary_k",10000,86,1,"SVP BIC calibrated",0.0380000000000109,87,0.0380000000000109,87,TRUE,1
"vary_k",10000,86,1,"SVP BIC multiscale",0.0389999999999873,87,0.0369999999998072,87,TRUE,1.0540540540592
"vary_k",10000,86,10,"PELT",0.00199999999995271,87,0.00199999999995271,87,TRUE,1
"vary_k",10000,86,10,"SVP BIC",0.0389999999999873,87,0.0380000000000109,87,TRUE,1.02631578947306
"vary_k",10000,86,10,"SVP BIC calibrated",0.0380000000000109,87,0.0389999999999873,87,TRUE,0.974358974359571
"vary_k",10000,86,10,"SVP BIC multiscale",0.0389999999999873,88,0.0360000000000582,88,TRUE,1.08333333333123
"vary_k",10000,86,2,"PELT",0.00199999999995271,87,0.00199999999995271,87,TRUE,1
"vary_k",10000,86,2,"SVP BIC",0.0370000000000346,87,0.0380000000000109,87,TRUE,0.973684210526947
"vary_k",10000,86,2,"SVP BIC calibrated",0.0379999999999541,87,0.0380000000000109,87,TRUE,0.999999999998505
"vary_k",10000,86,2,"SVP BIC multiscale",0.0390000000000441,87,0.0360000000000582,87,TRUE,1.08333333333281
"vary_k",10000,86,3,"PELT",0.00200000000000955,87,0.00200000000018008,87,TRUE,0.999999999914735
"vary_k",10000,86,3,"SVP BIC",0.0389999999999873,87,0.0380000000000109,87,TRUE,1.02631578947306
"vary_k",10000,86,3,"SVP BIC calibrated",0.0380000000000109,87,0.0380000000000109,87,TRUE,1
"vary_k",10000,86,3,"SVP BIC multiscale",0.0389999999999873,88,0.0370000000000346,88,TRUE,1.05405405405273
"vary_k",10000,86,4,"PELT",0.00200000000000955,87,0.00199999999995271,87,TRUE,1.00000000002842
"vary_k",10000,86,4,"SVP BIC",0.0370000000000346,87,0.0380000000000109,87,TRUE,0.973684210526947
"vary_k",10000,86,4,"SVP BIC calibrated",0.0380000000000109,87,0.0380000000000109,87,TRUE,1
"vary_k",10000,86,4,"SVP BIC multiscale",0.0380000000000109,88,0.0360000000000582,88,TRUE,1.05555555555415
"vary_k",10000,86,5,"PELT",0.0029999999999859,88,0.00199999999995271,88,TRUE,1.50000000002842
"vary_k",10000,86,5,"SVP BIC",0.0380000000000109,87,0.0380000000000109,87,TRUE,1
"vary_k",10000,86,5,"SVP BIC calibrated",0.0380000000000109,87,0.0380000000000109,87,TRUE,1
"vary_k",10000,86,5,"SVP BIC multiscale",0.0380000000000109,87,0.0370000000000346,87,TRUE,1.02702702702636
"vary_k",10000,86,6,"PELT",0.00200000000000955,88,0.00299999999992906,88,TRUE,0.666666666685614
"vary_k",10000,86,6,"SVP BIC",0.0380000000000109,87,0.0380000000000109,87,TRUE,1
"vary_k",10000,86,6,"SVP BIC calibrated",0.0370000000000346,87,0.0389999999999873,87,TRUE,0.948717948719145
"vary_k",10000,86,6,"SVP BIC multiscale",0.0389999999999873,87,0.0370000000000346,87,TRUE,1.05405405405273
"vary_k",10000,86,7,"PELT",0.0029999999999859,87,0.00199999999995271,87,TRUE,1.50000000002842
"vary_k",10000,86,7,"SVP BIC",0.0380000000000109,87,0.0380000000000109,87,TRUE,1
"vary_k",10000,86,7,"SVP BIC calibrated",0.0370000000000346,87,0.0389999999999873,87,TRUE,0.948717948719145
"vary_k",10000,86,7,"SVP BIC multiscale",0.0389999999999873,87,0.0370000000000346,87,TRUE,1.05405405405273
"vary_k",10000,86,8,"PELT",0.00200000000000955,87,0.00199999999995271,87,TRUE,1.00000000002842
"vary_k",10000,86,8,"SVP BIC",0.0380000000000109,87,0.0389999999999873,87,TRUE,0.974358974359571
"vary_k",10000,86,8,"SVP BIC calibrated",0.0380000000000109,87,0.0389999999999873,87,TRUE,0.974358974359571
"vary_k",10000,86,8,"SVP BIC multiscale",0.0389999999999873,87,0.0389999999999873,87,TRUE,1
"vary_k",10000,86,9,"PELT",0.00200000000000955,87,0.00299999999992906,87,TRUE,0.666666666685614
"vary_k",10000,86,9,"SVP BIC",0.0379999999999541,87,0.0399999999999636,87,TRUE,0.949999999999717
"vary_k",10000,86,9,"SVP BIC calibrated",0.0380000000000109,87,0.0389999999999873,87,TRUE,0.974358974359571
"vary_k",10000,86,9,"SVP BIC multiscale",0.0390000000000441,87,0.0380000000000109,87,TRUE,1.02631578947455
"vary_k",10000,87,1,"PELT",0.00200000000000955,88,0.00199999999995271,88,TRUE,1.00000000002842
"vary_k",10000,87,1,"SVP BIC",0.0369999999999777,88,0.0399999999999636,88,TRUE,0.925000000000284
"vary_k",10000,87,1,"SVP BIC calibrated",0.0369999999999777,88,0.0389999999999873,88,TRUE,0.948717948717686
"vary_k",10000,87,1,"SVP BIC multiscale",0.0380000000000109,88,0.0380000000000109,88,TRUE,1
"vary_k",10000,87,10,"PELT",0.00200000000000955,88,0.00199999999995271,88,TRUE,1.00000000002842
"vary_k",10000,87,10,"SVP BIC",0.0369999999999777,88,0.0389999999999873,88,TRUE,0.948717948717686
"vary_k",10000,87,10,"SVP BIC calibrated",0.0369999999999777,88,0.0389999999999873,88,TRUE,0.948717948717686
"vary_k",10000,87,10,"SVP BIC multiscale",0.0389999999999873,88,0.0360000000000582,88,TRUE,1.08333333333123
"vary_k",10000,87,2,"PELT",0.0029999999999859,88,0.00199999999995271,88,TRUE,1.50000000002842
"vary_k",10000,87,2,"SVP BIC",0.0380000000000109,88,0.0389999999999873,88,TRUE,0.974358974359571
"vary_k",10000,87,2,"SVP BIC calibrated",0.0380000000000109,88,0.0389999999999873,88,TRUE,0.974358974359571
"vary_k",10000,87,2,"SVP BIC multiscale",0.0380000000000109,88,0.0369999999998072,88,TRUE,1.02702702703267
"vary_k",10000,87,3,"PELT",0.00199999999995271,88,0.00199999999995271,88,TRUE,1
"vary_k",10000,87,3,"SVP BIC",0.0370000000000346,88,0.0380000000000109,88,TRUE,0.973684210526947
"vary_k",10000,87,3,"SVP BIC calibrated",0.0380000000000109,88,0.0380000000000109,88,TRUE,1
"vary_k",10000,87,3,"SVP BIC multiscale",0.0380000000000109,88,0.0360000000000582,88,TRUE,1.05555555555415
"vary_k",10000,87,4,"PELT",0.0029999999999859,88,0.00199999999995271,88,TRUE,1.50000000002842
"vary_k",10000,87,4,"SVP BIC",0.0380000000000109,88,0.0389999999999873,88,TRUE,0.974358974359571
"vary_k",10000,87,4,"SVP BIC calibrated",0.0380000000000109,88,0.0389999999999873,88,TRUE,0.974358974359571
"vary_k",10000,87,4,"SVP BIC multiscale",0.0380000000000109,88,0.0370000000000346,88,TRUE,1.02702702702636
"vary_k",10000,87,5,"PELT",0.00200000000000955,88,0.00199999999995271,88,TRUE,1.00000000002842
"vary_k",10000,87,5,"SVP BIC",0.0380000000000109,88,0.0389999999999873,88,TRUE,0.974358974359571
"vary_k",10000,87,5,"SVP BIC calibrated",0.0370000000000346,88,0.0380000000000109,88,TRUE,0.973684210526947
"vary_k",10000,87,5,"SVP BIC multiscale",0.0389999999999873,88,0.0370000000000346,88,TRUE,1.05405405405273
"vary_k",10000,87,6,"PELT",0.00200000000000955,88,0.00299999999992906,88,TRUE,0.666666666685614
"vary_k",10000,87,6,"SVP BIC",0.0370000000000346,88,0.0380000000000109,88,TRUE,0.973684210526947
"vary_k",10000,87,6,"SVP BIC calibrated",0.0369999999999777,88,0.0380000000000109,88,TRUE,0.97368421052545
"vary_k",10000,87,6,"SVP BIC multiscale",0.0389999999999873,88,0.0360000000000582,88,TRUE,1.08333333333123
"vary_k",10000,87,7,"PELT",0.00300000000004275,88,0.00199999999995271,88,TRUE,1.50000000005684
"vary_k",10000,87,7,"SVP BIC",0.0380000000000109,88,0.0389999999999873,88,TRUE,0.974358974359571
"vary_k",10000,87,7,"SVP BIC calibrated",0.0380000000000109,88,0.0389999999999873,88,TRUE,0.974358974359571
"vary_k",10000,87,7,"SVP BIC multiscale",0.0379999999999541,88,0.0360000000000582,88,TRUE,1.05555555555257
"vary_k",10000,87,8,"PELT",0.00300000000004275,88,0.00200000000018008,88,TRUE,1.49999999988632
"vary_k",10000,87,8,"SVP BIC",0.0379999999999541,88,0.0380000000000109,88,TRUE,0.999999999998505
"vary_k",10000,87,8,"SVP BIC calibrated",0.0380000000000109,88,0.0380000000000109,88,TRUE,1
"vary_k",10000,87,8,"SVP BIC multiscale",0.0389999999999873,88,0.0370000000000346,88,TRUE,1.05405405405273
"vary_k",10000,87,9,"PELT",0.00200000000000955,88,0.000999999999976353,88,TRUE,2.00000000005684
"vary_k",10000,87,9,"SVP BIC",0.0369999999999777,88,0.0380000000000109,88,TRUE,0.97368421052545
"vary_k",10000,87,9,"SVP BIC calibrated",0.0369999999999777,88,0.0380000000000109,88,TRUE,0.97368421052545
"vary_k",10000,87,9,"SVP BIC multiscale",0.0380000000000109,88,0.0360000000000582,88,TRUE,1.05555555555415
"vary_k",10000,88,1,"PELT",0.00199999999995271,89,0.00199999999995271,89,TRUE,1
"vary_k",10000,88,1,"SVP BIC",0.0369999999999777,89,0.0389999999999873,89,TRUE,0.948717948717686
"vary_k",10000,88,1,"SVP BIC calibrated",0.0370000000000346,89,0.0380000000000109,89,TRUE,0.973684210526947
"vary_k",10000,88,1,"SVP BIC multiscale",0.0380000000000109,89,0.0359999999998308,89,TRUE,1.05555555556082
"vary_k",10000,88,10,"PELT",0.00199999999995271,90,0.00199999999995271,90,TRUE,1
"vary_k",10000,88,10,"SVP BIC",0.0369999999999777,89,0.0389999999999873,89,TRUE,0.948717948717686
"vary_k",10000,88,10,"SVP BIC calibrated",0.0369999999999777,89,0.0380000000000109,89,TRUE,0.97368421052545
"vary_k",10000,88,10,"SVP BIC multiscale",0.0379999999999541,90,0.0370000000000346,90,TRUE,1.02702702702483
"vary_k",10000,88,2,"PELT",0.00199999999995271,89,0.00199999999995271,89,TRUE,1
"vary_k",10000,88,2,"SVP BIC",0.0360000000000014,89,0.0370000000000346,89,TRUE,0.972972972972101
"vary_k",10000,88,2,"SVP BIC calibrated",0.0369999999999777,89,0.0369999999998072,89,TRUE,1.00000000000461
"vary_k",10000,88,2,"SVP BIC multiscale",0.0380000000000109,89,0.0359999999998308,89,TRUE,1.05555555556082
"vary_k",10000,88,3,"PELT",0.00200000000000955,89,0.00199999999995271,89,TRUE,1.00000000002842
"vary_k",10000,88,3,"SVP BIC",0.0370000000000346,89,0.0370000000000346,89,TRUE,1
"vary_k",10000,88,3,"SVP BIC calibrated",0.0369999999999777,89,0.0370000000000346,89,TRUE,0.999999999998462
"vary_k",10000,88,3,"SVP BIC multiscale",0.0380000000000109,90,0.0360000000000582,90,TRUE,1.05555555555415
"vary_k",10000,88,4,"PELT",0.00200000000000955,89,0.00199999999995271,89,TRUE,1.00000000002842
"vary_k",10000,88,4,"SVP BIC",0.0380000000000109,89,0.0380000000000109,89,TRUE,1
"vary_k",10000,88,4,"SVP BIC calibrated",0.0369999999999777,89,0.0380000000000109,89,TRUE,0.97368421052545
"vary_k",10000,88,4,"SVP BIC multiscale",0.0380000000000109,89,0.0360000000000582,89,TRUE,1.05555555555415
"vary_k",10000,88,5,"PELT",0.00199999999995271,89,0.00199999999995271,89,TRUE,1
"vary_k",10000,88,5,"SVP BIC",0.0369999999999777,89,0.0380000000000109,89,TRUE,0.97368421052545
"vary_k",10000,88,5,"SVP BIC calibrated",0.0369999999999777,89,0.0370000000000346,89,TRUE,0.999999999998462
"vary_k",10000,88,5,"SVP BIC multiscale",0.0379999999999541,89,0.0360000000000582,89,TRUE,1.05555555555257
"vary_k",10000,88,6,"PELT",0.00200000000000955,89,0.00199999999995271,89,TRUE,1.00000000002842
"vary_k",10000,88,6,"SVP BIC",0.0380000000000109,89,0.0370000000000346,89,TRUE,1.02702702702636
"vary_k",10000,88,6,"SVP BIC calibrated",0.0369999999999777,89,0.0370000000000346,89,TRUE,0.999999999998462
"vary_k",10000,88,6,"SVP BIC multiscale",0.0380000000000109,89,0.0349999999998545,89,TRUE,1.08571428571911
"vary_k",10000,88,7,"PELT",0.00200000000000955,89,0.00200000000018008,89,TRUE,0.999999999914735
"vary_k",10000,88,7,"SVP BIC",0.0380000000000109,89,0.0370000000000346,89,TRUE,1.02702702702636
"vary_k",10000,88,7,"SVP BIC calibrated",0.0370000000000346,89,0.0380000000000109,89,TRUE,0.973684210526947
"vary_k",10000,88,7,"SVP BIC multiscale",0.0380000000000109,89,0.0359999999998308,89,TRUE,1.05555555556082
"vary_k",10000,88,8,"PELT",0.00300000000004275,89,0.00199999999995271,89,TRUE,1.50000000005684
"vary_k",10000,88,8,"SVP BIC",0.0370000000000346,89,0.0370000000000346,89,TRUE,1
"vary_k",10000,88,8,"SVP BIC calibrated",0.0380000000000109,89,0.0380000000000109,89,TRUE,1
"vary_k",10000,88,8,"SVP BIC multiscale",0.0380000000000109,89,0.0350000000000819,89,TRUE,1.08571428571206
"vary_k",10000,88,9,"PELT",0.00300000000004275,89,0.00200000000018008,89,TRUE,1.49999999988632
"vary_k",10000,88,9,"SVP BIC",0.0370000000000346,89,0.0380000000000109,89,TRUE,0.973684210526947
"vary_k",10000,88,9,"SVP BIC calibrated",0.0369999999999777,90,0.0380000000000109,90,TRUE,0.97368421052545
"vary_k",10000,88,9,"SVP BIC multiscale",0.0380000000000109,90,0.0410000000001673,90,TRUE,0.926829268289167
"vary_k",10000,89,1,"PELT",0.00200000000000955,90,0.00199999999995271,90,TRUE,1.00000000002842
"vary_k",10000,89,1,"SVP BIC",0.0360000000000014,90,0.0380000000000109,90,TRUE,0.947368421052397
"vary_k",10000,89,1,"SVP BIC calibrated",0.0370000000000346,90,0.0380000000000109,90,TRUE,0.973684210526947
"vary_k",10000,89,1,"SVP BIC multiscale",0.0380000000000109,90,0.0360000000000582,90,TRUE,1.05555555555415
"vary_k",10000,89,10,"PELT",0.00200000000000955,90,0.00199999999995271,90,TRUE,1.00000000002842
"vary_k",10000,89,10,"SVP BIC",0.0369999999999777,90,0.0380000000000109,90,TRUE,0.97368421052545
"vary_k",10000,89,10,"SVP BIC calibrated",0.0370000000000346,90,0.0380000000000109,90,TRUE,0.973684210526947
"vary_k",10000,89,10,"SVP BIC multiscale",0.0370000000000346,90,0.0359999999998308,90,TRUE,1.02777777778357
"vary_k",10000,89,2,"PELT",0.00199999999995271,90,0.00199999999995271,90,TRUE,1
"vary_k",10000,89,2,"SVP BIC",0.0369999999999777,90,0.0380000000000109,90,TRUE,0.97368421052545
"vary_k",10000,89,2,"SVP BIC calibrated",0.0369999999999777,90,0.0389999999999873,90,TRUE,0.948717948717686
"vary_k",10000,89,2,"SVP BIC multiscale",0.0379999999999541,90,0.0370000000000346,90,TRUE,1.02702702702483
"vary_k",10000,89,3,"PELT",0.00200000000000955,91,0.00199999999995271,91,TRUE,1.00000000002842
"vary_k",10000,89,3,"SVP BIC",0.0360000000000014,90,0.0389999999999873,90,TRUE,0.92307692307726
"vary_k",10000,89,3,"SVP BIC calibrated",0.0369999999999777,90,0.0380000000000109,90,TRUE,0.97368421052545
"vary_k",10000,89,3,"SVP BIC multiscale",0.0380000000000109,90,0.0359999999998308,90,TRUE,1.05555555556082
"vary_k",10000,89,4,"PELT",0.0029999999999859,90,0.00199999999995271,90,TRUE,1.50000000002842
"vary_k",10000,89,4,"SVP BIC",0.0360000000000014,90,0.0370000000000346,90,TRUE,0.972972972972101
"vary_k",10000,89,4,"SVP BIC calibrated",0.0360000000000014,90,0.0370000000000346,90,TRUE,0.972972972972101
"vary_k",10000,89,4,"SVP BIC multiscale",0.0380000000000109,90,0.0360000000000582,90,TRUE,1.05555555555415
"vary_k",10000,89,5,"PELT",0.00200000000000955,91,0.00200000000018008,91,TRUE,0.999999999914735
"vary_k",10000,89,5,"SVP BIC",0.0369999999999777,90,0.0389999999999873,90,TRUE,0.948717948717686
"vary_k",10000,89,5,"SVP BIC calibrated",0.0360000000000014,90,0.0389999999999873,90,TRUE,0.92307692307726
"vary_k",10000,89,5,"SVP BIC multiscale",0.0379999999999541,91,0.0379999999997835,91,TRUE,1.00000000000449
"vary_k",10000,89,6,"PELT",0.00200000000000955,90,0.00199999999995271,90,TRUE,1.00000000002842
"vary_k",10000,89,6,"SVP BIC",0.0360000000000014,90,0.0380000000000109,90,TRUE,0.947368421052397
"vary_k",10000,89,6,"SVP BIC calibrated",0.0369999999999777,90,0.0380000000000109,90,TRUE,0.97368421052545
"vary_k",10000,89,6,"SVP BIC multiscale",0.0369999999999777,90,0.0360000000000582,90,TRUE,1.0277777777755
"vary_k",10000,89,7,"PELT",0.00199999999995271,90,0.00199999999995271,90,TRUE,1
"vary_k",10000,89,7,"SVP BIC",0.0369999999999777,90,0.0389999999999873,90,TRUE,0.948717948717686
"vary_k",10000,89,7,"SVP BIC calibrated",0.0370000000000346,90,0.0370000000000346,90,TRUE,1
"vary_k",10000,89,7,"SVP BIC multiscale",0.0389999999999873,90,0.0370000000000346,90,TRUE,1.05405405405273
"vary_k",10000,89,8,"PELT",0.00200000000000955,90,0.00199999999995271,90,TRUE,1.00000000002842
"vary_k",10000,89,8,"SVP BIC",0.0369999999999777,90,0.0370000000000346,90,TRUE,0.999999999998462
"vary_k",10000,89,8,"SVP BIC calibrated",0.0369999999999777,90,0.0370000000000346,90,TRUE,0.999999999998462
"vary_k",10000,89,8,"SVP BIC multiscale",0.0380000000000109,90,0.0350000000000819,90,TRUE,1.08571428571206
"vary_k",10000,89,9,"PELT",0.00200000000000955,90,0.00100000000020373,90,TRUE,1.99999999960209
"vary_k",10000,89,9,"SVP BIC",0.0369999999999777,90,0.0370000000000346,90,TRUE,0.999999999998462
"vary_k",10000,89,9,"SVP BIC calibrated",0.0360000000000014,90,0.0380000000000109,90,TRUE,0.947368421052397
"vary_k",10000,89,9,"SVP BIC multiscale",0.0380000000000109,90,0.0360000000000582,90,TRUE,1.05555555555415
"vary_k",10000,9,1,"PELT",0.0099999999999909,10,0.0099999999999909,10,TRUE,1
"vary_k",10000,9,1,"SVP BIC",0.24799999999999,10,0.262000000000057,10,TRUE,0.946564885495939
"vary_k",10000,9,1,"SVP BIC calibrated",0.246000000000009,10,0.263000000000034,10,TRUE,0.935361216729951
"vary_k",10000,9,1,"SVP BIC multiscale",0.259999999999991,10,0.271000000000072,10,TRUE,0.959409594095653
"vary_k",10000,9,10,"PELT",0.0130000000000052,10,0.0149999999999864,10,TRUE,0.866666666667799
"vary_k",10000,9,10,"SVP BIC",0.25,10,0.26299999999992,10,TRUE,0.950570342205612
"vary_k",10000,9,10,"SVP BIC calibrated",0.24799999999999,10,0.267999999999915,10,TRUE,0.925373134328614
"vary_k",10000,9,10,"SVP BIC multiscale",0.259999999999991,10,0.274999999999977,10,TRUE,0.945454545454592
"vary_k",10000,9,2,"PELT",0.0130000000000052,10,0.0149999999999864,10,TRUE,0.866666666667799
"vary_k",10000,9,2,"SVP BIC",0.248000000000019,10,0.265999999999963,10,TRUE,0.93233082706787
"vary_k",10000,9,2,"SVP BIC calibrated",0.249000000000024,10,0.264999999999986,10,TRUE,0.939622641509574
"vary_k",10000,9,2,"SVP BIC multiscale",0.256999999999977,11,0.273000000000025,11,TRUE,0.941391941391771
"vary_k",10000,9,3,"PELT",0.0110000000000241,10,0.0120000000000573,10,TRUE,0.916666666664298
"vary_k",10000,9,3,"SVP BIC",0.245000000000005,10,0.299999999999955,10,TRUE,0.816666666666806
"vary_k",10000,9,3,"SVP BIC calibrated",0.245000000000005,10,0.26400000000001,10,TRUE,0.928030303030287
"vary_k",10000,9,3,"SVP BIC multiscale",0.257000000000005,10,0.278999999999996,10,TRUE,0.921146953405049
"vary_k",10000,9,4,"PELT",0.0099999999999909,10,0.0099999999999909,10,TRUE,1
"vary_k",10000,9,4,"SVP BIC",0.248999999999995,10,0.269999999999982,10,TRUE,0.922222222222265
"vary_k",10000,9,4,"SVP BIC calibrated",0.248999999999995,10,0.268000000000029,10,TRUE,0.929104477611821
"vary_k",10000,9,4,"SVP BIC multiscale",0.260999999999996,10,0.283000000000015,10,TRUE,0.922261484098877
"vary_k",10000,9,5,"PELT",0.00900000000001455,10,0.0120000000000573,10,TRUE,0.749999999997631
"vary_k",10000,9,5,"SVP BIC",0.245999999999981,10,0.264999999999986,10,TRUE,0.92830188679243
"vary_k",10000,9,5,"SVP BIC calibrated",0.245000000000005,10,0.26400000000001,10,TRUE,0.928030303030287
"vary_k",10000,9,5,"SVP BIC multiscale",0.246000000000009,11,0.263000000000034,11,TRUE,0.935361216729951
"vary_k",10000,9,6,"PELT",0.01400000000001,10,0.0109999999999673,10,TRUE,1.27272727273197
"vary_k",10000,9,6,"SVP BIC",0.24799999999999,10,0.271999999999935,10,TRUE,0.911764705882534
"vary_k",10000,9,6,"SVP BIC calibrated",0.248000000000019,10,0.265999999999963,10,TRUE,0.93233082706787
"vary_k",10000,9,6,"SVP BIC multiscale",0.259999999999991,10,0.274000000000001,10,TRUE,0.948905109489015
"vary_k",10000,9,7,"PELT",0.0099999999999909,10,0.0099999999999909,10,TRUE,1
"vary_k",10000,9,7,"SVP BIC",0.248999999999995,10,0.264999999999986,10,TRUE,0.939622641509465
"vary_k",10000,9,7,"SVP BIC calibrated",0.248999999999995,10,0.265999999999963,10,TRUE,0.936090225564021
"vary_k",10000,9,7,"SVP BIC multiscale",0.251000000000005,11,0.260999999999967,11,TRUE,0.96168582375493
"vary_k",10000,9,8,"PELT",0.0099999999999909,10,0.0109999999999673,10,TRUE,0.909090909092784
"vary_k",10000,9,8,"SVP BIC",0.247000000000014,10,0.26400000000001,10,TRUE,0.935606060606078
"vary_k",10000,9,8,"SVP BIC calibrated",0.246999999999986,10,0.260999999999967,10,TRUE,0.946360153256771
"vary_k",10000,9,8,"SVP BIC multiscale",0.25800000000001,10,0.272000000000048,10,TRUE,0.948529411764575
"vary_k",10000,9,9,"PELT",0.0099999999999909,10,0.0130000000000337,10,TRUE,0.769230769228075
"vary_k",10000,9,9,"SVP BIC",0.24199999999999,10,0.259000000000015,10,TRUE,0.934362934362842
"vary_k",10000,9,9,"SVP BIC calibrated",0.243000000000023,10,0.259999999999991,10,TRUE,0.934615384615505
"vary_k",10000,9,9,"SVP BIC multiscale",0.256,10,0.2650000000001,10,TRUE,0.966037735848692
"vary_k",10000,90,1,"PELT",0.00199999999995271,91,0.000999999999976353,91,TRUE,2
"vary_k",10000,90,1,"SVP BIC",0.0370000000000346,91,0.0370000000000346,91,TRUE,1
"vary_k",10000,90,1,"SVP BIC calibrated",0.0370000000000346,91,0.0389999999999873,91,TRUE,0.948717948719145
"vary_k",10000,90,1,"SVP BIC multiscale",0.0380000000000109,91,0.0370000000000346,91,TRUE,1.02702702702636
"vary_k",10000,90,10,"PELT",0.00199999999995271,91,0.00199999999995271,91,TRUE,1
"vary_k",10000,90,10,"SVP BIC",0.0370000000000346,91,0.0369999999998072,91,TRUE,1.00000000000615
"vary_k",10000,90,10,"SVP BIC calibrated",0.0360000000000582,91,0.0370000000000346,91,TRUE,0.972972972973636
"vary_k",10000,90,10,"SVP BIC multiscale",0.0370000000000346,91,0.0350000000000819,91,TRUE,1.05714285714137
"vary_k",10000,90,2,"PELT",0.00200000000000955,91,0.00199999999995271,91,TRUE,1.00000000002842
"vary_k",10000,90,2,"SVP BIC",0.0360000000000014,91,0.0389999999999873,91,TRUE,0.92307692307726
"vary_k",10000,90,2,"SVP BIC calibrated",0.0360000000000014,91,0.0370000000000346,91,TRUE,0.972972972972101
"vary_k",10000,90,2,"SVP BIC multiscale",0.0369999999999777,91,0.0360000000000582,91,TRUE,1.0277777777755
"vary_k",10000,90,3,"PELT",0.00199999999995271,91,0.00200000000018008,91,TRUE,0.999999999886315
"vary_k",10000,90,3,"SVP BIC",0.0360000000000582,91,0.0380000000000109,91,TRUE,0.947368421053891
"vary_k",10000,90,3,"SVP BIC calibrated",0.0370000000000346,91,0.0399999999999636,91,TRUE,0.925000000001707
"vary_k",10000,90,3,"SVP BIC multiscale",0.0380000000000109,91,0.0359999999998308,91,TRUE,1.05555555556082
"vary_k",10000,90,4,"PELT",0.00200000000006639,91,0.00200000000018008,91,TRUE,0.999999999943155
"vary_k",10000,90,4,"SVP BIC",0.0369999999999209,91,0.0370000000000346,91,TRUE,0.999999999996927
"vary_k",10000,90,4,"SVP BIC calibrated",0.0359999999999445,91,0.0370000000000346,91,TRUE,0.972972972970563
"vary_k",10000,90,4,"SVP BIC multiscale",0.0380000000000109,91,0.0370000000000346,91,TRUE,1.02702702702636
"vary_k",10000,90,5,"PELT",0.00199999999995271,92,0.00199999999995271,92,TRUE,1
"vary_k",10000,90,5,"SVP BIC",0.0369999999999209,91,0.0370000000000346,91,TRUE,0.999999999996927
"vary_k",10000,90,5,"SVP BIC calibrated",0.0369999999999209,91,0.0370000000000346,91,TRUE,0.999999999996927
"vary_k",10000,90,5,"SVP BIC multiscale",0.0379999999998972,92,0.0350000000000819,92,TRUE,1.08571428570881
"vary_k",10000,90,6,"PELT",0.00299999999992906,91,0.00200000000018008,91,TRUE,1.49999999982947
"vary_k",10000,90,6,"SVP BIC",0.0359999999999445,91,0.0370000000000346,91,TRUE,0.972972972970563
"vary_k",10000,90,6,"SVP BIC calibrated",0.0370000000000346,91,0.0370000000000346,91,TRUE,1
"vary_k",10000,90,6,"SVP BIC multiscale",0.0380000000000109,91,0.0360000000000582,91,TRUE,1.05555555555415
"vary_k",10000,90,7,"PELT",0.00199999999995271,91,0.000999999999976353,91,TRUE,2
"vary_k",10000,90,7,"SVP BIC",0.0370000000000346,91,0.0369999999998072,91,TRUE,1.00000000000615
"vary_k",10000,90,7,"SVP BIC calibrated",0.0370000000000346,91,0.0369999999998072,91,TRUE,1.00000000000615
"vary_k",10000,90,7,"SVP BIC multiscale",0.0370000000000346,91,0.0359999999998308,91,TRUE,1.02777777778357
"vary_k",10000,90,8,"PELT",0.00199999999995271,91,0.00199999999995271,91,TRUE,1
"vary_k",10000,90,8,"SVP BIC",0.0360000000000582,91,0.0370000000000346,91,TRUE,0.972972972973636
"vary_k",10000,90,8,"SVP BIC calibrated",0.0360000000000582,91,0.0370000000000346,91,TRUE,0.972972972973636
"vary_k",10000,90,8,"SVP BIC multiscale",0.0370000000000346,91,0.0350000000000819,91,TRUE,1.05714285714137
"vary_k",10000,90,9,"PELT",0.00200000000006639,91,0.00200000000018008,91,TRUE,0.999999999943155
"vary_k",10000,90,9,"SVP BIC",0.0370000000000346,91,0.0370000000000346,91,TRUE,1
"vary_k",10000,90,9,"SVP BIC calibrated",0.0359999999999445,91,0.0360000000000582,91,TRUE,0.999999999996842
"vary_k",10000,90,9,"SVP BIC multiscale",0.0380000000000109,91,0.0360000000000582,91,TRUE,1.05555555555415
"vary_k",10000,91,1,"PELT",0.00199999999995271,92,0.00299999999992906,92,TRUE,0.666666666666668
"vary_k",10000,91,1,"SVP BIC",0.0359999999999445,92,0.0370000000000346,92,TRUE,0.972972972970563
"vary_k",10000,91,1,"SVP BIC calibrated",0.0360000000000582,92,0.0359999999998308,92,TRUE,1.00000000000632
"vary_k",10000,91,1,"SVP BIC multiscale",0.0370000000000346,92,0.0349999999998545,92,TRUE,1.05714285714824
"vary_k",10000,91,10,"PELT",0.00200000000006639,92,0.00199999999995271,92,TRUE,1.00000000005684
"vary_k",10000,91,10,"SVP BIC",0.0360000000000582,92,0.0380000000000109,92,TRUE,0.947368421053891
"vary_k",10000,91,10,"SVP BIC calibrated",0.0360000000000582,92,0.0380000000000109,92,TRUE,0.947368421053891
"vary_k",10000,91,10,"SVP BIC multiscale",0.0370000000000346,93,0.0350000000000819,93,TRUE,1.05714285714137
"vary_k",10000,91,2,"PELT",0.00300000000004275,92,0.00199999999995271,92,TRUE,1.50000000005684
"vary_k",10000,91,2,"SVP BIC",0.0359999999999445,92,0.0370000000000346,92,TRUE,0.972972972970563
"vary_k",10000,91,2,"SVP BIC calibrated",0.0359999999999445,92,0.0370000000000346,92,TRUE,0.972972972970563
"vary_k",10000,91,2,"SVP BIC multiscale",0.0380000000000109,92,0.0350000000000819,92,TRUE,1.08571428571206
"vary_k",10000,91,3,"PELT",0.00199999999995271,92,0.00199999999995271,92,TRUE,1
"vary_k",10000,91,3,"SVP BIC",0.0360000000000582,92,0.0359999999998308,92,TRUE,1.00000000000632
"vary_k",10000,91,3,"SVP BIC calibrated",0.0360000000000582,92,0.0360000000000582,92,TRUE,1
"vary_k",10000,91,3,"SVP BIC multiscale",0.0370000000000346,92,0.0350000000000819,92,TRUE,1.05714285714137
"vary_k",10000,91,4,"PELT",0.00300000000004275,92,0.00200000000018008,92,TRUE,1.49999999988632
"vary_k",10000,91,4,"SVP BIC",0.0370000000000346,92,0.0370000000000346,92,TRUE,1
"vary_k",10000,91,4,"SVP BIC calibrated",0.0360000000000582,92,0.0370000000000346,92,TRUE,0.972972972973636
"vary_k",10000,91,4,"SVP BIC multiscale",0.0370000000000346,92,0.0350000000000819,92,TRUE,1.05714285714137
"vary_k",10000,91,5,"PELT",0.00200000000006639,92,0.00199999999995271,92,TRUE,1.00000000005684
"vary_k",10000,91,5,"SVP BIC",0.0370000000000346,92,0.0370000000000346,92,TRUE,1
"vary_k",10000,91,5,"SVP BIC calibrated",0.0370000000000346,92,0.0370000000000346,92,TRUE,1
"vary_k",10000,91,5,"SVP BIC multiscale",0.0380000000000109,92,0.0350000000000819,92,TRUE,1.08571428571206
"vary_k",10000,91,6,"PELT",0.00300000000004275,92,0.00200000000018008,92,TRUE,1.49999999988632
"vary_k",10000,91,6,"SVP BIC",0.0360000000000582,92,0.0370000000000346,92,TRUE,0.972972972973636
"vary_k",10000,91,6,"SVP BIC calibrated",0.0369999999999209,92,0.0360000000000582,92,TRUE,1.02777777777392
"vary_k",10000,91,6,"SVP BIC multiscale",0.0369999999999209,92,0.0360000000000582,92,TRUE,1.02777777777392
"vary_k",10000,91,7,"PELT",0.00199999999995271,92,0.00200000000018008,92,TRUE,0.999999999886315
"vary_k",10000,91,7,"SVP BIC",0.0359999999999445,92,0.0380000000000109,92,TRUE,0.947368421050899
"vary_k",10000,91,7,"SVP BIC calibrated",0.0360000000000582,92,0.0380000000000109,92,TRUE,0.947368421053891
"vary_k",10000,91,7,"SVP BIC multiscale",0.0370000000000346,93,0.0389999999999873,93,TRUE,0.948717948719145
"vary_k",10000,91,8,"PELT",0.00200000000006639,92,0.00199999999995271,92,TRUE,1.00000000005684
"vary_k",10000,91,8,"SVP BIC",0.0369999999999209,92,0.0370000000000346,92,TRUE,0.999999999996927
"vary_k",10000,91,8,"SVP BIC calibrated",0.0359999999999445,92,0.0379999999997835,92,TRUE,0.947368421056569
"vary_k",10000,91,8,"SVP BIC multiscale",0.0370000000000346,92,0.0360000000000582,92,TRUE,1.02777777777708
"vary_k",10000,91,9,"PELT",0.00200000000006639,92,0.00199999999995271,92,TRUE,1.00000000005684
"vary_k",10000,91,9,"SVP BIC",0.0370000000000346,92,0.0389999999999873,92,TRUE,0.948717948719145
"vary_k",10000,91,9,"SVP BIC calibrated",0.0359999999999445,92,0.0379999999997835,92,TRUE,0.947368421056569
"vary_k",10000,91,9,"SVP BIC multiscale",0.0370000000000346,92,0.0399999999999636,92,TRUE,0.925000000001707
"vary_k",10000,92,1,"PELT",0.00199999999995271,93,0.00199999999995271,93,TRUE,1
"vary_k",10000,92,1,"SVP BIC",0.0369999999999209,93,0.0369999999998072,93,TRUE,1.00000000000307
"vary_k",10000,92,1,"SVP BIC calibrated",0.0349999999999682,93,0.0369999999998072,93,TRUE,0.945945945950016
"vary_k",10000,92,1,"SVP BIC multiscale",0.0370000000000346,93,0.0379999999997835,93,TRUE,0.973684210532774
"vary_k",10000,92,10,"PELT",0.00200000000006639,93,0.00199999999995271,93,TRUE,1.00000000005684
"vary_k",10000,92,10,"SVP BIC",0.0370000000000346,93,0.0370000000000346,93,TRUE,1
"vary_k",10000,92,10,"SVP BIC calibrated",0.0360000000000582,93,0.0370000000000346,93,TRUE,0.972972972973636
"vary_k",10000,92,10,"SVP BIC multiscale",0.0370000000000346,93,0.0359999999998308,93,TRUE,1.02777777778357
"vary_k",10000,92,2,"PELT",0.00200000000006639,93,0.00199999999995271,93,TRUE,1.00000000005684
"vary_k",10000,92,2,"SVP BIC",0.0350000000000819,93,0.0360000000000582,93,TRUE,0.972222222222926
"vary_k",10000,92,2,"SVP BIC calibrated",0.0349999999999682,93,0.0360000000000582,93,TRUE,0.972222222219767
"vary_k",10000,92,2,"SVP BIC multiscale",0.0359999999999445,93,0.0350000000000819,93,TRUE,1.02857142856744
"vary_k",10000,92,3,"PELT",0.00199999999995271,93,0.00199999999995271,93,TRUE,1
"vary_k",10000,92,3,"SVP BIC",0.0359999999999445,93,0.0370000000000346,93,TRUE,0.972972972970563
"vary_k",10000,92,3,"SVP BIC calibrated",0.0360000000000582,93,0.0370000000000346,93,TRUE,0.972972972973636
"vary_k",10000,92,3,"SVP BIC multiscale",0.0370000000000346,93,0.0349999999998545,93,TRUE,1.05714285714824
"vary_k",10000,92,4,"PELT",0.00200000000006639,93,0.00199999999995271,93,TRUE,1.00000000005684
"vary_k",10000,92,4,"SVP BIC",0.0360000000000582,93,0.0360000000000582,93,TRUE,1
"vary_k",10000,92,4,"SVP BIC calibrated",0.0360000000000582,93,0.0370000000000346,93,TRUE,0.972972972973636
"vary_k",10000,92,4,"SVP BIC multiscale",0.0370000000000346,93,0.0350000000000819,93,TRUE,1.05714285714137
"vary_k",10000,92,5,"PELT",0.00299999999992906,93,0.00200000000018008,93,TRUE,1.49999999982947
"vary_k",10000,92,5,"SVP BIC",0.0369999999999209,93,0.0380000000000109,93,TRUE,0.973684210523955
"vary_k",10000,92,5,"SVP BIC calibrated",0.0359999999999445,93,0.0380000000000109,93,TRUE,0.947368421050899
"vary_k",10000,92,5,"SVP BIC multiscale",0.0369999999999209,93,0.0360000000000582,93,TRUE,1.02777777777392
"vary_k",10000,92,6,"PELT",0.00199999999995271,93,0.00200000000018008,93,TRUE,0.999999999886315
"vary_k",10000,92,6,"SVP BIC",0.0360000000000582,93,0.0370000000000346,93,TRUE,0.972972972973636
"vary_k",10000,92,6,"SVP BIC calibrated",0.0360000000000582,93,0.0379999999997835,93,TRUE,0.947368421059561
"vary_k",10000,92,6,"SVP BIC multiscale",0.0379999999998972,93,0.0370000000000346,93,TRUE,1.02702702702329
"vary_k",10000,92,7,"PELT",0.00199999999995271,93,0.00199999999995271,93,TRUE,1
"vary_k",10000,92,7,"SVP BIC",0.0370000000000346,93,0.0369999999998072,93,TRUE,1.00000000000615
"vary_k",10000,92,7,"SVP BIC calibrated",0.0369999999999209,93,0.0359999999998308,93,TRUE,1.02777777778041
"vary_k",10000,92,7,"SVP BIC multiscale",0.0380000000000109,94,0.0360000000000582,94,TRUE,1.05555555555415
"vary_k",10000,92,8,"PELT",0.00200000000006639,94,0.00199999999995271,94,TRUE,1.00000000005684
"vary_k",10000,92,8,"SVP BIC",0.0370000000000346,93,0.0369999999998072,93,TRUE,1.00000000000615
"vary_k",10000,92,8,"SVP BIC calibrated",0.0359999999999445,93,0.0359999999998308,93,TRUE,1.00000000000316
"vary_k",10000,92,8,"SVP BIC multiscale",0.0370000000000346,93,0.0349999999998545,93,TRUE,1.05714285714824
"vary_k",10000,92,9,"PELT",0.00199999999995271,93,0.00199999999995271,93,TRUE,1
"vary_k",10000,92,9,"SVP BIC",0.0360000000000582,93,0.0370000000000346,93,TRUE,0.972972972973636
"vary_k",10000,92,9,"SVP BIC calibrated",0.0360000000000582,93,0.0360000000000582,93,TRUE,1
"vary_k",10000,92,9,"SVP BIC multiscale",0.0380000000000109,93,0.0370000000000346,93,TRUE,1.02702702702636
"vary_k",10000,93,1,"PELT",0.00200000000006639,94,0.00199999999995271,94,TRUE,1.00000000005684
"vary_k",10000,93,1,"SVP BIC",0.0349999999999682,94,0.0370000000000346,94,TRUE,0.945945945944202
"vary_k",10000,93,1,"SVP BIC calibrated",0.0359999999999445,94,0.0370000000000346,94,TRUE,0.972972972970563
"vary_k",10000,93,1,"SVP BIC multiscale",0.0359999999999445,94,0.0350000000000819,94,TRUE,1.02857142856744
"vary_k",10000,93,10,"PELT",0.00199999999995271,94,0.00199999999995271,94,TRUE,1
"vary_k",10000,93,10,"SVP BIC",0.0359999999999445,94,0.0370000000000346,94,TRUE,0.972972972970563
"vary_k",10000,93,10,"SVP BIC calibrated",0.0360000000000582,94,0.0369999999998072,94,TRUE,0.972972972979616
"vary_k",10000,93,10,"SVP BIC multiscale",0.0360000000000582,94,0.0349999999998545,94,TRUE,1.02857142857737
"vary_k",10000,93,2,"PELT",0.00199999999995271,94,0.00199999999995271,94,TRUE,1
"vary_k",10000,93,2,"SVP BIC",0.0349999999999682,94,0.0369999999998072,94,TRUE,0.945945945950016
"vary_k",10000,93,2,"SVP BIC calibrated",0.0360000000000582,94,0.0370000000000346,94,TRUE,0.972972972973636
"vary_k",10000,93,2,"SVP BIC multiscale",0.0360000000000582,94,0.0350000000000819,94,TRUE,1.02857142857068
"vary_k",10000,93,3,"PELT",0.00200000000006639,94,0.00200000000018008,94,TRUE,0.999999999943155
"vary_k",10000,93,3,"SVP BIC",0.0359999999999445,94,0.0380000000000109,94,TRUE,0.947368421050899
"vary_k",10000,93,3,"SVP BIC calibrated",0.0349999999999682,94,0.0370000000000346,94,TRUE,0.945945945944202
"vary_k",10000,93,3,"SVP BIC multiscale",0.0370000000000346,94,0.0350000000000819,94,TRUE,1.05714285714137
"vary_k",10000,93,4,"PELT",0.00300000000004275,94,0.00199999999995271,94,TRUE,1.50000000005684
"vary_k",10000,93,4,"SVP BIC",0.0349999999999682,94,0.0369999999998072,94,TRUE,0.945945945950016
"vary_k",10000,93,4,"SVP BIC calibrated",0.0359999999999445,94,0.0360000000000582,94,TRUE,0.999999999996842
"vary_k",10000,93,4,"SVP BIC multiscale",0.0359999999999445,95,0.0350000000000819,95,TRUE,1.02857142856744
"vary_k",10000,93,5,"PELT",0.00299999999992906,94,0.00299999999992906,94,TRUE,1
"vary_k",10000,93,5,"SVP BIC",0.0360000000000582,94,0.0359999999998308,94,TRUE,1.00000000000632
"vary_k",10000,93,5,"SVP BIC calibrated",0.0360000000000582,94,0.0360000000000582,94,TRUE,1
"vary_k",10000,93,5,"SVP BIC multiscale",0.0370000000000346,94,0.0360000000000582,94,TRUE,1.02777777777708
"vary_k",10000,93,6,"PELT",0.00199999999995271,94,0.00199999999995271,94,TRUE,1
"vary_k",10000,93,6,"SVP BIC",0.0379999999998972,94,0.0359999999998308,94,TRUE,1.05555555555766
"vary_k",10000,93,6,"SVP BIC calibrated",0.0349999999999682,94,0.0359999999998308,94,TRUE,0.972222222225908
"vary_k",10000,93,6,"SVP BIC multiscale",0.0369999999999209,94,0.0359999999998308,94,TRUE,1.02777777778041
"vary_k",10000,93,7,"PELT",0.00199999999995271,94,0.00199999999995271,94,TRUE,1
"vary_k",10000,93,7,"SVP BIC",0.0349999999999682,94,0.0360000000000582,94,TRUE,0.972222222219767
"vary_k",10000,93,7,"SVP BIC calibrated",0.0359999999999445,94,0.0380000000000109,94,TRUE,0.947368421050899
"vary_k",10000,93,7,"SVP BIC multiscale",0.0370000000000346,94,0.0360000000000582,94,TRUE,1.02777777777708
"vary_k",10000,93,8,"PELT",0.00200000000006639,94,0.00200000000018008,94,TRUE,0.999999999943155
"vary_k",10000,93,8,"SVP BIC",0.0360000000000582,94,0.04099999999994,94,TRUE,0.878048780490509
"vary_k",10000,93,8,"SVP BIC calibrated",0.0349999999999682,94,0.0380000000000109,94,TRUE,0.921052631577846
"vary_k",10000,93,8,"SVP BIC multiscale",0.0369999999999209,94,0.0360000000000582,94,TRUE,1.02777777777392
"vary_k",10000,93,9,"PELT",0.00199999999995271,94,0.00199999999995271,94,TRUE,1
"vary_k",10000,93,9,"SVP BIC",0.0360000000000582,94,0.0369999999998072,94,TRUE,0.972972972979616
"vary_k",10000,93,9,"SVP BIC calibrated",0.0360000000000582,94,0.0389999999999873,94,TRUE,0.923076923078716
"vary_k",10000,93,9,"SVP BIC multiscale",0.0370000000000346,94,0.0350000000000819,94,TRUE,1.05714285714137
"vary_k",10000,94,1,"PELT",0.00200000000006639,95,0.00199999999995271,95,TRUE,1.00000000005684
"vary_k",10000,94,1,"SVP BIC",0.0349999999999682,95,0.0360000000000582,95,TRUE,0.972222222219767
"vary_k",10000,94,1,"SVP BIC calibrated",0.0349999999999682,95,0.0370000000000346,95,TRUE,0.945945945944202
"vary_k",10000,94,1,"SVP BIC multiscale",0.0359999999999445,95,0.0349999999998545,95,TRUE,1.02857142857412
"vary_k",10000,94,10,"PELT",0.00199999999995271,95,0.00200000000018008,95,TRUE,0.999999999886315
"vary_k",10000,94,10,"SVP BIC",0.0349999999999682,95,0.0370000000000346,95,TRUE,0.945945945944202
"vary_k",10000,94,10,"SVP BIC calibrated",0.0360000000000582,95,0.0370000000000346,95,TRUE,0.972972972973636
"vary_k",10000,94,10,"SVP BIC multiscale",0.0370000000000346,97,0.0340000000001055,97,TRUE,1.08823529411529
"vary_k",10000,94,2,"PELT",0.00199999999995271,95,0.00199999999995271,95,TRUE,1
"vary_k",10000,94,2,"SVP BIC",0.0360000000000582,95,0.0380000000000109,95,TRUE,0.947368421053891
"vary_k",10000,94,2,"SVP BIC calibrated",0.0360000000000582,95,0.0370000000000346,95,TRUE,0.972972972973636
"vary_k",10000,94,2,"SVP BIC multiscale",0.0359999999999445,95,0.0370000000000346,95,TRUE,0.972972972970563
"vary_k",10000,94,3,"PELT",0.00200000000006639,95,0.00199999999995271,95,TRUE,1.00000000005684
"vary_k",10000,94,3,"SVP BIC",0.0360000000000582,95,0.0390000000002146,95,TRUE,0.923076923073336
"vary_k",10000,94,3,"SVP BIC calibrated",0.0349999999999682,95,0.0360000000000582,95,TRUE,0.972222222219767
"vary_k",10000,94,3,"SVP BIC multiscale",0.0370000000000346,95,0.0370000000000346,95,TRUE,1
"vary_k",10000,94,4,"PELT",0.00199999999995271,95,0.00199999999995271,95,TRUE,1
"vary_k",10000,94,4,"SVP BIC",0.0350000000000819,95,0.0359999999998308,95,TRUE,0.972222222229067
"vary_k",10000,94,4,"SVP BIC calibrated",0.0359999999999445,95,0.0370000000000346,95,TRUE,0.972972972970563
"vary_k",10000,94,4,"SVP BIC multiscale",0.0359999999999445,95,0.0350000000000819,95,TRUE,1.02857142856744
"vary_k",10000,94,5,"PELT",0.00200000000006639,95,0.00199999999995271,95,TRUE,1.00000000005684
"vary_k",10000,94,5,"SVP BIC",0.0349999999999682,95,0.0389999999999873,95,TRUE,0.897435897435374
"vary_k",10000,94,5,"SVP BIC calibrated",0.0349999999999682,95,0.0380000000000109,95,TRUE,0.921052631577846
"vary_k",10000,94,5,"SVP BIC multiscale",0.0370000000000346,95,0.0360000000000582,95,TRUE,1.02777777777708
"vary_k",10000,94,6,"PELT",0.00200000000006639,95,0.00200000000018008,95,TRUE,0.999999999943155
"vary_k",10000,94,6,"SVP BIC",0.0360000000000582,95,0.0370000000000346,95,TRUE,0.972972972973636
"vary_k",10000,94,6,"SVP BIC calibrated",0.0359999999999445,95,0.0370000000000346,95,TRUE,0.972972972970563
"vary_k",10000,94,6,"SVP BIC multiscale",0.0359999999999445,95,0.0380000000000109,95,TRUE,0.947368421050899
"vary_k",10000,94,7,"PELT",0.00200000000006639,95,0.00199999999995271,95,TRUE,1.00000000005684
"vary_k",10000,94,7,"SVP BIC",0.0349999999999682,95,0.0369999999998072,95,TRUE,0.945945945950016
"vary_k",10000,94,7,"SVP BIC calibrated",0.0349999999999682,95,0.0369999999998072,95,TRUE,0.945945945950016
"vary_k",10000,94,7,"SVP BIC multiscale",0.0359999999999445,95,0.0350000000000819,95,TRUE,1.02857142856744
"vary_k",10000,94,8,"PELT",0.00199999999995271,95,0.00199999999995271,95,TRUE,1
"vary_k",10000,94,8,"SVP BIC",0.0349999999999682,95,0.0370000000000346,95,TRUE,0.945945945944202
"vary_k",10000,94,8,"SVP BIC calibrated",0.0360000000000582,95,0.0360000000000582,95,TRUE,1
"vary_k",10000,94,8,"SVP BIC multiscale",0.0370000000000346,95,0.0339999999998781,95,TRUE,1.08823529412257
"vary_k",10000,94,9,"PELT",0.00199999999995271,95,0.00199999999995271,95,TRUE,1
"vary_k",10000,94,9,"SVP BIC",0.0359999999999445,95,0.0360000000000582,95,TRUE,0.999999999996842
"vary_k",10000,94,9,"SVP BIC calibrated",0.0350000000000819,95,0.0360000000000582,95,TRUE,0.972222222222926
"vary_k",10000,94,9,"SVP BIC multiscale",0.0360000000000582,95,0.0339999999998781,95,TRUE,1.05882352941727
"vary_k",10000,95,1,"PELT",0.00199999999995271,96,0.000999999999976353,96,TRUE,2
"vary_k",10000,95,1,"SVP BIC",0.0349999999999682,96,0.0360000000000582,96,TRUE,0.972222222219767
"vary_k",10000,95,1,"SVP BIC calibrated",0.0350000000000819,96,0.0360000000000582,96,TRUE,0.972222222222926
"vary_k",10000,95,1,"SVP BIC multiscale",0.0359999999999445,97,0.0350000000000819,97,TRUE,1.02857142856744
"vary_k",10000,95,10,"PELT",0.00199999999995271,96,0.00199999999995271,96,TRUE,1
"vary_k",10000,95,10,"SVP BIC",0.0350000000000819,96,0.0370000000000346,96,TRUE,0.945945945947275
"vary_k",10000,95,10,"SVP BIC calibrated",0.0359999999999445,96,0.0399999999999636,96,TRUE,0.899999999999431
"vary_k",10000,95,10,"SVP BIC multiscale",0.0359999999999445,96,0.0360000000000582,96,TRUE,0.999999999996842
"vary_k",10000,95,2,"PELT",0.00199999999995271,96,0.00399999999990541,96,TRUE,0.500000000000001
"vary_k",10000,95,2,"SVP BIC",0.0349999999999682,96,0.0370000000000346,96,TRUE,0.945945945944202
"vary_k",10000,95,2,"SVP BIC calibrated",0.0349999999999682,96,0.0380000000000109,96,TRUE,0.921052631577846
"vary_k",10000,95,2,"SVP BIC multiscale",0.0359999999999445,96,0.0359999999998308,96,TRUE,1.00000000000316
"vary_k",10000,95,3,"PELT",0.00200000000006639,96,0.00199999999995271,96,TRUE,1.00000000005684
"vary_k",10000,95,3,"SVP BIC",0.0349999999999682,96,0.0359999999998308,96,TRUE,0.972222222225908
"vary_k",10000,95,3,"SVP BIC calibrated",0.0349999999999682,96,0.0370000000000346,96,TRUE,0.945945945944202
"vary_k",10000,95,3,"SVP BIC multiscale",0.0360000000000582,96,0.0370000000000346,96,TRUE,0.972972972973636
"vary_k",10000,95,4,"PELT",0.00199999999995271,96,0.00199999999995271,96,TRUE,1
"vary_k",10000,95,4,"SVP BIC",0.0349999999999682,96,0.0360000000000582,96,TRUE,0.972222222219767
"vary_k",10000,95,4,"SVP BIC calibrated",0.0350000000000819,96,0.0370000000000346,96,TRUE,0.945945945947275
"vary_k",10000,95,4,"SVP BIC multiscale",0.0359999999999445,96,0.0340000000001055,96,TRUE,1.05882352940685
"vary_k",10000,95,5,"PELT",0.00199999999995271,97,0.00199999999995271,97,TRUE,1
"vary_k",10000,95,5,"SVP BIC",0.0359999999999445,96,0.0370000000000346,96,TRUE,0.972972972970563
"vary_k",10000,95,5,"SVP BIC calibrated",0.0349999999999682,96,0.0350000000000819,96,TRUE,0.999999999996751
"vary_k",10000,95,5,"SVP BIC multiscale",0.0359999999999445,96,0.0349999999998545,96,TRUE,1.02857142857412
"vary_k",10000,95,6,"PELT",0.00200000000006639,96,0.00199999999995271,96,TRUE,1.00000000005684
"vary_k",10000,95,6,"SVP BIC",0.0349999999999682,96,0.0350000000000819,96,TRUE,0.999999999996751
"vary_k",10000,95,6,"SVP BIC calibrated",0.0349999999999682,96,0.0350000000000819,96,TRUE,0.999999999996751
"vary_k",10000,95,6,"SVP BIC multiscale",0.0360000000000582,96,0.0349999999998545,96,TRUE,1.02857142857737
"vary_k",10000,95,7,"PELT",0.00300000000004275,96,0.00199999999995271,96,TRUE,1.50000000005684
"vary_k",10000,95,7,"SVP BIC",0.0359999999999445,96,0.0360000000000582,96,TRUE,0.999999999996842
"vary_k",10000,95,7,"SVP BIC calibrated",0.0360000000000582,96,0.0359999999998308,96,TRUE,1.00000000000632
"vary_k",10000,95,7,"SVP BIC multiscale",0.0360000000000582,96,0.0349999999998545,96,TRUE,1.02857142857737
"vary_k",10000,95,8,"PELT",0.00200000000006639,96,0.00199999999995271,96,TRUE,1.00000000005684
"vary_k",10000,95,8,"SVP BIC",0.0350000000000819,96,0.0349999999998545,96,TRUE,1.0000000000065
"vary_k",10000,95,8,"SVP BIC calibrated",0.0349999999999682,96,0.0349999999998545,96,TRUE,1.00000000000325
"vary_k",10000,95,8,"SVP BIC multiscale",0.0370000000000346,96,0.0349999999998545,96,TRUE,1.05714285714824
"vary_k",10000,95,9,"PELT",0.00200000000006639,96,0.00199999999995271,96,TRUE,1.00000000005684
"vary_k",10000,95,9,"SVP BIC",0.0349999999999682,96,0.0360000000000582,96,TRUE,0.972222222219767
"vary_k",10000,95,9,"SVP BIC calibrated",0.0349999999999682,96,0.0370000000000346,96,TRUE,0.945945945944202
"vary_k",10000,95,9,"SVP BIC multiscale",0.0360000000000582,96,0.0349999999998545,96,TRUE,1.02857142857737
"vary_k",10000,96,1,"PELT",0.00199999999995271,97,0.00299999999992906,97,TRUE,0.666666666666668
"vary_k",10000,96,1,"SVP BIC",0.0350000000000819,97,0.0389999999999873,97,TRUE,0.89743589743829
"vary_k",10000,96,1,"SVP BIC calibrated",0.0349999999999682,97,0.0360000000000582,97,TRUE,0.972222222219767
"vary_k",10000,96,1,"SVP BIC multiscale",0.0359999999999445,97,0.0350000000000819,97,TRUE,1.02857142856744
"vary_k",10000,96,10,"PELT",0.00300000000004275,97,0.00200000000018008,97,TRUE,1.49999999988632
"vary_k",10000,96,10,"SVP BIC",0.0349999999999682,97,0.0360000000000582,97,TRUE,0.972222222219767
"vary_k",10000,96,10,"SVP BIC calibrated",0.0349999999999682,97,0.0389999999999873,97,TRUE,0.897435897435374
"vary_k",10000,96,10,"SVP BIC multiscale",0.0349999999999682,97,0.0340000000001055,97,TRUE,1.02941176470175
"vary_k",10000,96,2,"PELT",0.00199999999995271,97,0.00199999999995271,97,TRUE,1
"vary_k",10000,96,2,"SVP BIC",0.0349999999999682,97,0.0370000000000346,97,TRUE,0.945945945944202
"vary_k",10000,96,2,"SVP BIC calibrated",0.0350000000000819,97,0.0360000000000582,97,TRUE,0.972222222222926
"vary_k",10000,96,2,"SVP BIC multiscale",0.0360000000000582,97,0.0349999999998545,97,TRUE,1.02857142857737
"vary_k",10000,96,3,"PELT",0.00200000000006639,97,0.00199999999995271,97,TRUE,1.00000000005684
"vary_k",10000,96,3,"SVP BIC",0.0349999999999682,97,0.0360000000000582,97,TRUE,0.972222222219767
"vary_k",10000,96,3,"SVP BIC calibrated",0.0339999999999918,97,0.0350000000000819,97,TRUE,0.971428571426064
"vary_k",10000,96,3,"SVP BIC multiscale",0.0349999999999682,97,0.0339999999998781,97,TRUE,1.02941176470864
"vary_k",10000,96,4,"PELT",0.00199999999995271,97,0.000999999999976353,97,TRUE,2
"vary_k",10000,96,4,"SVP BIC",0.0350000000000819,97,0.0369999999998072,97,TRUE,0.945945945953089
"vary_k",10000,96,4,"SVP BIC calibrated",0.0339999999999918,97,0.0370000000000346,97,TRUE,0.918918918917838
"vary_k",10000,96,4,"SVP BIC multiscale",0.0360000000000582,97,0.0359999999998308,97,TRUE,1.00000000000632
"vary_k",10000,96,5,"PELT",0.00199999999995271,97,0.00299999999992906,97,TRUE,0.666666666666668
"vary_k",10000,96,5,"SVP BIC",0.0349999999999682,97,0.0380000000000109,97,TRUE,0.921052631577846
"vary_k",10000,96,5,"SVP BIC calibrated",0.0339999999999918,97,0.0360000000000582,97,TRUE,0.94444444444269
"vary_k",10000,96,5,"SVP BIC multiscale",0.0370000000000346,97,0.0350000000000819,97,TRUE,1.05714285714137
"vary_k",10000,96,6,"PELT",0.00199999999995271,97,0.00200000000018008,97,TRUE,0.999999999886315
"vary_k",10000,96,6,"SVP BIC",0.0349999999999682,97,0.0360000000000582,97,TRUE,0.972222222219767
"vary_k",10000,96,6,"SVP BIC calibrated",0.0350000000000819,97,0.0380000000000109,97,TRUE,0.921052631580838
"vary_k",10000,96,6,"SVP BIC multiscale",0.0359999999999445,97,0.0359999999998308,97,TRUE,1.00000000000316
"vary_k",10000,96,7,"PELT",0.00199999999995271,97,0.00199999999995271,97,TRUE,1
"vary_k",10000,96,7,"SVP BIC",0.0339999999999918,97,0.0370000000000346,97,TRUE,0.918918918917838
"vary_k",10000,96,7,"SVP BIC calibrated",0.0349999999999682,97,0.0360000000000582,97,TRUE,0.972222222219767
"vary_k",10000,96,7,"SVP BIC multiscale",0.0360000000000582,97,0.0350000000000819,97,TRUE,1.02857142857068
"vary_k",10000,96,8,"PELT",0.00199999999995271,97,0.00199999999995271,97,TRUE,1
"vary_k",10000,96,8,"SVP BIC",0.0350000000000819,97,0.0360000000000582,97,TRUE,0.972222222222926
"vary_k",10000,96,8,"SVP BIC calibrated",0.0349999999999682,97,0.0389999999999873,97,TRUE,0.897435897435374
"vary_k",10000,96,8,"SVP BIC multiscale",0.0359999999999445,97,0.0360000000000582,97,TRUE,0.999999999996842
"vary_k",10000,96,9,"PELT",0.00300000000004275,97,0.00299999999992906,97,TRUE,1.0000000000379
"vary_k",10000,96,9,"SVP BIC",0.0349999999999682,97,0.0370000000000346,97,TRUE,0.945945945944202
"vary_k",10000,96,9,"SVP BIC calibrated",0.0349999999999682,97,0.0349999999998545,97,TRUE,1.00000000000325
"vary_k",10000,96,9,"SVP BIC multiscale",0.0359999999999445,97,0.0339999999998781,97,TRUE,1.05882352941393
"vary_k",10000,97,1,"PELT",0.00199999999995271,98,0.000999999999976353,98,TRUE,2
"vary_k",10000,97,1,"SVP BIC",0.0349999999999682,98,0.0350000000000819,98,TRUE,0.999999999996751
"vary_k",10000,97,1,"SVP BIC calibrated",0.0349999999999682,98,0.0350000000000819,98,TRUE,0.999999999996751
"vary_k",10000,97,1,"SVP BIC multiscale",0.0360000000000582,98,0.0339999999998781,98,TRUE,1.05882352941727
"vary_k",10000,97,10,"PELT",0.00200000000006639,98,0.000999999999976353,98,TRUE,2.00000000011368
"vary_k",10000,97,10,"SVP BIC",0.0349999999999682,98,0.0360000000000582,98,TRUE,0.972222222219767
"vary_k",10000,97,10,"SVP BIC calibrated",0.0350000000000819,98,0.0350000000000819,98,TRUE,1
"vary_k",10000,97,10,"SVP BIC multiscale",0.0359999999999445,98,0.0329999999999018,98,TRUE,1.09090909091066
"vary_k",10000,97,2,"PELT",0.00199999999995271,98,0.00199999999995271,98,TRUE,1
"vary_k",10000,97,2,"SVP BIC",0.0349999999999682,98,0.0360000000000582,98,TRUE,0.972222222219767
"vary_k",10000,97,2,"SVP BIC calibrated",0.0350000000000819,99,0.0360000000000582,99,TRUE,0.972222222222926
"vary_k",10000,97,2,"SVP BIC multiscale",0.0359999999999445,100,0.0350000000000819,100,TRUE,1.02857142856744
"vary_k",10000,97,3,"PELT",0.00199999999995271,98,0.00199999999995271,98,TRUE,1
"vary_k",10000,97,3,"SVP BIC",0.0350000000000819,98,0.0359999999998308,98,TRUE,0.972222222229067
"vary_k",10000,97,3,"SVP BIC calibrated",0.0339999999999918,98,0.0349999999998545,98,TRUE,0.971428571432375
"vary_k",10000,97,3,"SVP BIC multiscale",0.0349999999999682,98,0.0349999999998545,98,TRUE,1.00000000000325
"vary_k",10000,97,4,"PELT",0.00200000000006639,98,0.00199999999995271,98,TRUE,1.00000000005684
"vary_k",10000,97,4,"SVP BIC",0.0359999999999445,98,0.0360000000000582,98,TRUE,0.999999999996842
"vary_k",10000,97,4,"SVP BIC calibrated",0.0349999999999682,98,0.0359999999998308,98,TRUE,0.972222222225908
"vary_k",10000,97,4,"SVP BIC multiscale",0.0360000000000582,98,0.0349999999998545,98,TRUE,1.02857142857737
"vary_k",10000,97,5,"PELT",0.00300000000004275,98,0.00199999999995271,98,TRUE,1.50000000005684
"vary_k",10000,97,5,"SVP BIC",0.0349999999999682,98,0.0370000000000346,98,TRUE,0.945945945944202
"vary_k",10000,97,5,"SVP BIC calibrated",0.0349999999999682,98,0.0380000000000109,98,TRUE,0.921052631577846
"vary_k",10000,97,5,"SVP BIC multiscale",0.0360000000000582,98,0.0350000000000819,98,TRUE,1.02857142857068
"vary_k",10000,97,6,"PELT",0.00200000000006639,98,0.00199999999995271,98,TRUE,1.00000000005684
"vary_k",10000,97,6,"SVP BIC",0.0349999999999682,98,0.0350000000000819,98,TRUE,0.999999999996751
"vary_k",10000,97,6,"SVP BIC calibrated",0.0350000000000819,98,0.0360000000000582,98,TRUE,0.972222222222926
"vary_k",10000,97,6,"SVP BIC multiscale",0.0349999999999682,98,0.0360000000000582,98,TRUE,0.972222222219767
"vary_k",10000,97,7,"PELT",0.00199999999995271,98,0.00199999999995271,98,TRUE,1
"vary_k",10000,97,7,"SVP BIC",0.0349999999999682,98,0.0360000000000582,98,TRUE,0.972222222219767
"vary_k",10000,97,7,"SVP BIC calibrated",0.0350000000000819,98,0.0350000000000819,98,TRUE,1
"vary_k",10000,97,7,"SVP BIC multiscale",0.0359999999999445,98,0.0350000000000819,98,TRUE,1.02857142856744
"vary_k",10000,97,8,"PELT",0.00200000000006639,98,0.00199999999995271,98,TRUE,1.00000000005684
"vary_k",10000,97,8,"SVP BIC",0.0339999999999918,98,0.0350000000000819,98,TRUE,0.971428571426064
"vary_k",10000,97,8,"SVP BIC calibrated",0.0350000000000819,98,0.0350000000000819,98,TRUE,1
"vary_k",10000,97,8,"SVP BIC multiscale",0.0359999999999445,98,0.0340000000001055,98,TRUE,1.05882352940685
"vary_k",10000,97,9,"PELT",0.00199999999995271,98,0.00199999999995271,98,TRUE,1
"vary_k",10000,97,9,"SVP BIC",0.0339999999999918,98,0.0350000000000819,98,TRUE,0.971428571426064
"vary_k",10000,97,9,"SVP BIC calibrated",0.0339999999999918,98,0.0350000000000819,98,TRUE,0.971428571426064
"vary_k",10000,97,9,"SVP BIC multiscale",0.0349999999999682,98,0.0340000000001055,98,TRUE,1.02941176470175
"vary_k",10000,98,1,"PELT",0.00199999999995271,99,0.00199999999995271,99,TRUE,1
"vary_k",10000,98,1,"SVP BIC",0.0339999999999918,99,0.0359999999998308,99,TRUE,0.944444444448656
"vary_k",10000,98,1,"SVP BIC calibrated",0.0339999999999918,99,0.0349999999998545,99,TRUE,0.971428571432375
"vary_k",10000,98,1,"SVP BIC multiscale",0.0360000000000582,99,0.0340000000001055,99,TRUE,1.05882352941019
"vary_k",10000,98,10,"PELT",0.00199999999995271,99,0.00200000000018008,99,TRUE,0.999999999886315
"vary_k",10000,98,10,"SVP BIC",0.0339999999999918,99,0.0370000000000346,99,TRUE,0.918918918917838
"vary_k",10000,98,10,"SVP BIC calibrated",0.0330000000000155,99,0.0360000000000582,99,TRUE,0.916666666665615
"vary_k",10000,98,10,"SVP BIC multiscale",0.0350000000000819,99,0.0350000000000819,99,TRUE,1
"vary_k",10000,98,2,"PELT",0.00200000000006639,99,0.00199999999995271,99,TRUE,1.00000000005684
"vary_k",10000,98,2,"SVP BIC",0.0349999999999682,99,0.0359999999998308,99,TRUE,0.972222222225908
"vary_k",10000,98,2,"SVP BIC calibrated",0.0339999999999918,99,0.0349999999998545,99,TRUE,0.971428571432375
"vary_k",10000,98,2,"SVP BIC multiscale",0.0349999999999682,99,0.0329999999999018,99,TRUE,1.06060606060825
"vary_k",10000,98,3,"PELT",0.00199999999995271,99,0.00199999999995271,99,TRUE,1
"vary_k",10000,98,3,"SVP BIC",0.0349999999999682,99,0.0350000000000819,99,TRUE,0.999999999996751
"vary_k",10000,98,3,"SVP BIC calibrated",0.0339999999999918,99,0.0360000000000582,99,TRUE,0.94444444444269
"vary_k",10000,98,3,"SVP BIC multiscale",0.0349999999999682,99,0.0340000000001055,99,TRUE,1.02941176470175
"vary_k",10000,98,4,"PELT",0.00199999999995271,99,0.00199999999995271,99,TRUE,1
"vary_k",10000,98,4,"SVP BIC",0.0339999999999918,99,0.0349999999998545,99,TRUE,0.971428571432375
"vary_k",10000,98,4,"SVP BIC calibrated",0.0339999999999918,99,0.0350000000000819,99,TRUE,0.971428571426064
"vary_k",10000,98,4,"SVP BIC multiscale",0.0359999999999445,99,0.0340000000001055,99,TRUE,1.05882352940685
"vary_k",10000,98,5,"PELT",0.00200000000006639,99,0.00200000000018008,99,TRUE,0.999999999943155
"vary_k",10000,98,5,"SVP BIC",0.0350000000000819,99,0.0349999999998545,99,TRUE,1.0000000000065
"vary_k",10000,98,5,"SVP BIC calibrated",0.0339999999999918,99,0.0349999999998545,99,TRUE,0.971428571432375
"vary_k",10000,98,5,"SVP BIC multiscale",0.0349999999999682,99,0.0340000000001055,99,TRUE,1.02941176470175
"vary_k",10000,98,6,"PELT",0.00199999999995271,99,0.00199999999995271,99,TRUE,1
"vary_k",10000,98,6,"SVP BIC",0.0339999999999918,99,0.0349999999998545,99,TRUE,0.971428571432375
"vary_k",10000,98,6,"SVP BIC calibrated",0.0340000000001055,99,0.0339999999998781,99,TRUE,1.00000000000669
"vary_k",10000,98,6,"SVP BIC multiscale",0.0339999999999918,99,0.0329999999999018,99,TRUE,1.03030303030585
"vary_k",10000,98,7,"PELT",0.00299999999992906,99,0.00199999999995271,99,TRUE,1.5
"vary_k",10000,98,7,"SVP BIC",0.0349999999999682,99,0.0339999999998781,99,TRUE,1.02941176470864
"vary_k",10000,98,7,"SVP BIC calibrated",0.0350000000000819,99,0.0340000000001055,99,TRUE,1.0294117647051
"vary_k",10000,98,7,"SVP BIC multiscale",0.0339999999999918,99,0.0320000000001528,99,TRUE,1.06249999999467
"vary_k",10000,98,8,"PELT",0.00199999999995271,99,0.00199999999995271,99,TRUE,1
"vary_k",10000,98,8,"SVP BIC",0.0349999999999682,99,0.0340000000001055,99,TRUE,1.02941176470175
"vary_k",10000,98,8,"SVP BIC calibrated",0.0340000000001055,99,0.0340000000001055,99,TRUE,1
"vary_k",10000,98,8,"SVP BIC multiscale",0.0349999999999682,99,0.0330000000001291,99,TRUE,1.06060606060095
"vary_k",10000,98,9,"PELT",0.00199999999995271,99,0.00199999999995271,99,TRUE,1
"vary_k",10000,98,9,"SVP BIC",0.0349999999999682,99,0.0350000000000819,99,TRUE,0.999999999996751
"vary_k",10000,98,9,"SVP BIC calibrated",0.0339999999999918,99,0.0340000000001055,99,TRUE,0.999999999996656
"vary_k",10000,98,9,"SVP BIC multiscale",0.0350000000000819,99,0.0330000000001291,99,TRUE,1.06060606060439
"vary_k",10000,99,1,"PELT",0.00200000000006639,100,0.00199999999995271,100,TRUE,1.00000000005684
"vary_k",10000,99,1,"SVP BIC",0.0330000000000155,100,0.0349999999998545,100,TRUE,0.942857142861505
"vary_k",10000,99,1,"SVP BIC calibrated",0.0339999999999918,100,0.0339999999998781,100,TRUE,1.00000000000334
"vary_k",10000,99,1,"SVP BIC multiscale",0.0349999999999682,100,0.0360000000000582,100,TRUE,0.972222222219767
"vary_k",10000,99,10,"PELT",0.00199999999995271,100,0.00199999999995271,100,TRUE,1
"vary_k",10000,99,10,"SVP BIC",0.0330000000000155,100,0.0350000000000819,100,TRUE,0.94285714285538
"vary_k",10000,99,10,"SVP BIC calibrated",0.0330000000000155,100,0.0360000000000582,100,TRUE,0.916666666665615
"vary_k",10000,99,10,"SVP BIC multiscale",0.0339999999999918,100,0.0340000000001055,100,TRUE,0.999999999996656
"vary_k",10000,99,2,"PELT",0.00200000000006639,100,0.00199999999995271,100,TRUE,1.00000000005684
"vary_k",10000,99,2,"SVP BIC",0.0339999999999918,100,0.0350000000000819,100,TRUE,0.971428571426064
"vary_k",10000,99,2,"SVP BIC calibrated",0.0339999999999918,100,0.0350000000000819,100,TRUE,0.971428571426064
"vary_k",10000,99,2,"SVP BIC multiscale",0.0349999999999682,101,0.0329999999999018,101,TRUE,1.06060606060825
"vary_k",10000,99,3,"PELT",0.00199999999995271,100,0.00199999999995271,100,TRUE,1
"vary_k",10000,99,3,"SVP BIC",0.0330000000000155,100,0.0360000000000582,100,TRUE,0.916666666665615
"vary_k",10000,99,3,"SVP BIC calibrated",0.0330000000000155,100,0.0360000000000582,100,TRUE,0.916666666665615
"vary_k",10000,99,3,"SVP BIC multiscale",0.0349999999999682,100,0.0350000000000819,100,TRUE,0.999999999996751
"vary_k",10000,99,4,"PELT",0.00199999999995271,100,0.00199999999995271,100,TRUE,1
"vary_k",10000,99,4,"SVP BIC",0.0330000000000155,100,0.0359999999998308,100,TRUE,0.916666666671406
"vary_k",10000,99,4,"SVP BIC calibrated",0.0339999999999918,100,0.0370000000000346,100,TRUE,0.918918918917838
"vary_k",10000,99,4,"SVP BIC multiscale",0.0339999999999918,100,0.0339999999998781,100,TRUE,1.00000000000334
"vary_k",10000,99,5,"PELT",0.00199999999995271,101,0.00200000000018008,101,TRUE,0.999999999886315
"vary_k",10000,99,5,"SVP BIC",0.0340000000001055,100,0.0350000000000819,100,TRUE,0.971428571429312
"vary_k",10000,99,5,"SVP BIC calibrated",0.0339999999999918,100,0.0350000000000819,100,TRUE,0.971428571426064
"vary_k",10000,99,5,"SVP BIC multiscale",0.0349999999999682,100,0.0340000000001055,100,TRUE,1.02941176470175
"vary_k",10000,99,6,"PELT",0.00199999999995271,100,0.00199999999995271,100,TRUE,1
"vary_k",10000,99,6,"SVP BIC",0.0339999999999918,100,0.0370000000000346,100,TRUE,0.918918918917838
"vary_k",10000,99,6,"SVP BIC calibrated",0.0339999999999918,100,0.0350000000000819,100,TRUE,0.971428571426064
"vary_k",10000,99,6,"SVP BIC multiscale",0.0349999999999682,100,0.0330000000001291,100,TRUE,1.06060606060095
"vary_k",10000,99,7,"PELT",0.00199999999995271,100,0.00199999999995271,100,TRUE,1
"vary_k",10000,99,7,"SVP BIC",0.0339999999999918,100,0.0350000000000819,100,TRUE,0.971428571426064
"vary_k",10000,99,7,"SVP BIC calibrated",0.0339999999999918,100,0.0350000000000819,100,TRUE,0.971428571426064
"vary_k",10000,99,7,"SVP BIC multiscale",0.0339999999999918,100,0.0330000000001291,100,TRUE,1.03030303029875
"vary_k",10000,99,8,"PELT",0.00200000000006639,100,0.00200000000018008,100,TRUE,0.999999999943155
"vary_k",10000,99,8,"SVP BIC",0.0339999999999918,100,0.0349999999998545,100,TRUE,0.971428571432375
"vary_k",10000,99,8,"SVP BIC calibrated",0.0330000000000155,100,0.0349999999998545,100,TRUE,0.942857142861505
"vary_k",10000,99,8,"SVP BIC multiscale",0.0349999999999682,100,0.0349999999998545,100,TRUE,1.00000000000325
"vary_k",10000,99,9,"PELT",0.00199999999995271,100,0.00199999999995271,100,TRUE,1
"vary_k",10000,99,9,"SVP BIC",0.0339999999999918,100,0.0360000000000582,100,TRUE,0.94444444444269
"vary_k",10000,99,9,"SVP BIC calibrated",0.0339999999999918,100,0.0350000000000819,100,TRUE,0.971428571426064
"vary_k",10000,99,9,"SVP BIC multiscale",0.0349999999999682,100,0.0340000000001055,100,TRUE,1.02941176470175
"vary_n",10575,0,1,"PELT",0.109000000000002,1,0.103000000000009,1,TRUE,1.05825242718439
"vary_n",10575,0,1,"SVP BIC",0.0139999999999958,1,0.01400000000001,1,TRUE,0.999999999998986
"vary_n",10575,0,1,"SVP BIC calibrated",0.0139999999999958,1,0.0139999999999816,1,TRUE,1.00000000000101
"vary_n",10575,0,1,"SVP BIC multiscale",0.00100000000000477,1,4.821,1,TRUE,0.000207425845261309
"vary_n",10575,0,10,"PELT",0.102000000000004,1,0.10499999999999,1,TRUE,0.971428571428702
"vary_n",10575,0,10,"SVP BIC",0.0129999999999981,1,0.0130000000000052,1,TRUE,0.999999999999454
"vary_n",10575,0,10,"SVP BIC calibrated",0.0140000000000029,1,0.01400000000001,1,TRUE,0.999999999999493
"vary_n",10575,0,10,"SVP BIC multiscale",0.000999999999997669,1,1.655,2,FALSE,0.000604229607249347
"vary_n",10575,0,11,"PELT",0.0829999999999984,1,0.0840000000000032,1,TRUE,0.988095238095181
"vary_n",10575,0,11,"SVP BIC",0.0129999999999981,1,0.0139999999999816,1,TRUE,0.928571428572513
"vary_n",10575,0,11,"SVP BIC calibrated",0.0140000000000029,1,0.01400000000001,1,TRUE,0.999999999999493
"vary_n",10575,0,11,"SVP BIC multiscale",0.00100000000000477,1,4.60799999999998,1,TRUE,0.000217013888889925
"vary_n",10575,0,12,"PELT",0.102000000000004,1,0.104000000000013,1,TRUE,0.980769230769147
"vary_n",10575,0,12,"SVP BIC",0.0129999999999981,1,0.0130000000000052,1,TRUE,0.999999999999454
"vary_n",10575,0,12,"SVP BIC calibrated",0.0140000000000029,1,0.0130000000000052,1,TRUE,1.07692307692287
"vary_n",10575,0,12,"SVP BIC multiscale",0.000999999999997669,1,4.81199999999998,1,TRUE,0.000207813798835759
"vary_n",10575,0,13,"PELT",0.0750000000000028,1,0.0759999999999934,1,TRUE,0.98684210526328
"vary_n",10575,0,13,"SVP BIC",0.0129999999999981,1,0.01400000000001,1,TRUE,0.92857142857063
"vary_n",10575,0,13,"SVP BIC calibrated",0.0129999999999981,1,0.0139999999999816,1,TRUE,0.928571428572513
"vary_n",10575,0,13,"SVP BIC multiscale",0.00200000000000244,1,4.77000000000001,1,TRUE,0.000419287211740553
"vary_n",10575,0,14,"PELT",0.103000000000002,1,0.104000000000013,1,TRUE,0.990384615384511
"vary_n",10575,0,14,"SVP BIC",0.0139999999999958,1,0.0130000000000052,1,TRUE,1.07692307692232
"vary_n",10575,0,14,"SVP BIC calibrated",0.0129999999999981,1,0.0130000000000052,1,TRUE,0.999999999999454
"vary_n",10575,0,14,"SVP BIC multiscale",0.00199999999999534,1,4.83799999999999,1,TRUE,0.000413393964447157
"vary_n",10575,0,15,"PELT",0.0580000000000069,1,0.0560000000000116,1,TRUE,1.03571428571419
"vary_n",10575,0,15,"SVP BIC",0.0139999999999958,1,0.0139999999999816,1,TRUE,1.00000000000101
"vary_n",10575,0,15,"SVP BIC calibrated",0.0140000000000029,1,0.0139999999999816,1,TRUE,1.00000000000152
"vary_n",10575,0,15,"SVP BIC multiscale",0.00200000000000244,1,4.577,1,TRUE,0.000436967445925812
"vary_n",10575,0,16,"PELT",0.0549999999999997,1,0.056999999999988,1,TRUE,0.964912280701952
"vary_n",10575,0,16,"SVP BIC",0.0129999999999981,1,0.0130000000000052,1,TRUE,0.999999999999454
"vary_n",10575,0,16,"SVP BIC calibrated",0.0140000000000029,1,0.0129999999999768,1,TRUE,1.07692307692522
"vary_n",10575,0,16,"SVP BIC multiscale",0.00100000000000477,1,4.70600000000002,1,TRUE,0.000212494687633822
"vary_n",10575,0,17,"PELT",0.0760000000000005,1,0.078000000000003,1,TRUE,0.974358974358943
"vary_n",10575,0,17,"SVP BIC",0.0129999999999981,1,0.0130000000000052,1,TRUE,0.999999999999454
"vary_n",10575,0,17,"SVP BIC calibrated",0.0139999999999958,1,0.0139999999999816,1,TRUE,1.00000000000101
"vary_n",10575,0,17,"SVP BIC multiscale",0.00199999999999534,1,3.21000000000001,2,FALSE,0.000623052959500104
"vary_n",10575,0,18,"PELT",0.103000000000002,1,0.10499999999999,1,TRUE,0.980952380952493
"vary_n",10575,0,18,"SVP BIC",0.0130000000000052,1,0.0130000000000052,1,TRUE,1
"vary_n",10575,0,18,"SVP BIC calibrated",0.0140000000000029,1,0.01400000000001,1,TRUE,0.999999999999493
"vary_n",10575,0,18,"SVP BIC multiscale",0.00200000000000244,1,4.73399999999998,1,TRUE,0.000422475707647328
"vary_n",10575,0,19,"PELT",0.0899999999999963,1,0.085000000000008,1,TRUE,1.05882352941162
"vary_n",10575,0,19,"SVP BIC",0.0140000000000029,1,0.01400000000001,1,TRUE,0.999999999999493
"vary_n",10575,0,19,"SVP BIC calibrated",0.0139999999999958,1,0.0139999999999816,1,TRUE,1.00000000000101
"vary_n",10575,0,19,"SVP BIC multiscale",0.000999999999997669,1,4.73500000000001,1,TRUE,0.000211193241815769
"vary_n",10575,0,2,"PELT",0.0869999999999962,1,0.0949999999999989,1,TRUE,0.915789473684181
"vary_n",10575,0,2,"SVP BIC",0.0139999999999958,1,0.0130000000000052,1,TRUE,1.07692307692232
"vary_n",10575,0,2,"SVP BIC calibrated",0.0150000000000006,1,0.0129999999999768,1,TRUE,1.15384615384826
"vary_n",10575,0,2,"SVP BIC multiscale",0.00100000000000477,1,4.779,1,TRUE,0.000209248796820416
"vary_n",10575,0,20,"PELT",0.0600000000000023,1,0.0569999999999595,1,TRUE,1.05263157894816
"vary_n",10575,0,20,"SVP BIC",0.0140000000000029,1,0.0129999999999768,1,TRUE,1.07692307692522
"vary_n",10575,0,20,"SVP BIC calibrated",0.0139999999999958,1,0.01400000000001,1,TRUE,0.999999999998986
"vary_n",10575,0,20,"SVP BIC multiscale",0.000999999999997669,1,4.827,1,TRUE,0.00020716801325827
"vary_n",10575,0,3,"PELT",0.0910000000000011,1,0.0889999999999986,1,TRUE,1.02247191011239
"vary_n",10575,0,3,"SVP BIC",0.0139999999999958,1,0.0139999999999816,1,TRUE,1.00000000000101
"vary_n",10575,0,3,"SVP BIC calibrated",0.0140000000000029,1,0.0130000000000052,1,TRUE,1.07692307692287
"vary_n",10575,0,3,"SVP BIC multiscale",0.00200000000000244,1,4.57799999999997,1,TRUE,0.00043687199650556
"vary_n",10575,0,4,"PELT",0.0670000000000002,1,0.0670000000000073,1,TRUE,0.999999999999894
"vary_n",10575,0,4,"SVP BIC",0.0140000000000029,1,0.0130000000000052,1,TRUE,1.07692307692287
"vary_n",10575,0,4,"SVP BIC calibrated",0.0140000000000029,1,0.0130000000000052,1,TRUE,1.07692307692287
"vary_n",10575,0,4,"SVP BIC multiscale",0.000999999999997669,1,4.83599999999998,1,TRUE,0.0002067824648465
"vary_n",10575,0,5,"PELT",0.0510000000000019,1,0.0519999999999925,1,TRUE,0.980769230769409
"vary_n",10575,0,5,"SVP BIC",0.0130000000000052,1,0.0139999999999816,1,TRUE,0.92857142857302
"vary_n",10575,0,5,"SVP BIC calibrated",1.127,2,1.47499999999999,2,TRUE,0.764067796610175
"vary_n",10575,0,5,"SVP BIC multiscale",1.691,2,1.779,2,TRUE,0.95053400786959
"vary_n",10575,0,6,"PELT",0.101999999999997,1,0.103000000000009,1,TRUE,0.990291262135807
"vary_n",10575,0,6,"SVP BIC",0.0140000000000029,1,0.0149999999999864,1,TRUE,0.933333333334373
"vary_n",10575,0,6,"SVP BIC calibrated",0.0139999999999958,1,0.01400000000001,1,TRUE,0.999999999998986
"vary_n",10575,0,6,"SVP BIC multiscale",0.000999999999997669,1,4.74099999999999,1,TRUE,0.000210925964985799
"vary_n",10575,0,7,"PELT",0.0549999999999997,1,0.0559999999999832,1,TRUE,0.982142857143146
"vary_n",10575,0,7,"SVP BIC",0.0139999999999958,1,0.0130000000000052,1,TRUE,1.07692307692232
"vary_n",10575,0,7,"SVP BIC calibrated",0.0129999999999981,1,0.0130000000000052,1,TRUE,0.999999999999454
"vary_n",10575,0,7,"SVP BIC multiscale",0.000999999999997669,1,2.19300000000001,3,FALSE,0.000455996352028119
"vary_n",10575,0,8,"PELT",0.0929999999999964,1,0.0900000000000034,1,TRUE,1.03333333333325
"vary_n",10575,0,8,"SVP BIC",0.0129999999999981,1,0.01400000000001,1,TRUE,0.92857142857063
"vary_n",10575,0,8,"SVP BIC calibrated",0.0140000000000029,1,0.0130000000000052,1,TRUE,1.07692307692287
"vary_n",10575,0,8,"SVP BIC multiscale",0.00200000000000244,1,4.80699999999999,1,TRUE,0.000416059912627927
"vary_n",10575,0,9,"PELT",0.0870000000000033,1,0.0870000000000175,1,TRUE,0.999999999999837
"vary_n",10575,0,9,"SVP BIC",0.0140000000000029,1,0.0130000000000052,1,TRUE,1.07692307692287
"vary_n",10575,0,9,"SVP BIC calibrated",0.0140000000000029,1,0.0130000000000052,1,TRUE,1.07692307692287
"vary_n",10575,0,9,"SVP BIC multiscale",0.000999999999997669,1,4.84299999999999,1,TRUE,0.000206483584554547
"vary_n",1185,0,1,"PELT",0.00200000000000244,1,0.00199999999999889,1,TRUE,1.00000000000178
"vary_n",1185,0,1,"SVP BIC",0.00199999999999889,1,0.00100000000000122,1,TRUE,1.99999999999645
"vary_n",1185,0,1,"SVP BIC calibrated",0.00199999999999889,1,0.00199999999999889,1,TRUE,1
"vary_n",1185,0,1,"SVP BIC multiscale",0,1,0.0380000000000003,2,FALSE,NA
"vary_n",1185,0,10,"PELT",0.00199999999999889,1,0.00199999999999889,1,TRUE,1
"vary_n",1185,0,10,"SVP BIC",0.00100000000000122,1,0.000999999999997669,1,TRUE,1.00000000000355
"vary_n",1185,0,10,"SVP BIC calibrated",0.00100000000000122,1,0.00199999999999889,1,TRUE,0.500000000000888
"vary_n",1185,0,10,"SVP BIC multiscale",0,1,0.0380000000000003,1,TRUE,NA
"vary_n",1185,0,11,"PELT",0.00100000000000122,1,0.000999999999997669,1,TRUE,1.00000000000355
"vary_n",1185,0,11,"SVP BIC",0.00199999999999889,1,0.00100000000000122,1,TRUE,1.99999999999645
"vary_n",1185,0,11,"SVP BIC calibrated",0.00199999999999889,1,0.00100000000000122,1,TRUE,1.99999999999645
"vary_n",1185,0,11,"SVP BIC multiscale",0.00100000000000122,1,0.0219999999999985,2,FALSE,0.045454545454604
"vary_n",1185,0,12,"PELT",0.00100000000000122,1,0.00199999999999889,1,TRUE,0.500000000000888
"vary_n",1185,0,12,"SVP BIC",0.00100000000000122,1,0.00199999999999889,1,TRUE,0.500000000000888
"vary_n",1185,0,12,"SVP BIC calibrated",0.00199999999999889,1,0.00100000000000122,1,TRUE,1.99999999999645
"vary_n",1185,0,12,"SVP BIC multiscale",0,1,0.0370000000000026,1,TRUE,NA
"vary_n",1185,0,13,"PELT",0.000999999999997669,1,0.00199999999999889,1,TRUE,0.499999999999112
"vary_n",1185,0,13,"SVP BIC",0.00200000000000244,1,0.00100000000000122,1,TRUE,2
"vary_n",1185,0,13,"SVP BIC calibrated",0.00199999999999889,1,0.000999999999997669,1,TRUE,2.00000000000355
"vary_n",1185,0,13,"SVP BIC multiscale",0,1,0.0390000000000015,1,TRUE,NA
"vary_n",1185,0,14,"PELT",0.00200000000000244,1,0.00100000000000122,1,TRUE,2
"vary_n",1185,0,14,"SVP BIC",0.00100000000000122,1,0.00199999999999889,1,TRUE,0.500000000000888
"vary_n",1185,0,14,"SVP BIC calibrated",0.00199999999999889,1,0.000999999999997669,1,TRUE,2.00000000000355
"vary_n",1185,0,14,"SVP BIC multiscale",0,1,0.0380000000000003,1,TRUE,NA
"vary_n",1185,0,15,"PELT",0.00199999999999889,1,0.00100000000000122,1,TRUE,1.99999999999645
"vary_n",1185,0,15,"SVP BIC",0.00100000000000122,1,0.00100000000000122,1,TRUE,1
"vary_n",1185,0,15,"SVP BIC calibrated",0.00199999999999889,1,0.00100000000000122,1,TRUE,1.99999999999645
"vary_n",1185,0,15,"SVP BIC multiscale",0,1,0.0380000000000003,1,TRUE,NA
"vary_n",1185,0,16,"PELT",0.00199999999999889,1,0.00199999999999889,1,TRUE,1
"vary_n",1185,0,16,"SVP BIC",0.00100000000000122,1,0.00100000000000122,1,TRUE,1
"vary_n",1185,0,16,"SVP BIC calibrated",0.00199999999999889,1,0.00200000000000244,1,TRUE,0.999999999998225
"vary_n",1185,0,16,"SVP BIC multiscale",0,1,0.0390000000000015,1,TRUE,NA
"vary_n",1185,0,17,"PELT",0.00100000000000122,1,0.00100000000000122,1,TRUE,1
"vary_n",1185,0,17,"SVP BIC",0.00199999999999889,1,0.000999999999997669,1,TRUE,2.00000000000355
"vary_n",1185,0,17,"SVP BIC calibrated",0.00199999999999889,1,0.00200000000000244,1,TRUE,0.999999999998225
"vary_n",1185,0,17,"SVP BIC multiscale",0,1,0.0390000000000015,1,TRUE,NA
"vary_n",1185,0,18,"PELT",0.00200000000000244,1,0.00100000000000122,1,TRUE,2
"vary_n",1185,0,18,"SVP BIC",0.00199999999999889,1,0.00100000000000122,1,TRUE,1.99999999999645
"vary_n",1185,0,18,"SVP BIC calibrated",0.00100000000000122,1,0.00199999999999889,1,TRUE,0.500000000000888
"vary_n",1185,0,18,"SVP BIC multiscale",0,1,0.0370000000000026,1,TRUE,NA
"vary_n",1185,0,19,"PELT",0.00199999999999889,1,0.00100000000000122,1,TRUE,1.99999999999645
"vary_n",1185,0,19,"SVP BIC",0.00100000000000122,1,0.00100000000000122,1,TRUE,1
"vary_n",1185,0,19,"SVP BIC calibrated",0.00100000000000122,1,0.00200000000000244,1,TRUE,0.5
"vary_n",1185,0,19,"SVP BIC multiscale",0,1,0.0389999999999979,1,TRUE,NA
"vary_n",1185,0,2,"PELT",0.00199999999999889,1,0.00199999999999889,1,TRUE,1
"vary_n",1185,0,2,"SVP BIC",0.00100000000000122,1,0.00100000000000122,1,TRUE,1
"vary_n",1185,0,2,"SVP BIC calibrated",0.00199999999999889,1,0.000999999999997669,1,TRUE,2.00000000000355
"vary_n",1185,0,2,"SVP BIC multiscale",0,1,0.036999999999999,1,TRUE,NA
"vary_n",1185,0,20,"PELT",0.00300000000000011,1,0.00300000000000011,1,TRUE,1
"vary_n",1185,0,20,"SVP BIC",0.00199999999999889,1,0.00199999999999889,1,TRUE,1
"vary_n",1185,0,20,"SVP BIC calibrated",0.00199999999999889,1,0.00199999999999889,1,TRUE,1
"vary_n",1185,0,20,"SVP BIC multiscale",0,1,0.0380000000000003,1,TRUE,NA
"vary_n",1185,0,3,"PELT",0.00199999999999889,1,0.00199999999999889,1,TRUE,1
"vary_n",1185,0,3,"SVP BIC",0.00100000000000122,1,0.00199999999999889,1,TRUE,0.500000000000888
"vary_n",1185,0,3,"SVP BIC calibrated",0.00199999999999889,1,0.00200000000000244,1,TRUE,0.999999999998225
"vary_n",1185,0,3,"SVP BIC multiscale",0,1,0.0370000000000026,1,TRUE,NA
"vary_n",1185,0,4,"PELT",0.000999999999997669,1,0.00200000000000244,1,TRUE,0.499999999998225
"vary_n",1185,0,4,"SVP BIC",0.00100000000000122,1,0.00100000000000122,1,TRUE,1
"vary_n",1185,0,4,"SVP BIC calibrated",0.00199999999999889,1,0.00100000000000122,1,TRUE,1.99999999999645
"vary_n",1185,0,4,"SVP BIC multiscale",0,1,0.0229999999999997,2,FALSE,NA
"vary_n",1185,0,5,"PELT",0.00199999999999889,1,0.00200000000000244,1,TRUE,0.999999999998225
"vary_n",1185,0,5,"SVP BIC",0.00100000000000122,1,0.00100000000000122,1,TRUE,1
"vary_n",1185,0,5,"SVP BIC calibrated",0.00199999999999889,1,0.00200000000000244,1,TRUE,0.999999999998225
"vary_n",1185,0,5,"SVP BIC multiscale",0,1,0.0229999999999997,2,FALSE,NA
"vary_n",1185,0,6,"PELT",0.00200000000000244,1,0.00200000000000244,1,TRUE,1
"vary_n",1185,0,6,"SVP BIC",0.00199999999999889,1,0.00200000000000244,1,TRUE,0.999999999998225
"vary_n",1185,0,6,"SVP BIC calibrated",0.00200000000000244,1,0.00100000000000122,1,TRUE,2
"vary_n",1185,0,6,"SVP BIC multiscale",0,1,0.0389999999999979,1,TRUE,NA
"vary_n",1185,0,7,"PELT",0.00199999999999889,1,0.000999999999997669,1,TRUE,2.00000000000355
"vary_n",1185,0,7,"SVP BIC",0.00100000000000122,1,0.000999999999997669,1,TRUE,1.00000000000355
"vary_n",1185,0,7,"SVP BIC calibrated",0.00199999999999889,1,0.00199999999999889,1,TRUE,1
"vary_n",1185,0,7,"SVP BIC multiscale",0,1,0.0380000000000003,1,TRUE,NA
"vary_n",1185,0,8,"PELT",0.00199999999999889,1,0.00199999999999889,1,TRUE,1
"vary_n",1185,0,8,"SVP BIC",0.00199999999999889,1,0.00199999999999889,1,TRUE,1
"vary_n",1185,0,8,"SVP BIC calibrated",0.00200000000000244,1,0.00200000000000244,1,TRUE,1
"vary_n",1185,0,8,"SVP BIC multiscale",0,1,0.036999999999999,1,TRUE,NA
"vary_n",1185,0,9,"PELT",0.00200000000000244,1,0.00199999999999889,1,TRUE,1.00000000000178
"vary_n",1185,0,9,"SVP BIC",0.00199999999999889,1,0.00100000000000122,1,TRUE,1.99999999999645
"vary_n",1185,0,9,"SVP BIC calibrated",0.00199999999999889,1,0.00199999999999889,1,TRUE,1
"vary_n",1185,0,9,"SVP BIC multiscale",0.00100000000000122,1,0.0390000000000015,1,TRUE,0.0256410256410559
"vary_n",13163,0,1,"PELT",0.158999999999999,1,0.159999999999968,1,TRUE,0.993750000000193
"vary_n",13163,0,1,"SVP BIC",0.017000000000003,1,0.0169999999999959,1,TRUE,1.00000000000042
"vary_n",13163,0,1,"SVP BIC calibrated",0.0180000000000007,1,0.0169999999999959,1,TRUE,1.05882352941206
"vary_n",13163,0,1,"SVP BIC multiscale",0.00199999999999534,1,9.18599999999998,1,TRUE,0.000217722621379855
"vary_n",13163,0,10,"PELT",0.0579999999999998,1,0.0609999999999786,1,TRUE,0.950819672131478
"vary_n",13163,0,10,"SVP BIC",0.017000000000003,1,0.0170000000000528,1,TRUE,0.999999999997071
"vary_n",13163,0,10,"SVP BIC calibrated",0.017000000000003,1,0.0160000000000196,1,TRUE,1.06249999999889
"vary_n",13163,0,10,"SVP BIC multiscale",0.000999999999997669,1,2.01400000000001,3,FALSE,0.000496524329690995
"vary_n",13163,0,11,"PELT",0.0929999999999964,1,0.0970000000000368,1,TRUE,0.958762886597537
"vary_n",13163,0,11,"SVP BIC",0.017000000000003,1,0.0179999999999723,1,TRUE,0.944444444446065
"vary_n",13163,0,11,"SVP BIC calibrated",0.017000000000003,1,0.0169999999999959,1,TRUE,1.00000000000042
"vary_n",13163,0,11,"SVP BIC multiscale",0.000999999999997669,1,10.004,1,TRUE,9.99600159933696e-05
"vary_n",13163,0,12,"PELT",0.151000000000003,1,0.144999999999982,1,TRUE,1.04137931034498
"vary_n",13163,0,12,"SVP BIC",0.0169999999999959,1,0.0169999999999959,1,TRUE,1
"vary_n",13163,0,12,"SVP BIC calibrated",0.017000000000003,1,0.0160000000000196,1,TRUE,1.06249999999889
"vary_n",13163,0,12,"SVP BIC multiscale",0.000999999999997669,1,9.56700000000001,1,TRUE,0.00010452597470447
"vary_n",13163,0,13,"PELT",0.0889999999999986,1,0.0869999999999891,1,TRUE,1.02298850574724
"vary_n",13163,0,13,"SVP BIC",0.0169999999999959,1,0.0169999999999959,1,TRUE,1
"vary_n",13163,0,13,"SVP BIC calibrated",0.0169999999999959,1,0.0169999999999959,1,TRUE,1
"vary_n",13163,0,13,"SVP BIC multiscale",0.00199999999999534,1,8.00900000000001,2,FALSE,0.000249719066050111
"vary_n",13163,0,14,"PELT",0.0869999999999962,1,0.0860000000000127,1,TRUE,1.01162790697655
"vary_n",13163,0,14,"SVP BIC",0.0169999999999959,1,0.0169999999999959,1,TRUE,1
"vary_n",13163,0,14,"SVP BIC calibrated",0.017000000000003,1,0.0160000000000196,1,TRUE,1.06249999999889
"vary_n",13163,0,14,"SVP BIC multiscale",3.556,3,3.673,3,TRUE,0.968145929757691
"vary_n",13163,0,15,"PELT",0.152999999999999,1,0.158999999999992,1,TRUE,0.962264150943438
"vary_n",13163,0,15,"SVP BIC",0.0169999999999959,1,0.0189999999999486,1,TRUE,0.894736842107468
"vary_n",13163,0,15,"SVP BIC calibrated",0.0170000000000101,1,0.0169999999999959,1,TRUE,1.00000000000084
"vary_n",13163,0,15,"SVP BIC multiscale",0.00200000000000955,1,9.57099999999997,1,TRUE,0.000208964580504603
"vary_n",13163,0,16,"PELT",0.153999999999996,1,0.157999999999959,1,TRUE,0.974683544304025
"vary_n",13163,0,16,"SVP BIC",0.0169999999999959,1,0.0179999999999723,1,TRUE,0.94444444444567
"vary_n",13163,0,16,"SVP BIC calibrated",0.0169999999999959,1,0.0180000000000291,1,TRUE,0.94444444444269
"vary_n",13163,0,16,"SVP BIC multiscale",0.00200000000000955,1,9.36399999999998,1,TRUE,0.000213583938488846
"vary_n",13163,0,17,"PELT",0.0819999999999936,1,0.0840000000000032,1,TRUE,0.976190476190363
"vary_n",13163,0,17,"SVP BIC",0.0170000000000101,1,0.0169999999999959,1,TRUE,1.00000000000084
"vary_n",13163,0,17,"SVP BIC calibrated",0.0169999999999959,1,0.0169999999999959,1,TRUE,1
"vary_n",13163,0,17,"SVP BIC multiscale",0.00199999999999534,1,9.51399999999995,1,TRUE,0.000210216523018221
"vary_n",13163,0,18,"PELT",0.0840000000000032,1,0.0840000000000032,1,TRUE,1
"vary_n",13163,0,18,"SVP BIC",0.0169999999999959,1,0.0170000000000528,1,TRUE,0.999999999996653
"vary_n",13163,0,18,"SVP BIC calibrated",0.0180000000000007,1,0.0169999999999959,1,TRUE,1.05882352941206
"vary_n",13163,0,18,"SVP BIC multiscale",0.00199999999999534,1,5.447,2,FALSE,0.000367174591517411
"vary_n",13163,0,19,"PELT",0.10199999999999,1,0.103000000000009,1,TRUE,0.990291262135739
"vary_n",13163,0,19,"SVP BIC",0.0169999999999959,1,0.0180000000000291,1,TRUE,0.94444444444269
"vary_n",13163,0,19,"SVP BIC calibrated",0.0169999999999959,1,0.0169999999999959,1,TRUE,1
"vary_n",13163,0,19,"SVP BIC multiscale",0.00199999999999534,1,9.952,1,TRUE,0.000200964630224612
"vary_n",13163,0,2,"PELT",0.155999999999999,1,0.157000000000039,1,TRUE,0.993630573248155
"vary_n",13163,0,2,"SVP BIC",0.0159999999999982,1,0.0160000000000196,1,TRUE,0.999999999998663
"vary_n",13163,0,2,"SVP BIC calibrated",0.0169999999999959,1,0.0169999999999959,1,TRUE,1
"vary_n",13163,0,2,"SVP BIC multiscale",0.00100000000000477,1,8.89800000000002,1,TRUE,0.000112384805574822
"vary_n",13163,0,20,"PELT",0.108999999999995,1,0.10899999999998,1,TRUE,1.00000000000014
"vary_n",13163,0,20,"SVP BIC",0.0169999999999959,1,0.0169999999999959,1,TRUE,1
"vary_n",13163,0,20,"SVP BIC calibrated",0.0169999999999959,1,0.0160000000000196,1,TRUE,1.06249999999844
"vary_n",13163,0,20,"SVP BIC multiscale",0.00200000000000955,1,3.35300000000001,2,FALSE,0.000596480763498224
"vary_n",13163,0,3,"PELT",0.068000000000005,1,0.0690000000000168,1,TRUE,0.985507246376644
"vary_n",13163,0,3,"SVP BIC",0.0169999999999959,1,0.0160000000000196,1,TRUE,1.06249999999844
"vary_n",13163,0,3,"SVP BIC calibrated",0.017000000000003,1,0.0159999999999627,1,TRUE,1.06250000000266
"vary_n",13163,0,3,"SVP BIC multiscale",0.00199999999999534,1,8.64499999999998,1,TRUE,0.000231347599768114
"vary_n",13163,0,4,"PELT",0.0929999999999964,1,0.0880000000000223,1,TRUE,1.05681818181787
"vary_n",13163,0,4,"SVP BIC",0.0159999999999982,1,0.0169999999999959,1,TRUE,0.941176470588356
"vary_n",13163,0,4,"SVP BIC calibrated",0.017000000000003,1,0.0180000000000291,1,TRUE,0.944444444443084
"vary_n",13163,0,4,"SVP BIC multiscale",0.00199999999999534,1,8.66800000000001,1,TRUE,0.000230733733271266
"vary_n",13163,0,5,"PELT",0.120999999999995,1,0.12299999999999,1,TRUE,0.983739837398413
"vary_n",13163,0,5,"SVP BIC",0.0169999999999959,1,0.0169999999999959,1,TRUE,1
"vary_n",13163,0,5,"SVP BIC calibrated",0.017000000000003,1,0.0169999999999959,1,TRUE,1.00000000000042
"vary_n",13163,0,5,"SVP BIC multiscale",0.00199999999999534,1,9.42200000000003,1,TRUE,0.00021226915729095
"vary_n",13163,0,6,"PELT",0.157000000000004,1,0.156999999999982,1,TRUE,1.00000000000014
"vary_n",13163,0,6,"SVP BIC",0.0159999999999982,1,0.0160000000000196,1,TRUE,0.999999999998663
"vary_n",13163,0,6,"SVP BIC calibrated",0.017000000000003,1,0.0160000000000196,1,TRUE,1.06249999999889
"vary_n",13163,0,6,"SVP BIC multiscale",0.00199999999999534,1,8.77100000000002,1,TRUE,0.000228024170561548
"vary_n",13163,0,7,"PELT",0.118000000000002,1,0.120000000000005,1,TRUE,0.983333333333309
"vary_n",13163,0,7,"SVP BIC",0.017000000000003,1,0.0169999999999959,1,TRUE,1.00000000000042
"vary_n",13163,0,7,"SVP BIC calibrated",0.0169999999999959,1,0.0169999999999959,1,TRUE,1
"vary_n",13163,0,7,"SVP BIC multiscale",0.00200000000000244,1,8.94200000000001,1,TRUE,0.000223663609930937
"vary_n",13163,0,8,"PELT",0.158000000000001,1,0.153999999999996,1,TRUE,1.02597402597406
"vary_n",13163,0,8,"SVP BIC",0.0230000000000032,1,0.0169999999999959,1,TRUE,1.3529411764711
"vary_n",13163,0,8,"SVP BIC calibrated",0.017000000000003,1,0.0159999999999627,1,TRUE,1.06250000000266
"vary_n",13163,0,8,"SVP BIC multiscale",0.000999999999997669,1,9.007,1,TRUE,0.000111024758520891
"vary_n",13163,0,9,"PELT",0.0810000000000031,1,0.0810000000000173,1,TRUE,0.999999999999825
"vary_n",13163,0,9,"SVP BIC",0.0169999999999959,1,0.0160000000000196,1,TRUE,1.06249999999844
"vary_n",13163,0,9,"SVP BIC calibrated",0.017000000000003,1,0.0169999999999959,1,TRUE,1.00000000000042
"vary_n",13163,0,9,"SVP BIC multiscale",0.000999999999997669,1,7.14599999999996,2,FALSE,0.000139938427091754
"vary_n",1475,0,1,"PELT",0.00200000000000244,1,0.00200000000000244,1,TRUE,1
"vary_n",1475,0,1,"SVP BIC",0.00200000000000244,1,0.00199999999999889,1,TRUE,1.00000000000178
"vary_n",1475,0,1,"SVP BIC calibrated",0.00199999999999889,1,0.00199999999999889,1,TRUE,1
"vary_n",1475,0,1,"SVP BIC multiscale",0,1,0.0579999999999998,1,TRUE,NA
"vary_n",1475,0,10,"PELT",0.00300000000000011,1,0.00300000000000011,1,TRUE,1
"vary_n",1475,0,10,"SVP BIC",0.00200000000000244,1,0.00200000000000244,1,TRUE,1
"vary_n",1475,0,10,"SVP BIC calibrated",0.00200000000000244,1,0.00199999999999889,1,TRUE,1.00000000000178
"vary_n",1475,0,10,"SVP BIC multiscale",0,1,0.059000000000001,1,TRUE,NA
"vary_n",1475,0,11,"PELT",0.00300000000000011,1,0.00400000000000134,1,TRUE,0.749999999999776
"vary_n",1475,0,11,"SVP BIC",0.000999999999997669,1,0.00200000000000244,1,TRUE,0.499999999998225
"vary_n",1475,0,11,"SVP BIC calibrated",0.00200000000000244,1,0.00100000000000122,1,TRUE,2
"vary_n",1475,0,11,"SVP BIC multiscale",0,1,0.0410000000000004,2,FALSE,NA
"vary_n",1475,0,12,"PELT",0.00300000000000011,1,0.00300000000000011,1,TRUE,1
"vary_n",1475,0,12,"SVP BIC",0.00199999999999889,1,0.00199999999999889,1,TRUE,1
"vary_n",1475,0,12,"SVP BIC calibrated",0.00200000000000244,1,0.00200000000000244,1,TRUE,1
"vary_n",1475,0,12,"SVP BIC multiscale",0,1,0.0600000000000023,1,TRUE,NA
"vary_n",1475,0,13,"PELT",0.00100000000000122,1,0.00199999999999889,1,TRUE,0.500000000000888
"vary_n",1475,0,13,"SVP BIC",0.00199999999999889,1,0.00100000000000122,1,TRUE,1.99999999999645
"vary_n",1475,0,13,"SVP BIC calibrated",0.00200000000000244,1,0.00100000000000122,1,TRUE,2
"vary_n",1475,0,13,"SVP BIC multiscale",0.00100000000000122,1,0.036999999999999,2,FALSE,0.0270270270270607
"vary_n",1475,0,14,"PELT",0.00199999999999889,1,0.00199999999999889,1,TRUE,1
"vary_n",1475,0,14,"SVP BIC",0.00199999999999889,1,0.00200000000000244,1,TRUE,0.999999999998225
"vary_n",1475,0,14,"SVP BIC calibrated",0.00199999999999889,1,0.000999999999997669,1,TRUE,2.00000000000355
"vary_n",1475,0,14,"SVP BIC multiscale",0,1,0.0600000000000023,1,TRUE,NA
"vary_n",1475,0,15,"PELT",0.00300000000000011,1,0.00300000000000011,1,TRUE,1
"vary_n",1475,0,15,"SVP BIC",0.00199999999999889,1,0.00300000000000011,1,TRUE,0.666666666666272
"vary_n",1475,0,15,"SVP BIC calibrated",0.00200000000000244,1,0.00200000000000244,1,TRUE,1
"vary_n",1475,0,15,"SVP BIC multiscale",0,1,0.0609999999999999,1,TRUE,NA
"vary_n",1475,0,16,"PELT",0.00200000000000244,1,0.00199999999999889,1,TRUE,1.00000000000178
"vary_n",1475,0,16,"SVP BIC",0.00199999999999889,1,0.00199999999999889,1,TRUE,1
"vary_n",1475,0,16,"SVP BIC calibrated",0.00199999999999889,1,0.00200000000000244,1,TRUE,0.999999999998225
"vary_n",1475,0,16,"SVP BIC multiscale",0,1,0.0599999999999987,1,TRUE,NA
"vary_n",1475,0,17,"PELT",0.00300000000000011,1,0.00199999999999889,1,TRUE,1.50000000000089
"vary_n",1475,0,17,"SVP BIC",0.00199999999999889,1,0.00199999999999889,1,TRUE,1
"vary_n",1475,0,17,"SVP BIC calibrated",0.00199999999999889,1,0.00200000000000244,1,TRUE,0.999999999998225
"vary_n",1475,0,17,"SVP BIC multiscale",0.00100000000000122,1,0.0599999999999987,1,TRUE,0.0166666666666874
"vary_n",1475,0,18,"PELT",0.00200000000000244,1,0.00199999999999889,1,TRUE,1.00000000000178
"vary_n",1475,0,18,"SVP BIC",0.00200000000000244,1,0.00199999999999889,1,TRUE,1.00000000000178
"vary_n",1475,0,18,"SVP BIC calibrated",0.00199999999999889,1,0.000999999999997669,1,TRUE,2.00000000000355
"vary_n",1475,0,18,"SVP BIC multiscale",0.00100000000000122,1,0.0570000000000022,1,TRUE,0.0175438596491435
"vary_n",1475,0,19,"PELT",0.000999999999997669,1,0.000999999999997669,1,TRUE,1
"vary_n",1475,0,19,"SVP BIC",0.00199999999999889,1,0.00199999999999889,1,TRUE,1
"vary_n",1475,0,19,"SVP BIC calibrated",0.00100000000000122,1,0.00100000000000122,1,TRUE,1
"vary_n",1475,0,19,"SVP BIC multiscale",0.000999999999997669,1,0.032,2,FALSE,0.0312499999999272
"vary_n",1475,0,2,"PELT",0.00199999999999889,1,0.00300000000000011,1,TRUE,0.666666666666272
"vary_n",1475,0,2,"SVP BIC",0.00200000000000244,1,0.00200000000000244,1,TRUE,1
"vary_n",1475,0,2,"SVP BIC calibrated",0.00199999999999889,1,0.00199999999999889,1,TRUE,1
"vary_n",1475,0,2,"SVP BIC multiscale",0.000999999999997669,1,0.0579999999999998,1,TRUE,0.0172413793103047
"vary_n",1475,0,20,"PELT",0.00200000000000244,1,0.00200000000000244,1,TRUE,1
"vary_n",1475,0,20,"SVP BIC",0.00199999999999889,1,0.00199999999999889,1,TRUE,1
"vary_n",1475,0,20,"SVP BIC calibrated",0.00200000000000244,1,0.000999999999997669,1,TRUE,2.0000000000071
"vary_n",1475,0,20,"SVP BIC multiscale",0,1,0.059000000000001,1,TRUE,NA
"vary_n",1475,0,3,"PELT",0.00199999999999889,1,0.00300000000000011,1,TRUE,0.666666666666272
"vary_n",1475,0,3,"SVP BIC",0.00200000000000244,1,0.00199999999999889,1,TRUE,1.00000000000178
"vary_n",1475,0,3,"SVP BIC calibrated",0.00199999999999889,1,0.00199999999999889,1,TRUE,1
"vary_n",1475,0,3,"SVP BIC multiscale",0.00100000000000122,1,0.0579999999999998,1,TRUE,0.0172413793103659
"vary_n",1475,0,4,"PELT",0.00199999999999889,1,0.00199999999999889,1,TRUE,1
"vary_n",1475,0,4,"SVP BIC",0.00199999999999889,1,0.00100000000000122,1,TRUE,1.99999999999645
"vary_n",1475,0,4,"SVP BIC calibrated",0.00199999999999889,1,0.00199999999999889,1,TRUE,1
"vary_n",1475,0,4,"SVP BIC multiscale",0.00100000000000122,1,0.059000000000001,1,TRUE,0.0169491525423933
"vary_n",1475,0,5,"PELT",0.00200000000000244,1,0.00199999999999889,1,TRUE,1.00000000000178
"vary_n",1475,0,5,"SVP BIC",0.00199999999999889,1,0.00200000000000244,1,TRUE,0.999999999998225
"vary_n",1475,0,5,"SVP BIC calibrated",0.00199999999999889,1,0.00199999999999889,1,TRUE,1
"vary_n",1475,0,5,"SVP BIC multiscale",0,1,0.0579999999999998,1,TRUE,NA
"vary_n",1475,0,6,"PELT",0.00300000000000011,1,0.00300000000000011,1,TRUE,1
"vary_n",1475,0,6,"SVP BIC",0.00199999999999889,1,0.00200000000000244,1,TRUE,0.999999999998225
"vary_n",1475,0,6,"SVP BIC calibrated",0.00199999999999889,1,0.00199999999999889,1,TRUE,1
"vary_n",1475,0,6,"SVP BIC multiscale",0,1,0.0609999999999999,1,TRUE,NA
"vary_n",1475,0,7,"PELT",0.00300000000000011,1,0.00300000000000011,1,TRUE,1
"vary_n",1475,0,7,"SVP BIC",0.00200000000000244,1,0.00199999999999889,1,TRUE,1.00000000000178
"vary_n",1475,0,7,"SVP BIC calibrated",0.00199999999999889,1,0.00199999999999889,1,TRUE,1
"vary_n",1475,0,7,"SVP BIC multiscale",0,1,0.0579999999999998,1,TRUE,NA
"vary_n",1475,0,8,"PELT",0.00300000000000011,1,0.00199999999999889,1,TRUE,1.50000000000089
"vary_n",1475,0,8,"SVP BIC",0.00199999999999889,1,0.00199999999999889,1,TRUE,1
"vary_n",1475,0,8,"SVP BIC calibrated",0.00199999999999889,1,0.00199999999999889,1,TRUE,1
"vary_n",1475,0,8,"SVP BIC multiscale",0,1,0.059000000000001,1,TRUE,NA
"vary_n",1475,0,9,"PELT",0.00300000000000011,1,0.00199999999999889,1,TRUE,1.50000000000089
"vary_n",1475,0,9,"SVP BIC",0.00199999999999889,1,0.00100000000000122,1,TRUE,1.99999999999645
"vary_n",1475,0,9,"SVP BIC calibrated",0.00199999999999889,1,0.00200000000000244,1,TRUE,0.999999999998225
"vary_n",1475,0,9,"SVP BIC multiscale",0.000999999999997669,1,0.0599999999999987,1,TRUE,0.0166666666666282
"vary_n",16384,0,1,"PELT",0.153999999999996,1,0.15500000000003,1,TRUE,0.993548387096556
"vary_n",16384,0,1,"SVP BIC",0.0250000000000057,1,0.0259999999999536,1,TRUE,0.961538461540397
"vary_n",16384,0,1,"SVP BIC calibrated",0.0229999999999961,1,0.0240000000000009,1,TRUE,0.958333333333135
"vary_n",16384,0,1,"SVP BIC multiscale",0.00200000000000955,1,17.132,1,TRUE,0.000116740602382066
"vary_n",16384,0,10,"PELT",0.141000000000005,1,0.142000000000053,1,TRUE,0.992957746478538
"vary_n",16384,0,10,"SVP BIC",0.0219999999999914,1,0.0209999999999582,1,TRUE,1.04761904762072
"vary_n",16384,0,10,"SVP BIC calibrated",0.0210000000000008,1,0.0209999999999582,1,TRUE,1.00000000000203
"vary_n",16384,0,10,"SVP BIC multiscale",0.00200000000000955,1,17.876,1,TRUE,0.000111881852764016
"vary_n",16384,0,11,"PELT",0.131,1,0.127000000000066,1,TRUE,1.03149606299159
"vary_n",16384,0,11,"SVP BIC",0.0220000000000056,1,0.0210000000000719,1,TRUE,1.04761904761573
"vary_n",16384,0,11,"SVP BIC calibrated",0.0210000000000008,1,0.0209999999999582,1,TRUE,1.00000000000203
"vary_n",16384,0,11,"SVP BIC multiscale",0.00200000000000955,1,17.548,1,TRUE,0.00011397310234839
"vary_n",16384,0,12,"PELT",0.161000000000001,1,0.159999999999968,1,TRUE,1.00625000000021
"vary_n",16384,0,12,"SVP BIC",0.0210000000000008,1,0.0209999999999582,1,TRUE,1.00000000000203
"vary_n",16384,0,12,"SVP BIC calibrated",0.0220000000000056,1,0.0210000000000719,1,TRUE,1.04761904761573
"vary_n",16384,0,12,"SVP BIC multiscale",0.00200000000000955,1,17.236,1,TRUE,0.000116036203295982
"vary_n",16384,0,13,"PELT",0.129999999999995,1,0.130999999999972,1,TRUE,0.992366412213914
"vary_n",16384,0,13,"SVP BIC",0.0220000000000056,1,0.0210000000000719,1,TRUE,1.04761904761573
"vary_n",16384,0,13,"SVP BIC calibrated",0.0219999999999914,1,0.0210000000000719,1,TRUE,1.04761904761505
"vary_n",16384,0,13,"SVP BIC multiscale",0.00199999999999534,1,9.63999999999999,2,FALSE,0.000207468879667567
"vary_n",16384,0,14,"PELT",0.248999999999995,1,0.248000000000047,1,TRUE,1.00403225806431
"vary_n",16384,0,14,"SVP BIC",0.0220000000000056,1,0.0220000000000482,1,TRUE,0.999999999998064
"vary_n",16384,0,14,"SVP BIC calibrated",0.0210000000000008,1,0.0209999999999582,1,TRUE,1.00000000000203
"vary_n",16384,0,14,"SVP BIC multiscale",0.00199999999999534,1,16.982,1,TRUE,0.000117771758332078
"vary_n",16384,0,15,"PELT",0.221999999999994,1,0.25,1,TRUE,0.887999999999976
"vary_n",16384,0,15,"SVP BIC",0.0210000000000008,1,0.0209999999999582,1,TRUE,1.00000000000203
"vary_n",16384,0,15,"SVP BIC calibrated",0.0210000000000008,1,0.0220000000000482,1,TRUE,0.9545454545434
"vary_n",16384,0,15,"SVP BIC multiscale",0.00200000000000955,1,16.351,2,FALSE,0.000122316677879613
"vary_n",16384,0,16,"PELT",0.203000000000003,1,0.201999999999998,1,TRUE,1.00495049504953
"vary_n",16384,0,16,"SVP BIC",0.0219999999999914,1,0.0210000000000719,1,TRUE,1.04761904761505
"vary_n",16384,0,16,"SVP BIC calibrated",0.0220000000000056,1,0.0199999999999818,1,TRUE,1.10000000000128
"vary_n",16384,0,16,"SVP BIC multiscale",0.00200000000000955,1,17.456,1,TRUE,0.000114573785518421
"vary_n",16384,0,17,"PELT",0.230000000000004,1,0.23599999999999,1,TRUE,0.974576271186499
"vary_n",16384,0,17,"SVP BIC",0.0219999999999914,1,0.0219999999999345,1,TRUE,1.00000000000259
"vary_n",16384,0,17,"SVP BIC calibrated",0.0210000000000008,1,0.0209999999999582,1,TRUE,1.00000000000203
"vary_n",16384,0,17,"SVP BIC multiscale",0.00200000000000955,1,17.706,1,TRUE,0.000112956060093163
"vary_n",16384,0,18,"PELT",0.207000000000008,1,0.211999999999989,1,TRUE,0.976415094339711
"vary_n",16384,0,18,"SVP BIC",0.0210000000000008,1,0.0220000000000482,1,TRUE,0.9545454545434
"vary_n",16384,0,18,"SVP BIC calibrated",0.0210000000000008,1,0.0219999999999345,1,TRUE,0.954545454548333
"vary_n",16384,0,18,"SVP BIC multiscale",0.00199999999999534,1,17.684,1,TRUE,0.000113096584482885
"vary_n",16384,0,19,"PELT",0.201000000000008,1,0.203999999999951,1,TRUE,0.985294117647335
"vary_n",16384,0,19,"SVP BIC",0.0210000000000008,1,0.0220000000000482,1,TRUE,0.9545454545434
"vary_n",16384,0,19,"SVP BIC calibrated",0.0210000000000008,1,0.0209999999999582,1,TRUE,1.00000000000203
"vary_n",16384,0,19,"SVP BIC multiscale",0.00199999999999534,1,17.755,1,TRUE,0.000112644325541838
"vary_n",16384,0,2,"PELT",0.241,1,0.242999999999995,1,TRUE,0.991769547325123
"vary_n",16384,0,2,"SVP BIC",0.0210000000000008,1,0.021000000000015,1,TRUE,0.999999999999324
"vary_n",16384,0,2,"SVP BIC calibrated",0.0210000000000008,1,0.0209999999999582,1,TRUE,1.00000000000203
"vary_n",16384,0,2,"SVP BIC multiscale",0.00199999999999534,1,16.676,1,TRUE,0.000119932837610658
"vary_n",16384,0,20,"PELT",0.209000000000003,1,0.208000000000084,1,TRUE,1.0048076923073
"vary_n",16384,0,20,"SVP BIC",0.0219999999999914,1,0.0220000000000482,1,TRUE,0.999999999997418
"vary_n",16384,0,20,"SVP BIC calibrated",0.0210000000000008,1,0.0220000000000482,1,TRUE,0.9545454545434
"vary_n",16384,0,20,"SVP BIC multiscale",0.00200000000000955,1,17.3009999999999,1,TRUE,0.000115600254321112
"vary_n",16384,0,3,"PELT",0.244,1,0.247000000000014,1,TRUE,0.98785425101209
"vary_n",16384,0,3,"SVP BIC",0.0210000000000008,1,0.021000000000015,1,TRUE,0.999999999999324
"vary_n",16384,0,3,"SVP BIC calibrated",0.0210000000000008,1,0.021000000000015,1,TRUE,0.999999999999324
"vary_n",16384,0,3,"SVP BIC multiscale",0.00199999999999534,1,16.691,1,TRUE,0.000119825055418809
"vary_n",16384,0,4,"PELT",0.244,1,0.247000000000014,1,TRUE,0.98785425101209
"vary_n",16384,0,4,"SVP BIC",0.0210000000000008,1,0.021000000000015,1,TRUE,0.999999999999324
"vary_n",16384,0,4,"SVP BIC calibrated",0.019999999999996,1,0.021000000000015,1,TRUE,0.952380952380082
"vary_n",16384,0,4,"SVP BIC multiscale",0.00200000000000955,1,16.584,1,TRUE,0.000120598166908439
"vary_n",16384,0,5,"PELT",0.242000000000004,1,0.24799999999999,1,TRUE,0.975806451612959
"vary_n",16384,0,5,"SVP BIC",0.0220000000000056,1,0.021000000000015,1,TRUE,1.04761904761857
"vary_n",16384,0,5,"SVP BIC calibrated",0.0210000000000008,1,0.021000000000015,1,TRUE,0.999999999999324
"vary_n",16384,0,5,"SVP BIC multiscale",0.00200000000000955,1,16.425,1,TRUE,0.000121765601218237
"vary_n",16384,0,6,"PELT",0.242000000000004,1,0.243999999999971,1,TRUE,0.991803278688659
"vary_n",16384,0,6,"SVP BIC",0.0210000000000008,1,0.0219999999999914,1,TRUE,0.954545454545864
"vary_n",16384,0,6,"SVP BIC calibrated",0.0210000000000008,1,0.0219999999999914,1,TRUE,0.954545454545864
"vary_n",16384,0,6,"SVP BIC multiscale",0.00300000000000011,1,16.4930000000001,1,TRUE,0.000181895349542236
"vary_n",16384,0,7,"PELT",0.148999999999987,1,0.149000000000001,1,TRUE,0.999999999999906
"vary_n",16384,0,7,"SVP BIC",0.0210000000000008,1,0.0209999999999582,1,TRUE,1.00000000000203
"vary_n",16384,0,7,"SVP BIC calibrated",0.0219999999999914,1,0.0219999999999345,1,TRUE,1.00000000000259
"vary_n",16384,0,7,"SVP BIC multiscale",0.00199999999999534,1,5.13699999999994,2,FALSE,0.000389332295112977
"vary_n",16384,0,8,"PELT",0.256,1,0.250999999999976,1,TRUE,1.0199203187252
"vary_n",16384,0,8,"SVP BIC",0.0210000000000008,1,0.0220000000000482,1,TRUE,0.9545454545434
"vary_n",16384,0,8,"SVP BIC calibrated",0.0220000000000056,1,0.0199999999999818,1,TRUE,1.10000000000128
"vary_n",16384,0,8,"SVP BIC multiscale",0.00199999999999534,1,16.394,1,TRUE,0.000121995852140743
"vary_n",16384,0,9,"PELT",0.168000000000006,1,0.168000000000006,1,TRUE,1
"vary_n",16384,0,9,"SVP BIC",0.0210000000000008,1,0.0209999999999582,1,TRUE,1.00000000000203
"vary_n",16384,0,9,"SVP BIC calibrated",0.0209999999999866,1,0.0209999999999582,1,TRUE,1.00000000000135
"vary_n",16384,0,9,"SVP BIC multiscale",0.00199999999999534,1,16.744,1,TRUE,0.000119445771619406
"vary_n",1836,0,1,"PELT",0.00300000000000011,1,0.004999999999999,1,TRUE,0.600000000000142
"vary_n",1836,0,1,"SVP BIC",0.00300000000000011,1,0.00199999999999889,1,TRUE,1.50000000000089
"vary_n",1836,0,1,"SVP BIC calibrated",0.00199999999999889,1,0.00199999999999889,1,TRUE,1
"vary_n",1836,0,1,"SVP BIC multiscale",0,1,0.0920000000000023,1,TRUE,NA
"vary_n",1836,0,10,"PELT",0.00400000000000134,1,0.00300000000000011,1,TRUE,1.33333333333373
"vary_n",1836,0,10,"SVP BIC",0.00199999999999889,1,0.00300000000000011,1,TRUE,0.666666666666272
"vary_n",1836,0,10,"SVP BIC calibrated",0.00300000000000011,1,0.00199999999999889,1,TRUE,1.50000000000089
"vary_n",1836,0,10,"SVP BIC multiscale",0,1,0.0899999999999999,1,TRUE,NA
"vary_n",1836,0,11,"PELT",0.00400000000000134,1,0.00300000000000011,1,TRUE,1.33333333333373
"vary_n",1836,0,11,"SVP BIC",0.00300000000000011,1,0.00200000000000244,1,TRUE,1.49999999999822
"vary_n",1836,0,11,"SVP BIC calibrated",0.00199999999999889,1,0.00200000000000244,1,TRUE,0.999999999998225
"vary_n",1836,0,11,"SVP BIC multiscale",0,1,0.0890000000000022,1,TRUE,NA
"vary_n",1836,0,12,"PELT",0.00500000000000256,1,0.00300000000000011,1,TRUE,1.66666666666746
"vary_n",1836,0,12,"SVP BIC",0.00200000000000244,1,0.00199999999999889,1,TRUE,1.00000000000178
"vary_n",1836,0,12,"SVP BIC calibrated",0.00300000000000011,1,0.00199999999999889,1,TRUE,1.50000000000089
"vary_n",1836,0,12,"SVP BIC multiscale",0,1,0.0899999999999999,1,TRUE,NA
"vary_n",1836,0,13,"PELT",0.00199999999999889,1,0.00199999999999889,1,TRUE,1
"vary_n",1836,0,13,"SVP BIC",0.00200000000000244,1,0.00199999999999889,1,TRUE,1.00000000000178
"vary_n",1836,0,13,"SVP BIC calibrated",0.00199999999999889,1,0.00199999999999889,1,TRUE,1
"vary_n",1836,0,13,"SVP BIC multiscale",0.000999999999997669,1,0.0899999999999999,1,TRUE,0.0111111111110852
"vary_n",1836,0,14,"PELT",0.00300000000000011,1,0.00300000000000011,1,TRUE,1
"vary_n",1836,0,14,"SVP BIC",0.00199999999999889,1,0.00299999999999656,1,TRUE,0.666666666667061
"vary_n",1836,0,14,"SVP BIC calibrated",0.00300000000000011,1,0.00199999999999889,1,TRUE,1.50000000000089
"vary_n",1836,0,14,"SVP BIC multiscale",0,1,0.0910000000000011,1,TRUE,NA
"vary_n",1836,0,15,"PELT",0.00300000000000011,1,0.00300000000000011,1,TRUE,1
"vary_n",1836,0,15,"SVP BIC",0.00200000000000244,1,0.00199999999999889,1,TRUE,1.00000000000178
"vary_n",1836,0,15,"SVP BIC calibrated",0.00300000000000011,1,0.00199999999999889,1,TRUE,1.50000000000089
"vary_n",1836,0,15,"SVP BIC multiscale",0.00100000000000122,1,0.0910000000000011,1,TRUE,0.0109890109890243
"vary_n",1836,0,16,"PELT",0.004999999999999,1,0.00399999999999778,1,TRUE,1.25000000000044
"vary_n",1836,0,16,"SVP BIC",0.00199999999999889,1,0.00199999999999889,1,TRUE,1
"vary_n",1836,0,16,"SVP BIC calibrated",0.00300000000000011,1,0.00300000000000011,1,TRUE,1
"vary_n",1836,0,16,"SVP BIC multiscale",0.00100000000000122,1,0.0899999999999999,1,TRUE,0.0111111111111247
"vary_n",1836,0,17,"PELT",0.00300000000000011,1,0.004999999999999,1,TRUE,0.600000000000142
"vary_n",1836,0,17,"SVP BIC",0.00300000000000011,1,0.00300000000000011,1,TRUE,1
"vary_n",1836,0,17,"SVP BIC calibrated",0.00199999999999889,1,0.00199999999999889,1,TRUE,1
"vary_n",1836,0,17,"SVP BIC multiscale",0,1,0.0920000000000023,1,TRUE,NA
"vary_n",1836,0,18,"PELT",0.00300000000000011,1,0.00199999999999889,1,TRUE,1.50000000000089
"vary_n",1836,0,18,"SVP BIC",0.00200000000000244,1,0.00199999999999889,1,TRUE,1.00000000000178
"vary_n",1836,0,18,"SVP BIC calibrated",0.00199999999999889,1,0.00199999999999889,1,TRUE,1
"vary_n",1836,0,18,"SVP BIC multiscale",0,1,0.065999999999999,2,FALSE,NA
"vary_n",1836,0,19,"PELT",0.00199999999999889,1,0.00300000000000011,1,TRUE,0.666666666666272
"vary_n",1836,0,19,"SVP BIC",0.00199999999999889,1,0.00199999999999889,1,TRUE,1
"vary_n",1836,0,19,"SVP BIC calibrated",0.00200000000000244,1,0.00300000000000011,1,TRUE,0.666666666667456
"vary_n",1836,0,19,"SVP BIC multiscale",0,1,0.0899999999999999,1,TRUE,NA
"vary_n",1836,0,2,"PELT",0.00400000000000134,1,0.00300000000000011,1,TRUE,1.33333333333373
"vary_n",1836,0,2,"SVP BIC",0.00300000000000011,1,0.00199999999999889,1,TRUE,1.50000000000089
"vary_n",1836,0,2,"SVP BIC calibrated",0.00199999999999889,1,0.00200000000000244,1,TRUE,0.999999999998225
"vary_n",1836,0,2,"SVP BIC multiscale",0,1,0.0889999999999986,1,TRUE,NA
"vary_n",1836,0,20,"PELT",0.00399999999999778,1,0.00500000000000256,1,TRUE,0.799999999999146
"vary_n",1836,0,20,"SVP BIC",0.00200000000000244,1,0.00199999999999889,1,TRUE,1.00000000000178
"vary_n",1836,0,20,"SVP BIC calibrated",0.00199999999999889,1,0.00199999999999889,1,TRUE,1
"vary_n",1836,0,20,"SVP BIC multiscale",0,1,0.0919999999999987,1,TRUE,NA
"vary_n",1836,0,3,"PELT",0.00300000000000011,1,0.00300000000000011,1,TRUE,1
"vary_n",1836,0,3,"SVP BIC",0.00300000000000011,1,0.00300000000000011,1,TRUE,1
"vary_n",1836,0,3,"SVP BIC calibrated",0.00300000000000011,1,0.00300000000000011,1,TRUE,1
"vary_n",1836,0,3,"SVP BIC multiscale",0.000999999999997669,1,0.0889999999999986,1,TRUE,0.0112359550561538
"vary_n",1836,0,4,"PELT",0.00400000000000134,1,0.00400000000000134,1,TRUE,1
"vary_n",1836,0,4,"SVP BIC",0.00199999999999889,1,0.00199999999999889,1,TRUE,1
"vary_n",1836,0,4,"SVP BIC calibrated",0.00200000000000244,1,0.00300000000000011,1,TRUE,0.666666666667456
"vary_n",1836,0,4,"SVP BIC multiscale",0,1,0.0909999999999975,1,TRUE,NA
"vary_n",1836,0,5,"PELT",0.00400000000000134,1,0.00300000000000011,1,TRUE,1.33333333333373
"vary_n",1836,0,5,"SVP BIC",0.00300000000000011,1,0.00200000000000244,1,TRUE,1.49999999999822
"vary_n",1836,0,5,"SVP BIC calibrated",0.00199999999999889,1,0.00199999999999889,1,TRUE,1
"vary_n",1836,0,5,"SVP BIC multiscale",0,1,0.0899999999999999,1,TRUE,NA
"vary_n",1836,0,6,"PELT",0.00199999999999889,1,0.00300000000000011,1,TRUE,0.666666666666272
"vary_n",1836,0,6,"SVP BIC",0.00200000000000244,1,0.00199999999999889,1,TRUE,1.00000000000178
"vary_n",1836,0,6,"SVP BIC calibrated",0.00200000000000244,1,0.00199999999999889,1,TRUE,1.00000000000178
"vary_n",1836,0,6,"SVP BIC multiscale",0.00100000000000122,1,0.0899999999999999,1,TRUE,0.0111111111111247
"vary_n",1836,0,7,"PELT",0.004999999999999,1,0.00400000000000134,1,TRUE,1.24999999999933
"vary_n",1836,0,7,"SVP BIC",0.00300000000000011,1,0.00200000000000244,1,TRUE,1.49999999999822
"vary_n",1836,0,7,"SVP BIC calibrated",0.00199999999999889,1,0.00199999999999889,1,TRUE,1
"vary_n",1836,0,7,"SVP BIC multiscale",0,1,0.0890000000000022,1,TRUE,NA
"vary_n",1836,0,8,"PELT",0.00200000000000244,1,0.00199999999999889,1,TRUE,1.00000000000178
"vary_n",1836,0,8,"SVP BIC",0.00199999999999889,1,0.00300000000000011,1,TRUE,0.666666666666272
"vary_n",1836,0,8,"SVP BIC calibrated",0.00300000000000011,1,0.00199999999999889,1,TRUE,1.50000000000089
"vary_n",1836,0,8,"SVP BIC multiscale",0,1,0.0899999999999999,1,TRUE,NA
"vary_n",1836,0,9,"PELT",0.00300000000000011,1,0.00300000000000011,1,TRUE,1
"vary_n",1836,0,9,"SVP BIC",0.00200000000000244,1,0.00199999999999889,1,TRUE,1.00000000000178
"vary_n",1836,0,9,"SVP BIC calibrated",0.00300000000000011,1,0.00199999999999889,1,TRUE,1.50000000000089
"vary_n",1836,0,9,"SVP BIC multiscale",0,1,0.0879999999999974,1,TRUE,NA
"vary_n",2285,0,1,"PELT",0.004999999999999,1,0.00600000000000023,1,TRUE,0.833333333333135
"vary_n",2285,0,1,"SVP BIC",0.00300000000000011,1,0.00300000000000011,1,TRUE,1
"vary_n",2285,0,1,"SVP BIC calibrated",0.00300000000000011,1,0.00300000000000011,1,TRUE,1
"vary_n",2285,0,1,"SVP BIC multiscale",0.00100000000000122,1,0.135999999999999,1,TRUE,0.00735294117647961
"vary_n",2285,0,10,"PELT",0.00399999999999778,1,0.00300000000000011,1,TRUE,1.33333333333254
"vary_n",2285,0,10,"SVP BIC",0.00300000000000011,1,0.00300000000000011,1,TRUE,1
"vary_n",2285,0,10,"SVP BIC calibrated",0.00300000000000011,1,0.00300000000000011,1,TRUE,1
"vary_n",2285,0,10,"SVP BIC multiscale",0.00100000000000122,1,0.0769999999999982,2,FALSE,0.0129870129870291
"vary_n",2285,0,11,"PELT",0.00399999999999778,1,0.00399999999999778,1,TRUE,1
"vary_n",2285,0,11,"SVP BIC",0.00300000000000011,1,0.00300000000000011,1,TRUE,1
"vary_n",2285,0,11,"SVP BIC calibrated",0.00300000000000011,1,0.00300000000000011,1,TRUE,1
"vary_n",2285,0,11,"SVP BIC multiscale",0.000999999999997669,1,0.149000000000001,1,TRUE,0.00671140939595747
"vary_n",2285,0,12,"PELT",0.00500000000000256,1,0.0069999999999979,1,TRUE,0.714285714286294
"vary_n",2285,0,12,"SVP BIC",0.00300000000000011,1,0.00300000000000011,1,TRUE,1
"vary_n",2285,0,12,"SVP BIC calibrated",0.00300000000000011,1,0.00300000000000011,1,TRUE,1
"vary_n",2285,0,12,"SVP BIC multiscale",0,1,0.141000000000005,1,TRUE,NA
"vary_n",2285,0,13,"PELT",0.00400000000000134,1,0.00499999999999545,1,TRUE,0.800000000000996
"vary_n",2285,0,13,"SVP BIC",0.00199999999999889,1,0.00200000000000244,1,TRUE,0.999999999998225
"vary_n",2285,0,13,"SVP BIC calibrated",0.00199999999999889,1,0.00300000000000011,1,TRUE,0.666666666666272
"vary_n",2285,0,13,"SVP BIC multiscale",0.00100000000000122,1,0.142000000000003,1,TRUE,0.0070422535211352
"vary_n",2285,0,14,"PELT",0.00500000000000256,1,0.00399999999999778,1,TRUE,1.25000000000133
"vary_n",2285,0,14,"SVP BIC",0.00300000000000011,1,0.00300000000000011,1,TRUE,1
"vary_n",2285,0,14,"SVP BIC calibrated",0.00300000000000011,1,0.00300000000000011,1,TRUE,1
"vary_n",2285,0,14,"SVP BIC multiscale",0,1,0.139999999999993,1,TRUE,NA
"vary_n",2285,0,15,"PELT",0.00700000000000145,1,0.00600000000000023,1,TRUE,1.16666666666686
"vary_n",2285,0,15,"SVP BIC",0.00300000000000011,1,0.00300000000000011,1,TRUE,1
"vary_n",2285,0,15,"SVP BIC calibrated",0.00300000000000011,1,0.00300000000000011,1,TRUE,1
"vary_n",2285,0,15,"SVP BIC multiscale",0.00100000000000122,1,0.139000000000003,1,TRUE,0.00719424460432517
"vary_n",2285,0,16,"PELT",0.00399999999999778,1,0.00600000000000023,1,TRUE,0.666666666666271
"vary_n",2285,0,16,"SVP BIC",0.00300000000000011,1,0.00300000000000011,1,TRUE,1
"vary_n",2285,0,16,"SVP BIC calibrated",0.00300000000000011,1,0.00300000000000011,1,TRUE,1
"vary_n",2285,0,16,"SVP BIC multiscale",0.000999999999997669,1,0.140999999999998,1,TRUE,0.00709219858154385
"vary_n",2285,0,17,"PELT",0.00500000000000256,1,0.00800000000000267,1,TRUE,0.625000000000111
"vary_n",2285,0,17,"SVP BIC",0.00300000000000011,1,0.00299999999999301,1,TRUE,1.00000000000237
"vary_n",2285,0,17,"SVP BIC calibrated",0.00199999999999889,1,0.00300000000000011,1,TRUE,0.666666666666272
"vary_n",2285,0,17,"SVP BIC multiscale",0,1,0.140999999999998,1,TRUE,NA
"vary_n",2285,0,18,"PELT",0.00400000000000134,1,0.00300000000000011,1,TRUE,1.33333333333373
"vary_n",2285,0,18,"SVP BIC",0.00200000000000244,1,0.00300000000000011,1,TRUE,0.666666666667456
"vary_n",2285,0,18,"SVP BIC calibrated",0.00300000000000011,1,0.00300000000000011,1,TRUE,1
"vary_n",2285,0,18,"SVP BIC multiscale",0,1,0.103999999999999,3,FALSE,NA
"vary_n",2285,0,19,"PELT",0.00500000000000256,1,0.00600000000000023,1,TRUE,0.833333333333728
"vary_n",2285,0,19,"SVP BIC",0.00300000000000011,1,0.00200000000000244,1,TRUE,1.49999999999822
"vary_n",2285,0,19,"SVP BIC calibrated",0.00300000000000011,1,0.00300000000000011,1,TRUE,1
"vary_n",2285,0,19,"SVP BIC multiscale",0,1,0.143000000000001,1,TRUE,NA
"vary_n",2285,0,2,"PELT",0.004999999999999,1,0.00400000000000134,1,TRUE,1.24999999999933
"vary_n",2285,0,2,"SVP BIC",0.00300000000000011,1,0.00300000000000011,1,TRUE,1
"vary_n",2285,0,2,"SVP BIC calibrated",0.00300000000000011,1,0.00300000000000011,1,TRUE,1
"vary_n",2285,0,2,"SVP BIC multiscale",0,1,0.134999999999998,1,TRUE,NA
"vary_n",2285,0,20,"PELT",0.00700000000000145,1,0.00500000000000256,1,TRUE,1.39999999999957
"vary_n",2285,0,20,"SVP BIC",0.00300000000000011,1,0.00300000000000011,1,TRUE,1
"vary_n",2285,0,20,"SVP BIC calibrated",0.00300000000000011,1,0.00300000000000011,1,TRUE,1
"vary_n",2285,0,20,"SVP BIC multiscale",0,1,0.138999999999996,1,TRUE,NA
"vary_n",2285,0,3,"PELT",0.00400000000000134,1,0.00400000000000134,1,TRUE,1
"vary_n",2285,0,3,"SVP BIC",0.00300000000000011,1,0.00300000000000011,1,TRUE,1
"vary_n",2285,0,3,"SVP BIC calibrated",0.00300000000000011,1,0.00300000000000011,1,TRUE,1
"vary_n",2285,0,3,"SVP BIC multiscale",0,1,0.0760000000000005,2,FALSE,NA
"vary_n",2285,0,4,"PELT",0.004999999999999,1,0.00500000000000256,1,TRUE,0.999999999999288
"vary_n",2285,0,4,"SVP BIC",0.00300000000000011,1,0.00300000000000011,1,TRUE,1
"vary_n",2285,0,4,"SVP BIC calibrated",0.00300000000000011,1,0.00300000000000011,1,TRUE,1
"vary_n",2285,0,4,"SVP BIC multiscale",0.00100000000000122,1,0.143000000000001,1,TRUE,0.00699300699301548
"vary_n",2285,0,5,"PELT",0.00300000000000011,1,0.00300000000000011,1,TRUE,1
"vary_n",2285,0,5,"SVP BIC",0.00300000000000011,1,0.00300000000000011,1,TRUE,1
"vary_n",2285,0,5,"SVP BIC calibrated",0.00300000000000011,1,0.00300000000000011,1,TRUE,1
"vary_n",2285,0,5,"SVP BIC multiscale",0.0919999999999987,2,0.0960000000000001,2,TRUE,0.958333333333319
"vary_n",2285,0,6,"PELT",0.004999999999999,1,0.004999999999999,1,TRUE,1
"vary_n",2285,0,6,"SVP BIC",0.00300000000000011,1,0.00300000000000011,1,TRUE,1
"vary_n",2285,0,6,"SVP BIC calibrated",0.00300000000000011,1,0.00300000000000011,1,TRUE,1
"vary_n",2285,0,6,"SVP BIC multiscale",0.00100000000000122,1,0.140000000000001,1,TRUE,0.0071428571428658
"vary_n",2285,0,7,"PELT",0.00400000000000134,1,0.00400000000000134,1,TRUE,1
"vary_n",2285,0,7,"SVP BIC",0.00300000000000011,1,0.00300000000000011,1,TRUE,1
"vary_n",2285,0,7,"SVP BIC calibrated",0.00300000000000011,1,0.00300000000000011,1,TRUE,1
"vary_n",2285,0,7,"SVP BIC multiscale",0,1,0.140000000000001,1,TRUE,NA
"vary_n",2285,0,8,"PELT",0.00300000000000011,1,0.00300000000000011,1,TRUE,1
"vary_n",2285,0,8,"SVP BIC",0.00300000000000011,1,0.00199999999999889,1,TRUE,1.50000000000089
"vary_n",2285,0,8,"SVP BIC calibrated",0.00300000000000011,1,0.00300000000000011,1,TRUE,1
"vary_n",2285,0,8,"SVP BIC multiscale",0.00100000000000122,1,0.134,1,TRUE,0.00746268656717328
"vary_n",2285,0,9,"PELT",0.00399999999999778,1,0.00400000000000134,1,TRUE,0.99999999999911
"vary_n",2285,0,9,"SVP BIC",0.00300000000000011,1,0.00300000000000011,1,TRUE,1
"vary_n",2285,0,9,"SVP BIC calibrated",0.00300000000000011,1,0.00300000000000011,1,TRUE,1
"vary_n",2285,0,9,"SVP BIC multiscale",0,1,0.141999999999996,1,TRUE,NA
"vary_n",256,0,1,"PELT",0.004,1,0.004,1,TRUE,1
"vary_n",256,0,1,"SVP BIC",0,1,0.001,1,TRUE,NA
"vary_n",256,0,1,"SVP BIC calibrated",0.002,1,0.002,1,TRUE,1
"vary_n",256,0,1,"SVP BIC multiscale",0,1,0.002,1,TRUE,NA
"vary_n",256,0,10,"PELT",0,1,0.00100000000000011,1,TRUE,NA
"vary_n",256,0,10,"SVP BIC",0,1,0,1,TRUE,NA
"vary_n",256,0,10,"SVP BIC calibrated",0.00099999999999989,1,0.00100000000000011,1,TRUE,0.99999999999978
"vary_n",256,0,10,"SVP BIC multiscale",0,1,0.002,1,TRUE,NA
"vary_n",256,0,11,"PELT",0,1,0.00099999999999989,1,TRUE,NA
"vary_n",256,0,11,"SVP BIC",0.00099999999999989,1,0,1,TRUE,NA
"vary_n",256,0,11,"SVP BIC calibrated",0.00100000000000033,1,0.00100000000000011,1,TRUE,1.00000000000022
"vary_n",256,0,11,"SVP BIC multiscale",0,1,0.002,2,FALSE,NA
"vary_n",256,0,12,"PELT",0.00099999999999989,1,0.00100000000000011,1,TRUE,0.99999999999978
"vary_n",256,0,12,"SVP BIC",0.00099999999999989,1,0.00099999999999989,1,TRUE,1
"vary_n",256,0,12,"SVP BIC calibrated",0,1,0,1,TRUE,NA
"vary_n",256,0,12,"SVP BIC multiscale",0,1,0.00099999999999989,2,FALSE,NA
"vary_n",256,0,13,"PELT",0.00099999999999989,1,0,1,TRUE,NA
"vary_n",256,0,13,"SVP BIC",0,1,0.00099999999999989,1,TRUE,NA
"vary_n",256,0,13,"SVP BIC calibrated",0,1,0.00100000000000011,1,TRUE,NA
"vary_n",256,0,13,"SVP BIC multiscale",0,1,0.00300000000000011,1,TRUE,NA
"vary_n",256,0,14,"PELT",0.00099999999999989,1,0,1,TRUE,NA
"vary_n",256,0,14,"SVP BIC",0,1,0.00099999999999989,1,TRUE,NA
"vary_n",256,0,14,"SVP BIC calibrated",0,1,0,1,TRUE,NA
"vary_n",256,0,14,"SVP BIC multiscale",0,1,0.00200000000000022,1,TRUE,NA
"vary_n",256,0,15,"PELT",0.00099999999999989,1,0.00100000000000033,1,TRUE,0.99999999999956
"vary_n",256,0,15,"SVP BIC",0,1,0.00099999999999989,1,TRUE,NA
"vary_n",256,0,15,"SVP BIC calibrated",0,1,0,1,TRUE,NA
"vary_n",256,0,15,"SVP BIC multiscale",0,1,0.00099999999999989,2,FALSE,NA
"vary_n",256,0,16,"PELT",0.00099999999999989,1,0.00099999999999989,1,TRUE,1
"vary_n",256,0,16,"SVP BIC",0,1,0,1,TRUE,NA
"vary_n",256,0,16,"SVP BIC calibrated",0.00099999999999989,1,0.00100000000000033,1,TRUE,0.99999999999956
"vary_n",256,0,16,"SVP BIC multiscale",0,1,0.00099999999999989,2,FALSE,NA
"vary_n",256,0,17,"PELT",0,1,0,1,TRUE,NA
"vary_n",256,0,17,"SVP BIC",0,1,0,1,TRUE,NA
"vary_n",256,0,17,"SVP BIC calibrated",0,1,0.00100000000000033,1,TRUE,NA
"vary_n",256,0,17,"SVP BIC multiscale",0,1,0.00199999999999978,1,TRUE,NA
"vary_n",256,0,18,"PELT",0.00099999999999989,1,0,1,TRUE,NA
"vary_n",256,0,18,"SVP BIC",0,1,0.00099999999999989,1,TRUE,NA
"vary_n",256,0,18,"SVP BIC calibrated",0,1,0.00100000000000033,1,TRUE,NA
"vary_n",256,0,18,"SVP BIC multiscale",0,1,0.00199999999999978,1,TRUE,NA
"vary_n",256,0,19,"PELT",0.00099999999999989,1,0.00100000000000033,1,TRUE,0.99999999999956
"vary_n",256,0,19,"SVP BIC",0.00099999999999989,1,0.00099999999999989,1,TRUE,1
"vary_n",256,0,19,"SVP BIC calibrated",0.00200000000000022,2,0.00200000000000022,2,TRUE,1
"vary_n",256,0,19,"SVP BIC multiscale",0.00100000000000033,3,0.00100000000000033,3,TRUE,1
"vary_n",256,0,2,"PELT",0.001,3,0.001,3,TRUE,1
"vary_n",256,0,2,"SVP BIC",0.002,2,0.001,2,TRUE,2
"vary_n",256,0,2,"SVP BIC calibrated",0.001,2,0.002,2,TRUE,0.5
"vary_n",256,0,2,"SVP BIC multiscale",0.001,3,0.001,3,TRUE,1
"vary_n",256,0,20,"PELT",0.00099999999999989,1,0.00099999999999989,1,TRUE,1
"vary_n",256,0,20,"SVP BIC",0,1,0,1,TRUE,NA
"vary_n",256,0,20,"SVP BIC calibrated",0.00099999999999989,2,0.00199999999999978,2,TRUE,0.5
"vary_n",256,0,20,"SVP BIC multiscale",0.00199999999999978,3,0.00200000000000022,3,TRUE,0.99999999999978
"vary_n",256,0,3,"PELT",0.001,1,0.001,1,TRUE,1
"vary_n",256,0,3,"SVP BIC",0,1,0.001,1,TRUE,NA
"vary_n",256,0,3,"SVP BIC calibrated",0,1,0.001,1,TRUE,NA
"vary_n",256,0,3,"SVP BIC multiscale",0.001,1,0.002,1,TRUE,0.5
"vary_n",256,0,4,"PELT",0.00100000000000011,1,0,1,TRUE,NA
"vary_n",256,0,4,"SVP BIC",0.00099999999999989,1,0,1,TRUE,NA
"vary_n",256,0,4,"SVP BIC calibrated",0,1,0,1,TRUE,NA
"vary_n",256,0,4,"SVP BIC multiscale",0.002,3,0.001,3,TRUE,2
"vary_n",256,0,5,"PELT",0.00099999999999989,1,0,1,TRUE,NA
"vary_n",256,0,5,"SVP BIC",0,1,0,1,TRUE,NA
"vary_n",256,0,5,"SVP BIC calibrated",0,1,0,1,TRUE,NA
"vary_n",256,0,5,"SVP BIC multiscale",0,1,0.002,1,TRUE,NA
"vary_n",256,0,6,"PELT",0.00100000000000011,1,0,1,TRUE,NA
"vary_n",256,0,6,"SVP BIC",0.00100000000000011,1,0.00099999999999989,1,TRUE,1.00000000000022
"vary_n",256,0,6,"SVP BIC calibrated",0,1,0.00100000000000011,1,TRUE,NA
"vary_n",256,0,6,"SVP BIC multiscale",0,1,0.002,1,TRUE,NA
"vary_n",256,0,7,"PELT",0.00100000000000011,1,0.00100000000000011,1,TRUE,1
"vary_n",256,0,7,"SVP BIC",0,1,0.00100000000000011,1,TRUE,NA
"vary_n",256,0,7,"SVP BIC calibrated",0.00100000000000011,1,0,1,TRUE,NA
"vary_n",256,0,7,"SVP BIC multiscale",0,1,0.002,1,TRUE,NA
"vary_n",256,0,8,"PELT",0.00100000000000011,2,0.00099999999999989,2,TRUE,1.00000000000022
"vary_n",256,0,8,"SVP BIC",0,1,0.00099999999999989,1,TRUE,NA
"vary_n",256,0,8,"SVP BIC calibrated",0.00100000000000011,2,0.002,2,TRUE,0.500000000000055
"vary_n",256,0,8,"SVP BIC multiscale",0.002,2,0.002,2,TRUE,1
"vary_n",256,0,9,"PELT",0,1,0,1,TRUE,NA
"vary_n",256,0,9,"SVP BIC",0,1,0.00099999999999989,1,TRUE,NA
"vary_n",256,0,9,"SVP BIC calibrated",0,1,0,1,TRUE,NA
"vary_n",256,0,9,"SVP BIC multiscale",0,1,0.00099999999999989,3,FALSE,NA
"vary_n",2844,0,1,"PELT",0.00900000000000034,1,0.00799999999999557,1,TRUE,1.12500000000067
"vary_n",2844,0,1,"SVP BIC",0.00399999999999778,1,0.00300000000000011,1,TRUE,1.33333333333254
"vary_n",2844,0,1,"SVP BIC calibrated",0.00300000000000011,1,0.00399999999999778,1,TRUE,0.750000000000444
"vary_n",2844,0,1,"SVP BIC multiscale",0.00100000000000122,1,0.217999999999996,1,TRUE,0.00458715596330843
"vary_n",2844,0,10,"PELT",0.00799999999999912,1,0.0069999999999979,1,TRUE,1.14285714285736
"vary_n",2844,0,10,"SVP BIC",0.00400000000000134,1,0.00300000000000011,1,TRUE,1.33333333333373
"vary_n",2844,0,10,"SVP BIC calibrated",0.00400000000000134,1,0.00399999999999778,1,TRUE,1.00000000000089
"vary_n",2844,0,10,"SVP BIC multiscale",0,1,0.113999999999997,3,FALSE,NA
"vary_n",2844,0,11,"PELT",0.00600000000000023,1,0.0069999999999979,1,TRUE,0.857142857143147
"vary_n",2844,0,11,"SVP BIC",0.00399999999999778,1,0.00300000000000011,1,TRUE,1.33333333333254
"vary_n",2844,0,11,"SVP BIC calibrated",0.00300000000000011,1,0.00300000000000011,1,TRUE,1
"vary_n",2844,0,11,"SVP BIC multiscale",0.000999999999997669,1,0.214999999999996,1,TRUE,0.00465116279068692
"vary_n",2844,0,12,"PELT",0.00700000000000145,1,0.007000000000005,1,TRUE,0.999999999999493
"vary_n",2844,0,12,"SVP BIC",0.00300000000000011,1,0.00399999999999778,1,TRUE,0.750000000000444
"vary_n",2844,0,12,"SVP BIC calibrated",0.00300000000000011,1,0.00399999999999778,1,TRUE,0.750000000000444
"vary_n",2844,0,12,"SVP BIC multiscale",0.00100000000000122,1,0.216000000000001,1,TRUE,0.00462962962963526
"vary_n",2844,0,13,"PELT",0.004999999999999,1,0.00400000000000489,1,TRUE,1.24999999999822
"vary_n",2844,0,13,"SVP BIC",0.00399999999999778,1,0.00300000000000011,1,TRUE,1.33333333333254
"vary_n",2844,0,13,"SVP BIC calibrated",0.00400000000000134,1,0.00300000000000011,1,TRUE,1.33333333333373
"vary_n",2844,0,13,"SVP BIC multiscale",0.00100000000000122,1,0.222000000000001,1,TRUE,0.00450450450450998
"vary_n",2844,0,14,"PELT",0.0069999999999979,1,0.0069999999999979,1,TRUE,1
"vary_n",2844,0,14,"SVP BIC",0.00300000000000011,1,0.00399999999999778,1,TRUE,0.750000000000444
"vary_n",2844,0,14,"SVP BIC calibrated",0.205000000000002,2,0.210999999999999,2,TRUE,0.971563981042668
"vary_n",2844,0,14,"SVP BIC multiscale",0.207000000000001,2,0.209000000000003,2,TRUE,0.99043062200956
"vary_n",2844,0,15,"PELT",0.0069999999999979,1,0.00800000000000267,1,TRUE,0.874999999999446
"vary_n",2844,0,15,"SVP BIC",0.00400000000000134,1,0.00300000000000011,1,TRUE,1.33333333333373
"vary_n",2844,0,15,"SVP BIC calibrated",0.00400000000000134,1,0.00300000000000011,1,TRUE,1.33333333333373
"vary_n",2844,0,15,"SVP BIC multiscale",0,1,0.216999999999999,1,TRUE,NA
"vary_n",2844,0,16,"PELT",0.004999999999999,1,0.00499999999999545,1,TRUE,1.00000000000071
"vary_n",2844,0,16,"SVP BIC",0.00400000000000134,1,0.00300000000000011,1,TRUE,1.33333333333373
"vary_n",2844,0,16,"SVP BIC calibrated",0.00400000000000134,1,0.00399999999999778,1,TRUE,1.00000000000089
"vary_n",2844,0,16,"SVP BIC multiscale",0,1,0.159999999999997,2,FALSE,NA
"vary_n",2844,0,17,"PELT",0.00600000000000023,1,0.00600000000000023,1,TRUE,1
"vary_n",2844,0,17,"SVP BIC",0.00300000000000011,1,0.00300000000000011,1,TRUE,1
"vary_n",2844,0,17,"SVP BIC calibrated",0.00400000000000134,1,0.00399999999999778,1,TRUE,1.00000000000089
"vary_n",2844,0,17,"SVP BIC multiscale",0,1,0.111000000000004,2,FALSE,NA
"vary_n",2844,0,18,"PELT",0.00799999999999912,1,0.00999999999999801,1,TRUE,0.800000000000071
"vary_n",2844,0,18,"SVP BIC",0.00399999999999778,1,0.00300000000000011,1,TRUE,1.33333333333254
"vary_n",2844,0,18,"SVP BIC calibrated",0.00299999999999656,1,0.00400000000000489,1,TRUE,0.749999999998223
"vary_n",2844,0,18,"SVP BIC multiscale",0,1,0.217000000000006,1,TRUE,NA
"vary_n",2844,0,19,"PELT",0.00799999999999912,1,0.0069999999999979,1,TRUE,1.14285714285736
"vary_n",2844,0,19,"SVP BIC",0.00300000000000011,1,0.00399999999999778,1,TRUE,0.750000000000444
"vary_n",2844,0,19,"SVP BIC calibrated",0.00400000000000134,1,0.00300000000000011,1,TRUE,1.33333333333373
"vary_n",2844,0,19,"SVP BIC multiscale",0.00100000000000122,1,0.228000000000002,1,TRUE,0.00438596491228601
"vary_n",2844,0,2,"PELT",0.0069999999999979,1,0.00600000000000023,1,TRUE,1.16666666666627
"vary_n",2844,0,2,"SVP BIC",0.00300000000000011,1,0.00399999999999778,1,TRUE,0.750000000000444
"vary_n",2844,0,2,"SVP BIC calibrated",0.00399999999999778,1,0.00300000000000011,1,TRUE,1.33333333333254
"vary_n",2844,0,2,"SVP BIC multiscale",0.000999999999997669,1,0.218000000000004,1,TRUE,0.00458715596329198
"vary_n",2844,0,20,"PELT",0.0069999999999979,1,0.00799999999999557,1,TRUE,0.875000000000222
"vary_n",2844,0,20,"SVP BIC",0.00300000000000011,1,0.00399999999999778,1,TRUE,0.750000000000444
"vary_n",2844,0,20,"SVP BIC calibrated",0.00300000000000011,1,0.00399999999999778,1,TRUE,0.750000000000444
"vary_n",2844,0,20,"SVP BIC multiscale",0,1,0.216999999999999,1,TRUE,NA
"vary_n",2844,0,3,"PELT",0.0100000000000016,1,0.007000000000005,1,TRUE,1.42857142857064
"vary_n",2844,0,3,"SVP BIC",0.00400000000000134,1,0.00300000000000011,1,TRUE,1.33333333333373
"vary_n",2844,0,3,"SVP BIC calibrated",0.00300000000000011,1,0.00400000000000489,1,TRUE,0.74999999999911
"vary_n",2844,0,3,"SVP BIC multiscale",0,1,0.216000000000001,1,TRUE,NA
"vary_n",2844,0,4,"PELT",0.00500000000000256,1,0.00499999999999545,1,TRUE,1.00000000000142
"vary_n",2844,0,4,"SVP BIC",0.00400000000000134,1,0.00399999999999778,1,TRUE,1.00000000000089
"vary_n",2844,0,4,"SVP BIC calibrated",0.184000000000001,2,0.191000000000003,2,TRUE,0.963350785340304
"vary_n",2844,0,4,"SVP BIC multiscale",0.153000000000002,2,0.158999999999999,2,TRUE,0.962264150943415
"vary_n",2844,0,5,"PELT",0.0130000000000017,1,0.00800000000000267,1,TRUE,1.62499999999967
"vary_n",2844,0,5,"SVP BIC",0.00400000000000134,1,0.00300000000000011,1,TRUE,1.33333333333373
"vary_n",2844,0,5,"SVP BIC calibrated",0.00300000000000011,1,0.00300000000000011,1,TRUE,1
"vary_n",2844,0,5,"SVP BIC multiscale",0,1,0.216000000000001,1,TRUE,NA
"vary_n",2844,0,6,"PELT",0.00600000000000023,1,0.007000000000005,1,TRUE,0.857142857142278
"vary_n",2844,0,6,"SVP BIC",0.00300000000000011,1,0.00399999999999778,1,TRUE,0.750000000000444
"vary_n",2844,0,6,"SVP BIC calibrated",0.00400000000000134,1,0.00399999999999778,1,TRUE,1.00000000000089
"vary_n",2844,0,6,"SVP BIC multiscale",0.00100000000000122,1,0.216000000000001,1,TRUE,0.00462962962963526
"vary_n",2844,0,7,"PELT",0.00600000000000023,1,0.00600000000000023,1,TRUE,1
"vary_n",2844,0,7,"SVP BIC",0.00299999999999656,1,0.00399999999999778,1,TRUE,0.749999999999556
"vary_n",2844,0,7,"SVP BIC calibrated",0.00299999999999656,1,0.00399999999999778,1,TRUE,0.749999999999556
"vary_n",2844,0,7,"SVP BIC multiscale",0.00100000000000122,1,0.122999999999998,2,FALSE,0.00813008130082306
"vary_n",2844,0,8,"PELT",0.00300000000000011,1,0.00399999999999778,1,TRUE,0.750000000000444
"vary_n",2844,0,8,"SVP BIC",0.00399999999999778,1,0.00399999999999778,1,TRUE,1
"vary_n",2844,0,8,"SVP BIC calibrated",0.00300000000000011,1,0.00399999999999778,1,TRUE,0.750000000000444
"vary_n",2844,0,8,"SVP BIC multiscale",0.00100000000000122,1,0.193999999999996,2,FALSE,0.00515463917526413
"vary_n",2844,0,9,"PELT",0.00799999999999912,1,0.00799999999999557,1,TRUE,1.00000000000044
"vary_n",2844,0,9,"SVP BIC",0.00399999999999778,1,0.00399999999999778,1,TRUE,1
"vary_n",2844,0,9,"SVP BIC calibrated",0.00400000000000134,1,0.00300000000000011,1,TRUE,1.33333333333373
"vary_n",2844,0,9,"SVP BIC multiscale",0,1,0.219999999999999,1,TRUE,NA
"vary_n",319,0,1,"PELT",0.00100000000000033,1,0.00099999999999989,1,TRUE,1.00000000000044
"vary_n",319,0,1,"SVP BIC",0.00099999999999989,1,0.00099999999999989,1,TRUE,1
"vary_n",319,0,1,"SVP BIC calibrated",0,1,0.00099999999999989,1,TRUE,NA
"vary_n",319,0,1,"SVP BIC multiscale",0.00199999999999978,2,0.00200000000000022,2,TRUE,0.99999999999978
"vary_n",319,0,10,"PELT",0.000999999999999446,1,0.00099999999999989,1,TRUE,0.999999999999556
"vary_n",319,0,10,"SVP BIC",0,1,0,1,TRUE,NA
"vary_n",319,0,10,"SVP BIC calibrated",0.00100000000000033,1,0,1,TRUE,NA
"vary_n",319,0,10,"SVP BIC multiscale",0.000999999999999446,1,0.00300000000000011,1,TRUE,0.333333333333136
"vary_n",319,0,11,"PELT",0.00100000000000033,1,0,1,TRUE,NA
"vary_n",319,0,11,"SVP BIC",0,1,0.000999999999999446,1,TRUE,NA
"vary_n",319,0,11,"SVP BIC calibrated",0,1,0,1,TRUE,NA
"vary_n",319,0,11,"SVP BIC multiscale",0,1,0.00300000000000011,1,TRUE,NA
"vary_n",319,0,12,"PELT",0.000999999999999446,1,0,1,TRUE,NA
"vary_n",319,0,12,"SVP BIC",0.000999999999999446,1,0.000999999999999446,1,TRUE,1
"vary_n",319,0,12,"SVP BIC calibrated",0,1,0,1,TRUE,NA
"vary_n",319,0,12,"SVP BIC multiscale",0,1,0.00300000000000011,2,FALSE,NA
"vary_n",319,0,13,"PELT",0.00100000000000033,1,0,1,TRUE,NA
"vary_n",319,0,13,"SVP BIC",0,1,0.00100000000000033,1,TRUE,NA
"vary_n",319,0,13,"SVP BIC calibrated",0.000999999999999446,1,0,1,TRUE,NA
"vary_n",319,0,13,"SVP BIC multiscale",0,1,0.00300000000000011,1,TRUE,NA
"vary_n",319,0,14,"PELT",0.00100000000000033,1,0,1,TRUE,NA
"vary_n",319,0,14,"SVP BIC",0.00100000000000033,1,0,1,TRUE,NA
"vary_n",319,0,14,"SVP BIC calibrated",0.00100000000000033,1,0.00100000000000033,1,TRUE,1
"vary_n",319,0,14,"SVP BIC multiscale",0,1,0.00300000000000011,1,TRUE,NA
"vary_n",319,0,15,"PELT",0.00100000000000033,1,0.00100000000000033,1,TRUE,1
"vary_n",319,0,15,"SVP BIC",0,1,0,1,TRUE,NA
"vary_n",319,0,15,"SVP BIC calibrated",0,1,0.00100000000000033,1,TRUE,NA
"vary_n",319,0,15,"SVP BIC multiscale",0,1,0.00300000000000011,1,TRUE,NA
"vary_n",319,0,16,"PELT",0.000999999999999446,1,0,1,TRUE,NA
"vary_n",319,0,16,"SVP BIC",0,1,0,1,TRUE,NA
"vary_n",319,0,16,"SVP BIC calibrated",0.000999999999999446,1,0.00100000000000033,1,TRUE,0.999999999999116
"vary_n",319,0,16,"SVP BIC multiscale",0,1,0.00400000000000045,1,TRUE,NA
"vary_n",319,0,17,"PELT",0.00100000000000033,1,0,1,TRUE,NA
"vary_n",319,0,17,"SVP BIC",0.000999999999999446,1,0,1,TRUE,NA
"vary_n",319,0,17,"SVP BIC calibrated",0,1,0.00100000000000033,1,TRUE,NA
"vary_n",319,0,17,"SVP BIC multiscale",0,1,0.00300000000000011,1,TRUE,NA
"vary_n",319,0,18,"PELT",0,1,0,1,TRUE,NA
"vary_n",319,0,18,"SVP BIC",0,1,0.00100000000000033,1,TRUE,NA
"vary_n",319,0,18,"SVP BIC calibrated",0.00100000000000033,1,0,1,TRUE,NA
"vary_n",319,0,18,"SVP BIC multiscale",0,1,0.00299999999999923,1,TRUE,NA
"vary_n",319,0,19,"PELT",0.00100000000000033,1,0,1,TRUE,NA
"vary_n",319,0,19,"SVP BIC",0.00100000000000033,1,0.00100000000000033,1,TRUE,1
"vary_n",319,0,19,"SVP BIC calibrated",0.00100000000000033,1,0,1,TRUE,NA
"vary_n",319,0,19,"SVP BIC multiscale",0,1,0.00300000000000011,1,TRUE,NA
"vary_n",319,0,2,"PELT",0,1,0.00099999999999989,1,TRUE,NA
"vary_n",319,0,2,"SVP BIC",0,1,0.00100000000000033,1,TRUE,NA
"vary_n",319,0,2,"SVP BIC calibrated",0,1,0,1,TRUE,NA
"vary_n",319,0,2,"SVP BIC multiscale",0,1,0.00199999999999978,2,FALSE,NA
"vary_n",319,0,20,"PELT",0.00100000000000033,1,0,1,TRUE,NA
"vary_n",319,0,20,"SVP BIC",0,1,0,1,TRUE,NA
"vary_n",319,0,20,"SVP BIC calibrated",0.00199999999999978,2,0.00300000000000011,2,TRUE,0.666666666666569
"vary_n",319,0,20,"SVP BIC multiscale",0.00100000000000033,3,0.00100000000000033,3,TRUE,1
"vary_n",319,0,3,"PELT",0.00100000000000033,1,0,1,TRUE,NA
"vary_n",319,0,3,"SVP BIC",0.00099999999999989,1,0,1,TRUE,NA
"vary_n",319,0,3,"SVP BIC calibrated",0,1,0,1,TRUE,NA
"vary_n",319,0,3,"SVP BIC multiscale",0,1,0.00300000000000011,1,TRUE,NA
"vary_n",319,0,4,"PELT",0.00200000000000022,1,0,1,TRUE,NA
"vary_n",319,0,4,"SVP BIC",0,1,0,1,TRUE,NA
"vary_n",319,0,4,"SVP BIC calibrated",0.00099999999999989,1,0.00100000000000033,1,TRUE,0.99999999999956
"vary_n",319,0,4,"SVP BIC multiscale",0,1,0.00300000000000011,1,TRUE,NA
"vary_n",319,0,5,"PELT",0.00099999999999989,1,0,1,TRUE,NA
"vary_n",319,0,5,"SVP BIC",0.00099999999999989,1,0,1,TRUE,NA
"vary_n",319,0,5,"SVP BIC calibrated",0.00100000000000033,1,0,1,TRUE,NA
"vary_n",319,0,5,"SVP BIC multiscale",0,1,0.00300000000000011,1,TRUE,NA
"vary_n",319,0,6,"PELT",0.000999999999999446,1,0,1,TRUE,NA
"vary_n",319,0,6,"SVP BIC",0.00100000000000033,1,0.00099999999999989,1,TRUE,1.00000000000044
"vary_n",319,0,6,"SVP BIC calibrated",0.000999999999999446,1,0,1,TRUE,NA
"vary_n",319,0,6,"SVP BIC multiscale",0,1,0.00199999999999978,2,FALSE,NA
"vary_n",319,0,7,"PELT",0.00100000000000033,1,0.00099999999999989,1,TRUE,1.00000000000044
"vary_n",319,0,7,"SVP BIC",0.000999999999999446,1,0,1,TRUE,NA
"vary_n",319,0,7,"SVP BIC calibrated",0.00100000000000033,1,0,1,TRUE,NA
"vary_n",319,0,7,"SVP BIC multiscale",0,1,0.00200000000000022,1,TRUE,NA
"vary_n",319,0,8,"PELT",0.000999999999999446,1,0.00099999999999989,1,TRUE,0.999999999999556
"vary_n",319,0,8,"SVP BIC",0,1,0,1,TRUE,NA
"vary_n",319,0,8,"SVP BIC calibrated",0.00300000000000011,2,0.00200000000000022,2,TRUE,1.49999999999989
"vary_n",319,0,8,"SVP BIC multiscale",0.00199999999999978,3,0.00200000000000022,3,TRUE,0.99999999999978
"vary_n",319,0,9,"PELT",0,1,0,1,TRUE,NA
"vary_n",319,0,9,"SVP BIC",0,1,0,1,TRUE,NA
"vary_n",319,0,9,"SVP BIC calibrated",0.000999999999999446,1,0,1,TRUE,NA
"vary_n",319,0,9,"SVP BIC multiscale",0,1,0.00199999999999978,2,FALSE,NA
"vary_n",3540,0,1,"PELT",0.0110000000000028,1,0.0110000000000028,1,TRUE,1
"vary_n",3540,0,1,"SVP BIC",0.00500000000000256,1,0.00500000000000256,1,TRUE,1
"vary_n",3540,0,1,"SVP BIC calibrated",0.00500000000000256,1,0.00600000000000023,1,TRUE,0.833333333333728
"vary_n",3540,0,1,"SVP BIC multiscale",0,1,0.344000000000001,1,TRUE,NA
"vary_n",3540,0,10,"PELT",0.00900000000000034,1,0.00900000000000034,1,TRUE,1
"vary_n",3540,0,10,"SVP BIC",0.00499999999999545,1,0.00400000000000489,1,TRUE,1.24999999999733
"vary_n",3540,0,10,"SVP BIC calibrated",0.00500000000000256,1,0.00500000000000256,1,TRUE,1
"vary_n",3540,0,10,"SVP BIC multiscale",0,1,0.344999999999999,1,TRUE,NA
"vary_n",3540,0,11,"PELT",0.0109999999999957,1,0.0120000000000005,1,TRUE,0.91666666666627
"vary_n",3540,0,11,"SVP BIC",0.00500000000000256,1,0.00400000000000489,1,TRUE,1.24999999999911
"vary_n",3540,0,11,"SVP BIC calibrated",0.00399999999999778,1,0.00499999999999545,1,TRUE,0.800000000000284
"vary_n",3540,0,11,"SVP BIC multiscale",0.000999999999997669,1,0.336000000000006,1,TRUE,0.00297619047618349
"vary_n",3540,0,12,"PELT",0.00799999999999557,1,0.00900000000000034,1,TRUE,0.888888888888363
"vary_n",3540,0,12,"SVP BIC",0.00399999999999778,1,0.00400000000000489,1,TRUE,0.999999999998222
"vary_n",3540,0,12,"SVP BIC calibrated",0.00500000000000256,1,0.00500000000000256,1,TRUE,1
"vary_n",3540,0,12,"SVP BIC multiscale",0,1,0.363999999999997,1,TRUE,NA
"vary_n",3540,0,13,"PELT",0.00800000000000267,1,0.00999999999999801,1,TRUE,0.800000000000426
"vary_n",3540,0,13,"SVP BIC",0.00499999999999545,1,0.00399999999999778,1,TRUE,1.24999999999956
"vary_n",3540,0,13,"SVP BIC calibrated",0.00399999999999778,1,0.00399999999999778,1,TRUE,1
"vary_n",3540,0,13,"SVP BIC multiscale",0,1,0.343000000000004,1,TRUE,NA
"vary_n",3540,0,14,"PELT",0.0120000000000005,1,0.0139999999999958,1,TRUE,0.85714285714315
"vary_n",3540,0,14,"SVP BIC",0.00500000000000256,1,0.00399999999999778,1,TRUE,1.25000000000133
"vary_n",3540,0,14,"SVP BIC calibrated",0.00400000000000489,1,0.00400000000000489,1,TRUE,1
"vary_n",3540,0,14,"SVP BIC multiscale",0,1,0.350999999999999,1,TRUE,NA
"vary_n",3540,0,15,"PELT",0.00999999999999801,1,0.00900000000000034,1,TRUE,1.11111111111085
"vary_n",3540,0,15,"SVP BIC",0.00499999999999545,1,0.00500000000000256,1,TRUE,0.999999999998578
"vary_n",3540,0,15,"SVP BIC calibrated",0.00399999999999778,1,0.00500000000000256,1,TRUE,0.799999999999146
"vary_n",3540,0,15,"SVP BIC multiscale",0.00100000000000477,1,0.353999999999999,1,TRUE,0.00282485875707563
"vary_n",3540,0,16,"PELT",0.00900000000000034,1,0.00799999999999557,1,TRUE,1.12500000000067
"vary_n",3540,0,16,"SVP BIC",0.00500000000000256,1,0.00399999999999778,1,TRUE,1.25000000000133
"vary_n",3540,0,16,"SVP BIC calibrated",0.00399999999999778,1,0.00399999999999778,1,TRUE,1
"vary_n",3540,0,16,"SVP BIC multiscale",0,1,0.344999999999999,1,TRUE,NA
"vary_n",3540,0,17,"PELT",0.007000000000005,1,0.00800000000000267,1,TRUE,0.875000000000333
"vary_n",3540,0,17,"SVP BIC",0.00399999999999778,1,0.00399999999999778,1,TRUE,1
"vary_n",3540,0,17,"SVP BIC calibrated",0.00399999999999778,1,0.00400000000000489,1,TRUE,0.999999999998222
"vary_n",3540,0,17,"SVP BIC multiscale",0,1,0.345999999999997,1,TRUE,NA
"vary_n",3540,0,18,"PELT",0.0120000000000005,1,0.0109999999999957,1,TRUE,1.09090909090956
"vary_n",3540,0,18,"SVP BIC",0.00499999999999545,1,0.00400000000000489,1,TRUE,1.24999999999733
"vary_n",3540,0,18,"SVP BIC calibrated",0.00499999999999545,1,0.00499999999999545,1,TRUE,1
"vary_n",3540,0,18,"SVP BIC multiscale",0,1,0.340000000000003,1,TRUE,NA
"vary_n",3540,0,19,"PELT",0.0129999999999981,1,0.0120000000000005,1,TRUE,1.08333333333313
"vary_n",3540,0,19,"SVP BIC",0.00499999999999545,1,0.00500000000000256,1,TRUE,0.999999999998578
"vary_n",3540,0,19,"SVP BIC calibrated",0.00499999999999545,1,0.00400000000000489,1,TRUE,1.24999999999733
"vary_n",3540,0,19,"SVP BIC multiscale",0.000999999999997669,1,0.344000000000001,1,TRUE,0.00290697674417926
"vary_n",3540,0,2,"PELT",0.017000000000003,1,0.0159999999999982,1,TRUE,1.06250000000031
"vary_n",3540,0,2,"SVP BIC",0.00400000000000489,1,0.00399999999999778,1,TRUE,1.00000000000178
"vary_n",3540,0,2,"SVP BIC calibrated",0.00500000000000256,1,0.00400000000000489,1,TRUE,1.24999999999911
"vary_n",3540,0,2,"SVP BIC multiscale",0,1,0.347000000000001,1,TRUE,NA
"vary_n",3540,0,20,"PELT",0.0109999999999957,1,0.0120000000000005,1,TRUE,0.91666666666627
"vary_n",3540,0,20,"SVP BIC",0.00399999999999778,1,0.00500000000000256,1,TRUE,0.799999999999146
"vary_n",3540,0,20,"SVP BIC calibrated",0.00500000000000256,1,0.00399999999999778,1,TRUE,1.25000000000133
"vary_n",3540,0,20,"SVP BIC multiscale",0,1,0.353000000000002,1,TRUE,NA
"vary_n",3540,0,3,"PELT",0.0120000000000005,1,0.0159999999999982,1,TRUE,0.750000000000116
"vary_n",3540,0,3,"SVP BIC",0.00399999999999778,1,0.00400000000000489,1,TRUE,0.999999999998222
"vary_n",3540,0,3,"SVP BIC calibrated",0.00399999999999778,1,0.00399999999999778,1,TRUE,1
"vary_n",3540,0,3,"SVP BIC multiscale",0,1,0.346000000000004,1,TRUE,NA
"vary_n",3540,0,4,"PELT",0.0120000000000005,1,0.0120000000000005,1,TRUE,1
"vary_n",3540,0,4,"SVP BIC",0.00500000000000256,1,0.00500000000000256,1,TRUE,1
"vary_n",3540,0,4,"SVP BIC calibrated",0.00499999999999545,1,0.00399999999999778,1,TRUE,1.24999999999956
"vary_n",3540,0,4,"SVP BIC multiscale",0,1,0.342999999999996,1,TRUE,NA
"vary_n",3540,0,5,"PELT",0.00799999999999557,1,0.00999999999999801,1,TRUE,0.799999999999716
"vary_n",3540,0,5,"SVP BIC",0.00399999999999778,1,0.00500000000000256,1,TRUE,0.799999999999146
"vary_n",3540,0,5,"SVP BIC calibrated",0.00499999999999545,1,0.00500000000000256,1,TRUE,0.999999999998578
"vary_n",3540,0,5,"SVP BIC multiscale",0,1,0.341000000000001,1,TRUE,NA
"vary_n",3540,0,6,"PELT",0.00999999999999801,1,0.00999999999999801,1,TRUE,1
"vary_n",3540,0,6,"SVP BIC",0.00499999999999545,1,0.00500000000000256,1,TRUE,0.999999999998578
"vary_n",3540,0,6,"SVP BIC calibrated",0.00399999999999778,1,0.00499999999999545,1,TRUE,0.800000000000284
"vary_n",3540,0,6,"SVP BIC multiscale",0,1,0.338999999999999,1,TRUE,NA
"vary_n",3540,0,7,"PELT",0.00800000000000267,1,0.00800000000000267,1,TRUE,1
"vary_n",3540,0,7,"SVP BIC",0.00399999999999778,1,0.00500000000000256,1,TRUE,0.799999999999146
"vary_n",3540,0,7,"SVP BIC calibrated",0.00500000000000256,1,0.00499999999999545,1,TRUE,1.00000000000142
"vary_n",3540,0,7,"SVP BIC multiscale",0.00100000000000477,1,0.310000000000002,2,FALSE,0.00322580645162827
"vary_n",3540,0,8,"PELT",0.0069999999999979,1,0.00800000000000267,1,TRUE,0.874999999999446
"vary_n",3540,0,8,"SVP BIC",0.00400000000000489,1,0.00399999999999778,1,TRUE,1.00000000000178
"vary_n",3540,0,8,"SVP BIC calibrated",0.00399999999999778,1,0.00399999999999778,1,TRUE,1
"vary_n",3540,0,8,"SVP BIC multiscale",0,1,0.127000000000002,3,FALSE,NA
"vary_n",3540,0,9,"PELT",0.00800000000000267,1,0.00799999999999557,1,TRUE,1.00000000000089
"vary_n",3540,0,9,"SVP BIC",0.00500000000000256,1,0.00500000000000256,1,TRUE,1
"vary_n",3540,0,9,"SVP BIC calibrated",0.00499999999999545,1,0.00400000000000489,1,TRUE,1.24999999999733
"vary_n",3540,0,9,"SVP BIC multiscale",0,1,0.177999999999997,2,FALSE,NA
"vary_n",397,0,1,"PELT",0,1,0.000999999999999446,1,TRUE,NA
"vary_n",397,0,1,"SVP BIC",0.00100000000000033,1,0.00100000000000033,1,TRUE,1
"vary_n",397,0,1,"SVP BIC calibrated",0.00100000000000033,1,0,1,TRUE,NA
"vary_n",397,0,1,"SVP BIC multiscale",0,1,0.00400000000000045,1,TRUE,NA
"vary_n",397,0,10,"PELT",0.00100000000000033,1,0,1,TRUE,NA
"vary_n",397,0,10,"SVP BIC",0,1,0.00100000000000033,1,TRUE,NA
"vary_n",397,0,10,"SVP BIC calibrated",0.00100000000000033,1,0.000999999999999446,1,TRUE,1.00000000000088
"vary_n",397,0,10,"SVP BIC multiscale",0,1,0.00400000000000045,1,TRUE,NA
"vary_n",397,0,11,"PELT",0.000999999999999446,1,0,1,TRUE,NA
"vary_n",397,0,11,"SVP BIC",0.00100000000000033,1,0.00100000000000033,1,TRUE,1
"vary_n",397,0,11,"SVP BIC calibrated",0,1,0,1,TRUE,NA
"vary_n",397,0,11,"SVP BIC multiscale",0.000999999999999446,1,0.00400000000000045,1,TRUE,0.249999999999833
"vary_n",397,0,12,"PELT",0.00100000000000033,1,0.00100000000000033,1,TRUE,1
"vary_n",397,0,12,"SVP BIC",0.00100000000000033,1,0.00100000000000033,1,TRUE,1
"vary_n",397,0,12,"SVP BIC calibrated",0,1,0,1,TRUE,NA
"vary_n",397,0,12,"SVP BIC multiscale",0,1,0.00400000000000045,1,TRUE,NA
"vary_n",397,0,13,"PELT",0,1,0,1,TRUE,NA
"vary_n",397,0,13,"SVP BIC",0,1,0,1,TRUE,NA
"vary_n",397,0,13,"SVP BIC calibrated",0.000999999999999446,1,0.00100000000000033,1,TRUE,0.999999999999116
"vary_n",397,0,13,"SVP BIC multiscale",0,1,0.00499999999999989,1,TRUE,NA
"vary_n",397,0,14,"PELT",0.00100000000000033,1,0.00100000000000033,1,TRUE,1
"vary_n",397,0,14,"SVP BIC",0.000999999999999446,1,0.00100000000000033,1,TRUE,0.999999999999116
"vary_n",397,0,14,"SVP BIC calibrated",0,1,0,1,TRUE,NA
"vary_n",397,0,14,"SVP BIC multiscale",0,1,0.00300000000000011,2,FALSE,NA
"vary_n",397,0,15,"PELT",0.000999999999999446,1,0,1,TRUE,NA
"vary_n",397,0,15,"SVP BIC",0.00100000000000033,1,0,1,TRUE,NA
"vary_n",397,0,15,"SVP BIC calibrated",0,1,0.00100000000000033,1,TRUE,NA
"vary_n",397,0,15,"SVP BIC multiscale",0,1,0.00199999999999978,3,FALSE,NA
"vary_n",397,0,16,"PELT",0.00100000000000122,1,0,1,TRUE,NA
"vary_n",397,0,16,"SVP BIC",0,1,0.000999999999999446,1,TRUE,NA
"vary_n",397,0,16,"SVP BIC calibrated",0,1,0,1,TRUE,NA
"vary_n",397,0,16,"SVP BIC multiscale",0,1,0.00300000000000011,2,FALSE,NA
"vary_n",397,0,17,"PELT",0,1,0.00100000000000033,1,TRUE,NA
"vary_n",397,0,17,"SVP BIC",0.000999999999999446,1,0.000999999999999446,1,TRUE,1
"vary_n",397,0,17,"SVP BIC calibrated",0,1,0,1,TRUE,NA
"vary_n",397,0,17,"SVP BIC multiscale",0,1,0.00399999999999956,2,FALSE,NA
"vary_n",397,0,18,"PELT",0.000999999999999446,1,0.00100000000000033,1,TRUE,0.999999999999116
"vary_n",397,0,18,"SVP BIC",0.000999999999999446,1,0,1,TRUE,NA
"vary_n",397,0,18,"SVP BIC calibrated",0.000999999999999446,1,0,1,TRUE,NA
"vary_n",397,0,18,"SVP BIC multiscale",0,1,0.00300000000000011,2,FALSE,NA
"vary_n",397,0,19,"PELT",0.000999999999999446,1,0.00100000000000033,1,TRUE,0.999999999999116
"vary_n",397,0,19,"SVP BIC",0,1,0,1,TRUE,NA
"vary_n",397,0,19,"SVP BIC calibrated",0,1,0.00100000000000033,1,TRUE,NA
"vary_n",397,0,19,"SVP BIC multiscale",0,1,0.00499999999999989,1,TRUE,NA
"vary_n",397,0,2,"PELT",0,1,0,1,TRUE,NA
"vary_n",397,0,2,"SVP BIC",0.00100000000000033,1,0,1,TRUE,NA
"vary_n",397,0,2,"SVP BIC calibrated",0.000999999999999446,1,0,1,TRUE,NA
"vary_n",397,0,2,"SVP BIC multiscale",0,1,0.00400000000000045,2,FALSE,NA
"vary_n",397,0,20,"PELT",0.00100000000000122,1,0.00100000000000033,1,TRUE,1.00000000000089
"vary_n",397,0,20,"SVP BIC",0.000999999999999446,1,0.00100000000000033,1,TRUE,0.999999999999116
"vary_n",397,0,20,"SVP BIC calibrated",0,1,0.00100000000000033,1,TRUE,NA
"vary_n",397,0,20,"SVP BIC multiscale",0.00100000000000122,1,0.00300000000000011,2,FALSE,0.333333333333728
"vary_n",397,0,3,"PELT",0.00100000000000033,1,0.000999999999999446,1,TRUE,1.00000000000088
"vary_n",397,0,3,"SVP BIC",0.000999999999999446,1,0.00100000000000033,1,TRUE,0.999999999999116
"vary_n",397,0,3,"SVP BIC calibrated",0,1,0,1,TRUE,NA
"vary_n",397,0,3,"SVP BIC multiscale",0,1,0.00499999999999989,1,TRUE,NA
"vary_n",397,0,4,"PELT",0.00100000000000033,1,0.00100000000000033,1,TRUE,1
"vary_n",397,0,4,"SVP BIC",0,1,0,1,TRUE,NA
"vary_n",397,0,4,"SVP BIC calibrated",0.00100000000000033,1,0.00100000000000033,1,TRUE,1
"vary_n",397,0,4,"SVP BIC multiscale",0.00100000000000033,1,0.00399999999999956,1,TRUE,0.25000000000011
"vary_n",397,0,5,"PELT",0.000999999999999446,1,0.00100000000000033,1,TRUE,0.999999999999116
"vary_n",397,0,5,"SVP BIC",0.00100000000000033,1,0,1,TRUE,NA
"vary_n",397,0,5,"SVP BIC calibrated",0.00100000000000033,1,0,1,TRUE,NA
"vary_n",397,0,5,"SVP BIC multiscale",0,1,0.00499999999999989,1,TRUE,NA
"vary_n",397,0,6,"PELT",0,1,0,1,TRUE,NA
"vary_n",397,0,6,"SVP BIC",0,1,0,1,TRUE,NA
"vary_n",397,0,6,"SVP BIC calibrated",0,1,0,1,TRUE,NA
"vary_n",397,0,6,"SVP BIC multiscale",0,1,0.00399999999999956,2,FALSE,NA
"vary_n",397,0,7,"PELT",0.00100000000000033,1,0,1,TRUE,NA
"vary_n",397,0,7,"SVP BIC",0.000999999999999446,1,0.00100000000000033,1,TRUE,0.999999999999116
"vary_n",397,0,7,"SVP BIC calibrated",0.00100000000000033,1,0.00100000000000033,1,TRUE,1
"vary_n",397,0,7,"SVP BIC multiscale",0,1,0.00499999999999989,1,TRUE,NA
"vary_n",397,0,8,"PELT",0.00100000000000033,1,0,1,TRUE,NA
"vary_n",397,0,8,"SVP BIC",0.00100000000000033,1,0.000999999999999446,1,TRUE,1.00000000000088
"vary_n",397,0,8,"SVP BIC calibrated",0,1,0.00100000000000033,1,TRUE,NA
"vary_n",397,0,8,"SVP BIC multiscale",0,1,0.00499999999999989,1,TRUE,NA
"vary_n",397,0,9,"PELT",0.00100000000000033,1,0,1,TRUE,NA
"vary_n",397,0,9,"SVP BIC",0.00100000000000033,1,0.00100000000000033,1,TRUE,1
"vary_n",397,0,9,"SVP BIC calibrated",0.000999999999999446,1,0.000999999999999446,1,TRUE,1
"vary_n",397,0,9,"SVP BIC multiscale",0,1,0.00399999999999956,2,FALSE,NA
"vary_n",4406,0,1,"PELT",0.00999999999999801,1,0.0109999999999957,1,TRUE,0.909090909091084
"vary_n",4406,0,1,"SVP BIC",0.00600000000000023,1,0.00600000000000023,1,TRUE,1
"vary_n",4406,0,1,"SVP BIC calibrated",0.00500000000000256,1,0.00499999999999545,1,TRUE,1.00000000000142
"vary_n",4406,0,1,"SVP BIC multiscale",0.00100000000000477,1,0.549,1,TRUE,0.001821493624781
"vary_n",4406,0,10,"PELT",0.0180000000000007,1,0.0180000000000007,1,TRUE,1
"vary_n",4406,0,10,"SVP BIC",0.00500000000000256,1,0.00600000000000023,1,TRUE,0.833333333333728
"vary_n",4406,0,10,"SVP BIC calibrated",0.00600000000000023,1,0.00600000000000023,1,TRUE,1
"vary_n",4406,0,10,"SVP BIC multiscale",0.000999999999997669,1,0.560000000000002,1,TRUE,0.00178571428571012
"vary_n",4406,0,11,"PELT",0.00999999999999801,1,0.00999999999999801,1,TRUE,1
"vary_n",4406,0,11,"SVP BIC",0.00500000000000256,1,0.00500000000000256,1,TRUE,1
"vary_n",4406,0,11,"SVP BIC calibrated",0.00600000000000023,1,0.00600000000000023,1,TRUE,1
"vary_n",4406,0,11,"SVP BIC multiscale",0,1,0.332999999999998,2,FALSE,NA
"vary_n",4406,0,12,"PELT",0.0210000000000008,1,0.0180000000000007,1,TRUE,1.16666666666667
"vary_n",4406,0,12,"SVP BIC",0.00500000000000256,1,0.00600000000000023,1,TRUE,0.833333333333728
"vary_n",4406,0,12,"SVP BIC calibrated",0.00600000000000023,1,0.00500000000000256,1,TRUE,1.19999999999943
"vary_n",4406,0,12,"SVP BIC multiscale",0,1,0.539999999999999,1,TRUE,NA
"vary_n",4406,0,13,"PELT",0.00800000000000267,1,0.00999999999999801,1,TRUE,0.800000000000426
"vary_n",4406,0,13,"SVP BIC",0.00600000000000023,1,0.00600000000000023,1,TRUE,1
"vary_n",4406,0,13,"SVP BIC calibrated",0.230999999999995,2,0.349000000000004,2,TRUE,0.661891117478488
"vary_n",4406,0,13,"SVP BIC multiscale",0.210999999999999,3,0.221000000000004,3,TRUE,0.954751131221698
"vary_n",4406,0,14,"PELT",0.0150000000000006,1,0.0140000000000029,1,TRUE,1.07142857142839
"vary_n",4406,0,14,"SVP BIC",0.00600000000000023,1,0.00600000000000023,1,TRUE,1
"vary_n",4406,0,14,"SVP BIC calibrated",0.00600000000000023,1,0.00600000000000023,1,TRUE,1
"vary_n",4406,0,14,"SVP BIC multiscale",0.00100000000000477,1,0.533999999999999,1,TRUE,0.0018726591760389
"vary_n",4406,0,15,"PELT",0.0180000000000007,1,0.0189999999999984,1,TRUE,0.947368421052748
"vary_n",4406,0,15,"SVP BIC",0.00600000000000023,1,0.00600000000000023,1,TRUE,1
"vary_n",4406,0,15,"SVP BIC calibrated",0.00600000000000023,1,0.00600000000000023,1,TRUE,1
"vary_n",4406,0,15,"SVP BIC multiscale",0,1,0.539000000000001,1,TRUE,NA
"vary_n",4406,0,16,"PELT",0.0120000000000005,1,0.0150000000000006,1,TRUE,0.800000000000001
"vary_n",4406,0,16,"SVP BIC",0.00500000000000256,1,0.00600000000000023,1,TRUE,0.833333333333728
"vary_n",4406,0,16,"SVP BIC calibrated",0.00600000000000023,1,0.00500000000000256,1,TRUE,1.19999999999943
"vary_n",4406,0,16,"SVP BIC multiscale",0,1,0.540999999999997,1,TRUE,NA
"vary_n",4406,0,17,"PELT",0.017000000000003,1,0.0180000000000007,1,TRUE,0.944444444444574
"vary_n",4406,0,17,"SVP BIC",0.00499999999999545,1,0.00600000000000023,1,TRUE,0.833333333332543
"vary_n",4406,0,17,"SVP BIC calibrated",0.00600000000000023,1,0.00600000000000023,1,TRUE,1
"vary_n",4406,0,17,"SVP BIC multiscale",0.00100000000000477,1,0.545999999999999,1,TRUE,0.00183150183151057
"vary_n",4406,0,18,"PELT",0.017000000000003,1,0.0180000000000007,1,TRUE,0.944444444444574
"vary_n",4406,0,18,"SVP BIC",0.00500000000000256,1,0.00600000000000023,1,TRUE,0.833333333333728
"vary_n",4406,0,18,"SVP BIC calibrated",0.00499999999999545,1,0.00500000000000256,1,TRUE,0.999999999998578
"vary_n",4406,0,18,"SVP BIC multiscale",0,1,0.557000000000002,1,TRUE,NA
"vary_n",4406,0,19,"PELT",0.0109999999999957,1,0.00999999999999801,1,TRUE,1.09999999999979
"vary_n",4406,0,19,"SVP BIC",0.00599999999999312,1,0.00600000000000023,1,TRUE,0.999999999998815
"vary_n",4406,0,19,"SVP BIC calibrated",0.00600000000000023,1,0.00500000000000256,1,TRUE,1.19999999999943
"vary_n",4406,0,19,"SVP BIC multiscale",0,1,0.552,1,TRUE,NA
"vary_n",4406,0,2,"PELT",0.0110000000000028,1,0.0100000000000051,1,TRUE,1.09999999999972
"vary_n",4406,0,2,"SVP BIC",0.00600000000000023,1,0.00600000000000023,1,TRUE,1
"vary_n",4406,0,2,"SVP BIC calibrated",0.00600000000000023,1,0.00500000000000256,1,TRUE,1.19999999999943
"vary_n",4406,0,2,"SVP BIC multiscale",0,1,0.32,2,FALSE,NA
"vary_n",4406,0,20,"PELT",0.0069999999999979,1,0.007000000000005,1,TRUE,0.999999999998986
"vary_n",4406,0,20,"SVP BIC",0.00600000000000023,1,0.00500000000000256,1,TRUE,1.19999999999943
"vary_n",4406,0,20,"SVP BIC calibrated",0.205000000000005,2,0.247,2,TRUE,0.829959514170061
"vary_n",4406,0,20,"SVP BIC multiscale",0.207999999999998,4,0.216000000000008,4,TRUE,0.962962962962918
"vary_n",4406,0,3,"PELT",0.0149999999999935,1,0.0180000000000007,1,TRUE,0.83333333333294
"vary_n",4406,0,3,"SVP BIC",0.00500000000000256,1,0.00600000000000023,1,TRUE,0.833333333333728
"vary_n",4406,0,3,"SVP BIC calibrated",0.00600000000000023,1,0.00600000000000023,1,TRUE,1
"vary_n",4406,0,3,"SVP BIC multiscale",0.000999999999997669,1,0.537999999999997,1,TRUE,0.00185873605947523
"vary_n",4406,0,4,"PELT",0.00900000000000034,1,0.00900000000000034,1,TRUE,1
"vary_n",4406,0,4,"SVP BIC",0.00500000000000256,1,0.00600000000000023,1,TRUE,0.833333333333728
"vary_n",4406,0,4,"SVP BIC calibrated",0.00499999999999545,1,0.00500000000000256,1,TRUE,0.999999999998578
"vary_n",4406,0,4,"SVP BIC multiscale",0.000999999999997669,1,0.554000000000002,1,TRUE,0.00180505415162033
"vary_n",4406,0,5,"PELT",0.0180000000000007,1,0.0180000000000007,1,TRUE,1
"vary_n",4406,0,5,"SVP BIC",0.00500000000000256,1,0.00500000000000256,1,TRUE,1
"vary_n",4406,0,5,"SVP BIC calibrated",0.00600000000000023,1,0.00600000000000023,1,TRUE,1
"vary_n",4406,0,5,"SVP BIC multiscale",0,1,0.554000000000002,1,TRUE,NA
"vary_n",4406,0,6,"PELT",0.0120000000000005,1,0.0120000000000005,1,TRUE,1
"vary_n",4406,0,6,"SVP BIC",0.00500000000000256,1,0.00600000000000023,1,TRUE,0.833333333333728
"vary_n",4406,0,6,"SVP BIC calibrated",0.00600000000000023,1,0.00600000000000023,1,TRUE,1
"vary_n",4406,0,6,"SVP BIC multiscale",0,1,0.540999999999997,1,TRUE,NA
"vary_n",4406,0,7,"PELT",0.00900000000000034,1,0.00900000000000034,1,TRUE,1
"vary_n",4406,0,7,"SVP BIC",0.00600000000000023,1,0.00600000000000023,1,TRUE,1
"vary_n",4406,0,7,"SVP BIC calibrated",0.00499999999999545,1,0.00500000000000256,1,TRUE,0.999999999998578
"vary_n",4406,0,7,"SVP BIC multiscale",0.000999999999997669,1,0.386999999999993,2,FALSE,0.0025839793281594
"vary_n",4406,0,8,"PELT",0.0110000000000028,1,0.00999999999999801,1,TRUE,1.1000000000005
"vary_n",4406,0,8,"SVP BIC",0.00499999999999545,1,0.00500000000000256,1,TRUE,0.999999999998578
"vary_n",4406,0,8,"SVP BIC calibrated",0.00500000000000256,1,0.00500000000000256,1,TRUE,1
"vary_n",4406,0,8,"SVP BIC multiscale",0,1,0.557000000000002,1,TRUE,NA
"vary_n",4406,0,9,"PELT",0.0130000000000052,1,0.0129999999999981,1,TRUE,1.00000000000055
"vary_n",4406,0,9,"SVP BIC",0.00600000000000023,1,0.00600000000000023,1,TRUE,1
"vary_n",4406,0,9,"SVP BIC calibrated",0.00600000000000023,1,0.00600000000000023,1,TRUE,1
"vary_n",4406,0,9,"SVP BIC multiscale",0.000999999999997669,1,0.558999999999997,1,TRUE,0.00178890876564879
"vary_n",494,0,1,"PELT",0.00100000000000122,1,0.00100000000000033,1,TRUE,1.00000000000089
"vary_n",494,0,1,"SVP BIC",0,1,0,1,TRUE,NA
"vary_n",494,0,1,"SVP BIC calibrated",0.00100000000000122,1,0.00100000000000033,1,TRUE,1.00000000000089
"vary_n",494,0,1,"SVP BIC multiscale",0,1,0.00499999999999989,2,FALSE,NA
"vary_n",494,0,10,"PELT",0.00100000000000122,1,0,1,TRUE,NA
"vary_n",494,0,10,"SVP BIC",0.000999999999999446,1,0,1,TRUE,NA
"vary_n",494,0,10,"SVP BIC calibrated",0.000999999999999446,1,0.000999999999999446,1,TRUE,1
"vary_n",494,0,10,"SVP BIC multiscale",0.000999999999999446,1,0.00699999999999967,1,TRUE,0.14285714285707
"vary_n",494,0,11,"PELT",0,1,0.00100000000000122,1,TRUE,NA
"vary_n",494,0,11,"SVP BIC",0.000999999999999446,1,0,1,TRUE,NA
"vary_n",494,0,11,"SVP BIC calibrated",0,1,0.000999999999999446,1,TRUE,NA
"vary_n",494,0,11,"SVP BIC multiscale",0.000999999999999446,1,0.00699999999999967,1,TRUE,0.14285714285707
"vary_n",494,0,12,"PELT",0.00100000000000122,1,0.00100000000000122,1,TRUE,1
"vary_n",494,0,12,"SVP BIC",0,1,0.000999999999999446,1,TRUE,NA
"vary_n",494,0,12,"SVP BIC calibrated",0.000999999999999446,1,0.000999999999999446,1,TRUE,1
"vary_n",494,0,12,"SVP BIC multiscale",0,1,0.00699999999999967,1,TRUE,NA
"vary_n",494,0,13,"PELT",0.00100000000000122,1,0.000999999999999446,1,TRUE,1.00000000000177
"vary_n",494,0,13,"SVP BIC",0,1,0.000999999999999446,1,TRUE,NA
"vary_n",494,0,13,"SVP BIC calibrated",0.000999999999999446,1,0.00100000000000122,1,TRUE,0.999999999998226
"vary_n",494,0,13,"SVP BIC multiscale",0.000999999999999446,1,0.00399999999999956,2,FALSE,0.249999999999889
"vary_n",494,0,14,"PELT",0.000999999999999446,1,0.000999999999999446,1,TRUE,1
"vary_n",494,0,14,"SVP BIC",0,1,0,1,TRUE,NA
"vary_n",494,0,14,"SVP BIC calibrated",0.000999999999999446,1,0,1,TRUE,NA
"vary_n",494,0,14,"SVP BIC multiscale",0,1,0.00699999999999967,1,TRUE,NA
"vary_n",494,0,15,"PELT",0.00100000000000122,1,0.00100000000000122,1,TRUE,1
"vary_n",494,0,15,"SVP BIC",0.000999999999999446,1,0.000999999999999446,1,TRUE,1
"vary_n",494,0,15,"SVP BIC calibrated",0.000999999999999446,1,0.000999999999999446,1,TRUE,1
"vary_n",494,0,15,"SVP BIC multiscale",0,1,0.00699999999999967,1,TRUE,NA
"vary_n",494,0,16,"PELT",0.000999999999999446,1,0,1,TRUE,NA
"vary_n",494,0,16,"SVP BIC",0,1,0.000999999999999446,1,TRUE,NA
"vary_n",494,0,16,"SVP BIC calibrated",0,1,0,1,TRUE,NA
"vary_n",494,0,16,"SVP BIC multiscale",0,1,0.00600000000000023,1,TRUE,NA
"vary_n",494,0,17,"PELT",0.000999999999999446,1,0.00100000000000122,1,TRUE,0.999999999998226
"vary_n",494,0,17,"SVP BIC",0.000999999999999446,1,0.000999999999999446,1,TRUE,1
"vary_n",494,0,17,"SVP BIC calibrated",0.000999999999999446,1,0.000999999999999446,1,TRUE,1
"vary_n",494,0,17,"SVP BIC multiscale",0,1,0.00699999999999967,1,TRUE,NA
"vary_n",494,0,18,"PELT",0.00100000000000122,1,0,1,TRUE,NA
"vary_n",494,0,18,"SVP BIC",0.00100000000000122,1,0.000999999999999446,1,TRUE,1.00000000000177
"vary_n",494,0,18,"SVP BIC calibrated",0,1,0.000999999999999446,1,TRUE,NA
"vary_n",494,0,18,"SVP BIC multiscale",0,1,0.00699999999999967,1,TRUE,NA
"vary_n",494,0,19,"PELT",0.000999999999999446,1,0.000999999999999446,1,TRUE,1
"vary_n",494,0,19,"SVP BIC",0.000999999999999446,1,0.000999999999999446,1,TRUE,1
"vary_n",494,0,19,"SVP BIC calibrated",0.000999999999999446,1,0.000999999999999446,1,TRUE,1
"vary_n",494,0,19,"SVP BIC multiscale",0,1,0.00699999999999967,1,TRUE,NA
"vary_n",494,0,2,"PELT",0.00100000000000122,1,0.00100000000000033,1,TRUE,1.00000000000089
"vary_n",494,0,2,"SVP BIC",0.000999999999999446,1,0,1,TRUE,NA
"vary_n",494,0,2,"SVP BIC calibrated",0.000999999999999446,1,0.00100000000000033,1,TRUE,0.999999999999116
"vary_n",494,0,2,"SVP BIC multiscale",0,1,0.00600000000000023,1,TRUE,NA
"vary_n",494,0,20,"PELT",0.000999999999999446,1,0.000999999999999446,1,TRUE,1
"vary_n",494,0,20,"SVP BIC",0.000999999999999446,1,0.000999999999999446,1,TRUE,1
"vary_n",494,0,20,"SVP BIC calibrated",0,1,0,1,TRUE,NA
"vary_n",494,0,20,"SVP BIC multiscale",0,1,0.00700000000000145,1,TRUE,NA
"vary_n",494,0,3,"PELT",0.000999999999999446,1,0.000999999999999446,1,TRUE,1
"vary_n",494,0,3,"SVP BIC",0.000999999999999446,1,0.000999999999999446,1,TRUE,1
"vary_n",494,0,3,"SVP BIC calibrated",0.00100000000000122,1,0.000999999999999446,1,TRUE,1.00000000000177
"vary_n",494,0,3,"SVP BIC multiscale",0.000999999999999446,1,0.00600000000000023,1,TRUE,0.166666666666568
"vary_n",494,0,4,"PELT",0.000999999999999446,1,0,1,TRUE,NA
"vary_n",494,0,4,"SVP BIC",0.000999999999999446,1,0.00100000000000122,1,TRUE,0.999999999998226
"vary_n",494,0,4,"SVP BIC calibrated",0.00100000000000122,1,0,1,TRUE,NA
"vary_n",494,0,4,"SVP BIC multiscale",0.000999999999999446,1,0.004999999999999,3,FALSE,0.199999999999929
"vary_n",494,0,5,"PELT",0.000999999999999446,1,0,1,TRUE,NA
"vary_n",494,0,5,"SVP BIC",0,1,0.00100000000000122,1,TRUE,NA
"vary_n",494,0,5,"SVP BIC calibrated",0.000999999999999446,1,0.000999999999999446,1,TRUE,1
"vary_n",494,0,5,"SVP BIC multiscale",0,1,0.0080000000000009,1,TRUE,NA
"vary_n",494,0,6,"PELT",0.000999999999999446,1,0,1,TRUE,NA
"vary_n",494,0,6,"SVP BIC",0,1,0,1,TRUE,NA
"vary_n",494,0,6,"SVP BIC calibrated",0.000999999999999446,1,0.000999999999999446,1,TRUE,1
"vary_n",494,0,6,"SVP BIC multiscale",0.00100000000000122,1,0.00699999999999967,1,TRUE,0.142857142857324
"vary_n",494,0,7,"PELT",0.000999999999999446,1,0.000999999999999446,1,TRUE,1
"vary_n",494,0,7,"SVP BIC",0.00100000000000122,1,0.00100000000000122,1,TRUE,1
"vary_n",494,0,7,"SVP BIC calibrated",0.00699999999999967,2,0.00699999999999967,2,TRUE,1
"vary_n",494,0,7,"SVP BIC multiscale",0.00699999999999967,2,0.00699999999999967,2,TRUE,1
"vary_n",494,0,8,"PELT",0,1,0,1,TRUE,NA
"vary_n",494,0,8,"SVP BIC",0,1,0.00100000000000122,1,TRUE,NA
"vary_n",494,0,8,"SVP BIC calibrated",0.00100000000000122,1,0.000999999999999446,1,TRUE,1.00000000000177
"vary_n",494,0,8,"SVP BIC multiscale",0,1,0.00699999999999967,1,TRUE,NA
"vary_n",494,0,9,"PELT",0.000999999999999446,1,0.000999999999999446,1,TRUE,1
"vary_n",494,0,9,"SVP BIC",0,1,0,1,TRUE,NA
"vary_n",494,0,9,"SVP BIC calibrated",0,1,0.000999999999999446,1,TRUE,NA
"vary_n",494,0,9,"SVP BIC multiscale",0,1,0.00500000000000078,2,FALSE,NA
"vary_n",5484,0,1,"PELT",0.0120000000000005,1,0.0109999999999957,1,TRUE,1.09090909090956
"vary_n",5484,0,1,"SVP BIC",0.00800000000000267,1,0.00799999999999557,1,TRUE,1.00000000000089
"vary_n",5484,0,1,"SVP BIC calibrated",0.0069999999999979,1,0.007000000000005,1,TRUE,0.999999999998986
"vary_n",5484,0,1,"SVP BIC multiscale",0,1,0.890999999999991,1,TRUE,NA
"vary_n",5484,0,10,"PELT",0.0269999999999939,1,0.027000000000001,1,TRUE,0.999999999999737
"vary_n",5484,0,10,"SVP BIC",0.0069999999999979,1,0.00600000000000023,1,TRUE,1.16666666666627
"vary_n",5484,0,10,"SVP BIC calibrated",0.0069999999999979,1,0.007000000000005,1,TRUE,0.999999999998986
"vary_n",5484,0,10,"SVP BIC multiscale",0,1,0.902000000000001,1,TRUE,NA
"vary_n",5484,0,11,"PELT",0.0190000000000055,1,0.0260000000000105,1,TRUE,0.730769230769147
"vary_n",5484,0,11,"SVP BIC",0.0069999999999979,1,0.007000000000005,1,TRUE,0.999999999998986
"vary_n",5484,0,11,"SVP BIC calibrated",0.007000000000005,1,0.007000000000005,1,TRUE,1
"vary_n",5484,0,11,"SVP BIC multiscale",0.00100000000000477,1,0.884999999999991,1,TRUE,0.00112994350283026
"vary_n",5484,0,12,"PELT",0.0180000000000007,1,0.0180000000000007,1,TRUE,1
"vary_n",5484,0,12,"SVP BIC",0.0069999999999979,1,0.007000000000005,1,TRUE,0.999999999998986
"vary_n",5484,0,12,"SVP BIC calibrated",0.0069999999999979,1,0.007000000000005,1,TRUE,0.999999999998986
"vary_n",5484,0,12,"SVP BIC multiscale",0.000999999999997669,1,0.894000000000005,1,TRUE,0.00111856823265958
"vary_n",5484,0,13,"PELT",0.027000000000001,1,0.0279999999999916,1,TRUE,0.964285714286039
"vary_n",5484,0,13,"SVP BIC",0.00600000000000023,1,0.007000000000005,1,TRUE,0.857142857142278
"vary_n",5484,0,13,"SVP BIC calibrated",0.0069999999999979,1,0.00799999999999557,1,TRUE,0.875000000000222
"vary_n",5484,0,13,"SVP BIC multiscale",0,1,0.908000000000001,1,TRUE,NA
"vary_n",5484,0,14,"PELT",0.0269999999999939,1,0.027000000000001,1,TRUE,0.999999999999737
"vary_n",5484,0,14,"SVP BIC",0.007000000000005,1,0.007000000000005,1,TRUE,1
"vary_n",5484,0,14,"SVP BIC calibrated",0.00600000000000023,1,0.007000000000005,1,TRUE,0.857142857142278
"vary_n",5484,0,14,"SVP BIC multiscale",0.000999999999997669,1,0.897000000000006,1,TRUE,0.00111482720178112
"vary_n",5484,0,15,"PELT",0.0189999999999984,1,0.019999999999996,1,TRUE,0.95000000000011
"vary_n",5484,0,15,"SVP BIC",0.007000000000005,1,0.007000000000005,1,TRUE,1
"vary_n",5484,0,15,"SVP BIC calibrated",0.0069999999999979,1,0.007000000000005,1,TRUE,0.999999999998986
"vary_n",5484,0,15,"SVP BIC multiscale",0,1,0.925000000000011,1,TRUE,NA
"vary_n",5484,0,16,"PELT",0.0189999999999984,1,0.0190000000000055,1,TRUE,0.999999999999626
"vary_n",5484,0,16,"SVP BIC",0.0069999999999979,1,0.00699999999999079,1,TRUE,1.00000000000102
"vary_n",5484,0,16,"SVP BIC calibrated",0.0069999999999979,1,0.007000000000005,1,TRUE,0.999999999998986
"vary_n",5484,0,16,"SVP BIC multiscale",0.000999999999997669,1,0.613,2,FALSE,0.00163132137030615
"vary_n",5484,0,17,"PELT",0.0260000000000034,1,0.0269999999999868,1,TRUE,0.96296296296356
"vary_n",5484,0,17,"SVP BIC",0.007000000000005,1,0.007000000000005,1,TRUE,1
"vary_n",5484,0,17,"SVP BIC calibrated",0.0069999999999979,1,0.007000000000005,1,TRUE,0.999999999998986
"vary_n",5484,0,17,"SVP BIC multiscale",0,1,0.882000000000005,1,TRUE,NA
"vary_n",5484,0,18,"PELT",0.0130000000000052,1,0.01400000000001,1,TRUE,0.928571428571137
"vary_n",5484,0,18,"SVP BIC",0.007000000000005,1,0.007000000000005,1,TRUE,1
"vary_n",5484,0,18,"SVP BIC calibrated",0.0069999999999979,1,0.00699999999999079,1,TRUE,1.00000000000102
"vary_n",5484,0,18,"SVP BIC multiscale",0.00100000000000477,1,0.897000000000006,1,TRUE,0.00111482720178903
"vary_n",5484,0,19,"PELT",0.0150000000000006,1,0.0150000000000006,1,TRUE,1
"vary_n",5484,0,19,"SVP BIC",0.00800000000000267,1,0.00600000000000023,1,TRUE,1.33333333333373
"vary_n",5484,0,19,"SVP BIC calibrated",0.007000000000005,1,0.00699999999999079,1,TRUE,1.00000000000203
"vary_n",5484,0,19,"SVP BIC multiscale",0.000999999999997669,1,0.878,1,TRUE,0.00113895216400646
"vary_n",5484,0,2,"PELT",0.0269999999999939,1,0.034000000000006,1,TRUE,0.794117647058504
"vary_n",5484,0,2,"SVP BIC",0.0069999999999979,1,0.007000000000005,1,TRUE,0.999999999998986
"vary_n",5484,0,2,"SVP BIC calibrated",0.0069999999999979,1,0.007000000000005,1,TRUE,0.999999999998986
"vary_n",5484,0,2,"SVP BIC multiscale",0,1,0.881,1,TRUE,NA
"vary_n",5484,0,20,"PELT",0.027000000000001,1,0.0299999999999869,1,TRUE,0.900000000000426
"vary_n",5484,0,20,"SVP BIC",0.0069999999999979,1,0.007000000000005,1,TRUE,0.999999999998986
"vary_n",5484,0,20,"SVP BIC calibrated",0.0069999999999979,1,0.00699999999999079,1,TRUE,1.00000000000102
"vary_n",5484,0,20,"SVP BIC multiscale",0,1,0.903999999999996,1,TRUE,NA
"vary_n",5484,0,3,"PELT",0.0140000000000029,1,0.0139999999999958,1,TRUE,1.00000000000051
"vary_n",5484,0,3,"SVP BIC",0.0069999999999979,1,0.00799999999999557,1,TRUE,0.875000000000222
"vary_n",5484,0,3,"SVP BIC calibrated",0.00900000000000034,1,0.00699999999999079,1,TRUE,1.28571428571603
"vary_n",5484,0,3,"SVP BIC multiscale",0.000999999999997669,1,0.896000000000001,1,TRUE,0.00111607142856883
"vary_n",5484,0,4,"PELT",0.0319999999999965,1,0.0310000000000059,1,TRUE,1.03225806451582
"vary_n",5484,0,4,"SVP BIC",0.0069999999999979,1,0.007000000000005,1,TRUE,0.999999999998986
"vary_n",5484,0,4,"SVP BIC calibrated",0.0069999999999979,1,0.007000000000005,1,TRUE,0.999999999998986
"vary_n",5484,0,4,"SVP BIC multiscale",0.000999999999997669,1,0.873000000000005,1,TRUE,0.00114547537227682
"vary_n",5484,0,5,"PELT",0.0289999999999964,1,0.0280000000000058,1,TRUE,1.03571428571394
"vary_n",5484,0,5,"SVP BIC",0.007000000000005,1,0.007000000000005,1,TRUE,1
"vary_n",5484,0,5,"SVP BIC calibrated",0.007000000000005,1,0.00699999999999079,1,TRUE,1.00000000000203
"vary_n",5484,0,5,"SVP BIC multiscale",0,1,0.914000000000001,1,TRUE,NA
"vary_n",5484,0,6,"PELT",0.0140000000000029,1,0.0130000000000052,1,TRUE,1.07692307692287
"vary_n",5484,0,6,"SVP BIC",0.007000000000005,1,0.00699999999999079,1,TRUE,1.00000000000203
"vary_n",5484,0,6,"SVP BIC calibrated",0.00800000000000267,1,0.00800000000000978,1,TRUE,0.999999999999111
"vary_n",5484,0,6,"SVP BIC multiscale",0.000999999999997669,1,0.88300000000001,1,TRUE,0.00113250283125443
"vary_n",5484,0,7,"PELT",0.0279999999999987,1,0.0279999999999916,1,TRUE,1.00000000000025
"vary_n",5484,0,7,"SVP BIC",0.0069999999999979,1,0.007000000000005,1,TRUE,0.999999999998986
"vary_n",5484,0,7,"SVP BIC calibrated",0.0069999999999979,1,0.007000000000005,1,TRUE,0.999999999998986
"vary_n",5484,0,7,"SVP BIC multiscale",0.00100000000000477,1,0.917000000000002,1,TRUE,0.00109051254089942
"vary_n",5484,0,8,"PELT",0.0219999999999985,1,0.0280000000000058,1,TRUE,0.785714285714069
"vary_n",5484,0,8,"SVP BIC",0.00800000000000267,1,0.007000000000005,1,TRUE,1.14285714285671
"vary_n",5484,0,8,"SVP BIC calibrated",0.007000000000005,1,0.00699999999999079,1,TRUE,1.00000000000203
"vary_n",5484,0,8,"SVP BIC multiscale",0,1,0.918000000000006,1,TRUE,NA
"vary_n",5484,0,9,"PELT",0.0169999999999959,1,0.0240000000000009,1,TRUE,0.708333333333136
"vary_n",5484,0,9,"SVP BIC",0.0069999999999979,1,0.007000000000005,1,TRUE,0.999999999998986
"vary_n",5484,0,9,"SVP BIC calibrated",0.0069999999999979,1,0.007000000000005,1,TRUE,0.999999999998986
"vary_n",5484,0,9,"SVP BIC multiscale",0.000999999999997669,1,0.897999999999996,1,TRUE,0.00111358574609986
"vary_n",614,0,1,"PELT",0.000999999999999446,1,0.000999999999999446,1,TRUE,1
"vary_n",614,0,1,"SVP BIC",0.00100000000000122,1,0.000999999999999446,1,TRUE,1.00000000000177
"vary_n",614,0,1,"SVP BIC calibrated",0.00600000000000023,2,0.00900000000000034,2,TRUE,0.666666666666667
"vary_n",614,0,1,"SVP BIC multiscale",0.00999999999999979,3,0.00999999999999979,3,TRUE,1
"vary_n",614,0,10,"PELT",0.000999999999999446,1,0.000999999999999446,1,TRUE,1
"vary_n",614,0,10,"SVP BIC",0.00100000000000122,1,0.00100000000000122,1,TRUE,1
"vary_n",614,0,10,"SVP BIC calibrated",0.00100000000000122,1,0,1,TRUE,NA
"vary_n",614,0,10,"SVP BIC multiscale",0,1,0.011000000000001,1,TRUE,NA
"vary_n",614,0,11,"PELT",0.000999999999999446,1,0.00100000000000122,1,TRUE,0.999999999998226
"vary_n",614,0,11,"SVP BIC",0.000999999999999446,1,0.000999999999999446,1,TRUE,1
"vary_n",614,0,11,"SVP BIC calibrated",0.000999999999999446,1,0.000999999999999446,1,TRUE,1
"vary_n",614,0,11,"SVP BIC multiscale",0,1,0.00999999999999979,1,TRUE,NA
"vary_n",614,0,12,"PELT",0.000999999999999446,1,0.000999999999999446,1,TRUE,1
"vary_n",614,0,12,"SVP BIC",0,1,0,1,TRUE,NA
"vary_n",614,0,12,"SVP BIC calibrated",0.000999999999999446,1,0,1,TRUE,NA
"vary_n",614,0,12,"SVP BIC multiscale",0,1,0.00999999999999979,1,TRUE,NA
"vary_n",614,0,13,"PELT",0.000999999999999446,1,0.000999999999999446,1,TRUE,1
"vary_n",614,0,13,"SVP BIC",0.000999999999999446,1,0.000999999999999446,1,TRUE,1
"vary_n",614,0,13,"SVP BIC calibrated",0,1,0.00100000000000122,1,TRUE,NA
"vary_n",614,0,13,"SVP BIC multiscale",0,1,0.00999999999999979,1,TRUE,NA
"vary_n",614,0,14,"PELT",0.00100000000000122,1,0.000999999999999446,1,TRUE,1.00000000000177
"vary_n",614,0,14,"SVP BIC",0.000999999999999446,1,0.000999999999999446,1,TRUE,1
"vary_n",614,0,14,"SVP BIC calibrated",0.000999999999999446,1,0.000999999999999446,1,TRUE,1
"vary_n",614,0,14,"SVP BIC multiscale",0,1,0.0100000000000016,1,TRUE,NA
"vary_n",614,0,15,"PELT",0.000999999999999446,1,0.00100000000000122,1,TRUE,0.999999999998226
"vary_n",614,0,15,"SVP BIC",0.000999999999999446,1,0.00100000000000122,1,TRUE,0.999999999998226
"vary_n",614,0,15,"SVP BIC calibrated",0.00100000000000122,1,0.00100000000000122,1,TRUE,1
"vary_n",614,0,15,"SVP BIC multiscale",0,1,0.011000000000001,1,TRUE,NA
"vary_n",614,0,16,"PELT",0.000999999999999446,1,0.000999999999999446,1,TRUE,1
"vary_n",614,0,16,"SVP BIC",0,1,0.000999999999999446,1,TRUE,NA
"vary_n",614,0,16,"SVP BIC calibrated",0.00500000000000078,2,0.00899999999999856,2,TRUE,0.555555555555731
"vary_n",614,0,16,"SVP BIC multiscale",0.00999999999999979,2,0.00999999999999979,2,TRUE,1
"vary_n",614,0,17,"PELT",0.000999999999999446,1,0.00100000000000122,1,TRUE,0.999999999998226
"vary_n",614,0,17,"SVP BIC",0.000999999999999446,1,0.000999999999999446,1,TRUE,1
"vary_n",614,0,17,"SVP BIC calibrated",0.000999999999999446,1,0,1,TRUE,NA
"vary_n",614,0,17,"SVP BIC multiscale",0,1,0.00999999999999979,1,TRUE,NA
"vary_n",614,0,18,"PELT",0.000999999999999446,1,0,1,TRUE,NA
"vary_n",614,0,18,"SVP BIC",0.000999999999999446,1,0,1,TRUE,NA
"vary_n",614,0,18,"SVP BIC calibrated",0.000999999999999446,1,0.000999999999999446,1,TRUE,1
"vary_n",614,0,18,"SVP BIC multiscale",0,1,0.00500000000000078,3,FALSE,NA
"vary_n",614,0,19,"PELT",0.000999999999999446,1,0.000999999999999446,1,TRUE,1
"vary_n",614,0,19,"SVP BIC",0,1,0.00100000000000122,1,TRUE,NA
"vary_n",614,0,19,"SVP BIC calibrated",0.00100000000000122,1,0,1,TRUE,NA
"vary_n",614,0,19,"SVP BIC multiscale",0,1,0.0109999999999992,1,TRUE,NA
"vary_n",614,0,2,"PELT",0.00100000000000122,1,0,1,TRUE,NA
"vary_n",614,0,2,"SVP BIC",0.00100000000000122,1,0.000999999999999446,1,TRUE,1.00000000000177
"vary_n",614,0,2,"SVP BIC calibrated",0.000999999999999446,1,0.000999999999999446,1,TRUE,1
"vary_n",614,0,2,"SVP BIC multiscale",0,1,0.011000000000001,1,TRUE,NA
"vary_n",614,0,20,"PELT",0.00100000000000122,1,0.000999999999999446,1,TRUE,1.00000000000177
"vary_n",614,0,20,"SVP BIC",0.00100000000000122,1,0.00100000000000122,1,TRUE,1
"vary_n",614,0,20,"SVP BIC calibrated",0.00100000000000122,1,0,1,TRUE,NA
"vary_n",614,0,20,"SVP BIC multiscale",0,1,0.00600000000000023,2,FALSE,NA
"vary_n",614,0,3,"PELT",0.00100000000000122,1,0.00100000000000122,1,TRUE,1
"vary_n",614,0,3,"SVP BIC",0.00100000000000122,1,0.000999999999999446,1,TRUE,1.00000000000177
"vary_n",614,0,3,"SVP BIC calibrated",0.000999999999999446,1,0.000999999999999446,1,TRUE,1
"vary_n",614,0,3,"SVP BIC multiscale",0,1,0.00999999999999979,1,TRUE,NA
"vary_n",614,0,4,"PELT",0.000999999999999446,1,0.000999999999999446,1,TRUE,1
"vary_n",614,0,4,"SVP BIC",0.000999999999999446,1,0,1,TRUE,NA
"vary_n",614,0,4,"SVP BIC calibrated",0.000999999999999446,1,0.000999999999999446,1,TRUE,1
"vary_n",614,0,4,"SVP BIC multiscale",0.000999999999999446,1,0.00999999999999979,1,TRUE,0.0999999999999467
"vary_n",614,0,5,"PELT",0.000999999999999446,1,0.00100000000000122,1,TRUE,0.999999999998226
"vary_n",614,0,5,"SVP BIC",0,1,0.000999999999999446,1,TRUE,NA
"vary_n",614,0,5,"SVP BIC calibrated",0.000999999999999446,1,0.000999999999999446,1,TRUE,1
"vary_n",614,0,5,"SVP BIC multiscale",0,1,0.011000000000001,1,TRUE,NA
"vary_n",614,0,6,"PELT",0.00199999999999889,1,0.000999999999999446,1,TRUE,2
"vary_n",614,0,6,"SVP BIC",0.00100000000000122,1,0.000999999999999446,1,TRUE,1.00000000000177
"vary_n",614,0,6,"SVP BIC calibrated",0.00100000000000122,1,0.000999999999999446,1,TRUE,1.00000000000177
"vary_n",614,0,6,"SVP BIC multiscale",0,1,0.00999999999999979,1,TRUE,NA
"vary_n",614,0,7,"PELT",0.00100000000000122,1,0,1,TRUE,NA
"vary_n",614,0,7,"SVP BIC",0,1,0,1,TRUE,NA
"vary_n",614,0,7,"SVP BIC calibrated",0.000999999999999446,1,0.000999999999999446,1,TRUE,1
"vary_n",614,0,7,"SVP BIC multiscale",0,1,0.00999999999999979,2,FALSE,NA
"vary_n",614,0,8,"PELT",0.000999999999999446,1,0.00100000000000122,1,TRUE,0.999999999998226
"vary_n",614,0,8,"SVP BIC",0,1,0.000999999999999446,1,TRUE,NA
"vary_n",614,0,8,"SVP BIC calibrated",0.000999999999999446,1,0.00100000000000122,1,TRUE,0.999999999998226
"vary_n",614,0,8,"SVP BIC multiscale",0,1,0.00999999999999979,1,TRUE,NA
"vary_n",614,0,9,"PELT",0.00100000000000122,1,0.000999999999999446,1,TRUE,1.00000000000177
"vary_n",614,0,9,"SVP BIC",0.00100000000000122,1,0.00100000000000122,1,TRUE,1
"vary_n",614,0,9,"SVP BIC calibrated",0,1,0,1,TRUE,NA
"vary_n",614,0,9,"SVP BIC multiscale",0,1,0.00999999999999979,1,TRUE,NA
"vary_n",6826,0,1,"PELT",0.036999999999999,1,0.0390000000000015,1,TRUE,0.948717948717887
"vary_n",6826,0,1,"SVP BIC",0.00999999999999801,1,0.0100000000000051,1,TRUE,0.999999999999291
"vary_n",6826,0,1,"SVP BIC calibrated",0.00999999999999801,1,0.0099999999999909,1,TRUE,1.00000000000071
"vary_n",6826,0,1,"SVP BIC multiscale",0.00100000000000477,1,1.48700000000001,1,TRUE,0.000672494956291031
"vary_n",6826,0,10,"PELT",0.027000000000001,1,0.0259999999999962,1,TRUE,1.03846153846173
"vary_n",6826,0,10,"SVP BIC",0.00900000000000034,1,0.00900000000000034,1,TRUE,1
"vary_n",6826,0,10,"SVP BIC calibrated",0.00900000000000034,1,0.00900000000000034,1,TRUE,1
"vary_n",6826,0,10,"SVP BIC multiscale",0.000999999999997669,1,0.692999999999998,2,FALSE,0.00144300144299808
"vary_n",6826,0,11,"PELT",0.0429999999999993,1,0.0460000000000065,1,TRUE,0.934782608695505
"vary_n",6826,0,11,"SVP BIC",0.00999999999999801,1,0.00800000000000978,1,TRUE,1.24999999999822
"vary_n",6826,0,11,"SVP BIC calibrated",0.00900000000000034,1,0.00900000000000034,1,TRUE,1
"vary_n",6826,0,11,"SVP BIC multiscale",0.00100000000000477,1,1.468,1,TRUE,0.000681198910084993
"vary_n",6826,0,12,"PELT",0.0310000000000059,1,0.0319999999999965,1,TRUE,0.96875000000029
"vary_n",6826,0,12,"SVP BIC",0.00900000000000034,1,0.00900000000000034,1,TRUE,1
"vary_n",6826,0,12,"SVP BIC calibrated",0.00900000000000034,1,0.00900000000000034,1,TRUE,1
"vary_n",6826,0,12,"SVP BIC multiscale",0.000999999999997669,1,1.47200000000001,1,TRUE,0.000679347826085368
"vary_n",6826,0,13,"PELT",0.0430000000000064,1,0.0430000000000064,1,TRUE,1
"vary_n",6826,0,13,"SVP BIC",0.00900000000000034,1,0.00799999999999557,1,TRUE,1.12500000000067
"vary_n",6826,0,13,"SVP BIC calibrated",0.00900000000000034,1,0.00799999999999557,1,TRUE,1.12500000000067
"vary_n",6826,0,13,"SVP BIC multiscale",0,1,1.483,1,TRUE,NA
"vary_n",6826,0,14,"PELT",0.0429999999999993,1,0.0439999999999969,1,TRUE,0.97727272727278
"vary_n",6826,0,14,"SVP BIC",0.00900000000000034,1,0.00799999999999557,1,TRUE,1.12500000000067
"vary_n",6826,0,14,"SVP BIC calibrated",0.00799999999999557,1,0.00900000000000034,1,TRUE,0.888888888888363
"vary_n",6826,0,14,"SVP BIC multiscale",0.00100000000000477,1,1.49,1,TRUE,0.000671140939600517
"vary_n",6826,0,15,"PELT",0.0330000000000013,1,0.0330000000000013,1,TRUE,1
"vary_n",6826,0,15,"SVP BIC",0.00999999999999801,1,0.00900000000000034,1,TRUE,1.11111111111085
"vary_n",6826,0,15,"SVP BIC calibrated",0.00900000000000034,1,0.00900000000000034,1,TRUE,1
"vary_n",6826,0,15,"SVP BIC multiscale",0.000999999999997669,1,1.48400000000001,1,TRUE,0.000673854447437778
"vary_n",6826,0,16,"PELT",0.0239999999999938,1,0.0229999999999961,1,TRUE,1.04347826086947
"vary_n",6826,0,16,"SVP BIC",0.00900000000000034,1,0.00900000000000034,1,TRUE,1
"vary_n",6826,0,16,"SVP BIC calibrated",0.00900000000000034,1,0.00799999999999557,1,TRUE,1.12500000000067
"vary_n",6826,0,16,"SVP BIC multiscale",0.00100000000000477,1,1.464,1,TRUE,0.000683060109292876
"vary_n",6826,0,17,"PELT",0.0409999999999968,1,0.0400000000000063,1,TRUE,1.02499999999976
"vary_n",6826,0,17,"SVP BIC",0.00900000000000034,1,0.00900000000000034,1,TRUE,1
"vary_n",6826,0,17,"SVP BIC calibrated",0.00799999999999557,1,0.00900000000000034,1,TRUE,0.888888888888363
"vary_n",6826,0,17,"SVP BIC multiscale",0.000999999999997669,1,1.477,1,TRUE,0.000677048070411421
"vary_n",6826,0,18,"PELT",0.036999999999999,1,0.0350000000000108,1,TRUE,1.0571428571425
"vary_n",6826,0,18,"SVP BIC",0.00900000000000034,1,0.00900000000000034,1,TRUE,1
"vary_n",6826,0,18,"SVP BIC calibrated",0.00900000000000034,1,0.00900000000000034,1,TRUE,1
"vary_n",6826,0,18,"SVP BIC multiscale",0.000999999999997669,1,1.473,1,TRUE,0.000678886625931887
"vary_n",6826,0,19,"PELT",0.0229999999999961,1,0.0230000000000103,1,TRUE,0.999999999999383
"vary_n",6826,0,19,"SVP BIC",0.00900000000000034,1,0.00900000000000034,1,TRUE,1
"vary_n",6826,0,19,"SVP BIC calibrated",0.00900000000000034,1,0.00900000000000034,1,TRUE,1
"vary_n",6826,0,19,"SVP BIC multiscale",0.000999999999997669,1,1.50800000000001,1,TRUE,0.000663129973473251
"vary_n",6826,0,2,"PELT",0.0420000000000016,1,0.0430000000000064,1,TRUE,0.976744186046403
"vary_n",6826,0,2,"SVP BIC",0.00899999999999324,1,0.00800000000000978,1,TRUE,1.12499999999778
"vary_n",6826,0,2,"SVP BIC calibrated",0.00900000000000034,1,0.00799999999999557,1,TRUE,1.12500000000067
"vary_n",6826,0,2,"SVP BIC multiscale",0.000999999999997669,1,1.44,1,TRUE,0.000694444444442826
"vary_n",6826,0,20,"PELT",0.0339999999999989,1,0.0310000000000059,1,TRUE,1.09677419354814
"vary_n",6826,0,20,"SVP BIC",0.00900000000000034,1,0.00900000000000034,1,TRUE,1
"vary_n",6826,0,20,"SVP BIC calibrated",0.00999999999999801,1,0.00900000000000034,1,TRUE,1.11111111111085
"vary_n",6826,0,20,"SVP BIC multiscale",0.00100000000000477,1,1.48899999999999,1,TRUE,0.000671591672266472
"vary_n",6826,0,3,"PELT",0.0210000000000008,1,0.019999999999996,1,TRUE,1.05000000000025
"vary_n",6826,0,3,"SVP BIC",0.00900000000000034,1,0.00900000000000034,1,TRUE,1
"vary_n",6826,0,3,"SVP BIC calibrated",0.00800000000000267,1,0.00900000000000034,1,TRUE,0.888888888889152
"vary_n",6826,0,3,"SVP BIC multiscale",0.000999999999997669,1,1.455,1,TRUE,0.000687285223366096
"vary_n",6826,0,4,"PELT",0.0259999999999962,1,0.0290000000000106,1,TRUE,0.896551724137472
"vary_n",6826,0,4,"SVP BIC",0.00900000000000034,1,0.00900000000000034,1,TRUE,1
"vary_n",6826,0,4,"SVP BIC calibrated",0.00900000000000034,1,0.00799999999999557,1,TRUE,1.12500000000067
"vary_n",6826,0,4,"SVP BIC multiscale",0.00100000000000477,1,1.47199999999999,1,TRUE,0.000679347826090202
"vary_n",6826,0,5,"PELT",0.0429999999999993,1,0.0449999999999875,1,TRUE,0.955555555555806
"vary_n",6826,0,5,"SVP BIC",0.00900000000000034,1,0.00800000000000978,1,TRUE,1.12499999999867
"vary_n",6826,0,5,"SVP BIC calibrated",0.00900000000000034,1,0.00799999999999557,1,TRUE,1.12500000000067
"vary_n",6826,0,5,"SVP BIC multiscale",0.00100000000000477,1,1.467,1,TRUE,0.000681663258353626
"vary_n",6826,0,6,"PELT",0.0459999999999994,1,0.0420000000000016,1,TRUE,1.09523809523804
"vary_n",6826,0,6,"SVP BIC",0.00900000000000034,1,0.00900000000000034,1,TRUE,1
"vary_n",6826,0,6,"SVP BIC calibrated",0.00900000000000034,1,0.00800000000000978,1,TRUE,1.12499999999867
"vary_n",6826,0,6,"SVP BIC multiscale",0.00100000000000477,1,1.47200000000001,1,TRUE,0.000679347826090192
"vary_n",6826,0,7,"PELT",0.0189999999999984,1,0.019999999999996,1,TRUE,0.95000000000011
"vary_n",6826,0,7,"SVP BIC",0.0109999999999957,1,0.00900000000000034,1,TRUE,1.2222222222217
"vary_n",6826,0,7,"SVP BIC calibrated",0.00900000000000034,1,0.00900000000000034,1,TRUE,1
"vary_n",6826,0,7,"SVP BIC multiscale",0.000999999999997669,1,1.482,1,TRUE,0.000674763832656997
"vary_n",6826,0,8,"PELT",0.0399999999999991,1,0.0420000000000016,1,TRUE,0.952380952380895
"vary_n",6826,0,8,"SVP BIC",0.00999999999999801,1,0.00799999999999557,1,TRUE,1.25000000000044
"vary_n",6826,0,8,"SVP BIC calibrated",0.00900000000000034,1,0.00900000000000034,1,TRUE,1
"vary_n",6826,0,8,"SVP BIC multiscale",0.00100000000000477,1,1.44,1,TRUE,0.000694444444447757
"vary_n",6826,0,9,"PELT",0.0449999999999946,1,0.0459999999999923,1,TRUE,0.978260869565264
"vary_n",6826,0,9,"SVP BIC",0.00900000000000034,1,0.00799999999999557,1,TRUE,1.12500000000067
"vary_n",6826,0,9,"SVP BIC calibrated",0.00999999999999801,1,0.00800000000000978,1,TRUE,1.24999999999822
"vary_n",6826,0,9,"SVP BIC multiscale",0.000999999999997669,1,1.485,1,TRUE,0.000673400673399104
"vary_n",765,0,1,"PELT",0.00100000000000122,1,0.00100000000000122,1,TRUE,1
"vary_n",765,0,1,"SVP BIC",0.00100000000000122,1,0.000999999999999446,1,TRUE,1.00000000000177
"vary_n",765,0,1,"SVP BIC calibrated",0.00100000000000122,1,0.000999999999999446,1,TRUE,1.00000000000177
"vary_n",765,0,1,"SVP BIC multiscale",0,1,0.0170000000000012,1,TRUE,NA
"vary_n",765,0,10,"PELT",0.00200000000000067,1,0.000999999999999446,1,TRUE,2.00000000000178
"vary_n",765,0,10,"SVP BIC",0.00100000000000122,1,0.00100000000000122,1,TRUE,1
"vary_n",765,0,10,"SVP BIC calibrated",0.00100000000000122,1,0.00100000000000122,1,TRUE,1
"vary_n",765,0,10,"SVP BIC multiscale",0,1,0.016,1,TRUE,NA
"vary_n",765,0,11,"PELT",0.000999999999999446,1,0.00100000000000122,1,TRUE,0.999999999998226
"vary_n",765,0,11,"SVP BIC",0.000999999999999446,1,0.000999999999999446,1,TRUE,1
"vary_n",765,0,11,"SVP BIC calibrated",0.0109999999999992,2,0.0129999999999999,2,TRUE,0.846153846153791
"vary_n",765,0,11,"SVP BIC multiscale",0.0109999999999992,2,0.011000000000001,2,TRUE,0.999999999999836
"vary_n",765,0,12,"PELT",0.00100000000000122,1,0.000999999999999446,1,TRUE,1.00000000000177
"vary_n",765,0,12,"SVP BIC",0.000999999999999446,1,0.000999999999999446,1,TRUE,1
"vary_n",765,0,12,"SVP BIC calibrated",0.000999999999999446,1,0.00100000000000122,1,TRUE,0.999999999998226
"vary_n",765,0,12,"SVP BIC multiscale",0,1,0.0169999999999995,1,TRUE,NA
"vary_n",765,0,13,"PELT",0.000999999999999446,1,0.000999999999999446,1,TRUE,1
"vary_n",765,0,13,"SVP BIC",0.00100000000000122,1,0.00100000000000122,1,TRUE,1
"vary_n",765,0,13,"SVP BIC calibrated",0.000999999999999446,1,0.000999999999999446,1,TRUE,1
"vary_n",765,0,13,"SVP BIC multiscale",0,1,0.0150000000000006,2,FALSE,NA
"vary_n",765,0,14,"PELT",0.000999999999999446,1,0.00100000000000122,1,TRUE,0.999999999998226
"vary_n",765,0,14,"SVP BIC",0.000999999999999446,1,0.000999999999999446,1,TRUE,1
"vary_n",765,0,14,"SVP BIC calibrated",0.000999999999999446,1,0.000999999999999446,1,TRUE,1
"vary_n",765,0,14,"SVP BIC multiscale",0,1,0.016,1,TRUE,NA
"vary_n",765,0,15,"PELT",0.000999999999999446,1,0.000999999999999446,1,TRUE,1
"vary_n",765,0,15,"SVP BIC",0.00100000000000122,1,0.00100000000000122,1,TRUE,1
"vary_n",765,0,15,"SVP BIC calibrated",0.000999999999999446,1,0.000999999999999446,1,TRUE,1
"vary_n",765,0,15,"SVP BIC multiscale",0,1,0.016,1,TRUE,NA
"vary_n",765,0,16,"PELT",0.000999999999999446,1,0.00100000000000122,1,TRUE,0.999999999998226
"vary_n",765,0,16,"SVP BIC",0.000999999999999446,1,0.00100000000000122,1,TRUE,0.999999999998226
"vary_n",765,0,16,"SVP BIC calibrated",0.000999999999999446,1,0.00100000000000122,1,TRUE,0.999999999998226
"vary_n",765,0,16,"SVP BIC multiscale",0,1,0.016,1,TRUE,NA
"vary_n",765,0,17,"PELT",0.000999999999999446,1,0.000999999999999446,1,TRUE,1
"vary_n",765,0,17,"SVP BIC",0.000999999999999446,1,0.00100000000000122,1,TRUE,0.999999999998226
"vary_n",765,0,17,"SVP BIC calibrated",0.000999999999999446,1,0.000999999999999446,1,TRUE,1
"vary_n",765,0,17,"SVP BIC multiscale",0,1,0.0169999999999995,1,TRUE,NA
"vary_n",765,0,18,"PELT",0.00100000000000122,1,0.000999999999999446,1,TRUE,1.00000000000177
"vary_n",765,0,18,"SVP BIC",0.00100000000000122,1,0.000999999999999446,1,TRUE,1.00000000000177
"vary_n",765,0,18,"SVP BIC calibrated",0.000999999999999446,1,0.000999999999999446,1,TRUE,1
"vary_n",765,0,18,"SVP BIC multiscale",0,1,0.016,1,TRUE,NA
"vary_n",765,0,19,"PELT",0.00100000000000122,1,0.000999999999999446,1,TRUE,1.00000000000177
"vary_n",765,0,19,"SVP BIC",0.00100000000000122,1,0.00100000000000122,1,TRUE,1
"vary_n",765,0,19,"SVP BIC calibrated",0.00100000000000122,1,0.000999999999999446,1,TRUE,1.00000000000177
"vary_n",765,0,19,"SVP BIC multiscale",0,1,0.0109999999999992,2,FALSE,NA
"vary_n",765,0,2,"PELT",0.000999999999999446,1,0.00100000000000122,1,TRUE,0.999999999998226
"vary_n",765,0,2,"SVP BIC",0.00100000000000122,1,0.00200000000000067,1,TRUE,0.500000000000442
"vary_n",765,0,2,"SVP BIC calibrated",0.000999999999999446,1,0.000999999999999446,1,TRUE,1
"vary_n",765,0,2,"SVP BIC multiscale",0,1,0.0150000000000006,1,TRUE,NA
"vary_n",765,0,20,"PELT",0.00100000000000122,1,0.000999999999999446,1,TRUE,1.00000000000177
"vary_n",765,0,20,"SVP BIC",0.00100000000000122,1,0.000999999999999446,1,TRUE,1.00000000000177
"vary_n",765,0,20,"SVP BIC calibrated",0.00100000000000122,1,0.000999999999999446,1,TRUE,1.00000000000177
"vary_n",765,0,20,"SVP BIC multiscale",0,1,0.00899999999999856,2,FALSE,NA
"vary_n",765,0,3,"PELT",0.000999999999999446,1,0.00100000000000122,1,TRUE,0.999999999998226
"vary_n",765,0,3,"SVP BIC",0.000999999999999446,1,0.000999999999999446,1,TRUE,1
"vary_n",765,0,3,"SVP BIC calibrated",0.000999999999999446,1,0.000999999999999446,1,TRUE,1
"vary_n",765,0,3,"SVP BIC multiscale",0,1,0.0170000000000012,1,TRUE,NA
"vary_n",765,0,4,"PELT",0.00199999999999889,1,0.00100000000000122,1,TRUE,1.99999999999645
"vary_n",765,0,4,"SVP BIC",0.000999999999999446,1,0.00100000000000122,1,TRUE,0.999999999998226
"vary_n",765,0,4,"SVP BIC calibrated",0.00100000000000122,1,0.000999999999999446,1,TRUE,1.00000000000177
"vary_n",765,0,4,"SVP BIC multiscale",0,1,0.016,1,TRUE,NA
"vary_n",765,0,5,"PELT",0.000999999999999446,1,0.000999999999999446,1,TRUE,1
"vary_n",765,0,5,"SVP BIC",0.000999999999999446,1,0.000999999999999446,1,TRUE,1
"vary_n",765,0,5,"SVP BIC calibrated",0.00100000000000122,1,0.00100000000000122,1,TRUE,1
"vary_n",765,0,5,"SVP BIC multiscale",0,1,0.011000000000001,2,FALSE,NA
"vary_n",765,0,6,"PELT",0.000999999999999446,1,0.00100000000000122,1,TRUE,0.999999999998226
"vary_n",765,0,6,"SVP BIC",0.00100000000000122,1,0.000999999999999446,1,TRUE,1.00000000000177
"vary_n",765,0,6,"SVP BIC calibrated",0.00100000000000122,1,0.000999999999999446,1,TRUE,1.00000000000177
"vary_n",765,0,6,"SVP BIC multiscale",0,1,0.016,1,TRUE,NA
"vary_n",765,0,7,"PELT",0.000999999999999446,1,0.00100000000000122,1,TRUE,0.999999999998226
"vary_n",765,0,7,"SVP BIC",0.00100000000000122,1,0.000999999999999446,1,TRUE,1.00000000000177
"vary_n",765,0,7,"SVP BIC calibrated",0.00100000000000122,1,0.00100000000000122,1,TRUE,1
"vary_n",765,0,7,"SVP BIC multiscale",0,1,0.0150000000000006,1,TRUE,NA
"vary_n",765,0,8,"PELT",0.000999999999999446,1,0.00100000000000122,1,TRUE,0.999999999998226
"vary_n",765,0,8,"SVP BIC",0.000999999999999446,1,0.000999999999999446,1,TRUE,1
"vary_n",765,0,8,"SVP BIC calibrated",0.000999999999999446,1,0.000999999999999446,1,TRUE,1
"vary_n",765,0,8,"SVP BIC multiscale",0,1,0.00900000000000034,4,FALSE,NA
"vary_n",765,0,9,"PELT",0.00100000000000122,1,0.000999999999999446,1,TRUE,1.00000000000177
"vary_n",765,0,9,"SVP BIC",0.00100000000000122,1,0.00100000000000122,1,TRUE,1
"vary_n",765,0,9,"SVP BIC calibrated",0.00100000000000122,1,0.00100000000000122,1,TRUE,1
"vary_n",765,0,9,"SVP BIC multiscale",0,1,0.0150000000000006,2,FALSE,NA
"vary_n",8496,0,1,"PELT",0.0679999999999978,1,0.0650000000000119,1,TRUE,1.04615384615362
"vary_n",8496,0,1,"SVP BIC",0.0120000000000005,1,0.0110000000000099,1,TRUE,1.09090909090815
"vary_n",8496,0,1,"SVP BIC calibrated",0.0110000000000028,1,0.0110000000000099,1,TRUE,0.999999999999355
"vary_n",8496,0,1,"SVP BIC multiscale",0.000999999999997669,1,2.52200000000001,1,TRUE,0.00039651070578813
"vary_n",8496,0,10,"PELT",0.044000000000004,1,0.0429999999999779,1,TRUE,1.02325581395411
"vary_n",8496,0,10,"SVP BIC",0.0110000000000028,1,0.0099999999999909,1,TRUE,1.10000000000128
"vary_n",8496,0,10,"SVP BIC calibrated",0.0120000000000005,1,0.0099999999999909,1,TRUE,1.20000000000114
"vary_n",8496,0,10,"SVP BIC multiscale",0.000999999999997669,1,2.57999999999998,1,TRUE,0.000387596899223906
"vary_n",8496,0,11,"PELT",0.0379999999999967,1,0.0370000000000061,1,TRUE,1.02702702702677
"vary_n",8496,0,11,"SVP BIC",0.0110000000000028,1,0.0109999999999957,1,TRUE,1.00000000000065
"vary_n",8496,0,11,"SVP BIC calibrated",0.0109999999999957,1,0.0109999999999957,1,TRUE,1
"vary_n",8496,0,11,"SVP BIC multiscale",0.00199999999999534,1,2.524,1,TRUE,0.000792393026939517
"vary_n",8496,0,12,"PELT",0.0459999999999994,1,0.0470000000000255,1,TRUE,0.978723404254775
"vary_n",8496,0,12,"SVP BIC",0.0109999999999957,1,0.0109999999999957,1,TRUE,1
"vary_n",8496,0,12,"SVP BIC calibrated",0.0110000000000028,1,0.0120000000000005,1,TRUE,0.916666666666862
"vary_n",8496,0,12,"SVP BIC multiscale",0.00100000000000477,1,2.54799999999997,1,TRUE,0.000392464678180841
"vary_n",8496,0,13,"PELT",0.0320000000000036,1,0.0360000000000014,1,TRUE,0.888888888888954
"vary_n",8496,0,13,"SVP BIC",0.0109999999999957,1,0.0109999999999957,1,TRUE,1
"vary_n",8496,0,13,"SVP BIC calibrated",0.0110000000000028,1,0.0109999999999957,1,TRUE,1.00000000000065
"vary_n",8496,0,13,"SVP BIC multiscale",0.000999999999997669,1,2.52100000000002,1,TRUE,0.000396667988892369
"vary_n",8496,0,14,"PELT",0.0660000000000025,1,0.0660000000000025,1,TRUE,1
"vary_n",8496,0,14,"SVP BIC",0.0110000000000028,1,0.0099999999999909,1,TRUE,1.10000000000128
"vary_n",8496,0,14,"SVP BIC calibrated",0.0109999999999957,1,0.0109999999999957,1,TRUE,1
"vary_n",8496,0,14,"SVP BIC multiscale",0.00100000000000477,1,2.55199999999999,1,TRUE,0.000391849529782435
"vary_n",8496,0,15,"PELT",0.027000000000001,1,0.0269999999999868,1,TRUE,1.00000000000053
"vary_n",8496,0,15,"SVP BIC",0.0120000000000005,1,0.0109999999999957,1,TRUE,1.09090909090956
"vary_n",8496,0,15,"SVP BIC calibrated",0.0109999999999957,1,0.0110000000000241,1,TRUE,0.999999999997418
"vary_n",8496,0,15,"SVP BIC multiscale",0.000999999999997669,1,2.55900000000003,1,TRUE,0.000390777647517646
"vary_n",8496,0,16,"PELT",0.070999999999998,1,0.0670000000000073,1,TRUE,1.05970149253717
"vary_n",8496,0,16,"SVP BIC",0.0120000000000005,1,0.0120000000000005,1,TRUE,1
"vary_n",8496,0,16,"SVP BIC calibrated",0.0109999999999957,1,0.0109999999999957,1,TRUE,1
"vary_n",8496,0,16,"SVP BIC multiscale",0.00100000000000477,1,2.559,1,TRUE,0.000390777647520426
"vary_n",8496,0,17,"PELT",0.0609999999999999,1,0.054000000000002,1,TRUE,1.12962962962959
"vary_n",8496,0,17,"SVP BIC",0.0110000000000028,1,0.0109999999999957,1,TRUE,1.00000000000065
"vary_n",8496,0,17,"SVP BIC calibrated",0.0110000000000028,1,0.0109999999999957,1,TRUE,1.00000000000065
"vary_n",8496,0,17,"SVP BIC multiscale",0.00200000000000244,1,2.57999999999998,1,TRUE,0.000775193798450564
"vary_n",8496,0,18,"PELT",0.0690000000000026,1,0.0649999999999977,1,TRUE,1.06153846153854
"vary_n",8496,0,18,"SVP BIC",0.0109999999999957,1,0.0109999999999957,1,TRUE,1
"vary_n",8496,0,18,"SVP BIC calibrated",0.0110000000000028,1,0.0109999999999957,1,TRUE,1.00000000000065
"vary_n",8496,0,18,"SVP BIC multiscale",0.000999999999997669,1,2.55799999999999,1,TRUE,0.00039093041438533
"vary_n",8496,0,19,"PELT",0.0609999999999999,1,0.061000000000007,1,TRUE,0.999999999999884
"vary_n",8496,0,19,"SVP BIC",0.0110000000000028,1,0.0100000000000193,1,TRUE,1.09999999999816
"vary_n",8496,0,19,"SVP BIC calibrated",0.0110000000000028,1,0.0109999999999957,1,TRUE,1.00000000000065
"vary_n",8496,0,19,"SVP BIC multiscale",0.000999999999997669,1,2.47299999999998,1,TRUE,0.000404367165385231
"vary_n",8496,0,2,"PELT",0.0529999999999973,1,0.0520000000000067,1,TRUE,1.01923076923059
"vary_n",8496,0,2,"SVP BIC",0.0109999999999957,1,0.0109999999999957,1,TRUE,1
"vary_n",8496,0,2,"SVP BIC calibrated",0.0110000000000028,1,0.0109999999999957,1,TRUE,1.00000000000065
"vary_n",8496,0,2,"SVP BIC multiscale",0.000999999999997669,1,2.17,2,FALSE,0.000460829493086483
"vary_n",8496,0,20,"PELT",0.0519999999999996,1,0.0519999999999925,1,TRUE,1.00000000000014
"vary_n",8496,0,20,"SVP BIC",0.0109999999999957,1,0.0109999999999957,1,TRUE,1
"vary_n",8496,0,20,"SVP BIC calibrated",0.0110000000000028,1,0.0109999999999957,1,TRUE,1.00000000000065
"vary_n",8496,0,20,"SVP BIC multiscale",0.00200000000000244,1,1.12100000000001,3,FALSE,0.00178412132025194
"vary_n",8496,0,3,"PELT",0.0409999999999968,1,0.0389999999999873,1,TRUE,1.05128205128231
"vary_n",8496,0,3,"SVP BIC",0.0120000000000005,1,0.0099999999999909,1,TRUE,1.20000000000114
"vary_n",8496,0,3,"SVP BIC calibrated",0.0110000000000028,1,0.0109999999999957,1,TRUE,1.00000000000065
"vary_n",8496,0,3,"SVP BIC multiscale",0.000999999999997669,1,2.63799999999999,1,TRUE,0.000379075056860376
"vary_n",8496,0,4,"PELT",0.0330000000000013,1,0.0349999999999966,1,TRUE,0.942857142857272
"vary_n",8496,0,4,"SVP BIC",0.0109999999999957,1,0.0109999999999957,1,TRUE,1
"vary_n",8496,0,4,"SVP BIC calibrated",0.0109999999999957,1,0.0110000000000099,1,TRUE,0.999999999998709
"vary_n",8496,0,4,"SVP BIC multiscale",0.000999999999997669,1,2.54299999999999,1,TRUE,0.000393236335036442
"vary_n",8496,0,5,"PELT",0.0420000000000016,1,0.0389999999999873,1,TRUE,1.07692307692347
"vary_n",8496,0,5,"SVP BIC",0.0109999999999957,1,0.0100000000000193,1,TRUE,1.09999999999745
"vary_n",8496,0,5,"SVP BIC calibrated",0.0110000000000028,1,0.0110000000000241,1,TRUE,0.999999999998064
"vary_n",8496,0,5,"SVP BIC multiscale",0.00199999999999534,1,2.14700000000002,2,FALSE,0.000931532370747705
"vary_n",8496,0,6,"PELT",0.0279999999999987,1,0.0260000000000105,1,TRUE,1.07692307692259
"vary_n",8496,0,6,"SVP BIC",0.0110000000000028,1,0.0109999999999957,1,TRUE,1.00000000000065
"vary_n",8496,0,6,"SVP BIC calibrated",0.0109999999999957,1,0.0109999999999957,1,TRUE,1
"vary_n",8496,0,6,"SVP BIC multiscale",0.000999999999997669,1,2.59699999999998,1,TRUE,0.000385059684250164
"vary_n",8496,0,7,"PELT",0.0419999999999945,1,0.0430000000000064,1,TRUE,0.976744186046238
"vary_n",8496,0,7,"SVP BIC",0.0120000000000005,1,0.0099999999999909,1,TRUE,1.20000000000114
"vary_n",8496,0,7,"SVP BIC calibrated",0.0120000000000005,1,0.0109999999999957,1,TRUE,1.09090909090956
"vary_n",8496,0,7,"SVP BIC multiscale",0.00100000000000477,1,2.57399999999998,1,TRUE,0.000388500388502245
"vary_n",8496,0,8,"PELT",0.0649999999999977,1,0.0660000000000025,1,TRUE,0.984848484848413
"vary_n",8496,0,8,"SVP BIC",0.0110000000000028,1,0.0109999999999957,1,TRUE,1.00000000000065
"vary_n",8496,0,8,"SVP BIC calibrated",0.0109999999999957,1,0.0099999999999909,1,TRUE,1.10000000000057
"vary_n",8496,0,8,"SVP BIC multiscale",0.00100000000000477,1,2.56100000000001,1,TRUE,0.000390472471692607
"vary_n",8496,0,9,"PELT",0.0659999999999954,1,0.0660000000000025,1,TRUE,0.999999999999892
"vary_n",8496,0,9,"SVP BIC",0.0110000000000028,1,0.0109999999999957,1,TRUE,1.00000000000065
"vary_n",8496,0,9,"SVP BIC calibrated",0.0110000000000028,1,0.0099999999999909,1,TRUE,1.10000000000128
"vary_n",8496,0,9,"SVP BIC multiscale",0.00100000000000477,1,2.50900000000001,1,TRUE,0.000398565165406443
"vary_n",952,0,1,"PELT",0.000999999999997669,1,0.00100000000000122,1,TRUE,0.999999999996449
"vary_n",952,0,1,"SVP BIC",0.00100000000000122,1,0.000999999999999446,1,TRUE,1.00000000000177
"vary_n",952,0,1,"SVP BIC calibrated",0.00100000000000122,1,0.00100000000000122,1,TRUE,1
"vary_n",952,0,1,"SVP BIC multiscale",0,1,0.0129999999999999,3,FALSE,NA
"vary_n",952,0,10,"PELT",0.00100000000000122,1,0.00100000000000122,1,TRUE,1
"vary_n",952,0,10,"SVP BIC",0.00100000000000122,1,0.00100000000000122,1,TRUE,1
"vary_n",952,0,10,"SVP BIC calibrated",0.00100000000000122,1,0.00200000000000244,1,TRUE,0.5
"vary_n",952,0,10,"SVP BIC multiscale",0.0169999999999995,2,0.0169999999999995,2,TRUE,1
"vary_n",952,0,11,"PELT",0.00200000000000244,1,0.00100000000000122,1,TRUE,2
"vary_n",952,0,11,"SVP BIC",0.00199999999999889,1,0.000999999999997669,1,TRUE,2.00000000000355
"vary_n",952,0,11,"SVP BIC calibrated",0.000999999999997669,1,0.00100000000000122,1,TRUE,0.999999999996449
"vary_n",952,0,11,"SVP BIC multiscale",0.00100000000000122,1,0.0240000000000009,1,TRUE,0.0416666666667159
"vary_n",952,0,12,"PELT",0.00100000000000122,1,0.00199999999999889,1,TRUE,0.500000000000888
"vary_n",952,0,12,"SVP BIC",0.00100000000000122,1,0.00199999999999889,1,TRUE,0.500000000000888
"vary_n",952,0,12,"SVP BIC calibrated",0.000999999999997669,1,0.00100000000000122,1,TRUE,0.999999999996449
"vary_n",952,0,12,"SVP BIC multiscale",0,1,0.0259999999999998,1,TRUE,NA
"vary_n",952,0,13,"PELT",0.000999999999997669,1,0.00100000000000122,1,TRUE,0.999999999996449
"vary_n",952,0,13,"SVP BIC",0.000999999999997669,1,0.000999999999997669,1,TRUE,1
"vary_n",952,0,13,"SVP BIC calibrated",0.00200000000000244,1,0.000999999999997669,1,TRUE,2.0000000000071
"vary_n",952,0,13,"SVP BIC multiscale",0,1,0.0150000000000006,2,FALSE,NA
"vary_n",952,0,14,"PELT",0.00199999999999889,1,0.00100000000000122,1,TRUE,1.99999999999645
"vary_n",952,0,14,"SVP BIC",0.000999999999997669,1,0.00199999999999889,1,TRUE,0.499999999999112
"vary_n",952,0,14,"SVP BIC calibrated",0.00100000000000122,1,0.000999999999997669,1,TRUE,1.00000000000355
"vary_n",952,0,14,"SVP BIC multiscale",0,1,0.0240000000000009,1,TRUE,NA
"vary_n",952,0,15,"PELT",0.000999999999997669,1,0.00100000000000122,1,TRUE,0.999999999996449
"vary_n",952,0,15,"SVP BIC",0.00199999999999889,1,0.00100000000000122,1,TRUE,1.99999999999645
"vary_n",952,0,15,"SVP BIC calibrated",0.00199999999999889,1,0.00200000000000244,1,TRUE,0.999999999998225
"vary_n",952,0,15,"SVP BIC multiscale",0,1,0.0169999999999995,2,FALSE,NA
"vary_n",952,0,16,"PELT",0.00100000000000122,1,0.00100000000000122,1,TRUE,1
"vary_n",952,0,16,"SVP BIC",0.000999999999997669,1,0.00199999999999889,1,TRUE,0.499999999999112
"vary_n",952,0,16,"SVP BIC calibrated",0.00199999999999889,1,0.00100000000000122,1,TRUE,1.99999999999645
"vary_n",952,0,16,"SVP BIC multiscale",0.00100000000000122,1,0.0169999999999995,2,FALSE,0.0588235294118382
"vary_n",952,0,17,"PELT",0.00199999999999889,1,0.00200000000000244,1,TRUE,0.999999999998225
"vary_n",952,0,17,"SVP BIC",0.00100000000000122,1,0.00100000000000122,1,TRUE,1
"vary_n",952,0,17,"SVP BIC calibrated",0.00100000000000122,1,0.000999999999997669,1,TRUE,1.00000000000355
"vary_n",952,0,17,"SVP BIC multiscale",0,1,0.0259999999999998,1,TRUE,NA
"vary_n",952,0,18,"PELT",0.00199999999999889,1,0.000999999999997669,1,TRUE,2.00000000000355
"vary_n",952,0,18,"SVP BIC",0.00200000000000244,1,0.00100000000000122,1,TRUE,2
"vary_n",952,0,18,"SVP BIC calibrated",0.00199999999999889,1,0.00200000000000244,1,TRUE,0.999999999998225
"vary_n",952,0,18,"SVP BIC multiscale",0.00100000000000122,1,0.0250000000000021,1,TRUE,0.0400000000000454
"vary_n",952,0,19,"PELT",0.00100000000000122,1,0.000999999999997669,1,TRUE,1.00000000000355
"vary_n",952,0,19,"SVP BIC",0.000999999999997669,1,0.00100000000000122,1,TRUE,0.999999999996449
"vary_n",952,0,19,"SVP BIC calibrated",0.00200000000000244,1,0.00100000000000122,1,TRUE,2
"vary_n",952,0,19,"SVP BIC multiscale",0,1,0.0250000000000021,1,TRUE,NA
"vary_n",952,0,2,"PELT",0.00100000000000122,1,0.00100000000000122,1,TRUE,1
"vary_n",952,0,2,"SVP BIC",0.00100000000000122,1,0.000999999999999446,1,TRUE,1.00000000000177
"vary_n",952,0,2,"SVP BIC calibrated",0.00100000000000122,1,0.000999999999999446,1,TRUE,1.00000000000177
"vary_n",952,0,2,"SVP BIC multiscale",0,1,0.0250000000000004,1,TRUE,NA
"vary_n",952,0,20,"PELT",0.00100000000000122,1,0.00199999999999889,1,TRUE,0.500000000000888
"vary_n",952,0,20,"SVP BIC",0.00199999999999889,1,0.00200000000000244,1,TRUE,0.999999999998225
"vary_n",952,0,20,"SVP BIC calibrated",0.00200000000000244,1,0.00199999999999889,1,TRUE,1.00000000000178
"vary_n",952,0,20,"SVP BIC multiscale",0,1,0.0259999999999998,1,TRUE,NA
"vary_n",952,0,3,"PELT",0.00100000000000122,1,0.000999999999999446,1,TRUE,1.00000000000177
"vary_n",952,0,3,"SVP BIC",0.00100000000000122,1,0.00100000000000122,1,TRUE,1
"vary_n",952,0,3,"SVP BIC calibrated",0.00100000000000122,1,0.00100000000000122,1,TRUE,1
"vary_n",952,0,3,"SVP BIC multiscale",0,1,0.0240000000000009,1,TRUE,NA
"vary_n",952,0,4,"PELT",0.00199999999999889,1,0.00199999999999889,1,TRUE,1
"vary_n",952,0,4,"SVP BIC",0.00100000000000122,1,0.00100000000000122,1,TRUE,1
"vary_n",952,0,4,"SVP BIC calibrated",0.00100000000000122,1,0.000999999999997669,1,TRUE,1.00000000000355
"vary_n",952,0,4,"SVP BIC multiscale",0,1,0.0249999999999986,1,TRUE,NA
"vary_n",952,0,5,"PELT",0.00100000000000122,1,0.00100000000000122,1,TRUE,1
"vary_n",952,0,5,"SVP BIC",0.00200000000000244,1,0.000999999999997669,1,TRUE,2.0000000000071
"vary_n",952,0,5,"SVP BIC calibrated",0.00100000000000122,1,0.00199999999999889,1,TRUE,0.500000000000888
"vary_n",952,0,5,"SVP BIC multiscale",0,1,0.0249999999999986,1,TRUE,NA
"vary_n",952,0,6,"PELT",0.00199999999999889,1,0.000999999999997669,1,TRUE,2.00000000000355
"vary_n",952,0,6,"SVP BIC",0.00100000000000122,1,0.00100000000000122,1,TRUE,1
"vary_n",952,0,6,"SVP BIC calibrated",0.0100000000000016,2,0.0129999999999981,2,TRUE,0.769230769231005
"vary_n",952,0,6,"SVP BIC multiscale",0.0119999999999969,3,0.0120000000000005,3,TRUE,0.9999999999997
"vary_n",952,0,7,"PELT",0.000999999999997669,1,0.00100000000000122,1,TRUE,0.999999999996449
"vary_n",952,0,7,"SVP BIC",0.00100000000000122,1,0.000999999999997669,1,TRUE,1.00000000000355
"vary_n",952,0,7,"SVP BIC calibrated",0.000999999999997669,1,0.00200000000000244,1,TRUE,0.499999999998225
"vary_n",952,0,7,"SVP BIC multiscale",0,1,0.0239999999999974,1,TRUE,NA
"vary_n",952,0,8,"PELT",0.00199999999999889,1,0.00100000000000122,1,TRUE,1.99999999999645
"vary_n",952,0,8,"SVP BIC",0.00100000000000122,1,0.00100000000000122,1,TRUE,1
"vary_n",952,0,8,"SVP BIC calibrated",0.00100000000000122,1,0.00100000000000122,1,TRUE,1
"vary_n",952,0,8,"SVP BIC multiscale",0,1,0.0249999999999986,1,TRUE,NA
"vary_n",952,0,9,"PELT",0.000999999999997669,1,0.00100000000000122,1,TRUE,0.999999999996449
"vary_n",952,0,9,"SVP BIC",0.00100000000000122,1,0.00199999999999889,1,TRUE,0.500000000000888
"vary_n",952,0,9,"SVP BIC calibrated",0.000999999999997669,1,0.00100000000000122,1,TRUE,0.999999999996449
"vary_n",952,0,9,"SVP BIC multiscale",0.000999999999997669,1,0.0140000000000029,2,FALSE,0.0714285714283901
