"experiment","n","k","rep","method","time","detected"
"vary_n",256,0,1,"PELT",0.004,1
"vary_n",256,0,1,"SVP BIC",0.001,1
"vary_n",256,0,1,"SVP BIC calibrated",0.002,1
"vary_n",256,0,1,"SVP BIC multiscale",0.002,1
"vary_n",256,0,2,"PELT",0.001,3
"vary_n",256,0,2,"SVP BIC",0.001,2
"vary_n",256,0,2,"SVP BIC calibrated",0.002,2
"vary_n",256,0,2,"SVP BIC multiscale",0.001,3
"vary_n",256,0,3,"PELT",0.001,1
"vary_n",256,0,3,"SVP BIC",0.001,1
"vary_n",256,0,3,"SVP BIC calibrated",0.001,1
"vary_n",256,0,3,"SVP BIC multiscale",0.002,1
"vary_n",256,0,4,"PELT",0,1
"vary_n",256,0,4,"SVP BIC",0,1
"vary_n",256,0,4,"SVP BIC calibrated",0,1
"vary_n",256,0,4,"SVP BIC multiscale",0.001,3
"vary_n",256,0,5,"PELT",0,1
"vary_n",256,0,5,"SVP BIC",0,1
"vary_n",256,0,5,"SVP BIC calibrated",0,1
"vary_n",256,0,5,"SVP BIC multiscale",0.002,1
"vary_n",256,0,6,"PELT",0,1
"vary_n",256,0,6,"SVP BIC",0.00099999999999989,1
"vary_n",256,0,6,"SVP BIC calibrated",0.00100000000000011,1
"vary_n",256,0,6,"SVP BIC multiscale",0.002,1
"vary_n",256,0,7,"PELT",0.00100000000000011,1
"vary_n",256,0,7,"SVP BIC",0.00100000000000011,1
"vary_n",256,0,7,"SVP BIC calibrated",0,1
"vary_n",256,0,7,"SVP BIC multiscale",0.002,1
"vary_n",256,0,8,"PELT",0.00099999999999989,2
"vary_n",256,0,8,"SVP BIC",0.00099999999999989,1
"vary_n",256,0,8,"SVP BIC calibrated",0.002,2
"vary_n",256,0,8,"SVP BIC multiscale",0.002,2
"vary_n",256,0,9,"PELT",0,1
"vary_n",256,0,9,"SVP BIC",0.00099999999999989,1
"vary_n",256,0,9,"SVP BIC calibrated",0,1
"vary_n",256,0,9,"SVP BIC multiscale",0.00099999999999989,3
"vary_n",256,0,10,"PELT",0.00100000000000011,1
"vary_n",256,0,10,"SVP BIC",0,1
"vary_n",256,0,10,"SVP BIC calibrated",0.00100000000000011,1
"vary_n",256,0,10,"SVP BIC multiscale",0.002,1
"vary_n",256,0,11,"PELT",0.00099999999999989,1
"vary_n",256,0,11,"SVP BIC",0,1
"vary_n",256,0,11,"SVP BIC calibrated",0.00100000000000011,1
"vary_n",256,0,11,"SVP BIC multiscale",0.002,2
"vary_n",256,0,12,"PELT",0.00100000000000011,1
"vary_n",256,0,12,"SVP BIC",0.00099999999999989,1
"vary_n",256,0,12,"SVP BIC calibrated",0,1
"vary_n",256,0,12,"SVP BIC multiscale",0.00099999999999989,2
"vary_n",256,0,13,"PELT",0,1
"vary_n",256,0,13,"SVP BIC",0.00099999999999989,1
"vary_n",256,0,13,"SVP BIC calibrated",0.00100000000000011,1
"vary_n",256,0,13,"SVP BIC multiscale",0.00300000000000011,1
"vary_n",256,0,14,"PELT",0,1
"vary_n",256,0,14,"SVP BIC",0.00099999999999989,1
"vary_n",256,0,14,"SVP BIC calibrated",0,1
"vary_n",256,0,14,"SVP BIC multiscale",0.00200000000000022,1
"vary_n",256,0,15,"PELT",0.00100000000000033,1
"vary_n",256,0,15,"SVP BIC",0.00099999999999989,1
"vary_n",256,0,15,"SVP BIC calibrated",0,1
"vary_n",256,0,15,"SVP BIC multiscale",0.00099999999999989,2
"vary_n",256,0,16,"PELT",0.00099999999999989,1
"vary_n",256,0,16,"SVP BIC",0,1
"vary_n",256,0,16,"SVP BIC calibrated",0.00100000000000033,1
"vary_n",256,0,16,"SVP BIC multiscale",0.00099999999999989,2
"vary_n",256,0,17,"PELT",0,1
"vary_n",256,0,17,"SVP BIC",0,1
"vary_n",256,0,17,"SVP BIC calibrated",0.00100000000000033,1
"vary_n",256,0,17,"SVP BIC multiscale",0.00199999999999978,1
"vary_n",256,0,18,"PELT",0,1
"vary_n",256,0,18,"SVP BIC",0.00099999999999989,1
"vary_n",256,0,18,"SVP BIC calibrated",0.00100000000000033,1
"vary_n",256,0,18,"SVP BIC multiscale",0.00199999999999978,1
"vary_n",256,0,19,"PELT",0.00100000000000033,1
"vary_n",256,0,19,"SVP BIC",0.00099999999999989,1
"vary_n",256,0,19,"SVP BIC calibrated",0.00200000000000022,2
"vary_n",256,0,19,"SVP BIC multiscale",0.00100000000000033,3
"vary_n",256,0,20,"PELT",0.00099999999999989,1
"vary_n",256,0,20,"SVP BIC",0,1
"vary_n",256,0,20,"SVP BIC calibrated",0.00199999999999978,2
"vary_n",256,0,20,"SVP BIC multiscale",0.00200000000000022,3
"vary_n",319,0,1,"PELT",0.00099999999999989,1
"vary_n",319,0,1,"SVP BIC",0.00099999999999989,1
"vary_n",319,0,1,"SVP BIC calibrated",0.00099999999999989,1
"vary_n",319,0,1,"SVP BIC multiscale",0.00200000000000022,2
"vary_n",319,0,2,"PELT",0.00099999999999989,1
"vary_n",319,0,2,"SVP BIC",0.00100000000000033,1
"vary_n",319,0,2,"SVP BIC calibrated",0,1
"vary_n",319,0,2,"SVP BIC multiscale",0.00199999999999978,2
"vary_n",319,0,3,"PELT",0,1
"vary_n",319,0,3,"SVP BIC",0,1
"vary_n",319,0,3,"SVP BIC calibrated",0,1
"vary_n",319,0,3,"SVP BIC multiscale",0.00300000000000011,1
"vary_n",319,0,4,"PELT",0,1
"vary_n",319,0,4,"SVP BIC",0,1
"vary_n",319,0,4,"SVP BIC calibrated",0.00100000000000033,1
"vary_n",319,0,4,"SVP BIC multiscale",0.00300000000000011,1
"vary_n",319,0,5,"PELT",0,1
"vary_n",319,0,5,"SVP BIC",0,1
"vary_n",319,0,5,"SVP BIC calibrated",0,1
"vary_n",319,0,5,"SVP BIC multiscale",0.00300000000000011,1
"vary_n",319,0,6,"PELT",0,1
"vary_n",319,0,6,"SVP BIC",0.00099999999999989,1
"vary_n",319,0,6,"SVP BIC calibrated",0,1
"vary_n",319,0,6,"SVP BIC multiscale",0.00199999999999978,2
"vary_n",319,0,7,"PELT",0.00099999999999989,1
"vary_n",319,0,7,"SVP BIC",0,1
"vary_n",319,0,7,"SVP BIC calibrated",0,1
"vary_n",319,0,7,"SVP BIC multiscale",0.00200000000000022,1
"vary_n",319,0,8,"PELT",0.00099999999999989,1
"vary_n",319,0,8,"SVP BIC",0,1
"vary_n",319,0,8,"SVP BIC calibrated",0.00200000000000022,2
"vary_n",319,0,8,"SVP BIC multiscale",0.00200000000000022,3
"vary_n",319,0,9,"PELT",0,1
"vary_n",319,0,9,"SVP BIC",0,1
"vary_n",319,0,9,"SVP BIC calibrated",0,1
"vary_n",319,0,9,"SVP BIC multiscale",0.00199999999999978,2
"vary_n",319,0,10,"PELT",0.00099999999999989,1
"vary_n",319,0,10,"SVP BIC",0,1
"vary_n",319,0,10,"SVP BIC calibrated",0,1
"vary_n",319,0,10,"SVP BIC multiscale",0.00300000000000011,1
"vary_n",319,0,11,"PELT",0,1
"vary_n",319,0,11,"SVP BIC",0.000999999999999446,1
"vary_n",319,0,11,"SVP BIC calibrated",0,1
"vary_n",319,0,11,"SVP BIC multiscale",0.00300000000000011,1
"vary_n",319,0,12,"PELT",0,1
"vary_n",319,0,12,"SVP BIC",0.000999999999999446,1
"vary_n",319,0,12,"SVP BIC calibrated",0,1
"vary_n",319,0,12,"SVP BIC multiscale",0.00300000000000011,2
"vary_n",319,0,13,"PELT",0,1
"vary_n",319,0,13,"SVP BIC",0.00100000000000033,1
"vary_n",319,0,13,"SVP BIC calibrated",0,1
"vary_n",319,0,13,"SVP BIC multiscale",0.00300000000000011,1
"vary_n",319,0,14,"PELT",0,1
"vary_n",319,0,14,"SVP BIC",0,1
"vary_n",319,0,14,"SVP BIC calibrated",0.00100000000000033,1
"vary_n",319,0,14,"SVP BIC multiscale",0.00300000000000011,1
"vary_n",319,0,15,"PELT",0.00100000000000033,1
"vary_n",319,0,15,"SVP BIC",0,1
"vary_n",319,0,15,"SVP BIC calibrated",0.00100000000000033,1
"vary_n",319,0,15,"SVP BIC multiscale",0.00300000000000011,1
"vary_n",319,0,16,"PELT",0,1
"vary_n",319,0,16,"SVP BIC",0,1
"vary_n",319,0,16,"SVP BIC calibrated",0.00100000000000033,1
"vary_n",319,0,16,"SVP BIC multiscale",0.00400000000000045,1
"vary_n",319,0,17,"PELT",0,1
"vary_n",319,0,17,"SVP BIC",0,1
"vary_n",319,0,17,"SVP BIC calibrated",0.00100000000000033,1
"vary_n",319,0,17,"SVP BIC multiscale",0.00300000000000011,1
"vary_n",319,0,18,"PELT",0,1
"vary_n",319,0,18,"SVP BIC",0.00100000000000033,1
"vary_n",319,0,18,"SVP BIC calibrated",0,1
"vary_n",319,0,18,"SVP BIC multiscale",0.00299999999999923,1
"vary_n",319,0,19,"PELT",0,1
"vary_n",319,0,19,"SVP BIC",0.00100000000000033,1
"vary_n",319,0,19,"SVP BIC calibrated",0,1
"vary_n",319,0,19,"SVP BIC multiscale",0.00300000000000011,1
"vary_n",319,0,20,"PELT",0,1
"vary_n",319,0,20,"SVP BIC",0,1
"vary_n",319,0,20,"SVP BIC calibrated",0.00300000000000011,2
"vary_n",319,0,20,"SVP BIC multiscale",0.00100000000000033,3
"vary_n",397,0,1,"PELT",0.000999999999999446,1
"vary_n",397,0,1,"SVP BIC",0.00100000000000033,1
"vary_n",397,0,1,"SVP BIC calibrated",0,1
"vary_n",397,0,1,"SVP BIC multiscale",0.00400000000000045,1
"vary_n",397,0,2,"PELT",0,1
"vary_n",397,0,2,"SVP BIC",0,1
"vary_n",397,0,2,"SVP BIC calibrated",0,1
"vary_n",397,0,2,"SVP BIC multiscale",0.00400000000000045,2
"vary_n",397,0,3,"PELT",0.000999999999999446,1
"vary_n",397,0,3,"SVP BIC",0.00100000000000033,1
"vary_n",397,0,3,"SVP BIC calibrated",0,1
"vary_n",397,0,3,"SVP BIC multiscale",0.00499999999999989,1
"vary_n",397,0,4,"PELT",0.00100000000000033,1
"vary_n",397,0,4,"SVP BIC",0,1
"vary_n",397,0,4,"SVP BIC calibrated",0.00100000000000033,1
"vary_n",397,0,4,"SVP BIC multiscale",0.00399999999999956,1
"vary_n",397,0,5,"PELT",0.00100000000000033,1
"vary_n",397,0,5,"SVP BIC",0,1
"vary_n",397,0,5,"SVP BIC calibrated",0,1
"vary_n",397,0,5,"SVP BIC multiscale",0.00499999999999989,1
"vary_n",397,0,6,"PELT",0,1
"vary_n",397,0,6,"SVP BIC",0,1
"vary_n",397,0,6,"SVP BIC calibrated",0,1
"vary_n",397,0,6,"SVP BIC multiscale",0.00399999999999956,2
"vary_n",397,0,7,"PELT",0,1
"vary_n",397,0,7,"SVP BIC",0.00100000000000033,1
"vary_n",397,0,7,"SVP BIC calibrated",0.00100000000000033,1
"vary_n",397,0,7,"SVP BIC multiscale",0.00499999999999989,1
"vary_n",397,0,8,"PELT",0,1
"vary_n",397,0,8,"SVP BIC",0.000999999999999446,1
"vary_n",397,0,8,"SVP BIC calibrated",0.00100000000000033,1
"vary_n",397,0,8,"SVP BIC multiscale",0.00499999999999989,1
"vary_n",397,0,9,"PELT",0,1
"vary_n",397,0,9,"SVP BIC",0.00100000000000033,1
"vary_n",397,0,9,"SVP BIC calibrated",0.000999999999999446,1
"vary_n",397,0,9,"SVP BIC multiscale",0.00399999999999956,2
"vary_n",397,0,10,"PELT",0,1
"vary_n",397,0,10,"SVP BIC",0.00100000000000033,1
"vary_n",397,0,10,"SVP BIC calibrated",0.000999999999999446,1
"vary_n",397,0,10,"SVP BIC multiscale",0.00400000000000045,1
"vary_n",397,0,11,"PELT",0,1
"vary_n",397,0,11,"SVP BIC",0.00100000000000033,1
"vary_n",397,0,11,"SVP BIC calibrated",0,1
"vary_n",397,0,11,"SVP BIC multiscale",0.00400000000000045,1
"vary_n",397,0,12,"PELT",0.00100000000000033,1
"vary_n",397,0,12,"SVP BIC",0.00100000000000033,1
"vary_n",397,0,12,"SVP BIC calibrated",0,1
"vary_n",397,0,12,"SVP BIC multiscale",0.00400000000000045,1
"vary_n",397,0,13,"PELT",0,1
"vary_n",397,0,13,"SVP BIC",0,1
"vary_n",397,0,13,"SVP BIC calibrated",0.00100000000000033,1
"vary_n",397,0,13,"SVP BIC multiscale",0.00499999999999989,1
"vary_n",397,0,14,"PELT",0.00100000000000033,1
"vary_n",397,0,14,"SVP BIC",0.00100000000000033,1
"vary_n",397,0,14,"SVP BIC calibrated",0,1
"vary_n",397,0,14,"SVP BIC multiscale",0.00300000000000011,2
"vary_n",397,0,15,"PELT",0,1
"vary_n",397,0,15,"SVP BIC",0,1
"vary_n",397,0,15,"SVP BIC calibrated",0.00100000000000033,1
"vary_n",397,0,15,"SVP BIC multiscale",0.00199999999999978,3
"vary_n",397,0,16,"PELT",0,1
"vary_n",397,0,16,"SVP BIC",0.000999999999999446,1
"vary_n",397,0,16,"SVP BIC calibrated",0,1
"vary_n",397,0,16,"SVP BIC multiscale",0.00300000000000011,2
"vary_n",397,0,17,"PELT",0.00100000000000033,1
"vary_n",397,0,17,"SVP BIC",0.000999999999999446,1
"vary_n",397,0,17,"SVP BIC calibrated",0,1
"vary_n",397,0,17,"SVP BIC multiscale",0.00399999999999956,2
"vary_n",397,0,18,"PELT",0.00100000000000033,1
"vary_n",397,0,18,"SVP BIC",0,1
"vary_n",397,0,18,"SVP BIC calibrated",0,1
"vary_n",397,0,18,"SVP BIC multiscale",0.00300000000000011,2
"vary_n",397,0,19,"PELT",0.00100000000000033,1
"vary_n",397,0,19,"SVP BIC",0,1
"vary_n",397,0,19,"SVP BIC calibrated",0.00100000000000033,1
"vary_n",397,0,19,"SVP BIC multiscale",0.00499999999999989,1
"vary_n",397,0,20,"PELT",0.00100000000000033,1
"vary_n",397,0,20,"SVP BIC",0.00100000000000033,1
"vary_n",397,0,20,"SVP BIC calibrated",0.00100000000000033,1
"vary_n",397,0,20,"SVP BIC multiscale",0.00300000000000011,2
"vary_n",494,0,1,"PELT",0.00100000000000033,1
"vary_n",494,0,1,"SVP BIC",0,1
"vary_n",494,0,1,"SVP BIC calibrated",0.00100000000000033,1
"vary_n",494,0,1,"SVP BIC multiscale",0.00499999999999989,2
"vary_n",494,0,2,"PELT",0.00100000000000033,1
"vary_n",494,0,2,"SVP BIC",0,1
"vary_n",494,0,2,"SVP BIC calibrated",0.00100000000000033,1
"vary_n",494,0,2,"SVP BIC multiscale",0.00600000000000023,1
"vary_n",494,0,3,"PELT",0.000999999999999446,1
"vary_n",494,0,3,"SVP BIC",0.000999999999999446,1
"vary_n",494,0,3,"SVP BIC calibrated",0.000999999999999446,1
"vary_n",494,0,3,"SVP BIC multiscale",0.00600000000000023,1
"vary_n",494,0,4,"PELT",0,1
"vary_n",494,0,4,"SVP BIC",0.00100000000000122,1
"vary_n",494,0,4,"SVP BIC calibrated",0,1
"vary_n",494,0,4,"SVP BIC multiscale",0.004999999999999,3
"vary_n",494,0,5,"PELT",0,1
"vary_n",494,0,5,"SVP BIC",0.00100000000000122,1
"vary_n",494,0,5,"SVP BIC calibrated",0.000999999999999446,1
"vary_n",494,0,5,"SVP BIC multiscale",0.0080000000000009,1
"vary_n",494,0,6,"PELT",0,1
"vary_n",494,0,6,"SVP BIC",0,1
"vary_n",494,0,6,"SVP BIC calibrated",0.000999999999999446,1
"vary_n",494,0,6,"SVP BIC multiscale",0.00699999999999967,1
"vary_n",494,0,7,"PELT",0.000999999999999446,1
"vary_n",494,0,7,"SVP BIC",0.00100000000000122,1
"vary_n",494,0,7,"SVP BIC calibrated",0.00699999999999967,2
"vary_n",494,0,7,"SVP BIC multiscale",0.00699999999999967,2
"vary_n",494,0,8,"PELT",0,1
"vary_n",494,0,8,"SVP BIC",0.00100000000000122,1
"vary_n",494,0,8,"SVP BIC calibrated",0.000999999999999446,1
"vary_n",494,0,8,"SVP BIC multiscale",0.00699999999999967,1
"vary_n",494,0,9,"PELT",0.000999999999999446,1
"vary_n",494,0,9,"SVP BIC",0,1
"vary_n",494,0,9,"SVP BIC calibrated",0.000999999999999446,1
"vary_n",494,0,9,"SVP BIC multiscale",0.00500000000000078,2
"vary_n",494,0,10,"PELT",0,1
"vary_n",494,0,10,"SVP BIC",0,1
"vary_n",494,0,10,"SVP BIC calibrated",0.000999999999999446,1
"vary_n",494,0,10,"SVP BIC multiscale",0.00699999999999967,1
"vary_n",494,0,11,"PELT",0.00100000000000122,1
"vary_n",494,0,11,"SVP BIC",0,1
"vary_n",494,0,11,"SVP BIC calibrated",0.000999999999999446,1
"vary_n",494,0,11,"SVP BIC multiscale",0.00699999999999967,1
"vary_n",494,0,12,"PELT",0.00100000000000122,1
"vary_n",494,0,12,"SVP BIC",0.000999999999999446,1
"vary_n",494,0,12,"SVP BIC calibrated",0.000999999999999446,1
"vary_n",494,0,12,"SVP BIC multiscale",0.00699999999999967,1
"vary_n",494,0,13,"PELT",0.000999999999999446,1
"vary_n",494,0,13,"SVP BIC",0.000999999999999446,1
"vary_n",494,0,13,"SVP BIC calibrated",0.00100000000000122,1
"vary_n",494,0,13,"SVP BIC multiscale",0.00399999999999956,2
"vary_n",494,0,14,"PELT",0.000999999999999446,1
"vary_n",494,0,14,"SVP BIC",0,1
"vary_n",494,0,14,"SVP BIC calibrated",0,1
"vary_n",494,0,14,"SVP BIC multiscale",0.00699999999999967,1
"vary_n",494,0,15,"PELT",0.00100000000000122,1
"vary_n",494,0,15,"SVP BIC",0.000999999999999446,1
"vary_n",494,0,15,"SVP BIC calibrated",0.000999999999999446,1
"vary_n",494,0,15,"SVP BIC multiscale",0.00699999999999967,1
"vary_n",494,0,16,"PELT",0,1
"vary_n",494,0,16,"SVP BIC",0.000999999999999446,1
"vary_n",494,0,16,"SVP BIC calibrated",0,1
"vary_n",494,0,16,"SVP BIC multiscale",0.00600000000000023,1
"vary_n",494,0,17,"PELT",0.00100000000000122,1
"vary_n",494,0,17,"SVP BIC",0.000999999999999446,1
"vary_n",494,0,17,"SVP BIC calibrated",0.000999999999999446,1
"vary_n",494,0,17,"SVP BIC multiscale",0.00699999999999967,1
"vary_n",494,0,18,"PELT",0,1
"vary_n",494,0,18,"SVP BIC",0.000999999999999446,1
"vary_n",494,0,18,"SVP BIC calibrated",0.000999999999999446,1
"vary_n",494,0,18,"SVP BIC multiscale",0.00699999999999967,1
"vary_n",494,0,19,"PELT",0.000999999999999446,1
"vary_n",494,0,19,"SVP BIC",0.000999999999999446,1
"vary_n",494,0,19,"SVP BIC calibrated",0.000999999999999446,1
"vary_n",494,0,19,"SVP BIC multiscale",0.00699999999999967,1
"vary_n",494,0,20,"PELT",0.000999999999999446,1
"vary_n",494,0,20,"SVP BIC",0.000999999999999446,1
"vary_n",494,0,20,"SVP BIC calibrated",0,1
"vary_n",494,0,20,"SVP BIC multiscale",0.00700000000000145,1
"vary_n",614,0,1,"PELT",0.000999999999999446,1
"vary_n",614,0,1,"SVP BIC",0.000999999999999446,1
"vary_n",614,0,1,"SVP BIC calibrated",0.00900000000000034,2
"vary_n",614,0,1,"SVP BIC multiscale",0.00999999999999979,3
"vary_n",614,0,2,"PELT",0,1
"vary_n",614,0,2,"SVP BIC",0.000999999999999446,1
"vary_n",614,0,2,"SVP BIC calibrated",0.000999999999999446,1
"vary_n",614,0,2,"SVP BIC multiscale",0.011000000000001,1
"vary_n",614,0,3,"PELT",0.00100000000000122,1
"vary_n",614,0,3,"SVP BIC",0.000999999999999446,1
"vary_n",614,0,3,"SVP BIC calibrated",0.000999999999999446,1
"vary_n",614,0,3,"SVP BIC multiscale",0.00999999999999979,1
"vary_n",614,0,4,"PELT",0.000999999999999446,1
"vary_n",614,0,4,"SVP BIC",0,1
"vary_n",614,0,4,"SVP BIC calibrated",0.000999999999999446,1
"vary_n",614,0,4,"SVP BIC multiscale",0.00999999999999979,1
"vary_n",614,0,5,"PELT",0.00100000000000122,1
"vary_n",614,0,5,"SVP BIC",0.000999999999999446,1
"vary_n",614,0,5,"SVP BIC calibrated",0.000999999999999446,1
"vary_n",614,0,5,"SVP BIC multiscale",0.011000000000001,1
"vary_n",614,0,6,"PELT",0.000999999999999446,1
"vary_n",614,0,6,"SVP BIC",0.000999999999999446,1
"vary_n",614,0,6,"SVP BIC calibrated",0.000999999999999446,1
"vary_n",614,0,6,"SVP BIC multiscale",0.00999999999999979,1
"vary_n",614,0,7,"PELT",0,1
"vary_n",614,0,7,"SVP BIC",0,1
"vary_n",614,0,7,"SVP BIC calibrated",0.000999999999999446,1
"vary_n",614,0,7,"SVP BIC multiscale",0.00999999999999979,2
"vary_n",614,0,8,"PELT",0.00100000000000122,1
"vary_n",614,0,8,"SVP BIC",0.000999999999999446,1
"vary_n",614,0,8,"SVP BIC calibrated",0.00100000000000122,1
"vary_n",614,0,8,"SVP BIC multiscale",0.00999999999999979,1
"vary_n",614,0,9,"PELT",0.000999999999999446,1
"vary_n",614,0,9,"SVP BIC",0.00100000000000122,1
"vary_n",614,0,9,"SVP BIC calibrated",0,1
"vary_n",614,0,9,"SVP BIC multiscale",0.00999999999999979,1
"vary_n",614,0,10,"PELT",0.000999999999999446,1
"vary_n",614,0,10,"SVP BIC",0.00100000000000122,1
"vary_n",614,0,10,"SVP BIC calibrated",0,1
"vary_n",614,0,10,"SVP BIC multiscale",0.011000000000001,1
"vary_n",614,0,11,"PELT",0.00100000000000122,1
"vary_n",614,0,11,"SVP BIC",0.000999999999999446,1
"vary_n",614,0,11,"SVP BIC calibrated",0.000999999999999446,1
"vary_n",614,0,11,"SVP BIC multiscale",0.00999999999999979,1
"vary_n",614,0,12,"PELT",0.000999999999999446,1
"vary_n",614,0,12,"SVP BIC",0,1
"vary_n",614,0,12,"SVP BIC calibrated",0,1
"vary_n",614,0,12,"SVP BIC multiscale",0.00999999999999979,1
"vary_n",614,0,13,"PELT",0.000999999999999446,1
"vary_n",614,0,13,"SVP BIC",0.000999999999999446,1
"vary_n",614,0,13,"SVP BIC calibrated",0.00100000000000122,1
"vary_n",614,0,13,"SVP BIC multiscale",0.00999999999999979,1
"vary_n",614,0,14,"PELT",0.000999999999999446,1
"vary_n",614,0,14,"SVP BIC",0.000999999999999446,1
"vary_n",614,0,14,"SVP BIC calibrated",0.000999999999999446,1
"vary_n",614,0,14,"SVP BIC multiscale",0.0100000000000016,1
"vary_n",614,0,15,"PELT",0.00100000000000122,1
"vary_n",614,0,15,"SVP BIC",0.00100000000000122,1
"vary_n",614,0,15,"SVP BIC calibrated",0.00100000000000122,1
"vary_n",614,0,15,"SVP BIC multiscale",0.011000000000001,1
"vary_n",614,0,16,"PELT",0.000999999999999446,1
"vary_n",614,0,16,"SVP BIC",0.000999999999999446,1
"vary_n",614,0,16,"SVP BIC calibrated",0.00899999999999856,2
"vary_n",614,0,16,"SVP BIC multiscale",0.00999999999999979,2
"vary_n",614,0,17,"PELT",0.00100000000000122,1
"vary_n",614,0,17,"SVP BIC",0.000999999999999446,1
"vary_n",614,0,17,"SVP BIC calibrated",0,1
"vary_n",614,0,17,"SVP BIC multiscale",0.00999999999999979,1
"vary_n",614,0,18,"PELT",0,1
"vary_n",614,0,18,"SVP BIC",0,1
"vary_n",614,0,18,"SVP BIC calibrated",0.000999999999999446,1
"vary_n",614,0,18,"SVP BIC multiscale",0.00500000000000078,3
"vary_n",614,0,19,"PELT",0.000999999999999446,1
"vary_n",614,0,19,"SVP BIC",0.00100000000000122,1
"vary_n",614,0,19,"SVP BIC calibrated",0,1
"vary_n",614,0,19,"SVP BIC multiscale",0.0109999999999992,1
"vary_n",614,0,20,"PELT",0.000999999999999446,1
"vary_n",614,0,20,"SVP BIC",0.00100000000000122,1
"vary_n",614,0,20,"SVP BIC calibrated",0,1
"vary_n",614,0,20,"SVP BIC multiscale",0.00600000000000023,2
"vary_n",765,0,1,"PELT",0.00100000000000122,1
"vary_n",765,0,1,"SVP BIC",0.000999999999999446,1
"vary_n",765,0,1,"SVP BIC calibrated",0.000999999999999446,1
"vary_n",765,0,1,"SVP BIC multiscale",0.0170000000000012,1
"vary_n",765,0,2,"PELT",0.00100000000000122,1
"vary_n",765,0,2,"SVP BIC",0.00200000000000067,1
"vary_n",765,0,2,"SVP BIC calibrated",0.000999999999999446,1
"vary_n",765,0,2,"SVP BIC multiscale",0.0150000000000006,1
"vary_n",765,0,3,"PELT",0.00100000000000122,1
"vary_n",765,0,3,"SVP BIC",0.000999999999999446,1
"vary_n",765,0,3,"SVP BIC calibrated",0.000999999999999446,1
"vary_n",765,0,3,"SVP BIC multiscale",0.0170000000000012,1
"vary_n",765,0,4,"PELT",0.00100000000000122,1
"vary_n",765,0,4,"SVP BIC",0.00100000000000122,1
"vary_n",765,0,4,"SVP BIC calibrated",0.000999999999999446,1
"vary_n",765,0,4,"SVP BIC multiscale",0.016,1
"vary_n",765,0,5,"PELT",0.000999999999999446,1
"vary_n",765,0,5,"SVP BIC",0.000999999999999446,1
"vary_n",765,0,5,"SVP BIC calibrated",0.00100000000000122,1
"vary_n",765,0,5,"SVP BIC multiscale",0.011000000000001,2
"vary_n",765,0,6,"PELT",0.00100000000000122,1
"vary_n",765,0,6,"SVP BIC",0.000999999999999446,1
"vary_n",765,0,6,"SVP BIC calibrated",0.000999999999999446,1
"vary_n",765,0,6,"SVP BIC multiscale",0.016,1
"vary_n",765,0,7,"PELT",0.00100000000000122,1
"vary_n",765,0,7,"SVP BIC",0.000999999999999446,1
"vary_n",765,0,7,"SVP BIC calibrated",0.00100000000000122,1
"vary_n",765,0,7,"SVP BIC multiscale",0.0150000000000006,1
"vary_n",765,0,8,"PELT",0.00100000000000122,1
"vary_n",765,0,8,"SVP BIC",0.000999999999999446,1
"vary_n",765,0,8,"SVP BIC calibrated",0.000999999999999446,1
"vary_n",765,0,8,"SVP BIC multiscale",0.00900000000000034,4
"vary_n",765,0,9,"PELT",0.000999999999999446,1
"vary_n",765,0,9,"SVP BIC",0.00100000000000122,1
"vary_n",765,0,9,"SVP BIC calibrated",0.00100000000000122,1
"vary_n",765,0,9,"SVP BIC multiscale",0.0150000000000006,2
"vary_n",765,0,10,"PELT",0.000999999999999446,1
"vary_n",765,0,10,"SVP BIC",0.00100000000000122,1
"vary_n",765,0,10,"SVP BIC calibrated",0.00100000000000122,1
"vary_n",765,0,10,"SVP BIC multiscale",0.016,1
"vary_n",765,0,11,"PELT",0.00100000000000122,1
"vary_n",765,0,11,"SVP BIC",0.000999999999999446,1
"vary_n",765,0,11,"SVP BIC calibrated",0.0129999999999999,2
"vary_n",765,0,11,"SVP BIC multiscale",0.011000000000001,2
"vary_n",765,0,12,"PELT",0.000999999999999446,1
"vary_n",765,0,12,"SVP BIC",0.000999999999999446,1
"vary_n",765,0,12,"SVP BIC calibrated",0.00100000000000122,1
"vary_n",765,0,12,"SVP BIC multiscale",0.0169999999999995,1
"vary_n",765,0,13,"PELT",0.000999999999999446,1
"vary_n",765,0,13,"SVP BIC",0.00100000000000122,1
"vary_n",765,0,13,"SVP BIC calibrated",0.000999999999999446,1
"vary_n",765,0,13,"SVP BIC multiscale",0.0150000000000006,2
"vary_n",765,0,14,"PELT",0.00100000000000122,1
"vary_n",765,0,14,"SVP BIC",0.000999999999999446,1
"vary_n",765,0,14,"SVP BIC calibrated",0.000999999999999446,1
"vary_n",765,0,14,"SVP BIC multiscale",0.016,1
"vary_n",765,0,15,"PELT",0.000999999999999446,1
"vary_n",765,0,15,"SVP BIC",0.00100000000000122,1
"vary_n",765,0,15,"SVP BIC calibrated",0.000999999999999446,1
"vary_n",765,0,15,"SVP BIC multiscale",0.016,1
"vary_n",765,0,16,"PELT",0.00100000000000122,1
"vary_n",765,0,16,"SVP BIC",0.00100000000000122,1
"vary_n",765,0,16,"SVP BIC calibrated",0.00100000000000122,1
"vary_n",765,0,16,"SVP BIC multiscale",0.016,1
"vary_n",765,0,17,"PELT",0.000999999999999446,1
"vary_n",765,0,17,"SVP BIC",0.00100000000000122,1
"vary_n",765,0,17,"SVP BIC calibrated",0.000999999999999446,1
"vary_n",765,0,17,"SVP BIC multiscale",0.0169999999999995,1
"vary_n",765,0,18,"PELT",0.000999999999999446,1
"vary_n",765,0,18,"SVP BIC",0.000999999999999446,1
"vary_n",765,0,18,"SVP BIC calibrated",0.000999999999999446,1
"vary_n",765,0,18,"SVP BIC multiscale",0.016,1
"vary_n",765,0,19,"PELT",0.000999999999999446,1
"vary_n",765,0,19,"SVP BIC",0.00100000000000122,1
"vary_n",765,0,19,"SVP BIC calibrated",0.000999999999999446,1
"vary_n",765,0,19,"SVP BIC multiscale",0.0109999999999992,2
"vary_n",765,0,20,"PELT",0.000999999999999446,1
"vary_n",765,0,20,"SVP BIC",0.000999999999999446,1
"vary_n",765,0,20,"SVP BIC calibrated",0.000999999999999446,1
"vary_n",765,0,20,"SVP BIC multiscale",0.00899999999999856,2
"vary_n",952,0,1,"PELT",0.00100000000000122,1
"vary_n",952,0,1,"SVP BIC",0.000999999999999446,1
"vary_n",952,0,1,"SVP BIC calibrated",0.00100000000000122,1
"vary_n",952,0,1,"SVP BIC multiscale",0.0129999999999999,3
"vary_n",952,0,2,"PELT",0.00100000000000122,1
"vary_n",952,0,2,"SVP BIC",0.000999999999999446,1
"vary_n",952,0,2,"SVP BIC calibrated",0.000999999999999446,1
"vary_n",952,0,2,"SVP BIC multiscale",0.0250000000000004,1
"vary_n",952,0,3,"PELT",0.000999999999999446,1
"vary_n",952,0,3,"SVP BIC",0.00100000000000122,1
"vary_n",952,0,3,"SVP BIC calibrated",0.00100000000000122,1
"vary_n",952,0,3,"SVP BIC multiscale",0.0240000000000009,1
"vary_n",952,0,4,"PELT",0.00199999999999889,1
"vary_n",952,0,4,"SVP BIC",0.00100000000000122,1
"vary_n",952,0,4,"SVP BIC calibrated",0.000999999999997669,1
"vary_n",952,0,4,"SVP BIC multiscale",0.0249999999999986,1
"vary_n",952,0,5,"PELT",0.00100000000000122,1
"vary_n",952,0,5,"SVP BIC",0.000999999999997669,1
"vary_n",952,0,5,"SVP BIC calibrated",0.00199999999999889,1
"vary_n",952,0,5,"SVP BIC multiscale",0.0249999999999986,1
"vary_n",952,0,6,"PELT",0.000999999999997669,1
"vary_n",952,0,6,"SVP BIC",0.00100000000000122,1
"vary_n",952,0,6,"SVP BIC calibrated",0.0129999999999981,2
"vary_n",952,0,6,"SVP BIC multiscale",0.0120000000000005,3
"vary_n",952,0,7,"PELT",0.00100000000000122,1
"vary_n",952,0,7,"SVP BIC",0.000999999999997669,1
"vary_n",952,0,7,"SVP BIC calibrated",0.00200000000000244,1
"vary_n",952,0,7,"SVP BIC multiscale",0.0239999999999974,1
"vary_n",952,0,8,"PELT",0.00100000000000122,1
"vary_n",952,0,8,"SVP BIC",0.00100000000000122,1
"vary_n",952,0,8,"SVP BIC calibrated",0.00100000000000122,1
"vary_n",952,0,8,"SVP BIC multiscale",0.0249999999999986,1
"vary_n",952,0,9,"PELT",0.00100000000000122,1
"vary_n",952,0,9,"SVP BIC",0.00199999999999889,1
"vary_n",952,0,9,"SVP BIC calibrated",0.00100000000000122,1
"vary_n",952,0,9,"SVP BIC multiscale",0.0140000000000029,2
"vary_n",952,0,10,"PELT",0.00100000000000122,1
"vary_n",952,0,10,"SVP BIC",0.00100000000000122,1
"vary_n",952,0,10,"SVP BIC calibrated",0.00200000000000244,1
"vary_n",952,0,10,"SVP BIC multiscale",0.0169999999999995,2
"vary_n",952,0,11,"PELT",0.00100000000000122,1
"vary_n",952,0,11,"SVP BIC",0.000999999999997669,1
"vary_n",952,0,11,"SVP BIC calibrated",0.00100000000000122,1
"vary_n",952,0,11,"SVP BIC multiscale",0.0240000000000009,1
"vary_n",952,0,12,"PELT",0.00199999999999889,1
"vary_n",952,0,12,"SVP BIC",0.00199999999999889,1
"vary_n",952,0,12,"SVP BIC calibrated",0.00100000000000122,1
"vary_n",952,0,12,"SVP BIC multiscale",0.0259999999999998,1
"vary_n",952,0,13,"PELT",0.00100000000000122,1
"vary_n",952,0,13,"SVP BIC",0.000999999999997669,1
"vary_n",952,0,13,"SVP BIC calibrated",0.000999999999997669,1
"vary_n",952,0,13,"SVP BIC multiscale",0.0150000000000006,2
"vary_n",952,0,14,"PELT",0.00100000000000122,1
"vary_n",952,0,14,"SVP BIC",0.00199999999999889,1
"vary_n",952,0,14,"SVP BIC calibrated",0.000999999999997669,1
"vary_n",952,0,14,"SVP BIC multiscale",0.0240000000000009,1
"vary_n",952,0,15,"PELT",0.00100000000000122,1
"vary_n",952,0,15,"SVP BIC",0.00100000000000122,1
"vary_n",952,0,15,"SVP BIC calibrated",0.00200000000000244,1
"vary_n",952,0,15,"SVP BIC multiscale",0.0169999999999995,2
"vary_n",952,0,16,"PELT",0.00100000000000122,1
"vary_n",952,0,16,"SVP BIC",0.00199999999999889,1
"vary_n",952,0,16,"SVP BIC calibrated",0.00100000000000122,1
"vary_n",952,0,16,"SVP BIC multiscale",0.0169999999999995,2
"vary_n",952,0,17,"PELT",0.00200000000000244,1
"vary_n",952,0,17,"SVP BIC",0.00100000000000122,1
"vary_n",952,0,17,"SVP BIC calibrated",0.000999999999997669,1
"vary_n",952,0,17,"SVP BIC multiscale",0.0259999999999998,1
"vary_n",952,0,18,"PELT",0.000999999999997669,1
"vary_n",952,0,18,"SVP BIC",0.00100000000000122,1
"vary_n",952,0,18,"SVP BIC calibrated",0.00200000000000244,1
"vary_n",952,0,18,"SVP BIC multiscale",0.0250000000000021,1
"vary_n",952,0,19,"PELT",0.000999999999997669,1
"vary_n",952,0,19,"SVP BIC",0.00100000000000122,1
"vary_n",952,0,19,"SVP BIC calibrated",0.00100000000000122,1
"vary_n",952,0,19,"SVP BIC multiscale",0.0250000000000021,1
"vary_n",952,0,20,"PELT",0.00199999999999889,1
"vary_n",952,0,20,"SVP BIC",0.00200000000000244,1
"vary_n",952,0,20,"SVP BIC calibrated",0.00199999999999889,1
"vary_n",952,0,20,"SVP BIC multiscale",0.0259999999999998,1
"vary_n",1185,0,1,"PELT",0.00199999999999889,1
"vary_n",1185,0,1,"SVP BIC",0.00100000000000122,1
"vary_n",1185,0,1,"SVP BIC calibrated",0.00199999999999889,1
"vary_n",1185,0,1,"SVP BIC multiscale",0.0380000000000003,2
"vary_n",1185,0,2,"PELT",0.00199999999999889,1
"vary_n",1185,0,2,"SVP BIC",0.00100000000000122,1
"vary_n",1185,0,2,"SVP BIC calibrated",0.000999999999997669,1
"vary_n",1185,0,2,"SVP BIC multiscale",0.036999999999999,1
"vary_n",1185,0,3,"PELT",0.00199999999999889,1
"vary_n",1185,0,3,"SVP BIC",0.00199999999999889,1
"vary_n",1185,0,3,"SVP BIC calibrated",0.00200000000000244,1
"vary_n",1185,0,3,"SVP BIC multiscale",0.0370000000000026,1
"vary_n",1185,0,4,"PELT",0.00200000000000244,1
"vary_n",1185,0,4,"SVP BIC",0.00100000000000122,1
"vary_n",1185,0,4,"SVP BIC calibrated",0.00100000000000122,1
"vary_n",1185,0,4,"SVP BIC multiscale",0.0229999999999997,2
"vary_n",1185,0,5,"PELT",0.00200000000000244,1
"vary_n",1185,0,5,"SVP BIC",0.00100000000000122,1
"vary_n",1185,0,5,"SVP BIC calibrated",0.00200000000000244,1
"vary_n",1185,0,5,"SVP BIC multiscale",0.0229999999999997,2
"vary_n",1185,0,6,"PELT",0.00200000000000244,1
"vary_n",1185,0,6,"SVP BIC",0.00200000000000244,1
"vary_n",1185,0,6,"SVP BIC calibrated",0.00100000000000122,1
"vary_n",1185,0,6,"SVP BIC multiscale",0.0389999999999979,1
"vary_n",1185,0,7,"PELT",0.000999999999997669,1
"vary_n",1185,0,7,"SVP BIC",0.000999999999997669,1
"vary_n",1185,0,7,"SVP BIC calibrated",0.00199999999999889,1
"vary_n",1185,0,7,"SVP BIC multiscale",0.0380000000000003,1
"vary_n",1185,0,8,"PELT",0.00199999999999889,1
"vary_n",1185,0,8,"SVP BIC",0.00199999999999889,1
"vary_n",1185,0,8,"SVP BIC calibrated",0.00200000000000244,1
"vary_n",1185,0,8,"SVP BIC multiscale",0.036999999999999,1
"vary_n",1185,0,9,"PELT",0.00199999999999889,1
"vary_n",1185,0,9,"SVP BIC",0.00100000000000122,1
"vary_n",1185,0,9,"SVP BIC calibrated",0.00199999999999889,1
"vary_n",1185,0,9,"SVP BIC multiscale",0.0390000000000015,1
"vary_n",1185,0,10,"PELT",0.00199999999999889,1
"vary_n",1185,0,10,"SVP BIC",0.000999999999997669,1
"vary_n",1185,0,10,"SVP BIC calibrated",0.00199999999999889,1
"vary_n",1185,0,10,"SVP BIC multiscale",0.0380000000000003,1
"vary_n",1185,0,11,"PELT",0.000999999999997669,1
"vary_n",1185,0,11,"SVP BIC",0.00100000000000122,1
"vary_n",1185,0,11,"SVP BIC calibrated",0.00100000000000122,1
"vary_n",1185,0,11,"SVP BIC multiscale",0.0219999999999985,2
"vary_n",1185,0,12,"PELT",0.00199999999999889,1
"vary_n",1185,0,12,"SVP BIC",0.00199999999999889,1
"vary_n",1185,0,12,"SVP BIC calibrated",0.00100000000000122,1
"vary_n",1185,0,12,"SVP BIC multiscale",0.0370000000000026,1
"vary_n",1185,0,13,"PELT",0.00199999999999889,1
"vary_n",1185,0,13,"SVP BIC",0.00100000000000122,1
"vary_n",1185,0,13,"SVP BIC calibrated",0.000999999999997669,1
"vary_n",1185,0,13,"SVP BIC multiscale",0.0390000000000015,1
"vary_n",1185,0,14,"PELT",0.00100000000000122,1
"vary_n",1185,0,14,"SVP BIC",0.00199999999999889,1
"vary_n",1185,0,14,"SVP BIC calibrated",0.000999999999997669,1
"vary_n",1185,0,14,"SVP BIC multiscale",0.0380000000000003,1
"vary_n",1185,0,15,"PELT",0.00100000000000122,1
"vary_n",1185,0,15,"SVP BIC",0.00100000000000122,1
"vary_n",1185,0,15,"SVP BIC calibrated",0.00100000000000122,1
"vary_n",1185,0,15,"SVP BIC multiscale",0.0380000000000003,1
"vary_n",1185,0,16,"PELT",0.00199999999999889,1
"vary_n",1185,0,16,"SVP BIC",0.00100000000000122,1
"vary_n",1185,0,16,"SVP BIC calibrated",0.00200000000000244,1
"vary_n",1185,0,16,"SVP BIC multiscale",0.0390000000000015,1
"vary_n",1185,0,17,"PELT",0.00100000000000122,1
"vary_n",1185,0,17,"SVP BIC",0.000999999999997669,1
"vary_n",1185,0,17,"SVP BIC calibrated",0.00200000000000244,1
"vary_n",1185,0,17,"SVP BIC multiscale",0.0390000000000015,1
"vary_n",1185,0,18,"PELT",0.00100000000000122,1
"vary_n",1185,0,18,"SVP BIC",0.00100000000000122,1
"vary_n",1185,0,18,"SVP BIC calibrated",0.00199999999999889,1
"vary_n",1185,0,18,"SVP BIC multiscale",0.0370000000000026,1
"vary_n",1185,0,19,"PELT",0.00100000000000122,1
"vary_n",1185,0,19,"SVP BIC",0.00100000000000122,1
"vary_n",1185,0,19,"SVP BIC calibrated",0.00200000000000244,1
"vary_n",1185,0,19,"SVP BIC multiscale",0.0389999999999979,1
"vary_n",1185,0,20,"PELT",0.00300000000000011,1
"vary_n",1185,0,20,"SVP BIC",0.00199999999999889,1
"vary_n",1185,0,20,"SVP BIC calibrated",0.00199999999999889,1
"vary_n",1185,0,20,"SVP BIC multiscale",0.0380000000000003,1
"vary_n",1475,0,1,"PELT",0.00200000000000244,1
"vary_n",1475,0,1,"SVP BIC",0.00199999999999889,1
"vary_n",1475,0,1,"SVP BIC calibrated",0.00199999999999889,1
"vary_n",1475,0,1,"SVP BIC multiscale",0.0579999999999998,1
"vary_n",1475,0,2,"PELT",0.00300000000000011,1
"vary_n",1475,0,2,"SVP BIC",0.00200000000000244,1
"vary_n",1475,0,2,"SVP BIC calibrated",0.00199999999999889,1
"vary_n",1475,0,2,"SVP BIC multiscale",0.0579999999999998,1
"vary_n",1475,0,3,"PELT",0.00300000000000011,1
"vary_n",1475,0,3,"SVP BIC",0.00199999999999889,1
"vary_n",1475,0,3,"SVP BIC calibrated",0.00199999999999889,1
"vary_n",1475,0,3,"SVP BIC multiscale",0.0579999999999998,1
"vary_n",1475,0,4,"PELT",0.00199999999999889,1
"vary_n",1475,0,4,"SVP BIC",0.00100000000000122,1
"vary_n",1475,0,4,"SVP BIC calibrated",0.00199999999999889,1
"vary_n",1475,0,4,"SVP BIC multiscale",0.059000000000001,1
"vary_n",1475,0,5,"PELT",0.00199999999999889,1
"vary_n",1475,0,5,"SVP BIC",0.00200000000000244,1
"vary_n",1475,0,5,"SVP BIC calibrated",0.00199999999999889,1
"vary_n",1475,0,5,"SVP BIC multiscale",0.0579999999999998,1
"vary_n",1475,0,6,"PELT",0.00300000000000011,1
"vary_n",1475,0,6,"SVP BIC",0.00200000000000244,1
"vary_n",1475,0,6,"SVP BIC calibrated",0.00199999999999889,1
"vary_n",1475,0,6,"SVP BIC multiscale",0.0609999999999999,1
"vary_n",1475,0,7,"PELT",0.00300000000000011,1
"vary_n",1475,0,7,"SVP BIC",0.00199999999999889,1
"vary_n",1475,0,7,"SVP BIC calibrated",0.00199999999999889,1
"vary_n",1475,0,7,"SVP BIC multiscale",0.0579999999999998,1
"vary_n",1475,0,8,"PELT",0.00199999999999889,1
"vary_n",1475,0,8,"SVP BIC",0.00199999999999889,1
"vary_n",1475,0,8,"SVP BIC calibrated",0.00199999999999889,1
"vary_n",1475,0,8,"SVP BIC multiscale",0.059000000000001,1
"vary_n",1475,0,9,"PELT",0.00199999999999889,1
"vary_n",1475,0,9,"SVP BIC",0.00100000000000122,1
"vary_n",1475,0,9,"SVP BIC calibrated",0.00200000000000244,1
"vary_n",1475,0,9,"SVP BIC multiscale",0.0599999999999987,1
"vary_n",1475,0,10,"PELT",0.00300000000000011,1
"vary_n",1475,0,10,"SVP BIC",0.00200000000000244,1
"vary_n",1475,0,10,"SVP BIC calibrated",0.00199999999999889,1
"vary_n",1475,0,10,"SVP BIC multiscale",0.059000000000001,1
"vary_n",1475,0,11,"PELT",0.00400000000000134,1
"vary_n",1475,0,11,"SVP BIC",0.00200000000000244,1
"vary_n",1475,0,11,"SVP BIC calibrated",0.00100000000000122,1
"vary_n",1475,0,11,"SVP BIC multiscale",0.0410000000000004,2
"vary_n",1475,0,12,"PELT",0.00300000000000011,1
"vary_n",1475,0,12,"SVP BIC",0.00199999999999889,1
"vary_n",1475,0,12,"SVP BIC calibrated",0.00200000000000244,1
"vary_n",1475,0,12,"SVP BIC multiscale",0.0600000000000023,1
"vary_n",1475,0,13,"PELT",0.00199999999999889,1
"vary_n",1475,0,13,"SVP BIC",0.00100000000000122,1
"vary_n",1475,0,13,"SVP BIC calibrated",0.00100000000000122,1
"vary_n",1475,0,13,"SVP BIC multiscale",0.036999999999999,2
"vary_n",1475,0,14,"PELT",0.00199999999999889,1
"vary_n",1475,0,14,"SVP BIC",0.00200000000000244,1
"vary_n",1475,0,14,"SVP BIC calibrated",0.000999999999997669,1
"vary_n",1475,0,14,"SVP BIC multiscale",0.0600000000000023,1
"vary_n",1475,0,15,"PELT",0.00300000000000011,1
"vary_n",1475,0,15,"SVP BIC",0.00300000000000011,1
"vary_n",1475,0,15,"SVP BIC calibrated",0.00200000000000244,1
"vary_n",1475,0,15,"SVP BIC multiscale",0.0609999999999999,1
"vary_n",1475,0,16,"PELT",0.00199999999999889,1
"vary_n",1475,0,16,"SVP BIC",0.00199999999999889,1
"vary_n",1475,0,16,"SVP BIC calibrated",0.00200000000000244,1
"vary_n",1475,0,16,"SVP BIC multiscale",0.0599999999999987,1
"vary_n",1475,0,17,"PELT",0.00199999999999889,1
"vary_n",1475,0,17,"SVP BIC",0.00199999999999889,1
"vary_n",1475,0,17,"SVP BIC calibrated",0.00200000000000244,1
"vary_n",1475,0,17,"SVP BIC multiscale",0.0599999999999987,1
"vary_n",1475,0,18,"PELT",0.00199999999999889,1
"vary_n",1475,0,18,"SVP BIC",0.00199999999999889,1
"vary_n",1475,0,18,"SVP BIC calibrated",0.000999999999997669,1
"vary_n",1475,0,18,"SVP BIC multiscale",0.0570000000000022,1
"vary_n",1475,0,19,"PELT",0.000999999999997669,1
"vary_n",1475,0,19,"SVP BIC",0.00199999999999889,1
"vary_n",1475,0,19,"SVP BIC calibrated",0.00100000000000122,1
"vary_n",1475,0,19,"SVP BIC multiscale",0.032,2
"vary_n",1475,0,20,"PELT",0.00200000000000244,1
"vary_n",1475,0,20,"SVP BIC",0.00199999999999889,1
"vary_n",1475,0,20,"SVP BIC calibrated",0.000999999999997669,1
"vary_n",1475,0,20,"SVP BIC multiscale",0.059000000000001,1
"vary_n",1836,0,1,"PELT",0.004999999999999,1
"vary_n",1836,0,1,"SVP BIC",0.00199999999999889,1
"vary_n",1836,0,1,"SVP BIC calibrated",0.00199999999999889,1
"vary_n",1836,0,1,"SVP BIC multiscale",0.0920000000000023,1
"vary_n",1836,0,2,"PELT",0.00300000000000011,1
"vary_n",1836,0,2,"SVP BIC",0.00199999999999889,1
"vary_n",1836,0,2,"SVP BIC calibrated",0.00200000000000244,1
"vary_n",1836,0,2,"SVP BIC multiscale",0.0889999999999986,1
"vary_n",1836,0,3,"PELT",0.00300000000000011,1
"vary_n",1836,0,3,"SVP BIC",0.00300000000000011,1
"vary_n",1836,0,3,"SVP BIC calibrated",0.00300000000000011,1
"vary_n",1836,0,3,"SVP BIC multiscale",0.0889999999999986,1
"vary_n",1836,0,4,"PELT",0.00400000000000134,1
"vary_n",1836,0,4,"SVP BIC",0.00199999999999889,1
"vary_n",1836,0,4,"SVP BIC calibrated",0.00300000000000011,1
"vary_n",1836,0,4,"SVP BIC multiscale",0.0909999999999975,1
"vary_n",1836,0,5,"PELT",0.00300000000000011,1
"vary_n",1836,0,5,"SVP BIC",0.00200000000000244,1
"vary_n",1836,0,5,"SVP BIC calibrated",0.00199999999999889,1
"vary_n",1836,0,5,"SVP BIC multiscale",0.0899999999999999,1
"vary_n",1836,0,6,"PELT",0.00300000000000011,1
"vary_n",1836,0,6,"SVP BIC",0.00199999999999889,1
"vary_n",1836,0,6,"SVP BIC calibrated",0.00199999999999889,1
"vary_n",1836,0,6,"SVP BIC multiscale",0.0899999999999999,1
"vary_n",1836,0,7,"PELT",0.00400000000000134,1
"vary_n",1836,0,7,"SVP BIC",0.00200000000000244,1
"vary_n",1836,0,7,"SVP BIC calibrated",0.00199999999999889,1
"vary_n",1836,0,7,"SVP BIC multiscale",0.0890000000000022,1
"vary_n",1836,0,8,"PELT",0.00199999999999889,1
"vary_n",1836,0,8,"SVP BIC",0.00300000000000011,1
"vary_n",1836,0,8,"SVP BIC calibrated",0.00199999999999889,1
"vary_n",1836,0,8,"SVP BIC multiscale",0.0899999999999999,1
"vary_n",1836,0,9,"PELT",0.00300000000000011,1
"vary_n",1836,0,9,"SVP BIC",0.00199999999999889,1
"vary_n",1836,0,9,"SVP BIC calibrated",0.00199999999999889,1
"vary_n",1836,0,9,"SVP BIC multiscale",0.0879999999999974,1
"vary_n",1836,0,10,"PELT",0.00300000000000011,1
"vary_n",1836,0,10,"SVP BIC",0.00300000000000011,1
"vary_n",1836,0,10,"SVP BIC calibrated",0.00199999999999889,1
"vary_n",1836,0,10,"SVP BIC multiscale",0.0899999999999999,1
"vary_n",1836,0,11,"PELT",0.00300000000000011,1
"vary_n",1836,0,11,"SVP BIC",0.00200000000000244,1
"vary_n",1836,0,11,"SVP BIC calibrated",0.00200000000000244,1
"vary_n",1836,0,11,"SVP BIC multiscale",0.0890000000000022,1
"vary_n",1836,0,12,"PELT",0.00300000000000011,1
"vary_n",1836,0,12,"SVP BIC",0.00199999999999889,1
"vary_n",1836,0,12,"SVP BIC calibrated",0.00199999999999889,1
"vary_n",1836,0,12,"SVP BIC multiscale",0.0899999999999999,1
"vary_n",1836,0,13,"PELT",0.00199999999999889,1
"vary_n",1836,0,13,"SVP BIC",0.00199999999999889,1
"vary_n",1836,0,13,"SVP BIC calibrated",0.00199999999999889,1
"vary_n",1836,0,13,"SVP BIC multiscale",0.0899999999999999,1
"vary_n",1836,0,14,"PELT",0.00300000000000011,1
"vary_n",1836,0,14,"SVP BIC",0.00299999999999656,1
"vary_n",1836,0,14,"SVP BIC calibrated",0.00199999999999889,1
"vary_n",1836,0,14,"SVP BIC multiscale",0.0910000000000011,1
"vary_n",1836,0,15,"PELT",0.00300000000000011,1
"vary_n",1836,0,15,"SVP BIC",0.00199999999999889,1
"vary_n",1836,0,15,"SVP BIC calibrated",0.00199999999999889,1
"vary_n",1836,0,15,"SVP BIC multiscale",0.0910000000000011,1
"vary_n",1836,0,16,"PELT",0.00399999999999778,1
"vary_n",1836,0,16,"SVP BIC",0.00199999999999889,1
"vary_n",1836,0,16,"SVP BIC calibrated",0.00300000000000011,1
"vary_n",1836,0,16,"SVP BIC multiscale",0.0899999999999999,1
"vary_n",1836,0,17,"PELT",0.004999999999999,1
"vary_n",1836,0,17,"SVP BIC",0.00300000000000011,1
"vary_n",1836,0,17,"SVP BIC calibrated",0.00199999999999889,1
"vary_n",1836,0,17,"SVP BIC multiscale",0.0920000000000023,1
"vary_n",1836,0,18,"PELT",0.00199999999999889,1
"vary_n",1836,0,18,"SVP BIC",0.00199999999999889,1
"vary_n",1836,0,18,"SVP BIC calibrated",0.00199999999999889,1
"vary_n",1836,0,18,"SVP BIC multiscale",0.065999999999999,2
"vary_n",1836,0,19,"PELT",0.00300000000000011,1
"vary_n",1836,0,19,"SVP BIC",0.00199999999999889,1
"vary_n",1836,0,19,"SVP BIC calibrated",0.00300000000000011,1
"vary_n",1836,0,19,"SVP BIC multiscale",0.0899999999999999,1
"vary_n",1836,0,20,"PELT",0.00500000000000256,1
"vary_n",1836,0,20,"SVP BIC",0.00199999999999889,1
"vary_n",1836,0,20,"SVP BIC calibrated",0.00199999999999889,1
"vary_n",1836,0,20,"SVP BIC multiscale",0.0919999999999987,1
"vary_n",2285,0,1,"PELT",0.00600000000000023,1
"vary_n",2285,0,1,"SVP BIC",0.00300000000000011,1
"vary_n",2285,0,1,"SVP BIC calibrated",0.00300000000000011,1
"vary_n",2285,0,1,"SVP BIC multiscale",0.135999999999999,1
"vary_n",2285,0,2,"PELT",0.00400000000000134,1
"vary_n",2285,0,2,"SVP BIC",0.00300000000000011,1
"vary_n",2285,0,2,"SVP BIC calibrated",0.00300000000000011,1
"vary_n",2285,0,2,"SVP BIC multiscale",0.134999999999998,1
"vary_n",2285,0,3,"PELT",0.00400000000000134,1
"vary_n",2285,0,3,"SVP BIC",0.00300000000000011,1
"vary_n",2285,0,3,"SVP BIC calibrated",0.00300000000000011,1
"vary_n",2285,0,3,"SVP BIC multiscale",0.0760000000000005,2
"vary_n",2285,0,4,"PELT",0.00500000000000256,1
"vary_n",2285,0,4,"SVP BIC",0.00300000000000011,1
"vary_n",2285,0,4,"SVP BIC calibrated",0.00300000000000011,1
"vary_n",2285,0,4,"SVP BIC multiscale",0.143000000000001,1
"vary_n",2285,0,5,"PELT",0.00300000000000011,1
"vary_n",2285,0,5,"SVP BIC",0.00300000000000011,1
"vary_n",2285,0,5,"SVP BIC calibrated",0.00300000000000011,1
"vary_n",2285,0,5,"SVP BIC multiscale",0.0960000000000001,2
"vary_n",2285,0,6,"PELT",0.004999999999999,1
"vary_n",2285,0,6,"SVP BIC",0.00300000000000011,1
"vary_n",2285,0,6,"SVP BIC calibrated",0.00300000000000011,1
"vary_n",2285,0,6,"SVP BIC multiscale",0.140000000000001,1
"vary_n",2285,0,7,"PELT",0.00400000000000134,1
"vary_n",2285,0,7,"SVP BIC",0.00300000000000011,1
"vary_n",2285,0,7,"SVP BIC calibrated",0.00300000000000011,1
"vary_n",2285,0,7,"SVP BIC multiscale",0.140000000000001,1
"vary_n",2285,0,8,"PELT",0.00300000000000011,1
"vary_n",2285,0,8,"SVP BIC",0.00199999999999889,1
"vary_n",2285,0,8,"SVP BIC calibrated",0.00300000000000011,1
"vary_n",2285,0,8,"SVP BIC multiscale",0.134,1
"vary_n",2285,0,9,"PELT",0.00400000000000134,1
"vary_n",2285,0,9,"SVP BIC",0.00300000000000011,1
"vary_n",2285,0,9,"SVP BIC calibrated",0.00300000000000011,1
"vary_n",2285,0,9,"SVP BIC multiscale",0.141999999999996,1
"vary_n",2285,0,10,"PELT",0.00300000000000011,1
"vary_n",2285,0,10,"SVP BIC",0.00300000000000011,1
"vary_n",2285,0,10,"SVP BIC calibrated",0.00300000000000011,1
"vary_n",2285,0,10,"SVP BIC multiscale",0.0769999999999982,2
"vary_n",2285,0,11,"PELT",0.00399999999999778,1
"vary_n",2285,0,11,"SVP BIC",0.00300000000000011,1
"vary_n",2285,0,11,"SVP BIC calibrated",0.00300000000000011,1
"vary_n",2285,0,11,"SVP BIC multiscale",0.149000000000001,1
"vary_n",2285,0,12,"PELT",0.0069999999999979,1
"vary_n",2285,0,12,"SVP BIC",0.00300000000000011,1
"vary_n",2285,0,12,"SVP BIC calibrated",0.00300000000000011,1
"vary_n",2285,0,12,"SVP BIC multiscale",0.141000000000005,1
"vary_n",2285,0,13,"PELT",0.00499999999999545,1
"vary_n",2285,0,13,"SVP BIC",0.00200000000000244,1
"vary_n",2285,0,13,"SVP BIC calibrated",0.00300000000000011,1
"vary_n",2285,0,13,"SVP BIC multiscale",0.142000000000003,1
"vary_n",2285,0,14,"PELT",0.00399999999999778,1
"vary_n",2285,0,14,"SVP BIC",0.00300000000000011,1
"vary_n",2285,0,14,"SVP BIC calibrated",0.00300000000000011,1
"vary_n",2285,0,14,"SVP BIC multiscale",0.139999999999993,1
"vary_n",2285,0,15,"PELT",0.00600000000000023,1
"vary_n",2285,0,15,"SVP BIC",0.00300000000000011,1
"vary_n",2285,0,15,"SVP BIC calibrated",0.00300000000000011,1
"vary_n",2285,0,15,"SVP BIC multiscale",0.139000000000003,1
"vary_n",2285,0,16,"PELT",0.00600000000000023,1
"vary_n",2285,0,16,"SVP BIC",0.00300000000000011,1
"vary_n",2285,0,16,"SVP BIC calibrated",0.00300000000000011,1
"vary_n",2285,0,16,"SVP BIC multiscale",0.140999999999998,1
"vary_n",2285,0,17,"PELT",0.00800000000000267,1
"vary_n",2285,0,17,"SVP BIC",0.00299999999999301,1
"vary_n",2285,0,17,"SVP BIC calibrated",0.00300000000000011,1
"vary_n",2285,0,17,"SVP BIC multiscale",0.140999999999998,1
"vary_n",2285,0,18,"PELT",0.00300000000000011,1
"vary_n",2285,0,18,"SVP BIC",0.00300000000000011,1
"vary_n",2285,0,18,"SVP BIC calibrated",0.00300000000000011,1
"vary_n",2285,0,18,"SVP BIC multiscale",0.103999999999999,3
"vary_n",2285,0,19,"PELT",0.00600000000000023,1
"vary_n",2285,0,19,"SVP BIC",0.00200000000000244,1
"vary_n",2285,0,19,"SVP BIC calibrated",0.00300000000000011,1
"vary_n",2285,0,19,"SVP BIC multiscale",0.143000000000001,1
"vary_n",2285,0,20,"PELT",0.00500000000000256,1
"vary_n",2285,0,20,"SVP BIC",0.00300000000000011,1
"vary_n",2285,0,20,"SVP BIC calibrated",0.00300000000000011,1
"vary_n",2285,0,20,"SVP BIC multiscale",0.138999999999996,1
"vary_n",2844,0,1,"PELT",0.00799999999999557,1
"vary_n",2844,0,1,"SVP BIC",0.00300000000000011,1
"vary_n",2844,0,1,"SVP BIC calibrated",0.00399999999999778,1
"vary_n",2844,0,1,"SVP BIC multiscale",0.217999999999996,1
"vary_n",2844,0,2,"PELT",0.00600000000000023,1
"vary_n",2844,0,2,"SVP BIC",0.00399999999999778,1
"vary_n",2844,0,2,"SVP BIC calibrated",0.00300000000000011,1
"vary_n",2844,0,2,"SVP BIC multiscale",0.218000000000004,1
"vary_n",2844,0,3,"PELT",0.007000000000005,1
"vary_n",2844,0,3,"SVP BIC",0.00300000000000011,1
"vary_n",2844,0,3,"SVP BIC calibrated",0.00400000000000489,1
"vary_n",2844,0,3,"SVP BIC multiscale",0.216000000000001,1
"vary_n",2844,0,4,"PELT",0.00499999999999545,1
"vary_n",2844,0,4,"SVP BIC",0.00399999999999778,1
"vary_n",2844,0,4,"SVP BIC calibrated",0.191000000000003,2
"vary_n",2844,0,4,"SVP BIC multiscale",0.158999999999999,2
"vary_n",2844,0,5,"PELT",0.00800000000000267,1
"vary_n",2844,0,5,"SVP BIC",0.00300000000000011,1
"vary_n",2844,0,5,"SVP BIC calibrated",0.00300000000000011,1
"vary_n",2844,0,5,"SVP BIC multiscale",0.216000000000001,1
"vary_n",2844,0,6,"PELT",0.007000000000005,1
"vary_n",2844,0,6,"SVP BIC",0.00399999999999778,1
"vary_n",2844,0,6,"SVP BIC calibrated",0.00399999999999778,1
"vary_n",2844,0,6,"SVP BIC multiscale",0.216000000000001,1
"vary_n",2844,0,7,"PELT",0.00600000000000023,1
"vary_n",2844,0,7,"SVP BIC",0.00399999999999778,1
"vary_n",2844,0,7,"SVP BIC calibrated",0.00399999999999778,1
"vary_n",2844,0,7,"SVP BIC multiscale",0.122999999999998,2
"vary_n",2844,0,8,"PELT",0.00399999999999778,1
"vary_n",2844,0,8,"SVP BIC",0.00399999999999778,1
"vary_n",2844,0,8,"SVP BIC calibrated",0.00399999999999778,1
"vary_n",2844,0,8,"SVP BIC multiscale",0.193999999999996,2
"vary_n",2844,0,9,"PELT",0.00799999999999557,1
"vary_n",2844,0,9,"SVP BIC",0.00399999999999778,1
"vary_n",2844,0,9,"SVP BIC calibrated",0.00300000000000011,1
"vary_n",2844,0,9,"SVP BIC multiscale",0.219999999999999,1
"vary_n",2844,0,10,"PELT",0.0069999999999979,1
"vary_n",2844,0,10,"SVP BIC",0.00300000000000011,1
"vary_n",2844,0,10,"SVP BIC calibrated",0.00399999999999778,1
"vary_n",2844,0,10,"SVP BIC multiscale",0.113999999999997,3
"vary_n",2844,0,11,"PELT",0.0069999999999979,1
"vary_n",2844,0,11,"SVP BIC",0.00300000000000011,1
"vary_n",2844,0,11,"SVP BIC calibrated",0.00300000000000011,1
"vary_n",2844,0,11,"SVP BIC multiscale",0.214999999999996,1
"vary_n",2844,0,12,"PELT",0.007000000000005,1
"vary_n",2844,0,12,"SVP BIC",0.00399999999999778,1
"vary_n",2844,0,12,"SVP BIC calibrated",0.00399999999999778,1
"vary_n",2844,0,12,"SVP BIC multiscale",0.216000000000001,1
"vary_n",2844,0,13,"PELT",0.00400000000000489,1
"vary_n",2844,0,13,"SVP BIC",0.00300000000000011,1
"vary_n",2844,0,13,"SVP BIC calibrated",0.00300000000000011,1
"vary_n",2844,0,13,"SVP BIC multiscale",0.222000000000001,1
"vary_n",2844,0,14,"PELT",0.0069999999999979,1
"vary_n",2844,0,14,"SVP BIC",0.00399999999999778,1
"vary_n",2844,0,14,"SVP BIC calibrated",0.210999999999999,2
"vary_n",2844,0,14,"SVP BIC multiscale",0.209000000000003,2
"vary_n",2844,0,15,"PELT",0.00800000000000267,1
"vary_n",2844,0,15,"SVP BIC",0.00300000000000011,1
"vary_n",2844,0,15,"SVP BIC calibrated",0.00300000000000011,1
"vary_n",2844,0,15,"SVP BIC multiscale",0.216999999999999,1
"vary_n",2844,0,16,"PELT",0.00499999999999545,1
"vary_n",2844,0,16,"SVP BIC",0.00300000000000011,1
"vary_n",2844,0,16,"SVP BIC calibrated",0.00399999999999778,1
"vary_n",2844,0,16,"SVP BIC multiscale",0.159999999999997,2
"vary_n",2844,0,17,"PELT",0.00600000000000023,1
"vary_n",2844,0,17,"SVP BIC",0.00300000000000011,1
"vary_n",2844,0,17,"SVP BIC calibrated",0.00399999999999778,1
"vary_n",2844,0,17,"SVP BIC multiscale",0.111000000000004,2
"vary_n",2844,0,18,"PELT",0.00999999999999801,1
"vary_n",2844,0,18,"SVP BIC",0.00300000000000011,1
"vary_n",2844,0,18,"SVP BIC calibrated",0.00400000000000489,1
"vary_n",2844,0,18,"SVP BIC multiscale",0.217000000000006,1
"vary_n",2844,0,19,"PELT",0.0069999999999979,1
"vary_n",2844,0,19,"SVP BIC",0.00399999999999778,1
"vary_n",2844,0,19,"SVP BIC calibrated",0.00300000000000011,1
"vary_n",2844,0,19,"SVP BIC multiscale",0.228000000000002,1
"vary_n",2844,0,20,"PELT",0.00799999999999557,1
"vary_n",2844,0,20,"SVP BIC",0.00399999999999778,1
"vary_n",2844,0,20,"SVP BIC calibrated",0.00399999999999778,1
"vary_n",2844,0,20,"SVP BIC multiscale",0.216999999999999,1
"vary_n",3540,0,1,"PELT",0.0110000000000028,1
"vary_n",3540,0,1,"SVP BIC",0.00500000000000256,1
"vary_n",3540,0,1,"SVP BIC calibrated",0.00600000000000023,1
"vary_n",3540,0,1,"SVP BIC multiscale",0.344000000000001,1
"vary_n",3540,0,2,"PELT",0.0159999999999982,1
"vary_n",3540,0,2,"SVP BIC",0.00399999999999778,1
"vary_n",3540,0,2,"SVP BIC calibrated",0.00400000000000489,1
"vary_n",3540,0,2,"SVP BIC multiscale",0.347000000000001,1
"vary_n",3540,0,3,"PELT",0.0159999999999982,1
"vary_n",3540,0,3,"SVP BIC",0.00400000000000489,1
"vary_n",3540,0,3,"SVP BIC calibrated",0.00399999999999778,1
"vary_n",3540,0,3,"SVP BIC multiscale",0.346000000000004,1
"vary_n",3540,0,4,"PELT",0.0120000000000005,1
"vary_n",3540,0,4,"SVP BIC",0.00500000000000256,1
"vary_n",3540,0,4,"SVP BIC calibrated",0.00399999999999778,1
"vary_n",3540,0,4,"SVP BIC multiscale",0.342999999999996,1
"vary_n",3540,0,5,"PELT",0.00999999999999801,1
"vary_n",3540,0,5,"SVP BIC",0.00500000000000256,1
"vary_n",3540,0,5,"SVP BIC calibrated",0.00500000000000256,1
"vary_n",3540,0,5,"SVP BIC multiscale",0.341000000000001,1
"vary_n",3540,0,6,"PELT",0.00999999999999801,1
"vary_n",3540,0,6,"SVP BIC",0.00500000000000256,1
"vary_n",3540,0,6,"SVP BIC calibrated",0.00499999999999545,1
"vary_n",3540,0,6,"SVP BIC multiscale",0.338999999999999,1
"vary_n",3540,0,7,"PELT",0.00800000000000267,1
"vary_n",3540,0,7,"SVP BIC",0.00500000000000256,1
"vary_n",3540,0,7,"SVP BIC calibrated",0.00499999999999545,1
"vary_n",3540,0,7,"SVP BIC multiscale",0.310000000000002,2
"vary_n",3540,0,8,"PELT",0.00800000000000267,1
"vary_n",3540,0,8,"SVP BIC",0.00399999999999778,1
"vary_n",3540,0,8,"SVP BIC calibrated",0.00399999999999778,1
"vary_n",3540,0,8,"SVP BIC multiscale",0.127000000000002,3
"vary_n",3540,0,9,"PELT",0.00799999999999557,1
"vary_n",3540,0,9,"SVP BIC",0.00500000000000256,1
"vary_n",3540,0,9,"SVP BIC calibrated",0.00400000000000489,1
"vary_n",3540,0,9,"SVP BIC multiscale",0.177999999999997,2
"vary_n",3540,0,10,"PELT",0.00900000000000034,1
"vary_n",3540,0,10,"SVP BIC",0.00400000000000489,1
"vary_n",3540,0,10,"SVP BIC calibrated",0.00500000000000256,1
"vary_n",3540,0,10,"SVP BIC multiscale",0.344999999999999,1
"vary_n",3540,0,11,"PELT",0.0120000000000005,1
"vary_n",3540,0,11,"SVP BIC",0.00400000000000489,1
"vary_n",3540,0,11,"SVP BIC calibrated",0.00499999999999545,1
"vary_n",3540,0,11,"SVP BIC multiscale",0.336000000000006,1
"vary_n",3540,0,12,"PELT",0.00900000000000034,1
"vary_n",3540,0,12,"SVP BIC",0.00400000000000489,1
"vary_n",3540,0,12,"SVP BIC calibrated",0.00500000000000256,1
"vary_n",3540,0,12,"SVP BIC multiscale",0.363999999999997,1
"vary_n",3540,0,13,"PELT",0.00999999999999801,1
"vary_n",3540,0,13,"SVP BIC",0.00399999999999778,1
"vary_n",3540,0,13,"SVP BIC calibrated",0.00399999999999778,1
"vary_n",3540,0,13,"SVP BIC multiscale",0.343000000000004,1
"vary_n",3540,0,14,"PELT",0.0139999999999958,1
"vary_n",3540,0,14,"SVP BIC",0.00399999999999778,1
"vary_n",3540,0,14,"SVP BIC calibrated",0.00400000000000489,1
"vary_n",3540,0,14,"SVP BIC multiscale",0.350999999999999,1
"vary_n",3540,0,15,"PELT",0.00900000000000034,1
"vary_n",3540,0,15,"SVP BIC",0.00500000000000256,1
"vary_n",3540,0,15,"SVP BIC calibrated",0.00500000000000256,1
"vary_n",3540,0,15,"SVP BIC multiscale",0.353999999999999,1
"vary_n",3540,0,16,"PELT",0.00799999999999557,1
"vary_n",3540,0,16,"SVP BIC",0.00399999999999778,1
"vary_n",3540,0,16,"SVP BIC calibrated",0.00399999999999778,1
"vary_n",3540,0,16,"SVP BIC multiscale",0.344999999999999,1
"vary_n",3540,0,17,"PELT",0.00800000000000267,1
"vary_n",3540,0,17,"SVP BIC",0.00399999999999778,1
"vary_n",3540,0,17,"SVP BIC calibrated",0.00400000000000489,1
"vary_n",3540,0,17,"SVP BIC multiscale",0.345999999999997,1
"vary_n",3540,0,18,"PELT",0.0109999999999957,1
"vary_n",3540,0,18,"SVP BIC",0.00400000000000489,1
"vary_n",3540,0,18,"SVP BIC calibrated",0.00499999999999545,1
"vary_n",3540,0,18,"SVP BIC multiscale",0.340000000000003,1
"vary_n",3540,0,19,"PELT",0.0120000000000005,1
"vary_n",3540,0,19,"SVP BIC",0.00500000000000256,1
"vary_n",3540,0,19,"SVP BIC calibrated",0.00400000000000489,1
"vary_n",3540,0,19,"SVP BIC multiscale",0.344000000000001,1
"vary_n",3540,0,20,"PELT",0.0120000000000005,1
"vary_n",3540,0,20,"SVP BIC",0.00500000000000256,1
"vary_n",3540,0,20,"SVP BIC calibrated",0.00399999999999778,1
"vary_n",3540,0,20,"SVP BIC multiscale",0.353000000000002,1
"vary_n",4406,0,1,"PELT",0.0109999999999957,1
"vary_n",4406,0,1,"SVP BIC",0.00600000000000023,1
"vary_n",4406,0,1,"SVP BIC calibrated",0.00499999999999545,1
"vary_n",4406,0,1,"SVP BIC multiscale",0.549,1
"vary_n",4406,0,2,"PELT",0.0100000000000051,1
"vary_n",4406,0,2,"SVP BIC",0.00600000000000023,1
"vary_n",4406,0,2,"SVP BIC calibrated",0.00500000000000256,1
"vary_n",4406,0,2,"SVP BIC multiscale",0.32,2
"vary_n",4406,0,3,"PELT",0.0180000000000007,1
"vary_n",4406,0,3,"SVP BIC",0.00600000000000023,1
"vary_n",4406,0,3,"SVP BIC calibrated",0.00600000000000023,1
"vary_n",4406,0,3,"SVP BIC multiscale",0.537999999999997,1
"vary_n",4406,0,4,"PELT",0.00900000000000034,1
"vary_n",4406,0,4,"SVP BIC",0.00600000000000023,1
"vary_n",4406,0,4,"SVP BIC calibrated",0.00500000000000256,1
"vary_n",4406,0,4,"SVP BIC multiscale",0.554000000000002,1
"vary_n",4406,0,5,"PELT",0.0180000000000007,1
"vary_n",4406,0,5,"SVP BIC",0.00500000000000256,1
"vary_n",4406,0,5,"SVP BIC calibrated",0.00600000000000023,1
"vary_n",4406,0,5,"SVP BIC multiscale",0.554000000000002,1
"vary_n",4406,0,6,"PELT",0.0120000000000005,1
"vary_n",4406,0,6,"SVP BIC",0.00600000000000023,1
"vary_n",4406,0,6,"SVP BIC calibrated",0.00600000000000023,1
"vary_n",4406,0,6,"SVP BIC multiscale",0.540999999999997,1
"vary_n",4406,0,7,"PELT",0.00900000000000034,1
"vary_n",4406,0,7,"SVP BIC",0.00600000000000023,1
"vary_n",4406,0,7,"SVP BIC calibrated",0.00500000000000256,1
"vary_n",4406,0,7,"SVP BIC multiscale",0.386999999999993,2
"vary_n",4406,0,8,"PELT",0.00999999999999801,1
"vary_n",4406,0,8,"SVP BIC",0.00500000000000256,1
"vary_n",4406,0,8,"SVP BIC calibrated",0.00500000000000256,1
"vary_n",4406,0,8,"SVP BIC multiscale",0.557000000000002,1
"vary_n",4406,0,9,"PELT",0.0129999999999981,1
"vary_n",4406,0,9,"SVP BIC",0.00600000000000023,1
"vary_n",4406,0,9,"SVP BIC calibrated",0.00600000000000023,1
"vary_n",4406,0,9,"SVP BIC multiscale",0.558999999999997,1
"vary_n",4406,0,10,"PELT",0.0180000000000007,1
"vary_n",4406,0,10,"SVP BIC",0.00600000000000023,1
"vary_n",4406,0,10,"SVP BIC calibrated",0.00600000000000023,1
"vary_n",4406,0,10,"SVP BIC multiscale",0.560000000000002,1
"vary_n",4406,0,11,"PELT",0.00999999999999801,1
"vary_n",4406,0,11,"SVP BIC",0.00500000000000256,1
"vary_n",4406,0,11,"SVP BIC calibrated",0.00600000000000023,1
"vary_n",4406,0,11,"SVP BIC multiscale",0.332999999999998,2
"vary_n",4406,0,12,"PELT",0.0180000000000007,1
"vary_n",4406,0,12,"SVP BIC",0.00600000000000023,1
"vary_n",4406,0,12,"SVP BIC calibrated",0.00500000000000256,1
"vary_n",4406,0,12,"SVP BIC multiscale",0.539999999999999,1
"vary_n",4406,0,13,"PELT",0.00999999999999801,1
"vary_n",4406,0,13,"SVP BIC",0.00600000000000023,1
"vary_n",4406,0,13,"SVP BIC calibrated",0.349000000000004,2
"vary_n",4406,0,13,"SVP BIC multiscale",0.221000000000004,3
"vary_n",4406,0,14,"PELT",0.0140000000000029,1
"vary_n",4406,0,14,"SVP BIC",0.00600000000000023,1
"vary_n",4406,0,14,"SVP BIC calibrated",0.00600000000000023,1
"vary_n",4406,0,14,"SVP BIC multiscale",0.533999999999999,1
"vary_n",4406,0,15,"PELT",0.0189999999999984,1
"vary_n",4406,0,15,"SVP BIC",0.00600000000000023,1
"vary_n",4406,0,15,"SVP BIC calibrated",0.00600000000000023,1
"vary_n",4406,0,15,"SVP BIC multiscale",0.539000000000001,1
"vary_n",4406,0,16,"PELT",0.0150000000000006,1
"vary_n",4406,0,16,"SVP BIC",0.00600000000000023,1
"vary_n",4406,0,16,"SVP BIC calibrated",0.00500000000000256,1
"vary_n",4406,0,16,"SVP BIC multiscale",0.540999999999997,1
"vary_n",4406,0,17,"PELT",0.0180000000000007,1
"vary_n",4406,0,17,"SVP BIC",0.00600000000000023,1
"vary_n",4406,0,17,"SVP BIC calibrated",0.00600000000000023,1
"vary_n",4406,0,17,"SVP BIC multiscale",0.545999999999999,1
"vary_n",4406,0,18,"PELT",0.0180000000000007,1
"vary_n",4406,0,18,"SVP BIC",0.00600000000000023,1
"vary_n",4406,0,18,"SVP BIC calibrated",0.00500000000000256,1
"vary_n",4406,0,18,"SVP BIC multiscale",0.557000000000002,1
"vary_n",4406,0,19,"PELT",0.00999999999999801,1
"vary_n",4406,0,19,"SVP BIC",0.00600000000000023,1
"vary_n",4406,0,19,"SVP BIC calibrated",0.00500000000000256,1
"vary_n",4406,0,19,"SVP BIC multiscale",0.552,1
"vary_n",4406,0,20,"PELT",0.007000000000005,1
"vary_n",4406,0,20,"SVP BIC",0.00500000000000256,1
"vary_n",4406,0,20,"SVP BIC calibrated",0.247,2
"vary_n",4406,0,20,"SVP BIC multiscale",0.216000000000008,4
"vary_n",5484,0,1,"PELT",0.0109999999999957,1
"vary_n",5484,0,1,"SVP BIC",0.00799999999999557,1
"vary_n",5484,0,1,"SVP BIC calibrated",0.007000000000005,1
"vary_n",5484,0,1,"SVP BIC multiscale",0.890999999999991,1
"vary_n",5484,0,2,"PELT",0.034000000000006,1
"vary_n",5484,0,2,"SVP BIC",0.007000000000005,1
"vary_n",5484,0,2,"SVP BIC calibrated",0.007000000000005,1
"vary_n",5484,0,2,"SVP BIC multiscale",0.881,1
"vary_n",5484,0,3,"PELT",0.0139999999999958,1
"vary_n",5484,0,3,"SVP BIC",0.00799999999999557,1
"vary_n",5484,0,3,"SVP BIC calibrated",0.00699999999999079,1
"vary_n",5484,0,3,"SVP BIC multiscale",0.896000000000001,1
"vary_n",5484,0,4,"PELT",0.0310000000000059,1
"vary_n",5484,0,4,"SVP BIC",0.007000000000005,1
"vary_n",5484,0,4,"SVP BIC calibrated",0.007000000000005,1
"vary_n",5484,0,4,"SVP BIC multiscale",0.873000000000005,1
"vary_n",5484,0,5,"PELT",0.0280000000000058,1
"vary_n",5484,0,5,"SVP BIC",0.007000000000005,1
"vary_n",5484,0,5,"SVP BIC calibrated",0.00699999999999079,1
"vary_n",5484,0,5,"SVP BIC multiscale",0.914000000000001,1
"vary_n",5484,0,6,"PELT",0.0130000000000052,1
"vary_n",5484,0,6,"SVP BIC",0.00699999999999079,1
"vary_n",5484,0,6,"SVP BIC calibrated",0.00800000000000978,1
"vary_n",5484,0,6,"SVP BIC multiscale",0.88300000000001,1
"vary_n",5484,0,7,"PELT",0.0279999999999916,1
"vary_n",5484,0,7,"SVP BIC",0.007000000000005,1
"vary_n",5484,0,7,"SVP BIC calibrated",0.007000000000005,1
"vary_n",5484,0,7,"SVP BIC multiscale",0.917000000000002,1
"vary_n",5484,0,8,"PELT",0.0280000000000058,1
"vary_n",5484,0,8,"SVP BIC",0.007000000000005,1
"vary_n",5484,0,8,"SVP BIC calibrated",0.00699999999999079,1
"vary_n",5484,0,8,"SVP BIC multiscale",0.918000000000006,1
"vary_n",5484,0,9,"PELT",0.0240000000000009,1
"vary_n",5484,0,9,"SVP BIC",0.007000000000005,1
"vary_n",5484,0,9,"SVP BIC calibrated",0.007000000000005,1
"vary_n",5484,0,9,"SVP BIC multiscale",0.897999999999996,1
"vary_n",5484,0,10,"PELT",0.027000000000001,1
"vary_n",5484,0,10,"SVP BIC",0.00600000000000023,1
"vary_n",5484,0,10,"SVP BIC calibrated",0.007000000000005,1
"vary_n",5484,0,10,"SVP BIC multiscale",0.902000000000001,1
"vary_n",5484,0,11,"PELT",0.0260000000000105,1
"vary_n",5484,0,11,"SVP BIC",0.007000000000005,1
"vary_n",5484,0,11,"SVP BIC calibrated",0.007000000000005,1
"vary_n",5484,0,11,"SVP BIC multiscale",0.884999999999991,1
"vary_n",5484,0,12,"PELT",0.0180000000000007,1
"vary_n",5484,0,12,"SVP BIC",0.007000000000005,1
"vary_n",5484,0,12,"SVP BIC calibrated",0.007000000000005,1
"vary_n",5484,0,12,"SVP BIC multiscale",0.894000000000005,1
"vary_n",5484,0,13,"PELT",0.0279999999999916,1
"vary_n",5484,0,13,"SVP BIC",0.007000000000005,1
"vary_n",5484,0,13,"SVP BIC calibrated",0.00799999999999557,1
"vary_n",5484,0,13,"SVP BIC multiscale",0.908000000000001,1
"vary_n",5484,0,14,"PELT",0.027000000000001,1
"vary_n",5484,0,14,"SVP BIC",0.007000000000005,1
"vary_n",5484,0,14,"SVP BIC calibrated",0.007000000000005,1
"vary_n",5484,0,14,"SVP BIC multiscale",0.897000000000006,1
"vary_n",5484,0,15,"PELT",0.019999999999996,1
"vary_n",5484,0,15,"SVP BIC",0.007000000000005,1
"vary_n",5484,0,15,"SVP BIC calibrated",0.007000000000005,1
"vary_n",5484,0,15,"SVP BIC multiscale",0.925000000000011,1
"vary_n",5484,0,16,"PELT",0.0190000000000055,1
"vary_n",5484,0,16,"SVP BIC",0.00699999999999079,1
"vary_n",5484,0,16,"SVP BIC calibrated",0.007000000000005,1
"vary_n",5484,0,16,"SVP BIC multiscale",0.613,2
"vary_n",5484,0,17,"PELT",0.0269999999999868,1
"vary_n",5484,0,17,"SVP BIC",0.007000000000005,1
"vary_n",5484,0,17,"SVP BIC calibrated",0.007000000000005,1
"vary_n",5484,0,17,"SVP BIC multiscale",0.882000000000005,1
"vary_n",5484,0,18,"PELT",0.01400000000001,1
"vary_n",5484,0,18,"SVP BIC",0.007000000000005,1
"vary_n",5484,0,18,"SVP BIC calibrated",0.00699999999999079,1
"vary_n",5484,0,18,"SVP BIC multiscale",0.897000000000006,1
"vary_n",5484,0,19,"PELT",0.0150000000000006,1
"vary_n",5484,0,19,"SVP BIC",0.00600000000000023,1
"vary_n",5484,0,19,"SVP BIC calibrated",0.00699999999999079,1
"vary_n",5484,0,19,"SVP BIC multiscale",0.878,1
"vary_n",5484,0,20,"PELT",0.0299999999999869,1
"vary_n",5484,0,20,"SVP BIC",0.007000000000005,1
"vary_n",5484,0,20,"SVP BIC calibrated",0.00699999999999079,1
"vary_n",5484,0,20,"SVP BIC multiscale",0.903999999999996,1
"vary_n",6826,0,1,"PELT",0.0390000000000015,1
"vary_n",6826,0,1,"SVP BIC",0.0100000000000051,1
"vary_n",6826,0,1,"SVP BIC calibrated",0.0099999999999909,1
"vary_n",6826,0,1,"SVP BIC multiscale",1.48700000000001,1
"vary_n",6826,0,2,"PELT",0.0430000000000064,1
"vary_n",6826,0,2,"SVP BIC",0.00800000000000978,1
"vary_n",6826,0,2,"SVP BIC calibrated",0.00799999999999557,1
"vary_n",6826,0,2,"SVP BIC multiscale",1.44,1
"vary_n",6826,0,3,"PELT",0.019999999999996,1
"vary_n",6826,0,3,"SVP BIC",0.00900000000000034,1
"vary_n",6826,0,3,"SVP BIC calibrated",0.00900000000000034,1
"vary_n",6826,0,3,"SVP BIC multiscale",1.455,1
"vary_n",6826,0,4,"PELT",0.0290000000000106,1
"vary_n",6826,0,4,"SVP BIC",0.00900000000000034,1
"vary_n",6826,0,4,"SVP BIC calibrated",0.00799999999999557,1
"vary_n",6826,0,4,"SVP BIC multiscale",1.47199999999999,1
"vary_n",6826,0,5,"PELT",0.0449999999999875,1
"vary_n",6826,0,5,"SVP BIC",0.00800000000000978,1
"vary_n",6826,0,5,"SVP BIC calibrated",0.00799999999999557,1
"vary_n",6826,0,5,"SVP BIC multiscale",1.467,1
"vary_n",6826,0,6,"PELT",0.0420000000000016,1
"vary_n",6826,0,6,"SVP BIC",0.00900000000000034,1
"vary_n",6826,0,6,"SVP BIC calibrated",0.00800000000000978,1
"vary_n",6826,0,6,"SVP BIC multiscale",1.47200000000001,1
"vary_n",6826,0,7,"PELT",0.019999999999996,1
"vary_n",6826,0,7,"SVP BIC",0.00900000000000034,1
"vary_n",6826,0,7,"SVP BIC calibrated",0.00900000000000034,1
"vary_n",6826,0,7,"SVP BIC multiscale",1.482,1
"vary_n",6826,0,8,"PELT",0.0420000000000016,1
"vary_n",6826,0,8,"SVP BIC",0.00799999999999557,1
"vary_n",6826,0,8,"SVP BIC calibrated",0.00900000000000034,1
"vary_n",6826,0,8,"SVP BIC multiscale",1.44,1
"vary_n",6826,0,9,"PELT",0.0459999999999923,1
"vary_n",6826,0,9,"SVP BIC",0.00799999999999557,1
"vary_n",6826,0,9,"SVP BIC calibrated",0.00800000000000978,1
"vary_n",6826,0,9,"SVP BIC multiscale",1.485,1
"vary_n",6826,0,10,"PELT",0.0259999999999962,1
"vary_n",6826,0,10,"SVP BIC",0.00900000000000034,1
"vary_n",6826,0,10,"SVP BIC calibrated",0.00900000000000034,1
"vary_n",6826,0,10,"SVP BIC multiscale",0.692999999999998,2
"vary_n",6826,0,11,"PELT",0.0460000000000065,1
"vary_n",6826,0,11,"SVP BIC",0.00800000000000978,1
"vary_n",6826,0,11,"SVP BIC calibrated",0.00900000000000034,1
"vary_n",6826,0,11,"SVP BIC multiscale",1.468,1
"vary_n",6826,0,12,"PELT",0.0319999999999965,1
"vary_n",6826,0,12,"SVP BIC",0.00900000000000034,1
"vary_n",6826,0,12,"SVP BIC calibrated",0.00900000000000034,1
"vary_n",6826,0,12,"SVP BIC multiscale",1.47200000000001,1
"vary_n",6826,0,13,"PELT",0.0430000000000064,1
"vary_n",6826,0,13,"SVP BIC",0.00799999999999557,1
"vary_n",6826,0,13,"SVP BIC calibrated",0.00799999999999557,1
"vary_n",6826,0,13,"SVP BIC multiscale",1.483,1
"vary_n",6826,0,14,"PELT",0.0439999999999969,1
"vary_n",6826,0,14,"SVP BIC",0.00799999999999557,1
"vary_n",6826,0,14,"SVP BIC calibrated",0.00900000000000034,1
"vary_n",6826,0,14,"SVP BIC multiscale",1.49,1
"vary_n",6826,0,15,"PELT",0.0330000000000013,1
"vary_n",6826,0,15,"SVP BIC",0.00900000000000034,1
"vary_n",6826,0,15,"SVP BIC calibrated",0.00900000000000034,1
"vary_n",6826,0,15,"SVP BIC multiscale",1.48400000000001,1
"vary_n",6826,0,16,"PELT",0.0229999999999961,1
"vary_n",6826,0,16,"SVP BIC",0.00900000000000034,1
"vary_n",6826,0,16,"SVP BIC calibrated",0.00799999999999557,1
"vary_n",6826,0,16,"SVP BIC multiscale",1.464,1
"vary_n",6826,0,17,"PELT",0.0400000000000063,1
"vary_n",6826,0,17,"SVP BIC",0.00900000000000034,1
"vary_n",6826,0,17,"SVP BIC calibrated",0.00900000000000034,1
"vary_n",6826,0,17,"SVP BIC multiscale",1.477,1
"vary_n",6826,0,18,"PELT",0.0350000000000108,1
"vary_n",6826,0,18,"SVP BIC",0.00900000000000034,1
"vary_n",6826,0,18,"SVP BIC calibrated",0.00900000000000034,1
"vary_n",6826,0,18,"SVP BIC multiscale",1.473,1
"vary_n",6826,0,19,"PELT",0.0230000000000103,1
"vary_n",6826,0,19,"SVP BIC",0.00900000000000034,1
"vary_n",6826,0,19,"SVP BIC calibrated",0.00900000000000034,1
"vary_n",6826,0,19,"SVP BIC multiscale",1.50800000000001,1
"vary_n",6826,0,20,"PELT",0.0310000000000059,1
"vary_n",6826,0,20,"SVP BIC",0.00900000000000034,1
"vary_n",6826,0,20,"SVP BIC calibrated",0.00900000000000034,1
"vary_n",6826,0,20,"SVP BIC multiscale",1.48899999999999,1
"vary_n",8496,0,1,"PELT",0.0650000000000119,1
"vary_n",8496,0,1,"SVP BIC",0.0110000000000099,1
"vary_n",8496,0,1,"SVP BIC calibrated",0.0110000000000099,1
"vary_n",8496,0,1,"SVP BIC multiscale",2.52200000000001,1
"vary_n",8496,0,2,"PELT",0.0520000000000067,1
"vary_n",8496,0,2,"SVP BIC",0.0109999999999957,1
"vary_n",8496,0,2,"SVP BIC calibrated",0.0109999999999957,1
"vary_n",8496,0,2,"SVP BIC multiscale",2.17,2
"vary_n",8496,0,3,"PELT",0.0389999999999873,1
"vary_n",8496,0,3,"SVP BIC",0.0099999999999909,1
"vary_n",8496,0,3,"SVP BIC calibrated",0.0109999999999957,1
"vary_n",8496,0,3,"SVP BIC multiscale",2.63799999999999,1
"vary_n",8496,0,4,"PELT",0.0349999999999966,1
"vary_n",8496,0,4,"SVP BIC",0.0109999999999957,1
"vary_n",8496,0,4,"SVP BIC calibrated",0.0110000000000099,1
"vary_n",8496,0,4,"SVP BIC multiscale",2.54299999999999,1
"vary_n",8496,0,5,"PELT",0.0389999999999873,1
"vary_n",8496,0,5,"SVP BIC",0.0100000000000193,1
"vary_n",8496,0,5,"SVP BIC calibrated",0.0110000000000241,1
"vary_n",8496,0,5,"SVP BIC multiscale",2.14700000000002,2
"vary_n",8496,0,6,"PELT",0.0260000000000105,1
"vary_n",8496,0,6,"SVP BIC",0.0109999999999957,1
"vary_n",8496,0,6,"SVP BIC calibrated",0.0109999999999957,1
"vary_n",8496,0,6,"SVP BIC multiscale",2.59699999999998,1
"vary_n",8496,0,7,"PELT",0.0430000000000064,1
"vary_n",8496,0,7,"SVP BIC",0.0099999999999909,1
"vary_n",8496,0,7,"SVP BIC calibrated",0.0109999999999957,1
"vary_n",8496,0,7,"SVP BIC multiscale",2.57399999999998,1
"vary_n",8496,0,8,"PELT",0.0660000000000025,1
"vary_n",8496,0,8,"SVP BIC",0.0109999999999957,1
"vary_n",8496,0,8,"SVP BIC calibrated",0.0099999999999909,1
"vary_n",8496,0,8,"SVP BIC multiscale",2.56100000000001,1
"vary_n",8496,0,9,"PELT",0.0660000000000025,1
"vary_n",8496,0,9,"SVP BIC",0.0109999999999957,1
"vary_n",8496,0,9,"SVP BIC calibrated",0.0099999999999909,1
"vary_n",8496,0,9,"SVP BIC multiscale",2.50900000000001,1
"vary_n",8496,0,10,"PELT",0.0429999999999779,1
"vary_n",8496,0,10,"SVP BIC",0.0099999999999909,1
"vary_n",8496,0,10,"SVP BIC calibrated",0.0099999999999909,1
"vary_n",8496,0,10,"SVP BIC multiscale",2.57999999999998,1
"vary_n",8496,0,11,"PELT",0.0370000000000061,1
"vary_n",8496,0,11,"SVP BIC",0.0109999999999957,1
"vary_n",8496,0,11,"SVP BIC calibrated",0.0109999999999957,1
"vary_n",8496,0,11,"SVP BIC multiscale",2.524,1
"vary_n",8496,0,12,"PELT",0.0470000000000255,1
"vary_n",8496,0,12,"SVP BIC",0.0109999999999957,1
"vary_n",8496,0,12,"SVP BIC calibrated",0.0120000000000005,1
"vary_n",8496,0,12,"SVP BIC multiscale",2.54799999999997,1
"vary_n",8496,0,13,"PELT",0.0360000000000014,1
"vary_n",8496,0,13,"SVP BIC",0.0109999999999957,1
"vary_n",8496,0,13,"SVP BIC calibrated",0.0109999999999957,1
"vary_n",8496,0,13,"SVP BIC multiscale",2.52100000000002,1
"vary_n",8496,0,14,"PELT",0.0660000000000025,1
"vary_n",8496,0,14,"SVP BIC",0.0099999999999909,1
"vary_n",8496,0,14,"SVP BIC calibrated",0.0109999999999957,1
"vary_n",8496,0,14,"SVP BIC multiscale",2.55199999999999,1
"vary_n",8496,0,15,"PELT",0.0269999999999868,1
"vary_n",8496,0,15,"SVP BIC",0.0109999999999957,1
"vary_n",8496,0,15,"SVP BIC calibrated",0.0110000000000241,1
"vary_n",8496,0,15,"SVP BIC multiscale",2.55900000000003,1
"vary_n",8496,0,16,"PELT",0.0670000000000073,1
"vary_n",8496,0,16,"SVP BIC",0.0120000000000005,1
"vary_n",8496,0,16,"SVP BIC calibrated",0.0109999999999957,1
"vary_n",8496,0,16,"SVP BIC multiscale",2.559,1
"vary_n",8496,0,17,"PELT",0.054000000000002,1
"vary_n",8496,0,17,"SVP BIC",0.0109999999999957,1
"vary_n",8496,0,17,"SVP BIC calibrated",0.0109999999999957,1
"vary_n",8496,0,17,"SVP BIC multiscale",2.57999999999998,1
"vary_n",8496,0,18,"PELT",0.0649999999999977,1
"vary_n",8496,0,18,"SVP BIC",0.0109999999999957,1
"vary_n",8496,0,18,"SVP BIC calibrated",0.0109999999999957,1
"vary_n",8496,0,18,"SVP BIC multiscale",2.55799999999999,1
"vary_n",8496,0,19,"PELT",0.061000000000007,1
"vary_n",8496,0,19,"SVP BIC",0.0100000000000193,1
"vary_n",8496,0,19,"SVP BIC calibrated",0.0109999999999957,1
"vary_n",8496,0,19,"SVP BIC multiscale",2.47299999999998,1
"vary_n",8496,0,20,"PELT",0.0519999999999925,1
"vary_n",8496,0,20,"SVP BIC",0.0109999999999957,1
"vary_n",8496,0,20,"SVP BIC calibrated",0.0109999999999957,1
"vary_n",8496,0,20,"SVP BIC multiscale",1.12100000000001,3
"vary_n",10575,0,1,"PELT",0.103000000000009,1
"vary_n",10575,0,1,"SVP BIC",0.01400000000001,1
"vary_n",10575,0,1,"SVP BIC calibrated",0.0139999999999816,1
"vary_n",10575,0,1,"SVP BIC multiscale",4.821,1
"vary_n",10575,0,2,"PELT",0.0949999999999989,1
"vary_n",10575,0,2,"SVP BIC",0.0130000000000052,1
"vary_n",10575,0,2,"SVP BIC calibrated",0.0129999999999768,1
"vary_n",10575,0,2,"SVP BIC multiscale",4.779,1
"vary_n",10575,0,3,"PELT",0.0889999999999986,1
"vary_n",10575,0,3,"SVP BIC",0.0139999999999816,1
"vary_n",10575,0,3,"SVP BIC calibrated",0.0130000000000052,1
"vary_n",10575,0,3,"SVP BIC multiscale",4.57799999999997,1
"vary_n",10575,0,4,"PELT",0.0670000000000073,1
"vary_n",10575,0,4,"SVP BIC",0.0130000000000052,1
"vary_n",10575,0,4,"SVP BIC calibrated",0.0130000000000052,1
"vary_n",10575,0,4,"SVP BIC multiscale",4.83599999999998,1
"vary_n",10575,0,5,"PELT",0.0519999999999925,1
"vary_n",10575,0,5,"SVP BIC",0.0139999999999816,1
"vary_n",10575,0,5,"SVP BIC calibrated",1.47499999999999,2
"vary_n",10575,0,5,"SVP BIC multiscale",1.779,2
"vary_n",10575,0,6,"PELT",0.103000000000009,1
"vary_n",10575,0,6,"SVP BIC",0.0149999999999864,1
"vary_n",10575,0,6,"SVP BIC calibrated",0.01400000000001,1
"vary_n",10575,0,6,"SVP BIC multiscale",4.74099999999999,1
"vary_n",10575,0,7,"PELT",0.0559999999999832,1
"vary_n",10575,0,7,"SVP BIC",0.0130000000000052,1
"vary_n",10575,0,7,"SVP BIC calibrated",0.0130000000000052,1
"vary_n",10575,0,7,"SVP BIC multiscale",2.19300000000001,3
"vary_n",10575,0,8,"PELT",0.0900000000000034,1
"vary_n",10575,0,8,"SVP BIC",0.01400000000001,1
"vary_n",10575,0,8,"SVP BIC calibrated",0.0130000000000052,1
"vary_n",10575,0,8,"SVP BIC multiscale",4.80699999999999,1
"vary_n",10575,0,9,"PELT",0.0870000000000175,1
"vary_n",10575,0,9,"SVP BIC",0.0130000000000052,1
"vary_n",10575,0,9,"SVP BIC calibrated",0.0130000000000052,1
"vary_n",10575,0,9,"SVP BIC multiscale",4.84299999999999,1
"vary_n",10575,0,10,"PELT",0.10499999999999,1
"vary_n",10575,0,10,"SVP BIC",0.0130000000000052,1
"vary_n",10575,0,10,"SVP BIC calibrated",0.01400000000001,1
"vary_n",10575,0,10,"SVP BIC multiscale",1.655,2
"vary_n",10575,0,11,"PELT",0.0840000000000032,1
"vary_n",10575,0,11,"SVP BIC",0.0139999999999816,1
"vary_n",10575,0,11,"SVP BIC calibrated",0.01400000000001,1
"vary_n",10575,0,11,"SVP BIC multiscale",4.60799999999998,1
"vary_n",10575,0,12,"PELT",0.104000000000013,1
"vary_n",10575,0,12,"SVP BIC",0.0130000000000052,1
"vary_n",10575,0,12,"SVP BIC calibrated",0.0130000000000052,1
"vary_n",10575,0,12,"SVP BIC multiscale",4.81199999999998,1
"vary_n",10575,0,13,"PELT",0.0759999999999934,1
"vary_n",10575,0,13,"SVP BIC",0.01400000000001,1
"vary_n",10575,0,13,"SVP BIC calibrated",0.0139999999999816,1
"vary_n",10575,0,13,"SVP BIC multiscale",4.77000000000001,1
"vary_n",10575,0,14,"PELT",0.104000000000013,1
"vary_n",10575,0,14,"SVP BIC",0.0130000000000052,1
"vary_n",10575,0,14,"SVP BIC calibrated",0.0130000000000052,1
"vary_n",10575,0,14,"SVP BIC multiscale",4.83799999999999,1
"vary_n",10575,0,15,"PELT",0.0560000000000116,1
"vary_n",10575,0,15,"SVP BIC",0.0139999999999816,1
"vary_n",10575,0,15,"SVP BIC calibrated",0.0139999999999816,1
"vary_n",10575,0,15,"SVP BIC multiscale",4.577,1
"vary_n",10575,0,16,"PELT",0.056999999999988,1
"vary_n",10575,0,16,"SVP BIC",0.0130000000000052,1
"vary_n",10575,0,16,"SVP BIC calibrated",0.0129999999999768,1
"vary_n",10575,0,16,"SVP BIC multiscale",4.70600000000002,1
"vary_n",10575,0,17,"PELT",0.078000000000003,1
"vary_n",10575,0,17,"SVP BIC",0.0130000000000052,1
"vary_n",10575,0,17,"SVP BIC calibrated",0.0139999999999816,1
"vary_n",10575,0,17,"SVP BIC multiscale",3.21000000000001,2
"vary_n",10575,0,18,"PELT",0.10499999999999,1
"vary_n",10575,0,18,"SVP BIC",0.0130000000000052,1
"vary_n",10575,0,18,"SVP BIC calibrated",0.01400000000001,1
"vary_n",10575,0,18,"SVP BIC multiscale",4.73399999999998,1
"vary_n",10575,0,19,"PELT",0.085000000000008,1
"vary_n",10575,0,19,"SVP BIC",0.01400000000001,1
"vary_n",10575,0,19,"SVP BIC calibrated",0.0139999999999816,1
"vary_n",10575,0,19,"SVP BIC multiscale",4.73500000000001,1
"vary_n",10575,0,20,"PELT",0.0569999999999595,1
"vary_n",10575,0,20,"SVP BIC",0.0129999999999768,1
"vary_n",10575,0,20,"SVP BIC calibrated",0.01400000000001,1
"vary_n",10575,0,20,"SVP BIC multiscale",4.827,1
"vary_n",13163,0,1,"PELT",0.159999999999968,1
"vary_n",13163,0,1,"SVP BIC",0.0169999999999959,1
"vary_n",13163,0,1,"SVP BIC calibrated",0.0169999999999959,1
"vary_n",13163,0,1,"SVP BIC multiscale",9.18599999999998,1
"vary_n",13163,0,2,"PELT",0.157000000000039,1
"vary_n",13163,0,2,"SVP BIC",0.0160000000000196,1
"vary_n",13163,0,2,"SVP BIC calibrated",0.0169999999999959,1
"vary_n",13163,0,2,"SVP BIC multiscale",8.89800000000002,1
"vary_n",13163,0,3,"PELT",0.0690000000000168,1
"vary_n",13163,0,3,"SVP BIC",0.0160000000000196,1
"vary_n",13163,0,3,"SVP BIC calibrated",0.0159999999999627,1
"vary_n",13163,0,3,"SVP BIC multiscale",8.64499999999998,1
"vary_n",13163,0,4,"PELT",0.0880000000000223,1
"vary_n",13163,0,4,"SVP BIC",0.0169999999999959,1
"vary_n",13163,0,4,"SVP BIC calibrated",0.0180000000000291,1
"vary_n",13163,0,4,"SVP BIC multiscale",8.66800000000001,1
"vary_n",13163,0,5,"PELT",0.12299999999999,1
"vary_n",13163,0,5,"SVP BIC",0.0169999999999959,1
"vary_n",13163,0,5,"SVP BIC calibrated",0.0169999999999959,1
"vary_n",13163,0,5,"SVP BIC multiscale",9.42200000000003,1
"vary_n",13163,0,6,"PELT",0.156999999999982,1
"vary_n",13163,0,6,"SVP BIC",0.0160000000000196,1
"vary_n",13163,0,6,"SVP BIC calibrated",0.0160000000000196,1
"vary_n",13163,0,6,"SVP BIC multiscale",8.77100000000002,1
"vary_n",13163,0,7,"PELT",0.120000000000005,1
"vary_n",13163,0,7,"SVP BIC",0.0169999999999959,1
"vary_n",13163,0,7,"SVP BIC calibrated",0.0169999999999959,1
"vary_n",13163,0,7,"SVP BIC multiscale",8.94200000000001,1
"vary_n",13163,0,8,"PELT",0.153999999999996,1
"vary_n",13163,0,8,"SVP BIC",0.0169999999999959,1
"vary_n",13163,0,8,"SVP BIC calibrated",0.0159999999999627,1
"vary_n",13163,0,8,"SVP BIC multiscale",9.007,1
"vary_n",13163,0,9,"PELT",0.0810000000000173,1
"vary_n",13163,0,9,"SVP BIC",0.0160000000000196,1
"vary_n",13163,0,9,"SVP BIC calibrated",0.0169999999999959,1
"vary_n",13163,0,9,"SVP BIC multiscale",7.14599999999996,2
"vary_n",13163,0,10,"PELT",0.0609999999999786,1
"vary_n",13163,0,10,"SVP BIC",0.0170000000000528,1
"vary_n",13163,0,10,"SVP BIC calibrated",0.0160000000000196,1
"vary_n",13163,0,10,"SVP BIC multiscale",2.01400000000001,3
"vary_n",13163,0,11,"PELT",0.0970000000000368,1
"vary_n",13163,0,11,"SVP BIC",0.0179999999999723,1
"vary_n",13163,0,11,"SVP BIC calibrated",0.0169999999999959,1
"vary_n",13163,0,11,"SVP BIC multiscale",10.004,1
"vary_n",13163,0,12,"PELT",0.144999999999982,1
"vary_n",13163,0,12,"SVP BIC",0.0169999999999959,1
"vary_n",13163,0,12,"SVP BIC calibrated",0.0160000000000196,1
"vary_n",13163,0,12,"SVP BIC multiscale",9.56700000000001,1
"vary_n",13163,0,13,"PELT",0.0869999999999891,1
"vary_n",13163,0,13,"SVP BIC",0.0169999999999959,1
"vary_n",13163,0,13,"SVP BIC calibrated",0.0169999999999959,1
"vary_n",13163,0,13,"SVP BIC multiscale",8.00900000000001,2
"vary_n",13163,0,14,"PELT",0.0860000000000127,1
"vary_n",13163,0,14,"SVP BIC",0.0169999999999959,1
"vary_n",13163,0,14,"SVP BIC calibrated",0.0160000000000196,1
"vary_n",13163,0,14,"SVP BIC multiscale",3.673,3
"vary_n",13163,0,15,"PELT",0.158999999999992,1
"vary_n",13163,0,15,"SVP BIC",0.0189999999999486,1
"vary_n",13163,0,15,"SVP BIC calibrated",0.0169999999999959,1
"vary_n",13163,0,15,"SVP BIC multiscale",9.57099999999997,1
"vary_n",13163,0,16,"PELT",0.157999999999959,1
"vary_n",13163,0,16,"SVP BIC",0.0179999999999723,1
"vary_n",13163,0,16,"SVP BIC calibrated",0.0180000000000291,1
"vary_n",13163,0,16,"SVP BIC multiscale",9.36399999999998,1
"vary_n",13163,0,17,"PELT",0.0840000000000032,1
"vary_n",13163,0,17,"SVP BIC",0.0169999999999959,1
"vary_n",13163,0,17,"SVP BIC calibrated",0.0169999999999959,1
"vary_n",13163,0,17,"SVP BIC multiscale",9.51399999999995,1
"vary_n",13163,0,18,"PELT",0.0840000000000032,1
"vary_n",13163,0,18,"SVP BIC",0.0170000000000528,1
"vary_n",13163,0,18,"SVP BIC calibrated",0.0169999999999959,1
"vary_n",13163,0,18,"SVP BIC multiscale",5.447,2
"vary_n",13163,0,19,"PELT",0.103000000000009,1
"vary_n",13163,0,19,"SVP BIC",0.0180000000000291,1
"vary_n",13163,0,19,"SVP BIC calibrated",0.0169999999999959,1
"vary_n",13163,0,19,"SVP BIC multiscale",9.952,1
"vary_n",13163,0,20,"PELT",0.10899999999998,1
"vary_n",13163,0,20,"SVP BIC",0.0169999999999959,1
"vary_n",13163,0,20,"SVP BIC calibrated",0.0160000000000196,1
"vary_n",13163,0,20,"SVP BIC multiscale",3.35300000000001,2
"vary_n",16384,0,1,"PELT",0.15500000000003,1
"vary_n",16384,0,1,"SVP BIC",0.0259999999999536,1
"vary_n",16384,0,1,"SVP BIC calibrated",0.0240000000000009,1
"vary_n",16384,0,1,"SVP BIC multiscale",17.132,1
"vary_n",16384,0,2,"PELT",0.242999999999995,1
"vary_n",16384,0,2,"SVP BIC",0.021000000000015,1
"vary_n",16384,0,2,"SVP BIC calibrated",0.0209999999999582,1
"vary_n",16384,0,2,"SVP BIC multiscale",16.676,1
"vary_n",16384,0,3,"PELT",0.247000000000014,1
"vary_n",16384,0,3,"SVP BIC",0.021000000000015,1
"vary_n",16384,0,3,"SVP BIC calibrated",0.021000000000015,1
"vary_n",16384,0,3,"SVP BIC multiscale",16.691,1
"vary_n",16384,0,4,"PELT",0.247000000000014,1
"vary_n",16384,0,4,"SVP BIC",0.021000000000015,1
"vary_n",16384,0,4,"SVP BIC calibrated",0.021000000000015,1
"vary_n",16384,0,4,"SVP BIC multiscale",16.584,1
"vary_n",16384,0,5,"PELT",0.24799999999999,1
"vary_n",16384,0,5,"SVP BIC",0.021000000000015,1
"vary_n",16384,0,5,"SVP BIC calibrated",0.021000000000015,1
"vary_n",16384,0,5,"SVP BIC multiscale",16.425,1
"vary_n",16384,0,6,"PELT",0.243999999999971,1
"vary_n",16384,0,6,"SVP BIC",0.0219999999999914,1
"vary_n",16384,0,6,"SVP BIC calibrated",0.0219999999999914,1
"vary_n",16384,0,6,"SVP BIC multiscale",16.4930000000001,1
"vary_n",16384,0,7,"PELT",0.149000000000001,1
"vary_n",16384,0,7,"SVP BIC",0.0209999999999582,1
"vary_n",16384,0,7,"SVP BIC calibrated",0.0219999999999345,1
"vary_n",16384,0,7,"SVP BIC multiscale",5.13699999999994,2
"vary_n",16384,0,8,"PELT",0.250999999999976,1
"vary_n",16384,0,8,"SVP BIC",0.0220000000000482,1
"vary_n",16384,0,8,"SVP BIC calibrated",0.0199999999999818,1
"vary_n",16384,0,8,"SVP BIC multiscale",16.394,1
"vary_n",16384,0,9,"PELT",0.168000000000006,1
"vary_n",16384,0,9,"SVP BIC",0.0209999999999582,1
"vary_n",16384,0,9,"SVP BIC calibrated",0.0209999999999582,1
"vary_n",16384,0,9,"SVP BIC multiscale",16.744,1
"vary_n",16384,0,10,"PELT",0.142000000000053,1
"vary_n",16384,0,10,"SVP BIC",0.0209999999999582,1
"vary_n",16384,0,10,"SVP BIC calibrated",0.0209999999999582,1
"vary_n",16384,0,10,"SVP BIC multiscale",17.876,1
"vary_n",16384,0,11,"PELT",0.127000000000066,1
"vary_n",16384,0,11,"SVP BIC",0.0210000000000719,1
"vary_n",16384,0,11,"SVP BIC calibrated",0.0209999999999582,1
"vary_n",16384,0,11,"SVP BIC multiscale",17.548,1
"vary_n",16384,0,12,"PELT",0.159999999999968,1
"vary_n",16384,0,12,"SVP BIC",0.0209999999999582,1
"vary_n",16384,0,12,"SVP BIC calibrated",0.0210000000000719,1
"vary_n",16384,0,12,"SVP BIC multiscale",17.236,1
"vary_n",16384,0,13,"PELT",0.130999999999972,1
"vary_n",16384,0,13,"SVP BIC",0.0210000000000719,1
"vary_n",16384,0,13,"SVP BIC calibrated",0.0210000000000719,1
"vary_n",16384,0,13,"SVP BIC multiscale",9.63999999999999,2
"vary_n",16384,0,14,"PELT",0.248000000000047,1
"vary_n",16384,0,14,"SVP BIC",0.0220000000000482,1
"vary_n",16384,0,14,"SVP BIC calibrated",0.0209999999999582,1
"vary_n",16384,0,14,"SVP BIC multiscale",16.982,1
"vary_n",16384,0,15,"PELT",0.25,1
"vary_n",16384,0,15,"SVP BIC",0.0209999999999582,1
"vary_n",16384,0,15,"SVP BIC calibrated",0.0220000000000482,1
"vary_n",16384,0,15,"SVP BIC multiscale",16.351,2
"vary_n",16384,0,16,"PELT",0.201999999999998,1
"vary_n",16384,0,16,"SVP BIC",0.0210000000000719,1
"vary_n",16384,0,16,"SVP BIC calibrated",0.0199999999999818,1
"vary_n",16384,0,16,"SVP BIC multiscale",17.456,1
"vary_n",16384,0,17,"PELT",0.23599999999999,1
"vary_n",16384,0,17,"SVP BIC",0.0219999999999345,1
"vary_n",16384,0,17,"SVP BIC calibrated",0.0209999999999582,1
"vary_n",16384,0,17,"SVP BIC multiscale",17.706,1
"vary_n",16384,0,18,"PELT",0.211999999999989,1
"vary_n",16384,0,18,"SVP BIC",0.0220000000000482,1
"vary_n",16384,0,18,"SVP BIC calibrated",0.0219999999999345,1
"vary_n",16384,0,18,"SVP BIC multiscale",17.684,1
"vary_n",16384,0,19,"PELT",0.203999999999951,1
"vary_n",16384,0,19,"SVP BIC",0.0220000000000482,1
"vary_n",16384,0,19,"SVP BIC calibrated",0.0209999999999582,1
"vary_n",16384,0,19,"SVP BIC multiscale",17.755,1
"vary_n",16384,0,20,"PELT",0.208000000000084,1
"vary_n",16384,0,20,"SVP BIC",0.0220000000000482,1
"vary_n",16384,0,20,"SVP BIC calibrated",0.0220000000000482,1
"vary_n",16384,0,20,"SVP BIC multiscale",17.3009999999999,1
"vary_k",10000,0,1,"PELT",0.0350000000000819,1
"vary_k",10000,0,1,"SVP BIC",0.01400000000001,1
"vary_k",10000,0,1,"SVP BIC calibrated",0.0130000000000337,1
"vary_k",10000,0,1,"SVP BIC multiscale",4.2120000000001,1
"vary_k",10000,0,2,"PELT",0.0510000000000446,1
"vary_k",10000,0,2,"SVP BIC",0.0130000000000337,1
"vary_k",10000,0,2,"SVP BIC calibrated",0.0130000000000337,1
"vary_k",10000,0,2,"SVP BIC multiscale",4.44400000000007,1
"vary_k",10000,0,3,"PELT",0.0910000000000082,1
"vary_k",10000,0,3,"SVP BIC",0.0130000000000337,1
"vary_k",10000,0,3,"SVP BIC calibrated",0.0130000000000337,1
"vary_k",10000,0,3,"SVP BIC multiscale",4.46699999999998,1
"vary_k",10000,0,4,"PELT",0.0890000000000555,1
"vary_k",10000,0,4,"SVP BIC",0.01299999999992,1
"vary_k",10000,0,4,"SVP BIC calibrated",0.01299999999992,1
"vary_k",10000,0,4,"SVP BIC multiscale",4.245,1
"vary_k",10000,0,5,"PELT",0.0550000000000637,1
"vary_k",10000,0,5,"SVP BIC",0.0120000000000573,1
"vary_k",10000,0,5,"SVP BIC calibrated",0.0120000000000573,1
"vary_k",10000,0,5,"SVP BIC multiscale",4.32899999999995,1
"vary_k",10000,0,6,"PELT",0.0440000000000964,1
"vary_k",10000,0,6,"SVP BIC",0.0130000000000337,1
"vary_k",10000,0,6,"SVP BIC calibrated",0.0120000000000573,1
"vary_k",10000,0,6,"SVP BIC multiscale",4.49000000000001,1
"vary_k",10000,0,7,"PELT",0.0910000000000082,1
"vary_k",10000,0,7,"SVP BIC",0.01299999999992,1
"vary_k",10000,0,7,"SVP BIC calibrated",0.0130000000000337,1
"vary_k",10000,0,7,"SVP BIC multiscale",4.27199999999993,1
"vary_k",10000,0,8,"PELT",0.0940000000000509,1
"vary_k",10000,0,8,"SVP BIC",0.0130000000000337,1
"vary_k",10000,0,8,"SVP BIC calibrated",0.0130000000000337,1
"vary_k",10000,0,8,"SVP BIC multiscale",4.34500000000003,1
"vary_k",10000,0,9,"PELT",0.0769999999999982,1
"vary_k",10000,0,9,"SVP BIC",0.0130000000000337,1
"vary_k",10000,0,9,"SVP BIC calibrated",0.01299999999992,1
"vary_k",10000,0,9,"SVP BIC multiscale",4.26200000000006,1
"vary_k",10000,0,10,"PELT",0.0910000000000082,1
"vary_k",10000,0,10,"SVP BIC",0.0130000000000337,1
"vary_k",10000,0,10,"SVP BIC calibrated",0.0119999999999436,1
"vary_k",10000,0,10,"SVP BIC multiscale",4.23699999999997,1
"vary_k",10000,1,1,"PELT",0.0349999999999682,2
"vary_k",10000,1,1,"SVP BIC",1.30500000000006,2
"vary_k",10000,1,1,"SVP BIC calibrated",1.298,2
"vary_k",10000,1,1,"SVP BIC multiscale",1.46000000000004,2
"vary_k",10000,1,2,"PELT",0.0460000000000491,2
"vary_k",10000,1,2,"SVP BIC",1.31499999999994,2
"vary_k",10000,1,2,"SVP BIC calibrated",1.322,2
"vary_k",10000,1,2,"SVP BIC multiscale",1.50199999999995,2
"vary_k",10000,1,3,"PELT",0.0460000000000491,2
"vary_k",10000,1,3,"SVP BIC",1.29700000000003,2
"vary_k",10000,1,3,"SVP BIC calibrated",1.29499999999996,2
"vary_k",10000,1,3,"SVP BIC multiscale",1.47399999999993,2
"vary_k",10000,1,4,"PELT",0.0490000000000919,2
"vary_k",10000,1,4,"SVP BIC",1.31399999999996,2
"vary_k",10000,1,4,"SVP BIC calibrated",1.30600000000004,2
"vary_k",10000,1,4,"SVP BIC multiscale",1.57500000000005,2
"vary_k",10000,1,5,"PELT",0.0500000000000682,2
"vary_k",10000,1,5,"SVP BIC",1.30899999999997,2
"vary_k",10000,1,5,"SVP BIC calibrated",1.32899999999995,2
"vary_k",10000,1,5,"SVP BIC multiscale",1.50400000000002,2
"vary_k",10000,1,6,"PELT",0.0469999999999118,2
"vary_k",10000,1,6,"SVP BIC",1.31200000000001,2
"vary_k",10000,1,6,"SVP BIC calibrated",1.28499999999997,2
"vary_k",10000,1,6,"SVP BIC multiscale",1.47500000000002,2
"vary_k",10000,1,7,"PELT",0.0490000000000919,2
"vary_k",10000,1,7,"SVP BIC",1.27600000000007,2
"vary_k",10000,1,7,"SVP BIC calibrated",1.26800000000003,2
"vary_k",10000,1,7,"SVP BIC multiscale",1.44999999999993,2
"vary_k",10000,1,8,"PELT",0.0470000000000255,2
"vary_k",10000,1,8,"SVP BIC",1.28800000000001,2
"vary_k",10000,1,8,"SVP BIC calibrated",1.27599999999995,2
"vary_k",10000,1,8,"SVP BIC multiscale",1.43399999999997,2
"vary_k",10000,1,9,"PELT",0.0379999999998972,2
"vary_k",10000,1,9,"SVP BIC",1.27299999999991,2
"vary_k",10000,1,9,"SVP BIC calibrated",1.21299999999997,3
"vary_k",10000,1,9,"SVP BIC multiscale",1.19899999999996,4
"vary_k",10000,1,10,"PELT",0.0480000000000018,2
"vary_k",10000,1,10,"SVP BIC",1.27100000000007,2
"vary_k",10000,1,10,"SVP BIC calibrated",1.28499999999997,2
"vary_k",10000,1,10,"SVP BIC multiscale",1.48000000000002,2
"vary_k",10000,2,1,"PELT",0.0320000000000391,3
"vary_k",10000,2,1,"SVP BIC",0.836999999999989,3
"vary_k",10000,2,1,"SVP BIC calibrated",0.828999999999951,3
"vary_k",10000,2,1,"SVP BIC multiscale",0.912000000000035,3
"vary_k",10000,2,2,"PELT",0.0220000000000482,3
"vary_k",10000,2,2,"SVP BIC",0.841000000000008,3
"vary_k",10000,2,2,"SVP BIC calibrated",0.841000000000008,3
"vary_k",10000,2,2,"SVP BIC multiscale",0.907000000000039,3
"vary_k",10000,2,3,"PELT",0.0240000000000009,3
"vary_k",10000,2,3,"SVP BIC",0.84699999999998,3
"vary_k",10000,2,3,"SVP BIC calibrated",0.844000000000051,3
"vary_k",10000,2,3,"SVP BIC multiscale",0.893000000000029,4
"vary_k",10000,2,4,"PELT",0.0309999999999491,3
"vary_k",10000,2,4,"SVP BIC",0.838999999999942,3
"vary_k",10000,2,4,"SVP BIC calibrated",0.847999999999956,3
"vary_k",10000,2,4,"SVP BIC multiscale",0.951000000000022,3
"vary_k",10000,2,5,"PELT",0.0259999999999536,3
"vary_k",10000,2,5,"SVP BIC",0.898000000000025,3
"vary_k",10000,2,5,"SVP BIC calibrated",0.858000000000061,3
"vary_k",10000,2,5,"SVP BIC multiscale",0.805000000000064,4
"vary_k",10000,2,6,"PELT",0.0319999999999254,3
"vary_k",10000,2,6,"SVP BIC",0.828999999999951,3
"vary_k",10000,2,6,"SVP BIC calibrated",0.828999999999951,3
"vary_k",10000,2,6,"SVP BIC multiscale",0.894000000000005,3
"vary_k",10000,2,7,"PELT",0.0299999999999727,3
"vary_k",10000,2,7,"SVP BIC",0.838999999999942,3
"vary_k",10000,2,7,"SVP BIC calibrated",0.846000000000004,3
"vary_k",10000,2,7,"SVP BIC multiscale",0.956999999999994,3
"vary_k",10000,2,8,"PELT",0.0220000000000482,3
"vary_k",10000,2,8,"SVP BIC",0.885999999999967,3
"vary_k",10000,2,8,"SVP BIC calibrated",0.876999999999953,3
"vary_k",10000,2,8,"SVP BIC multiscale",0.977999999999952,3
"vary_k",10000,2,9,"PELT",0.0300000000000864,3
"vary_k",10000,2,9,"SVP BIC",0.873000000000047,3
"vary_k",10000,2,9,"SVP BIC calibrated",0.844000000000051,3
"vary_k",10000,2,9,"SVP BIC multiscale",0.916000000000054,3
"vary_k",10000,2,10,"PELT",0.0259999999999536,3
"vary_k",10000,2,10,"SVP BIC",0.829000000000065,3
"vary_k",10000,2,10,"SVP BIC calibrated",0.831000000000017,3
"vary_k",10000,2,10,"SVP BIC multiscale",0.778999999999996,4
"vary_k",10000,3,1,"PELT",0.0260000000000673,4
"vary_k",10000,3,1,"SVP BIC",0.633000000000038,4
"vary_k",10000,3,1,"SVP BIC calibrated",0.631999999999948,4
"vary_k",10000,3,1,"SVP BIC multiscale",0.594999999999914,5
"vary_k",10000,3,2,"PELT",0.0240000000000009,4
"vary_k",10000,3,2,"SVP BIC",0.629000000000019,4
"vary_k",10000,3,2,"SVP BIC calibrated",0.629999999999995,4
"vary_k",10000,3,2,"SVP BIC multiscale",0.673999999999978,4
"vary_k",10000,3,3,"PELT",0.0240000000000009,4
"vary_k",10000,3,3,"SVP BIC",0.624000000000024,4
"vary_k",10000,3,3,"SVP BIC calibrated",0.626999999999953,4
"vary_k",10000,3,3,"SVP BIC multiscale",0.619000000000028,5
"vary_k",10000,3,4,"PELT",0.02699999999993,4
"vary_k",10000,3,4,"SVP BIC",0.646999999999935,4
"vary_k",10000,3,4,"SVP BIC calibrated",0.641999999999939,4
"vary_k",10000,3,4,"SVP BIC multiscale",0.680999999999926,4
"vary_k",10000,3,5,"PELT",0.0240000000000009,4
"vary_k",10000,3,5,"SVP BIC",0.639999999999986,4
"vary_k",10000,3,5,"SVP BIC calibrated",0.651000000000067,4
"vary_k",10000,3,5,"SVP BIC multiscale",0.682000000000016,4
"vary_k",10000,3,6,"PELT",0.0209999999999582,4
"vary_k",10000,3,6,"SVP BIC",0.637000000000057,4
"vary_k",10000,3,6,"SVP BIC calibrated",0.634000000000015,4
"vary_k",10000,3,6,"SVP BIC multiscale",0.683999999999969,4
"vary_k",10000,3,7,"PELT",0.0199999999999818,4
"vary_k",10000,3,7,"SVP BIC",0.638000000000034,4
"vary_k",10000,3,7,"SVP BIC calibrated",0.636000000000081,4
"vary_k",10000,3,7,"SVP BIC multiscale",0.68100000000004,4
"vary_k",10000,3,8,"PELT",0.0219999999999345,4
"vary_k",10000,3,8,"SVP BIC",0.649000000000001,4
"vary_k",10000,3,8,"SVP BIC calibrated",0.652999999999906,4
"vary_k",10000,3,8,"SVP BIC multiscale",0.698999999999955,4
"vary_k",10000,3,9,"PELT",0.0259999999999536,4
"vary_k",10000,3,9,"SVP BIC",0.633000000000038,4
"vary_k",10000,3,9,"SVP BIC calibrated",0.630999999999972,4
"vary_k",10000,3,9,"SVP BIC multiscale",0.692999999999984,4
"vary_k",10000,3,10,"PELT",0.0190000000000055,4
"vary_k",10000,3,10,"SVP BIC",0.636000000000081,4
"vary_k",10000,3,10,"SVP BIC calibrated",0.644999999999982,4
"vary_k",10000,3,10,"SVP BIC multiscale",0.69399999999996,4
"vary_k",10000,4,1,"PELT",0.0209999999999582,5
"vary_k",10000,4,1,"SVP BIC",0.514999999999986,5
"vary_k",10000,4,1,"SVP BIC calibrated",0.523000000000025,5
"vary_k",10000,4,1,"SVP BIC multiscale",0.543999999999983,5
"vary_k",10000,4,2,"PELT",0.0179999999999154,5
"vary_k",10000,4,2,"SVP BIC",0.516999999999939,5
"vary_k",10000,4,2,"SVP BIC calibrated",0.509999999999991,5
"vary_k",10000,4,2,"SVP BIC multiscale",0.548000000000002,5
"vary_k",10000,4,3,"PELT",0.0200000000000955,5
"vary_k",10000,4,3,"SVP BIC",0.524000000000001,5
"vary_k",10000,4,3,"SVP BIC calibrated",0.524000000000001,5
"vary_k",10000,4,3,"SVP BIC multiscale",0.548999999999978,5
"vary_k",10000,4,4,"PELT",0.0179999999999154,5
"vary_k",10000,4,4,"SVP BIC",0.515999999999963,5
"vary_k",10000,4,4,"SVP BIC calibrated",0.519000000000005,5
"vary_k",10000,4,4,"SVP BIC multiscale",0.539999999999964,5
"vary_k",10000,4,5,"PELT",0.0199999999999818,5
"vary_k",10000,4,5,"SVP BIC",0.513000000000034,5
"vary_k",10000,4,5,"SVP BIC calibrated",0.509000000000015,5
"vary_k",10000,4,5,"SVP BIC multiscale",0.533999999999992,5
"vary_k",10000,4,6,"PELT",0.0190000000000055,5
"vary_k",10000,4,6,"SVP BIC",0.506000000000085,5
"vary_k",10000,4,6,"SVP BIC calibrated",0.507000000000062,5
"vary_k",10000,4,6,"SVP BIC multiscale",0.514999999999986,6
"vary_k",10000,4,7,"PELT",0.0170000000000528,5
"vary_k",10000,4,7,"SVP BIC",0.508000000000038,5
"vary_k",10000,4,7,"SVP BIC calibrated",0.51400000000001,5
"vary_k",10000,4,7,"SVP BIC multiscale",0.538999999999987,5
"vary_k",10000,4,8,"PELT",0.0170000000000528,5
"vary_k",10000,4,8,"SVP BIC",0.512000000000057,5
"vary_k",10000,4,8,"SVP BIC calibrated",0.519000000000005,5
"vary_k",10000,4,8,"SVP BIC multiscale",0.543000000000006,5
"vary_k",10000,4,9,"PELT",0.0179999999999154,5
"vary_k",10000,4,9,"SVP BIC",0.505999999999972,5
"vary_k",10000,4,9,"SVP BIC calibrated",0.501999999999953,5
"vary_k",10000,4,9,"SVP BIC multiscale",0.488999999999919,6
"vary_k",10000,4,10,"PELT",0.0170000000000528,5
"vary_k",10000,4,10,"SVP BIC",0.51400000000001,5
"vary_k",10000,4,10,"SVP BIC calibrated",0.511999999999944,5
"vary_k",10000,4,10,"SVP BIC multiscale",0.547000000000025,5
"vary_k",10000,5,1,"PELT",0.0179999999999154,6
"vary_k",10000,5,1,"SVP BIC",0.424999999999955,6
"vary_k",10000,5,1,"SVP BIC calibrated",0.425999999999931,6
"vary_k",10000,5,1,"SVP BIC multiscale",0.446000000000026,6
"vary_k",10000,5,2,"PELT",0.0160000000000764,6
"vary_k",10000,5,2,"SVP BIC",0.420999999999935,6
"vary_k",10000,5,2,"SVP BIC calibrated",0.425000000000068,6
"vary_k",10000,5,2,"SVP BIC multiscale",0.447999999999979,6
"vary_k",10000,5,3,"PELT",0.0149999999999864,6
"vary_k",10000,5,3,"SVP BIC",0.43100000000004,6
"vary_k",10000,5,3,"SVP BIC calibrated",0.432000000000016,6
"vary_k",10000,5,3,"SVP BIC multiscale",0.454999999999927,6
"vary_k",10000,5,4,"PELT",0.0150000000001,6
"vary_k",10000,5,4,"SVP BIC",0.427000000000021,6
"vary_k",10000,5,4,"SVP BIC calibrated",0.432000000000016,6
"vary_k",10000,5,4,"SVP BIC multiscale",0.446000000000026,6
"vary_k",10000,5,5,"PELT",0.0150000000001,6
"vary_k",10000,5,5,"SVP BIC",0.428999999999974,6
"vary_k",10000,5,5,"SVP BIC calibrated",0.43100000000004,6
"vary_k",10000,5,5,"SVP BIC multiscale",0.456000000000017,6
"vary_k",10000,5,6,"PELT",0.0190000000000055,6
"vary_k",10000,5,6,"SVP BIC",0.423999999999978,6
"vary_k",10000,5,6,"SVP BIC calibrated",0.427999999999997,6
"vary_k",10000,5,6,"SVP BIC multiscale",0.446000000000026,6
"vary_k",10000,5,7,"PELT",0.0190000000000055,6
"vary_k",10000,5,7,"SVP BIC",0.425999999999931,6
"vary_k",10000,5,7,"SVP BIC calibrated",0.429000000000087,6
"vary_k",10000,5,7,"SVP BIC multiscale",0.439000000000078,7
"vary_k",10000,5,8,"PELT",0.0180000000000291,6
"vary_k",10000,5,8,"SVP BIC",0.425000000000068,6
"vary_k",10000,5,8,"SVP BIC calibrated",0.423999999999978,6
"vary_k",10000,5,8,"SVP BIC multiscale",0.413999999999987,7
"vary_k",10000,5,9,"PELT",0.0160000000000764,6
"vary_k",10000,5,9,"SVP BIC",0.423000000000002,6
"vary_k",10000,5,9,"SVP BIC calibrated",0.427000000000021,6
"vary_k",10000,5,9,"SVP BIC multiscale",0.449000000000069,6
"vary_k",10000,5,10,"PELT",0.0149999999999864,6
"vary_k",10000,5,10,"SVP BIC",0.423000000000002,6
"vary_k",10000,5,10,"SVP BIC calibrated",0.425999999999931,6
"vary_k",10000,5,10,"SVP BIC multiscale",0.44500000000005,6
"vary_k",10000,6,1,"PELT",0.0149999999999864,7
"vary_k",10000,6,1,"SVP BIC",0.368000000000052,7
"vary_k",10000,6,1,"SVP BIC calibrated",0.365000000000009,7
"vary_k",10000,6,1,"SVP BIC multiscale",0.384999999999991,7
"vary_k",10000,6,2,"PELT",0.01400000000001,7
"vary_k",10000,6,2,"SVP BIC",0.374000000000024,7
"vary_k",10000,6,2,"SVP BIC calibrated",0.373000000000047,7
"vary_k",10000,6,2,"SVP BIC multiscale",0.389999999999986,7
"vary_k",10000,6,3,"PELT",0.01400000000001,7
"vary_k",10000,6,3,"SVP BIC",0.368000000000052,7
"vary_k",10000,6,3,"SVP BIC calibrated",0.364000000000033,7
"vary_k",10000,6,3,"SVP BIC multiscale",0.387000000000057,7
"vary_k",10000,6,4,"PELT",0.01400000000001,7
"vary_k",10000,6,4,"SVP BIC",0.369000000000028,7
"vary_k",10000,6,4,"SVP BIC calibrated",0.365999999999985,7
"vary_k",10000,6,4,"SVP BIC multiscale",0.380999999999972,7
"vary_k",10000,6,5,"PELT",0.0130000000000337,7
"vary_k",10000,6,5,"SVP BIC",0.368000000000052,7
"vary_k",10000,6,5,"SVP BIC calibrated",0.373000000000047,7
"vary_k",10000,6,5,"SVP BIC multiscale",0.388000000000034,7
"vary_k",10000,6,6,"PELT",0.0149999999999864,7
"vary_k",10000,6,6,"SVP BIC",0.364000000000033,7
"vary_k",10000,6,6,"SVP BIC calibrated",0.365999999999985,7
"vary_k",10000,6,6,"SVP BIC multiscale",0.361999999999966,8
"vary_k",10000,6,7,"PELT",0.0149999999999864,7
"vary_k",10000,6,7,"SVP BIC",0.365999999999985,7
"vary_k",10000,6,7,"SVP BIC calibrated",0.366999999999962,7
"vary_k",10000,6,7,"SVP BIC multiscale",0.381999999999948,7
"vary_k",10000,6,8,"PELT",0.0159999999999627,7
"vary_k",10000,6,8,"SVP BIC",0.368999999999915,7
"vary_k",10000,6,8,"SVP BIC calibrated",0.365999999999985,7
"vary_k",10000,6,8,"SVP BIC multiscale",0.38799999999992,7
"vary_k",10000,6,9,"PELT",0.01400000000001,7
"vary_k",10000,6,9,"SVP BIC",0.375999999999976,7
"vary_k",10000,6,9,"SVP BIC calibrated",0.365999999999985,7
"vary_k",10000,6,9,"SVP BIC multiscale",0.384000000000015,7
"vary_k",10000,6,10,"PELT",0.01299999999992,7
"vary_k",10000,6,10,"SVP BIC",0.366999999999962,7
"vary_k",10000,6,10,"SVP BIC calibrated",0.370999999999981,7
"vary_k",10000,6,10,"SVP BIC multiscale",0.389999999999986,7
"vary_k",10000,7,1,"PELT",0.01400000000001,8
"vary_k",10000,7,1,"SVP BIC",0.328999999999951,8
"vary_k",10000,7,1,"SVP BIC calibrated",0.322999999999979,8
"vary_k",10000,7,1,"SVP BIC multiscale",0.338999999999942,8
"vary_k",10000,7,2,"PELT",0.0100000000001046,8
"vary_k",10000,7,2,"SVP BIC",0.326999999999998,8
"vary_k",10000,7,2,"SVP BIC calibrated",0.326000000000022,8
"vary_k",10000,7,2,"SVP BIC multiscale",0.342999999999961,9
"vary_k",10000,7,3,"PELT",0.0119999999999436,8
"vary_k",10000,7,3,"SVP BIC",0.325000000000045,8
"vary_k",10000,7,3,"SVP BIC calibrated",0.325000000000045,8
"vary_k",10000,7,3,"SVP BIC multiscale",0.340000000000032,8
"vary_k",10000,7,4,"PELT",0.01400000000001,8
"vary_k",10000,7,4,"SVP BIC",0.324000000000069,8
"vary_k",10000,7,4,"SVP BIC calibrated",0.330000000000041,8
"vary_k",10000,7,4,"SVP BIC multiscale",0.341999999999985,8
"vary_k",10000,7,5,"PELT",0.0120000000000573,8
"vary_k",10000,7,5,"SVP BIC",0.321000000000026,8
"vary_k",10000,7,5,"SVP BIC calibrated",0.326000000000022,8
"vary_k",10000,7,5,"SVP BIC multiscale",0.338000000000079,8
"vary_k",10000,7,6,"PELT",0.0130000000000337,8
"vary_k",10000,7,6,"SVP BIC",0.324999999999932,8
"vary_k",10000,7,6,"SVP BIC calibrated",0.326000000000022,8
"vary_k",10000,7,6,"SVP BIC multiscale",0.337999999999965,8
"vary_k",10000,7,7,"PELT",0.0110000000000809,8
"vary_k",10000,7,7,"SVP BIC",0.329000000000065,8
"vary_k",10000,7,7,"SVP BIC calibrated",0.328999999999951,8
"vary_k",10000,7,7,"SVP BIC multiscale",0.342000000000098,8
"vary_k",10000,7,8,"PELT",0.01400000000001,8
"vary_k",10000,7,8,"SVP BIC",0.324999999999932,8
"vary_k",10000,7,8,"SVP BIC calibrated",0.324999999999932,8
"vary_k",10000,7,8,"SVP BIC multiscale",0.338999999999942,8
"vary_k",10000,7,9,"PELT",0.0130000000000337,8
"vary_k",10000,7,9,"SVP BIC",0.322999999999979,8
"vary_k",10000,7,9,"SVP BIC calibrated",0.324000000000069,8
"vary_k",10000,7,9,"SVP BIC multiscale",0.342999999999961,8
"vary_k",10000,7,10,"PELT",0.0149999999999864,8
"vary_k",10000,7,10,"SVP BIC",0.323999999999955,8
"vary_k",10000,7,10,"SVP BIC calibrated",0.326000000000022,8
"vary_k",10000,7,10,"SVP BIC multiscale",0.336999999999989,8
"vary_k",10000,8,1,"PELT",0.0109999999999673,9
"vary_k",10000,8,1,"SVP BIC",0.287999999999897,9
"vary_k",10000,8,1,"SVP BIC calibrated",0.288999999999987,9
"vary_k",10000,8,1,"SVP BIC multiscale",0.307000000000016,9
"vary_k",10000,8,2,"PELT",0.0099999999999909,9
"vary_k",10000,8,2,"SVP BIC",0.291999999999916,9
"vary_k",10000,8,2,"SVP BIC calibrated",0.288000000000011,9
"vary_k",10000,8,2,"SVP BIC multiscale",0.298000000000002,10
"vary_k",10000,8,3,"PELT",0.0120000000000573,10
"vary_k",10000,8,3,"SVP BIC",0.293000000000006,9
"vary_k",10000,8,3,"SVP BIC calibrated",0.293999999999983,9
"vary_k",10000,8,3,"SVP BIC multiscale",0.304000000000087,9
"vary_k",10000,8,4,"PELT",0.0109999999999673,9
"vary_k",10000,8,4,"SVP BIC",0.289999999999964,9
"vary_k",10000,8,4,"SVP BIC calibrated",0.294999999999959,9
"vary_k",10000,8,4,"SVP BIC multiscale",0.30600000000004,9
"vary_k",10000,8,5,"PELT",0.0110000000000809,9
"vary_k",10000,8,5,"SVP BIC",0.29200000000003,9
"vary_k",10000,8,5,"SVP BIC calibrated",0.290000000000077,9
"vary_k",10000,8,5,"SVP BIC multiscale",0.297000000000025,9
"vary_k",10000,8,6,"PELT",0.0119999999999436,9
"vary_k",10000,8,6,"SVP BIC",0.293999999999983,9
"vary_k",10000,8,6,"SVP BIC calibrated",0.293000000000006,9
"vary_k",10000,8,6,"SVP BIC multiscale",0.305000000000064,9
"vary_k",10000,8,7,"PELT",0.01299999999992,9
"vary_k",10000,8,7,"SVP BIC",0.294999999999959,9
"vary_k",10000,8,7,"SVP BIC calibrated",0.300999999999931,9
"vary_k",10000,8,7,"SVP BIC multiscale",0.307000000000016,9
"vary_k",10000,8,8,"PELT",0.01299999999992,9
"vary_k",10000,8,8,"SVP BIC",0.29099999999994,9
"vary_k",10000,8,8,"SVP BIC calibrated",0.287000000000035,9
"vary_k",10000,8,8,"SVP BIC multiscale",0.299999999999955,9
"vary_k",10000,8,9,"PELT",0.0109999999999673,9
"vary_k",10000,8,9,"SVP BIC",0.294999999999959,9
"vary_k",10000,8,9,"SVP BIC calibrated",0.293999999999983,9
"vary_k",10000,8,9,"SVP BIC multiscale",0.301999999999907,9
"vary_k",10000,8,10,"PELT",0.0099999999999909,9
"vary_k",10000,8,10,"SVP BIC",0.291000000000054,9
"vary_k",10000,8,10,"SVP BIC calibrated",0.288000000000011,9
"vary_k",10000,8,10,"SVP BIC multiscale",0.300999999999931,9
"vary_k",10000,9,1,"PELT",0.0099999999999909,10
"vary_k",10000,9,1,"SVP BIC",0.262000000000057,10
"vary_k",10000,9,1,"SVP BIC calibrated",0.263000000000034,10
"vary_k",10000,9,1,"SVP BIC multiscale",0.271000000000072,10
"vary_k",10000,9,2,"PELT",0.0149999999999864,10
"vary_k",10000,9,2,"SVP BIC",0.265999999999963,10
"vary_k",10000,9,2,"SVP BIC calibrated",0.264999999999986,10
"vary_k",10000,9,2,"SVP BIC multiscale",0.273000000000025,11
"vary_k",10000,9,3,"PELT",0.0120000000000573,10
"vary_k",10000,9,3,"SVP BIC",0.299999999999955,10
"vary_k",10000,9,3,"SVP BIC calibrated",0.26400000000001,10
"vary_k",10000,9,3,"SVP BIC multiscale",0.278999999999996,10
"vary_k",10000,9,4,"PELT",0.0099999999999909,10
"vary_k",10000,9,4,"SVP BIC",0.269999999999982,10
"vary_k",10000,9,4,"SVP BIC calibrated",0.268000000000029,10
"vary_k",10000,9,4,"SVP BIC multiscale",0.283000000000015,10
"vary_k",10000,9,5,"PELT",0.0120000000000573,10
"vary_k",10000,9,5,"SVP BIC",0.264999999999986,10
"vary_k",10000,9,5,"SVP BIC calibrated",0.26400000000001,10
"vary_k",10000,9,5,"SVP BIC multiscale",0.263000000000034,11
"vary_k",10000,9,6,"PELT",0.0109999999999673,10
"vary_k",10000,9,6,"SVP BIC",0.271999999999935,10
"vary_k",10000,9,6,"SVP BIC calibrated",0.265999999999963,10
"vary_k",10000,9,6,"SVP BIC multiscale",0.274000000000001,10
"vary_k",10000,9,7,"PELT",0.0099999999999909,10
"vary_k",10000,9,7,"SVP BIC",0.264999999999986,10
"vary_k",10000,9,7,"SVP BIC calibrated",0.265999999999963,10
"vary_k",10000,9,7,"SVP BIC multiscale",0.260999999999967,11
"vary_k",10000,9,8,"PELT",0.0109999999999673,10
"vary_k",10000,9,8,"SVP BIC",0.26400000000001,10
"vary_k",10000,9,8,"SVP BIC calibrated",0.260999999999967,10
"vary_k",10000,9,8,"SVP BIC multiscale",0.272000000000048,10
"vary_k",10000,9,9,"PELT",0.0130000000000337,10
"vary_k",10000,9,9,"SVP BIC",0.259000000000015,10
"vary_k",10000,9,9,"SVP BIC calibrated",0.259999999999991,10
"vary_k",10000,9,9,"SVP BIC multiscale",0.2650000000001,10
"vary_k",10000,9,10,"PELT",0.0149999999999864,10
"vary_k",10000,9,10,"SVP BIC",0.26299999999992,10
"vary_k",10000,9,10,"SVP BIC calibrated",0.267999999999915,10
"vary_k",10000,9,10,"SVP BIC multiscale",0.274999999999977,10
"vary_k",10000,10,1,"PELT",0.0099999999999909,11
"vary_k",10000,10,1,"SVP BIC",0.242000000000075,11
"vary_k",10000,10,1,"SVP BIC calibrated",0.244000000000028,11
"vary_k",10000,10,1,"SVP BIC multiscale",0.25,11
"vary_k",10000,10,2,"PELT",0.00899999999990087,11
"vary_k",10000,10,2,"SVP BIC",0.237999999999943,11
"vary_k",10000,10,2,"SVP BIC calibrated",0.242999999999938,11
"vary_k",10000,10,2,"SVP BIC multiscale",0.257000000000062,11
"vary_k",10000,10,3,"PELT",0.0099999999999909,11
"vary_k",10000,10,3,"SVP BIC",0.241999999999962,11
"vary_k",10000,10,3,"SVP BIC calibrated",0.284000000000106,11
"vary_k",10000,10,3,"SVP BIC multiscale",0.376999999999953,11
"vary_k",10000,10,4,"PELT",0.0109999999999673,11
"vary_k",10000,10,4,"SVP BIC",0.243999999999915,11
"vary_k",10000,10,4,"SVP BIC calibrated",0.250999999999976,11
"vary_k",10000,10,4,"SVP BIC multiscale",0.256999999999948,11
"vary_k",10000,10,5,"PELT",0.0099999999999909,11
"vary_k",10000,10,5,"SVP BIC",0.253000000000043,11
"vary_k",10000,10,5,"SVP BIC calibrated",0.25100000000009,11
"vary_k",10000,10,5,"SVP BIC multiscale",0.264999999999986,11
"vary_k",10000,10,6,"PELT",0.0099999999999909,11
"vary_k",10000,10,6,"SVP BIC",0.244000000000028,11
"vary_k",10000,10,6,"SVP BIC calibrated",0.244000000000028,11
"vary_k",10000,10,6,"SVP BIC multiscale",0.266000000000076,11
"vary_k",10000,10,7,"PELT",0.00900000000001455,12
"vary_k",10000,10,7,"SVP BIC",0.247000000000071,11
"vary_k",10000,10,7,"SVP BIC calibrated",0.247999999999934,11
"vary_k",10000,10,7,"SVP BIC multiscale",0.253000000000043,11
"vary_k",10000,10,8,"PELT",0.0110000000000809,11
"vary_k",10000,10,8,"SVP BIC",0.242999999999938,11
"vary_k",10000,10,8,"SVP BIC calibrated",0.246000000000095,11
"vary_k",10000,10,8,"SVP BIC multiscale",0.252000000000066,11
"vary_k",10000,10,9,"PELT",0.0109999999999673,11
"vary_k",10000,10,9,"SVP BIC",0.241999999999962,11
"vary_k",10000,10,9,"SVP BIC calibrated",0.242999999999938,11
"vary_k",10000,10,9,"SVP BIC multiscale",0.246999999999957,11
"vary_k",10000,10,10,"PELT",0.0119999999999436,11
"vary_k",10000,10,10,"SVP BIC",0.238999999999919,11
"vary_k",10000,10,10,"SVP BIC calibrated",0.240999999999985,11
"vary_k",10000,10,10,"SVP BIC multiscale",0.247999999999934,11
"vary_k",10000,11,1,"PELT",0.0099999999999909,12
"vary_k",10000,11,1,"SVP BIC",0.22300000000007,12
"vary_k",10000,11,1,"SVP BIC calibrated",0.222000000000094,12
"vary_k",10000,11,1,"SVP BIC multiscale",0.235000000000014,12
"vary_k",10000,11,2,"PELT",0.00799999999992451,12
"vary_k",10000,11,2,"SVP BIC",0.226999999999975,12
"vary_k",10000,11,2,"SVP BIC calibrated",0.221000000000004,12
"vary_k",10000,11,2,"SVP BIC multiscale",0.230999999999995,12
"vary_k",10000,11,3,"PELT",0.00900000000001455,12
"vary_k",10000,11,3,"SVP BIC",0.22199999999998,12
"vary_k",10000,11,3,"SVP BIC calibrated",0.22199999999998,12
"vary_k",10000,11,3,"SVP BIC multiscale",0.225000000000023,13
"vary_k",10000,11,4,"PELT",0.0099999999999909,12
"vary_k",10000,11,4,"SVP BIC",0.225999999999999,12
"vary_k",10000,11,4,"SVP BIC calibrated",0.225999999999999,12
"vary_k",10000,11,4,"SVP BIC multiscale",0.230000000000018,12
"vary_k",10000,11,5,"PELT",0.00900000000001455,12
"vary_k",10000,11,5,"SVP BIC",0.22300000000007,12
"vary_k",10000,11,5,"SVP BIC calibrated",0.221000000000004,12
"vary_k",10000,11,5,"SVP BIC multiscale",0.225000000000023,12
"vary_k",10000,11,6,"PELT",0.0099999999999909,12
"vary_k",10000,11,6,"SVP BIC",0.22199999999998,12
"vary_k",10000,11,6,"SVP BIC calibrated",0.225999999999999,12
"vary_k",10000,11,6,"SVP BIC multiscale",0.23599999999999,12
"vary_k",10000,11,7,"PELT",0.00899999999990087,12
"vary_k",10000,11,7,"SVP BIC",0.223999999999933,12
"vary_k",10000,11,7,"SVP BIC calibrated",0.223999999999933,12
"vary_k",10000,11,7,"SVP BIC multiscale",0.239000000000033,12
"vary_k",10000,11,8,"PELT",0.0080000000000382,12
"vary_k",10000,11,8,"SVP BIC",0.227999999999952,12
"vary_k",10000,11,8,"SVP BIC calibrated",0.230000000000018,13
"vary_k",10000,11,8,"SVP BIC multiscale",0.230999999999995,13
"vary_k",10000,11,9,"PELT",0.0120000000000573,12
"vary_k",10000,11,9,"SVP BIC",0.226999999999975,12
"vary_k",10000,11,9,"SVP BIC calibrated",0.226999999999975,12
"vary_k",10000,11,9,"SVP BIC multiscale",0.228999999999928,12
"vary_k",10000,11,10,"PELT",0.00799999999992451,12
"vary_k",10000,11,10,"SVP BIC",0.228000000000065,12
"vary_k",10000,11,10,"SVP BIC calibrated",0.22300000000007,12
"vary_k",10000,11,10,"SVP BIC multiscale",0.235000000000014,12
"vary_k",10000,12,1,"PELT",0.00700000000006185,13
"vary_k",10000,12,1,"SVP BIC",0.205000000000041,13
"vary_k",10000,12,1,"SVP BIC calibrated",0.208000000000084,13
"vary_k",10000,12,1,"SVP BIC multiscale",0.210000000000036,14
"vary_k",10000,12,2,"PELT",0.00899999999990087,13
"vary_k",10000,12,2,"SVP BIC",0.20900000000006,13
"vary_k",10000,12,2,"SVP BIC calibrated",0.20799999999997,13
"vary_k",10000,12,2,"SVP BIC multiscale",0.211000000000013,13
"vary_k",10000,12,3,"PELT",0.00699999999994816,13
"vary_k",10000,12,3,"SVP BIC",0.215000000000032,13
"vary_k",10000,12,3,"SVP BIC calibrated",0.206999999999994,13
"vary_k",10000,12,3,"SVP BIC multiscale",0.211000000000013,13
"vary_k",10000,12,4,"PELT",0.0080000000000382,13
"vary_k",10000,12,4,"SVP BIC",0.20799999999997,13
"vary_k",10000,12,4,"SVP BIC calibrated",0.206999999999994,13
"vary_k",10000,12,4,"SVP BIC multiscale",0.212999999999965,13
"vary_k",10000,12,5,"PELT",0.00899999999990087,13
"vary_k",10000,12,5,"SVP BIC",0.206999999999994,13
"vary_k",10000,12,5,"SVP BIC calibrated",0.20900000000006,13
"vary_k",10000,12,5,"SVP BIC multiscale",0.214000000000055,13
"vary_k",10000,12,6,"PELT",0.00799999999992451,13
"vary_k",10000,12,6,"SVP BIC",0.212999999999965,13
"vary_k",10000,12,6,"SVP BIC calibrated",0.236999999999966,14
"vary_k",10000,12,6,"SVP BIC multiscale",0.210000000000036,14
"vary_k",10000,12,7,"PELT",0.00799999999992451,13
"vary_k",10000,12,7,"SVP BIC",0.22300000000007,13
"vary_k",10000,12,7,"SVP BIC calibrated",0.222000000000094,13
"vary_k",10000,12,7,"SVP BIC multiscale",0.220000000000027,13
"vary_k",10000,12,8,"PELT",0.00900000000001455,13
"vary_k",10000,12,8,"SVP BIC",0.206999999999994,13
"vary_k",10000,12,8,"SVP BIC calibrated",0.206000000000017,13
"vary_k",10000,12,8,"SVP BIC multiscale",0.216000000000008,13
"vary_k",10000,12,9,"PELT",0.0109999999999673,13
"vary_k",10000,12,9,"SVP BIC",0.205000000000041,13
"vary_k",10000,12,9,"SVP BIC calibrated",0.209999999999923,13
"vary_k",10000,12,9,"SVP BIC multiscale",0.211999999999989,13
"vary_k",10000,12,10,"PELT",0.00900000000001455,13
"vary_k",10000,12,10,"SVP BIC",0.209999999999923,13
"vary_k",10000,12,10,"SVP BIC calibrated",0.215000000000032,13
"vary_k",10000,12,10,"SVP BIC multiscale",0.224000000000046,13
"vary_k",10000,13,1,"PELT",0.00699999999994816,14
"vary_k",10000,13,1,"SVP BIC",0.196000000000026,14
"vary_k",10000,13,1,"SVP BIC calibrated",0.192999999999984,14
"vary_k",10000,13,1,"SVP BIC multiscale",0.19500000000005,14
"vary_k",10000,13,2,"PELT",0.0080000000000382,14
"vary_k",10000,13,2,"SVP BIC",0.194000000000074,14
"vary_k",10000,13,2,"SVP BIC calibrated",0.196000000000026,14
"vary_k",10000,13,2,"SVP BIC multiscale",0.203999999999951,14
"vary_k",10000,13,3,"PELT",0.0080000000000382,14
"vary_k",10000,13,3,"SVP BIC",0.192000000000007,14
"vary_k",10000,13,3,"SVP BIC calibrated",0.189999999999941,15
"vary_k",10000,13,3,"SVP BIC multiscale",0.19399999999996,15
"vary_k",10000,13,4,"PELT",0.0080000000000382,14
"vary_k",10000,13,4,"SVP BIC",0.192999999999984,14
"vary_k",10000,13,4,"SVP BIC calibrated",0.196000000000026,14
"vary_k",10000,13,4,"SVP BIC multiscale",0.23599999999999,14
"vary_k",10000,13,5,"PELT",0.0080000000000382,14
"vary_k",10000,13,5,"SVP BIC",0.191999999999894,14
"vary_k",10000,13,5,"SVP BIC calibrated",0.206000000000017,14
"vary_k",10000,13,5,"SVP BIC multiscale",0.201999999999998,14
"vary_k",10000,13,6,"PELT",0.0080000000000382,14
"vary_k",10000,13,6,"SVP BIC",0.192999999999984,14
"vary_k",10000,13,6,"SVP BIC calibrated",0.19399999999996,14
"vary_k",10000,13,6,"SVP BIC multiscale",0.191000000000031,15
"vary_k",10000,13,7,"PELT",0.00699999999994816,14
"vary_k",10000,13,7,"SVP BIC",0.192000000000007,14
"vary_k",10000,13,7,"SVP BIC calibrated",0.199000000000069,14
"vary_k",10000,13,7,"SVP BIC multiscale",0.196000000000026,14
"vary_k",10000,13,8,"PELT",0.00900000000001455,14
"vary_k",10000,13,8,"SVP BIC",0.19500000000005,14
"vary_k",10000,13,8,"SVP BIC calibrated",0.197000000000003,14
"vary_k",10000,13,8,"SVP BIC multiscale",0.200000000000045,14
"vary_k",10000,13,9,"PELT",0.00700000000006185,14
"vary_k",10000,13,9,"SVP BIC",0.196000000000026,14
"vary_k",10000,13,9,"SVP BIC calibrated",0.19500000000005,14
"vary_k",10000,13,9,"SVP BIC multiscale",0.197999999999979,14
"vary_k",10000,13,10,"PELT",0.00799999999992451,14
"vary_k",10000,13,10,"SVP BIC",0.19399999999996,14
"vary_k",10000,13,10,"SVP BIC calibrated",0.197000000000003,14
"vary_k",10000,13,10,"SVP BIC multiscale",0.201000000000022,14
"vary_k",10000,14,1,"PELT",0.00900000000001455,15
"vary_k",10000,14,1,"SVP BIC",0.182999999999993,15
"vary_k",10000,14,1,"SVP BIC calibrated",0.184000000000083,15
"vary_k",10000,14,1,"SVP BIC multiscale",0.187999999999988,15
"vary_k",10000,14,2,"PELT",0.00700000000006185,15
"vary_k",10000,14,2,"SVP BIC",0.177999999999997,15
"vary_k",10000,14,2,"SVP BIC calibrated",0.17999999999995,15
"vary_k",10000,14,2,"SVP BIC multiscale",0.196000000000026,15
"vary_k",10000,14,3,"PELT",0.00899999999990087,15
"vary_k",10000,14,3,"SVP BIC",0.183999999999969,15
"vary_k",10000,14,3,"SVP BIC calibrated",0.182000000000016,15
"vary_k",10000,14,3,"SVP BIC multiscale",0.182999999999993,15
"vary_k",10000,14,4,"PELT",0.00699999999994816,15
"vary_k",10000,14,4,"SVP BIC",0.177000000000021,15
"vary_k",10000,14,4,"SVP BIC calibrated",0.181999999999903,15
"vary_k",10000,14,4,"SVP BIC multiscale",0.185000000000059,15
"vary_k",10000,14,5,"PELT",0.00700000000006185,15
"vary_k",10000,14,5,"SVP BIC",0.182999999999993,15
"vary_k",10000,14,5,"SVP BIC calibrated",0.180000000000064,15
"vary_k",10000,14,5,"SVP BIC multiscale",0.182000000000016,15
"vary_k",10000,14,6,"PELT",0.00699999999994816,15
"vary_k",10000,14,6,"SVP BIC",0.179000000000087,15
"vary_k",10000,14,6,"SVP BIC calibrated",0.179000000000087,15
"vary_k",10000,14,6,"SVP BIC multiscale",0.17999999999995,15
"vary_k",10000,14,7,"PELT",0.0080000000000382,15
"vary_k",10000,14,7,"SVP BIC",0.182000000000016,15
"vary_k",10000,14,7,"SVP BIC calibrated",0.182000000000016,15
"vary_k",10000,14,7,"SVP BIC multiscale",0.187999999999988,15
"vary_k",10000,14,8,"PELT",0.00699999999994816,15
"vary_k",10000,14,8,"SVP BIC",0.177999999999997,15
"vary_k",10000,14,8,"SVP BIC calibrated",0.17999999999995,15
"vary_k",10000,14,8,"SVP BIC multiscale",0.182999999999993,15
"vary_k",10000,14,9,"PELT",0.0080000000000382,15
"vary_k",10000,14,9,"SVP BIC",0.178999999999974,15
"vary_k",10000,14,9,"SVP BIC calibrated",0.181999999999903,15
"vary_k",10000,14,9,"SVP BIC multiscale",0.184000000000083,15
"vary_k",10000,14,10,"PELT",0.0080000000000382,15
"vary_k",10000,14,10,"SVP BIC",0.183000000000106,15
"vary_k",10000,14,10,"SVP BIC calibrated",0.185000000000059,15
"vary_k",10000,14,10,"SVP BIC multiscale",0.184999999999945,15
"vary_k",10000,15,1,"PELT",0.00699999999994816,16
"vary_k",10000,15,1,"SVP BIC",0.171000000000049,16
"vary_k",10000,15,1,"SVP BIC calibrated",0.169000000000096,16
"vary_k",10000,15,1,"SVP BIC multiscale",0.176000000000045,16
"vary_k",10000,15,2,"PELT",0.00600000000008549,16
"vary_k",10000,15,2,"SVP BIC",0.168999999999983,16
"vary_k",10000,15,2,"SVP BIC calibrated",0.169000000000096,16
"vary_k",10000,15,2,"SVP BIC multiscale",0.172000000000025,16
"vary_k",10000,15,3,"PELT",0.00699999999994816,16
"vary_k",10000,15,3,"SVP BIC",0.172000000000025,16
"vary_k",10000,15,3,"SVP BIC calibrated",0.169999999999959,16
"vary_k",10000,15,3,"SVP BIC multiscale",0.16599999999994,17
"vary_k",10000,15,4,"PELT",0.0080000000000382,16
"vary_k",10000,15,4,"SVP BIC",0.168000000000006,16
"vary_k",10000,15,4,"SVP BIC calibrated",0.164000000000101,17
"vary_k",10000,15,4,"SVP BIC multiscale",0.166999999999916,17
"vary_k",10000,15,5,"PELT",0.00799999999992451,16
"vary_k",10000,15,5,"SVP BIC",0.172000000000025,16
"vary_k",10000,15,5,"SVP BIC calibrated",0.168999999999983,16
"vary_k",10000,15,5,"SVP BIC multiscale",0.173999999999978,17
"vary_k",10000,15,6,"PELT",0.00599999999997181,16
"vary_k",10000,15,6,"SVP BIC",0.168000000000006,16
"vary_k",10000,15,6,"SVP BIC calibrated",0.168999999999983,16
"vary_k",10000,15,6,"SVP BIC multiscale",0.169999999999959,16
"vary_k",10000,15,7,"PELT",0.00799999999992451,16
"vary_k",10000,15,7,"SVP BIC",0.169999999999959,16
"vary_k",10000,15,7,"SVP BIC calibrated",0.168999999999983,16
"vary_k",10000,15,7,"SVP BIC multiscale",0.171999999999912,16
"vary_k",10000,15,8,"PELT",0.00700000000006185,16
"vary_k",10000,15,8,"SVP BIC",0.170999999999935,16
"vary_k",10000,15,8,"SVP BIC calibrated",0.172000000000025,16
"vary_k",10000,15,8,"SVP BIC multiscale",0.172000000000025,16
"vary_k",10000,15,9,"PELT",0.00699999999994816,16
"vary_k",10000,15,9,"SVP BIC",0.169999999999959,16
"vary_k",10000,15,9,"SVP BIC calibrated",0.169999999999959,16
"vary_k",10000,15,9,"SVP BIC multiscale",0.173000000000002,16
"vary_k",10000,15,10,"PELT",0.00900000000001455,16
"vary_k",10000,15,10,"SVP BIC",0.171000000000049,16
"vary_k",10000,15,10,"SVP BIC calibrated",0.171000000000049,16
"vary_k",10000,15,10,"SVP BIC multiscale",0.171000000000049,16
"vary_k",10000,16,1,"PELT",0.00700000000006185,17
"vary_k",10000,16,1,"SVP BIC",0.161000000000058,17
"vary_k",10000,16,1,"SVP BIC calibrated",0.159999999999968,17
"vary_k",10000,16,1,"SVP BIC multiscale",0.163000000000011,17
"vary_k",10000,16,2,"PELT",0.0080000000000382,17
"vary_k",10000,16,2,"SVP BIC",0.161000000000058,17
"vary_k",10000,16,2,"SVP BIC calibrated",0.160999999999945,17
"vary_k",10000,16,2,"SVP BIC multiscale",0.156999999999925,18
"vary_k",10000,16,3,"PELT",0.00599999999997181,18
"vary_k",10000,16,3,"SVP BIC",0.161999999999921,17
"vary_k",10000,16,3,"SVP BIC calibrated",0.161000000000058,17
"vary_k",10000,16,3,"SVP BIC multiscale",0.163000000000011,17
"vary_k",10000,16,4,"PELT",0.00700000000006185,17
"vary_k",10000,16,4,"SVP BIC",0.158999999999992,17
"vary_k",10000,16,4,"SVP BIC calibrated",0.160000000000082,17
"vary_k",10000,16,4,"SVP BIC multiscale",0.163999999999987,17
"vary_k",10000,16,5,"PELT",0.0080000000000382,17
"vary_k",10000,16,5,"SVP BIC",0.159999999999968,17
"vary_k",10000,16,5,"SVP BIC calibrated",0.160999999999945,17
"vary_k",10000,16,5,"SVP BIC multiscale",0.163999999999987,17
"vary_k",10000,16,6,"PELT",0.0080000000000382,17
"vary_k",10000,16,6,"SVP BIC",0.163000000000011,17
"vary_k",10000,16,6,"SVP BIC calibrated",0.160000000000082,17
"vary_k",10000,16,6,"SVP BIC multiscale",0.166000000000054,17
"vary_k",10000,16,7,"PELT",0.00699999999994816,17
"vary_k",10000,16,7,"SVP BIC",0.164999999999964,17
"vary_k",10000,16,7,"SVP BIC calibrated",0.163999999999987,17
"vary_k",10000,16,7,"SVP BIC multiscale",0.16700000000003,17
"vary_k",10000,16,8,"PELT",0.00799999999992451,17
"vary_k",10000,16,8,"SVP BIC",0.163999999999987,17
"vary_k",10000,16,8,"SVP BIC calibrated",0.162000000000035,17
"vary_k",10000,16,8,"SVP BIC multiscale",0.163000000000011,17
"vary_k",10000,16,9,"PELT",0.00599999999997181,17
"vary_k",10000,16,9,"SVP BIC",0.160999999999945,17
"vary_k",10000,16,9,"SVP BIC calibrated",0.160999999999945,17
"vary_k",10000,16,9,"SVP BIC multiscale",0.165000000000077,17
"vary_k",10000,16,10,"PELT",0.00700000000006185,17
"vary_k",10000,16,10,"SVP BIC",0.165000000000077,17
"vary_k",10000,16,10,"SVP BIC calibrated",0.163000000000011,17
"vary_k",10000,16,10,"SVP BIC multiscale",0.166000000000054,17
"vary_k",10000,17,1,"PELT",0.00599999999997181,18
"vary_k",10000,17,1,"SVP BIC",0.152000000000044,18
"vary_k",10000,17,1,"SVP BIC calibrated",0.153999999999996,18
"vary_k",10000,17,1,"SVP BIC multiscale",0.15300000000002,18
"vary_k",10000,17,2,"PELT",0.00599999999997181,18
"vary_k",10000,17,2,"SVP BIC",0.15199999999993,18
"vary_k",10000,17,2,"SVP BIC calibrated",0.152000000000044,18
"vary_k",10000,17,2,"SVP BIC multiscale",0.156999999999925,18
"vary_k",10000,17,3,"PELT",0.0099999999999909,18
"vary_k",10000,17,3,"SVP BIC",0.15300000000002,18
"vary_k",10000,17,3,"SVP BIC calibrated",0.153999999999996,18
"vary_k",10000,17,3,"SVP BIC multiscale",0.157000000000039,18
"vary_k",10000,17,4,"PELT",0.00599999999997181,18
"vary_k",10000,17,4,"SVP BIC",0.153999999999996,18
"vary_k",10000,17,4,"SVP BIC calibrated",0.155999999999949,18
"vary_k",10000,17,4,"SVP BIC multiscale",0.156000000000063,18
"vary_k",10000,17,5,"PELT",0.00600000000008549,18
"vary_k",10000,17,5,"SVP BIC",0.151000000000067,18
"vary_k",10000,17,5,"SVP BIC calibrated",0.15300000000002,18
"vary_k",10000,17,5,"SVP BIC multiscale",0.156000000000063,18
"vary_k",10000,17,6,"PELT",0.00699999999994816,18
"vary_k",10000,17,6,"SVP BIC",0.154999999999973,18
"vary_k",10000,17,6,"SVP BIC calibrated",0.152000000000044,18
"vary_k",10000,17,6,"SVP BIC multiscale",0.155999999999949,18
"vary_k",10000,17,7,"PELT",0.00699999999994816,18
"vary_k",10000,17,7,"SVP BIC",0.15199999999993,18
"vary_k",10000,17,7,"SVP BIC calibrated",0.150999999999954,18
"vary_k",10000,17,7,"SVP BIC multiscale",0.15199999999993,18
"vary_k",10000,17,8,"PELT",0.0080000000000382,18
"vary_k",10000,17,8,"SVP BIC",0.15300000000002,18
"vary_k",10000,17,8,"SVP BIC calibrated",0.152999999999906,18
"vary_k",10000,17,8,"SVP BIC multiscale",0.156000000000063,18
"vary_k",10000,17,9,"PELT",0.00599999999997181,18
"vary_k",10000,17,9,"SVP BIC",0.153999999999996,18
"vary_k",10000,17,9,"SVP BIC calibrated",0.152999999999906,18
"vary_k",10000,17,9,"SVP BIC multiscale",0.155999999999949,18
"vary_k",10000,17,10,"PELT",0.00599999999997181,18
"vary_k",10000,17,10,"SVP BIC",0.153999999999996,18
"vary_k",10000,17,10,"SVP BIC calibrated",0.151999999999816,18
"vary_k",10000,17,10,"SVP BIC multiscale",0.154999999999973,18
"vary_k",10000,18,1,"PELT",0.0080000000000382,19
"vary_k",10000,18,1,"SVP BIC",0.145999999999958,19
"vary_k",10000,18,1,"SVP BIC calibrated",0.144999999999982,19
"vary_k",10000,18,1,"SVP BIC multiscale",0.146999999999935,19
"vary_k",10000,18,2,"PELT",0.00499999999988177,19
"vary_k",10000,18,2,"SVP BIC",0.145999999999958,19
"vary_k",10000,18,2,"SVP BIC calibrated",0.144999999999982,19
"vary_k",10000,18,2,"SVP BIC multiscale",0.146999999999935,19
"vary_k",10000,18,3,"PELT",0.00599999999985812,19
"vary_k",10000,18,3,"SVP BIC",0.143000000000029,19
"vary_k",10000,18,3,"SVP BIC calibrated",0.143000000000029,19
"vary_k",10000,18,3,"SVP BIC multiscale",0.144000000000005,19
"vary_k",10000,18,4,"PELT",0.00600000000008549,19
"vary_k",10000,18,4,"SVP BIC",0.143000000000029,19
"vary_k",10000,18,4,"SVP BIC calibrated",0.144999999999982,19
"vary_k",10000,18,4,"SVP BIC multiscale",0.144999999999982,19
"vary_k",10000,18,5,"PELT",0.00700000000006185,19
"vary_k",10000,18,5,"SVP BIC",0.146999999999935,19
"vary_k",10000,18,5,"SVP BIC calibrated",0.144999999999982,19
"vary_k",10000,18,5,"SVP BIC multiscale",0.148999999999887,19
"vary_k",10000,18,6,"PELT",0.00599999999985812,19
"vary_k",10000,18,6,"SVP BIC",0.145999999999958,19
"vary_k",10000,18,6,"SVP BIC calibrated",0.146000000000186,19
"vary_k",10000,18,6,"SVP BIC multiscale",0.144000000000005,19
"vary_k",10000,18,7,"PELT",0.00600000000008549,19
"vary_k",10000,18,7,"SVP BIC",0.145999999999958,19
"vary_k",10000,18,7,"SVP BIC calibrated",0.146999999999935,19
"vary_k",10000,18,7,"SVP BIC multiscale",0.144999999999982,20
"vary_k",10000,18,8,"PELT",0.00799999999981083,19
"vary_k",10000,18,8,"SVP BIC",0.144999999999982,19
"vary_k",10000,18,8,"SVP BIC calibrated",0.145999999999958,19
"vary_k",10000,18,8,"SVP BIC multiscale",0.145999999999958,19
"vary_k",10000,18,9,"PELT",0.00600000000008549,19
"vary_k",10000,18,9,"SVP BIC",0.144000000000005,19
"vary_k",10000,18,9,"SVP BIC calibrated",0.144000000000005,19
"vary_k",10000,18,9,"SVP BIC multiscale",0.144000000000005,19
"vary_k",10000,18,10,"PELT",0.00499999999988177,19
"vary_k",10000,18,10,"SVP BIC",0.144999999999982,19
"vary_k",10000,18,10,"SVP BIC calibrated",0.144999999999982,19
"vary_k",10000,18,10,"SVP BIC multiscale",0.147000000000162,19
"vary_k",10000,19,1,"PELT",0.00500000000010914,20
"vary_k",10000,19,1,"SVP BIC",0.138999999999896,20
"vary_k",10000,19,1,"SVP BIC calibrated",0.141999999999825,20
"vary_k",10000,19,1,"SVP BIC multiscale",0.143000000000029,20
"vary_k",10000,19,2,"PELT",0.00600000000008549,20
"vary_k",10000,19,2,"SVP BIC",0.137000000000171,20
"vary_k",10000,19,2,"SVP BIC calibrated",0.138999999999896,20
"vary_k",10000,19,2,"SVP BIC multiscale",0.136999999999944,21
"vary_k",10000,19,3,"PELT",0.00599999999985812,20
"vary_k",10000,19,3,"SVP BIC",0.13799999999992,20
"vary_k",10000,19,3,"SVP BIC calibrated",0.139000000000124,20
"vary_k",10000,19,3,"SVP BIC multiscale",0.141000000000076,20
"vary_k",10000,19,4,"PELT",0.00700000000006185,20
"vary_k",10000,19,4,"SVP BIC",0.138999999999896,20
"vary_k",10000,19,4,"SVP BIC calibrated",0.139999999999873,20
"vary_k",10000,19,4,"SVP BIC multiscale",0.141999999999825,20
"vary_k",10000,19,5,"PELT",0.00600000000008549,20
"vary_k",10000,19,5,"SVP BIC",0.1400000000001,20
"vary_k",10000,19,5,"SVP BIC calibrated",0.138999999999896,20
"vary_k",10000,19,5,"SVP BIC multiscale",0.142000000000053,20
"vary_k",10000,19,6,"PELT",0.00499999999988177,20
"vary_k",10000,19,6,"SVP BIC",0.136999999999944,20
"vary_k",10000,19,6,"SVP BIC calibrated",0.136999999999944,20
"vary_k",10000,19,6,"SVP BIC multiscale",0.136999999999944,21
"vary_k",10000,19,7,"PELT",0.00600000000008549,20
"vary_k",10000,19,7,"SVP BIC",0.13799999999992,20
"vary_k",10000,19,7,"SVP BIC calibrated",0.138000000000147,20
"vary_k",10000,19,7,"SVP BIC multiscale",0.141000000000076,20
"vary_k",10000,19,8,"PELT",0.00900000000001455,20
"vary_k",10000,19,8,"SVP BIC",0.139000000000124,20
"vary_k",10000,19,8,"SVP BIC calibrated",0.13799999999992,20
"vary_k",10000,19,8,"SVP BIC multiscale",0.139999999999873,20
"vary_k",10000,19,9,"PELT",0.00499999999988177,20
"vary_k",10000,19,9,"SVP BIC",0.142000000000053,20
"vary_k",10000,19,9,"SVP BIC calibrated",0.141000000000076,20
"vary_k",10000,19,9,"SVP BIC multiscale",0.141000000000076,20
"vary_k",10000,19,10,"PELT",0.00600000000008549,20
"vary_k",10000,19,10,"SVP BIC",0.137000000000171,20
"vary_k",10000,19,10,"SVP BIC calibrated",0.13799999999992,20
"vary_k",10000,19,10,"SVP BIC multiscale",0.138999999999896,20
"vary_k",10000,20,1,"PELT",0.00499999999988177,21
"vary_k",10000,20,1,"SVP BIC",0.133999999999787,21
"vary_k",10000,20,1,"SVP BIC calibrated",0.132000000000062,21
"vary_k",10000,20,1,"SVP BIC multiscale",0.131999999999834,22
"vary_k",10000,20,2,"PELT",0.00599999999985812,21
"vary_k",10000,20,2,"SVP BIC",0.131999999999834,21
"vary_k",10000,20,2,"SVP BIC calibrated",0.13799999999992,21
"vary_k",10000,20,2,"SVP BIC multiscale",0.134000000000015,21
"vary_k",10000,20,3,"PELT",0.00499999999988177,21
"vary_k",10000,20,3,"SVP BIC",0.134999999999991,21
"vary_k",10000,20,3,"SVP BIC calibrated",0.132000000000062,21
"vary_k",10000,20,3,"SVP BIC multiscale",0.134999999999991,21
"vary_k",10000,20,4,"PELT",0.00600000000008549,21
"vary_k",10000,20,4,"SVP BIC",0.133000000000038,21
"vary_k",10000,20,4,"SVP BIC calibrated",0.130000000000109,21
"vary_k",10000,20,4,"SVP BIC multiscale",0.132000000000062,22
"vary_k",10000,20,5,"PELT",0.0080000000000382,21
"vary_k",10000,20,5,"SVP BIC",0.132000000000062,21
"vary_k",10000,20,5,"SVP BIC calibrated",0.130000000000109,21
"vary_k",10000,20,5,"SVP BIC multiscale",0.131999999999834,22
"vary_k",10000,20,6,"PELT",0.00599999999985812,21
"vary_k",10000,20,6,"SVP BIC",0.136999999999944,21
"vary_k",10000,20,6,"SVP BIC calibrated",0.135999999999967,21
"vary_k",10000,20,6,"SVP BIC multiscale",0.136000000000195,21
"vary_k",10000,20,7,"PELT",0.00499999999988177,21
"vary_k",10000,20,7,"SVP BIC",0.134999999999991,21
"vary_k",10000,20,7,"SVP BIC calibrated",0.134000000000015,21
"vary_k",10000,20,7,"SVP BIC multiscale",0.132000000000062,21
"vary_k",10000,20,8,"PELT",0.00700000000006185,21
"vary_k",10000,20,8,"SVP BIC",0.135999999999967,21
"vary_k",10000,20,8,"SVP BIC calibrated",0.136999999999944,21
"vary_k",10000,20,8,"SVP BIC multiscale",0.134999999999991,22
"vary_k",10000,20,9,"PELT",0.00499999999988177,22
"vary_k",10000,20,9,"SVP BIC",0.135999999999967,21
"vary_k",10000,20,9,"SVP BIC calibrated",0.134000000000015,22
"vary_k",10000,20,9,"SVP BIC multiscale",0.1400000000001,22
"vary_k",10000,20,10,"PELT",0.00600000000008549,21
"vary_k",10000,20,10,"SVP BIC",0.135999999999967,21
"vary_k",10000,20,10,"SVP BIC calibrated",0.134999999999991,21
"vary_k",10000,20,10,"SVP BIC multiscale",0.136999999999944,21
"vary_k",10000,21,1,"PELT",0.00600000000008549,22
"vary_k",10000,21,1,"SVP BIC",0.131000000000085,22
"vary_k",10000,21,1,"SVP BIC calibrated",0.131000000000085,22
"vary_k",10000,21,1,"SVP BIC multiscale",0.132000000000062,22
"vary_k",10000,21,2,"PELT",0.00600000000008549,22
"vary_k",10000,21,2,"SVP BIC",0.129999999999882,22
"vary_k",10000,21,2,"SVP BIC calibrated",0.134000000000015,22
"vary_k",10000,21,2,"SVP BIC multiscale",0.129000000000133,23
"vary_k",10000,21,3,"PELT",0.00499999999988177,22
"vary_k",10000,21,3,"SVP BIC",0.135000000000218,22
"vary_k",10000,21,3,"SVP BIC calibrated",0.137000000000171,22
"vary_k",10000,21,3,"SVP BIC multiscale",0.133000000000038,22
"vary_k",10000,21,4,"PELT",0.00500000000010914,22
"vary_k",10000,21,4,"SVP BIC",0.131000000000085,22
"vary_k",10000,21,4,"SVP BIC calibrated",0.129000000000133,22
"vary_k",10000,21,4,"SVP BIC multiscale",0.132000000000062,22
"vary_k",10000,21,5,"PELT",0.00500000000010914,22
"vary_k",10000,21,5,"SVP BIC",0.128999999999905,22
"vary_k",10000,21,5,"SVP BIC calibrated",0.129999999999882,22
"vary_k",10000,21,5,"SVP BIC multiscale",0.132000000000062,22
"vary_k",10000,21,6,"PELT",0.00600000000008549,22
"vary_k",10000,21,6,"SVP BIC",0.131000000000085,22
"vary_k",10000,21,6,"SVP BIC calibrated",0.128000000000156,22
"vary_k",10000,21,6,"SVP BIC multiscale",0.129999999999882,22
"vary_k",10000,21,7,"PELT",0.00500000000010914,22
"vary_k",10000,21,7,"SVP BIC",0.129000000000133,22
"vary_k",10000,21,7,"SVP BIC calibrated",0.128999999999905,22
"vary_k",10000,21,7,"SVP BIC multiscale",0.129999999999882,22
"vary_k",10000,21,8,"PELT",0.00600000000008549,22
"vary_k",10000,21,8,"SVP BIC",0.131000000000085,22
"vary_k",10000,21,8,"SVP BIC calibrated",0.131000000000085,22
"vary_k",10000,21,8,"SVP BIC multiscale",0.132000000000062,22
"vary_k",10000,21,9,"PELT",0.00600000000008549,22
"vary_k",10000,21,9,"SVP BIC",0.133000000000038,22
"vary_k",10000,21,9,"SVP BIC calibrated",0.131000000000085,22
"vary_k",10000,21,9,"SVP BIC multiscale",0.134000000000015,22
"vary_k",10000,21,10,"PELT",0.00500000000010914,22
"vary_k",10000,21,10,"SVP BIC",0.129999999999882,22
"vary_k",10000,21,10,"SVP BIC calibrated",0.131999999999834,22
"vary_k",10000,21,10,"SVP BIC multiscale",0.130999999999858,22
"vary_k",10000,22,1,"PELT",0.00400000000013279,23
"vary_k",10000,22,1,"SVP BIC",0.126999999999953,23
"vary_k",10000,22,1,"SVP BIC calibrated",0.126999999999953,23
"vary_k",10000,22,1,"SVP BIC multiscale",0.124000000000024,24
"vary_k",10000,22,2,"PELT",0.00499999999988177,23
"vary_k",10000,22,2,"SVP BIC",0.125999999999976,23
"vary_k",10000,22,2,"SVP BIC calibrated",0.132000000000062,23
"vary_k",10000,22,2,"SVP BIC multiscale",0.126999999999953,23
"vary_k",10000,22,3,"PELT",0.00499999999988177,23
"vary_k",10000,22,3,"SVP BIC",0.125999999999976,23
"vary_k",10000,22,3,"SVP BIC calibrated",0.125999999999976,23
"vary_k",10000,22,3,"SVP BIC multiscale",0.126999999999953,23
"vary_k",10000,22,4,"PELT",0.00400000000013279,23
"vary_k",10000,22,4,"SVP BIC",0.127999999999929,23
"vary_k",10000,22,4,"SVP BIC calibrated",0.125999999999976,23
"vary_k",10000,22,4,"SVP BIC multiscale",0.125,23
"vary_k",10000,22,5,"PELT",0.00399999999990541,23
"vary_k",10000,22,5,"SVP BIC",0.128000000000156,23
"vary_k",10000,22,5,"SVP BIC calibrated",0.126000000000204,23
"vary_k",10000,22,5,"SVP BIC multiscale",0.126999999999953,23
"vary_k",10000,22,6,"PELT",0.00500000000010914,23
"vary_k",10000,22,6,"SVP BIC",0.125,23
"vary_k",10000,22,6,"SVP BIC calibrated",0.125,23
"vary_k",10000,22,6,"SVP BIC multiscale",0.125999999999976,23
"vary_k",10000,22,7,"PELT",0.00600000000008549,23
"vary_k",10000,22,7,"SVP BIC",0.124000000000024,23
"vary_k",10000,22,7,"SVP BIC calibrated",0.125999999999976,23
"vary_k",10000,22,7,"SVP BIC multiscale",0.125,23
"vary_k",10000,22,8,"PELT",0.00499999999988177,23
"vary_k",10000,22,8,"SVP BIC",0.125999999999976,23
"vary_k",10000,22,8,"SVP BIC calibrated",0.126999999999953,23
"vary_k",10000,22,8,"SVP BIC multiscale",0.128000000000156,23
"vary_k",10000,22,9,"PELT",0.00600000000008549,24
"vary_k",10000,22,9,"SVP BIC",0.125,23
"vary_k",10000,22,9,"SVP BIC calibrated",0.126999999999953,23
"vary_k",10000,22,9,"SVP BIC multiscale",0.124000000000024,23
"vary_k",10000,22,10,"PELT",0.00500000000010914,23
"vary_k",10000,22,10,"SVP BIC",0.125999999999976,23
"vary_k",10000,22,10,"SVP BIC calibrated",0.125,23
"vary_k",10000,22,10,"SVP BIC multiscale",0.125,23
"vary_k",10000,23,1,"PELT",0.00600000000008549,24
"vary_k",10000,23,1,"SVP BIC",0.116999999999962,24
"vary_k",10000,23,1,"SVP BIC calibrated",0.116999999999962,24
"vary_k",10000,23,1,"SVP BIC multiscale",0.119999999999891,24
"vary_k",10000,23,2,"PELT",0.00500000000010914,24
"vary_k",10000,23,2,"SVP BIC",0.127999999999929,24
"vary_k",10000,23,2,"SVP BIC calibrated",0.131000000000085,24
"vary_k",10000,23,2,"SVP BIC multiscale",0.127999999999929,24
"vary_k",10000,23,3,"PELT",0.00499999999988177,24
"vary_k",10000,23,3,"SVP BIC",0.118999999999915,24
"vary_k",10000,23,3,"SVP BIC calibrated",0.121000000000095,24
"vary_k",10000,23,3,"SVP BIC multiscale",0.122000000000071,24
"vary_k",10000,23,4,"PELT",0.00500000000010914,24
"vary_k",10000,23,4,"SVP BIC",0.143000000000029,24
"vary_k",10000,23,4,"SVP BIC calibrated",0.118999999999915,24
"vary_k",10000,23,4,"SVP BIC multiscale",0.125999999999976,24
"vary_k",10000,23,5,"PELT",0.00499999999988177,24
"vary_k",10000,23,5,"SVP BIC",0.118999999999915,24
"vary_k",10000,23,5,"SVP BIC calibrated",0.117999999999938,24
"vary_k",10000,23,5,"SVP BIC multiscale",0.119000000000142,24
"vary_k",10000,23,6,"PELT",0.00500000000010914,24
"vary_k",10000,23,6,"SVP BIC",0.117999999999938,24
"vary_k",10000,23,6,"SVP BIC calibrated",0.118999999999915,24
"vary_k",10000,23,6,"SVP BIC multiscale",0.118999999999915,24
"vary_k",10000,23,7,"PELT",0.00499999999988177,24
"vary_k",10000,23,7,"SVP BIC",0.118000000000166,24
"vary_k",10000,23,7,"SVP BIC calibrated",0.120000000000118,24
"vary_k",10000,23,7,"SVP BIC multiscale",0.117999999999938,24
"vary_k",10000,23,8,"PELT",0.00699999999983447,24
"vary_k",10000,23,8,"SVP BIC",0.116999999999962,24
"vary_k",10000,23,8,"SVP BIC calibrated",0.116999999999962,24
"vary_k",10000,23,8,"SVP BIC multiscale",0.118999999999915,24
"vary_k",10000,23,9,"PELT",0.00699999999983447,24
"vary_k",10000,23,9,"SVP BIC",0.119999999999891,24
"vary_k",10000,23,9,"SVP BIC calibrated",0.133000000000038,24
"vary_k",10000,23,9,"SVP BIC multiscale",0.115999999999985,25
"vary_k",10000,23,10,"PELT",0.00600000000008549,24
"vary_k",10000,23,10,"SVP BIC",0.118999999999915,24
"vary_k",10000,23,10,"SVP BIC calibrated",0.137000000000171,24
"vary_k",10000,23,10,"SVP BIC multiscale",0.124000000000024,24
"vary_k",10000,24,1,"PELT",0.00500000000010914,25
"vary_k",10000,24,1,"SVP BIC",0.115000000000009,25
"vary_k",10000,24,1,"SVP BIC calibrated",0.114000000000033,25
"vary_k",10000,24,1,"SVP BIC multiscale",0.114000000000033,25
"vary_k",10000,24,2,"PELT",0.00500000000010914,25
"vary_k",10000,24,2,"SVP BIC",0.11200000000008,25
"vary_k",10000,24,2,"SVP BIC calibrated",0.11200000000008,25
"vary_k",10000,24,2,"SVP BIC multiscale",0.115000000000009,25
"vary_k",10000,24,3,"PELT",0.00400000000013279,25
"vary_k",10000,24,3,"SVP BIC",0.113000000000056,25
"vary_k",10000,24,3,"SVP BIC calibrated",0.115000000000009,25
"vary_k",10000,24,3,"SVP BIC multiscale",0.113000000000056,25
"vary_k",10000,24,4,"PELT",0.00500000000010914,25
"vary_k",10000,24,4,"SVP BIC",0.115000000000009,25
"vary_k",10000,24,4,"SVP BIC calibrated",0.111999999999853,25
"vary_k",10000,24,4,"SVP BIC multiscale",0.114000000000033,25
"vary_k",10000,24,5,"PELT",0.00499999999988177,25
"vary_k",10000,24,5,"SVP BIC",0.115000000000009,25
"vary_k",10000,24,5,"SVP BIC calibrated",0.114000000000033,25
"vary_k",10000,24,5,"SVP BIC multiscale",0.114000000000033,25
"vary_k",10000,24,6,"PELT",0.00400000000013279,25
"vary_k",10000,24,6,"SVP BIC",0.11200000000008,25
"vary_k",10000,24,6,"SVP BIC calibrated",0.113000000000056,25
"vary_k",10000,24,6,"SVP BIC multiscale",0.11200000000008,25
"vary_k",10000,24,7,"PELT",0.00500000000010914,25
"vary_k",10000,24,7,"SVP BIC",0.11200000000008,25
"vary_k",10000,24,7,"SVP BIC calibrated",0.111999999999853,25
"vary_k",10000,24,7,"SVP BIC multiscale",0.111999999999853,25
"vary_k",10000,24,8,"PELT",0.00499999999988177,25
"vary_k",10000,24,8,"SVP BIC",0.114000000000033,25
"vary_k",10000,24,8,"SVP BIC calibrated",0.113000000000056,25
"vary_k",10000,24,8,"SVP BIC multiscale",0.114000000000033,25
"vary_k",10000,24,9,"PELT",0.00499999999988177,25
"vary_k",10000,24,9,"SVP BIC",0.120000000000118,25
"vary_k",10000,24,9,"SVP BIC calibrated",0.110999999999876,25
"vary_k",10000,24,9,"SVP BIC multiscale",0.110999999999876,25
"vary_k",10000,24,10,"PELT",0.00599999999985812,25
"vary_k",10000,24,10,"SVP BIC",0.113000000000056,25
"vary_k",10000,24,10,"SVP BIC calibrated",0.11200000000008,25
"vary_k",10000,24,10,"SVP BIC multiscale",0.11200000000008,25
"vary_k",10000,25,1,"PELT",0.00500000000010914,26
"vary_k",10000,25,1,"SVP BIC",0.108999999999924,26
"vary_k",10000,25,1,"SVP BIC calibrated",0.109000000000151,26
"vary_k",10000,25,1,"SVP BIC multiscale",0.1099999999999,26
"vary_k",10000,25,2,"PELT",0.00499999999988177,26
"vary_k",10000,25,2,"SVP BIC",0.1099999999999,26
"vary_k",10000,25,2,"SVP BIC calibrated",0.111000000000104,26
"vary_k",10000,25,2,"SVP BIC multiscale",0.106999999999971,26
"vary_k",10000,25,3,"PELT",0.00499999999988177,26
"vary_k",10000,25,3,"SVP BIC",0.108999999999924,26
"vary_k",10000,25,3,"SVP BIC calibrated",0.109000000000151,26
"vary_k",10000,25,3,"SVP BIC multiscale",0.111000000000104,26
"vary_k",10000,25,4,"PELT",0.00500000000010914,26
"vary_k",10000,25,4,"SVP BIC",0.115000000000009,26
"vary_k",10000,25,4,"SVP BIC calibrated",0.118999999999915,26
"vary_k",10000,25,4,"SVP BIC multiscale",0.110999999999876,27
"vary_k",10000,25,5,"PELT",0.00399999999990541,26
"vary_k",10000,25,5,"SVP BIC",0.111000000000104,26
"vary_k",10000,25,5,"SVP BIC calibrated",0.107999999999947,26
"vary_k",10000,25,5,"SVP BIC multiscale",0.107999999999947,26
"vary_k",10000,25,6,"PELT",0.00499999999988177,26
"vary_k",10000,25,6,"SVP BIC",0.109000000000151,26
"vary_k",10000,25,6,"SVP BIC calibrated",0.111000000000104,26
"vary_k",10000,25,6,"SVP BIC multiscale",0.110999999999876,26
"vary_k",10000,25,7,"PELT",0.00499999999988177,26
"vary_k",10000,25,7,"SVP BIC",0.110999999999876,26
"vary_k",10000,25,7,"SVP BIC calibrated",0.110999999999876,26
"vary_k",10000,25,7,"SVP BIC multiscale",0.110999999999876,26
"vary_k",10000,25,8,"PELT",0.00499999999988177,26
"vary_k",10000,25,8,"SVP BIC",0.110999999999876,26
"vary_k",10000,25,8,"SVP BIC calibrated",0.1099999999999,26
"vary_k",10000,25,8,"SVP BIC multiscale",0.110000000000127,26
"vary_k",10000,25,9,"PELT",0.00500000000010914,26
"vary_k",10000,25,9,"SVP BIC",0.1099999999999,26
"vary_k",10000,25,9,"SVP BIC calibrated",0.110999999999876,26
"vary_k",10000,25,9,"SVP BIC multiscale",0.1099999999999,26
"vary_k",10000,25,10,"PELT",0.00399999999990541,26
"vary_k",10000,25,10,"SVP BIC",0.110000000000127,26
"vary_k",10000,25,10,"SVP BIC calibrated",0.1099999999999,26
"vary_k",10000,25,10,"SVP BIC multiscale",0.107999999999947,26
"vary_k",10000,26,1,"PELT",0.00400000000013279,27
"vary_k",10000,26,1,"SVP BIC",0.107999999999947,27
"vary_k",10000,26,1,"SVP BIC calibrated",0.105999999999995,27
"vary_k",10000,26,1,"SVP BIC multiscale",0.106999999999971,28
"vary_k",10000,26,2,"PELT",0.00600000000008549,27
"vary_k",10000,26,2,"SVP BIC",0.105999999999995,27
"vary_k",10000,26,2,"SVP BIC calibrated",0.101999999999862,27
"vary_k",10000,26,2,"SVP BIC multiscale",0.103999999999814,27
"vary_k",10000,26,3,"PELT",0.00499999999988177,27
"vary_k",10000,26,3,"SVP BIC",0.105000000000018,27
"vary_k",10000,26,3,"SVP BIC calibrated",0.105000000000018,27
"vary_k",10000,26,3,"SVP BIC multiscale",0.105999999999995,27
"vary_k",10000,26,4,"PELT",0.00500000000010914,27
"vary_k",10000,26,4,"SVP BIC",0.105000000000018,27
"vary_k",10000,26,4,"SVP BIC calibrated",0.105000000000018,27
"vary_k",10000,26,4,"SVP BIC multiscale",0.105000000000018,28
"vary_k",10000,26,5,"PELT",0.00499999999988177,27
"vary_k",10000,26,5,"SVP BIC",0.103999999999814,27
"vary_k",10000,26,5,"SVP BIC calibrated",0.105999999999995,27
"vary_k",10000,26,5,"SVP BIC multiscale",0.109000000000151,27
"vary_k",10000,26,6,"PELT",0.00600000000008549,27
"vary_k",10000,26,6,"SVP BIC",0.115000000000009,27
"vary_k",10000,26,6,"SVP BIC calibrated",0.116999999999962,27
"vary_k",10000,26,6,"SVP BIC multiscale",0.1099999999999,27
"vary_k",10000,26,7,"PELT",0.00499999999988177,27
"vary_k",10000,26,7,"SVP BIC",0.106999999999971,27
"vary_k",10000,26,7,"SVP BIC calibrated",0.108999999999924,27
"vary_k",10000,26,7,"SVP BIC multiscale",0.105000000000018,28
"vary_k",10000,26,8,"PELT",0.00600000000008549,27
"vary_k",10000,26,8,"SVP BIC",0.106999999999971,27
"vary_k",10000,26,8,"SVP BIC calibrated",0.105999999999995,27
"vary_k",10000,26,8,"SVP BIC multiscale",0.107999999999947,27
"vary_k",10000,26,9,"PELT",0.00399999999990541,27
"vary_k",10000,26,9,"SVP BIC",0.107999999999947,27
"vary_k",10000,26,9,"SVP BIC calibrated",0.108000000000175,27
"vary_k",10000,26,9,"SVP BIC multiscale",0.105999999999995,27
"vary_k",10000,26,10,"PELT",0.00500000000010914,27
"vary_k",10000,26,10,"SVP BIC",0.105999999999995,27
"vary_k",10000,26,10,"SVP BIC calibrated",0.107999999999947,27
"vary_k",10000,26,10,"SVP BIC multiscale",0.105999999999995,27
"vary_k",10000,27,1,"PELT",0.00499999999988177,28
"vary_k",10000,27,1,"SVP BIC",0.105999999999995,28
"vary_k",10000,27,1,"SVP BIC calibrated",0.103000000000065,28
"vary_k",10000,27,1,"SVP BIC multiscale",0.105000000000018,28
"vary_k",10000,27,2,"PELT",0.00499999999988177,28
"vary_k",10000,27,2,"SVP BIC",0.102000000000089,28
"vary_k",10000,27,2,"SVP BIC calibrated",0.103000000000065,28
"vary_k",10000,27,2,"SVP BIC multiscale",0.103999999999814,28
"vary_k",10000,27,3,"PELT",0.00499999999988177,28
"vary_k",10000,27,3,"SVP BIC",0.100000000000136,28
"vary_k",10000,27,3,"SVP BIC calibrated",0.102000000000089,28
"vary_k",10000,27,3,"SVP BIC multiscale",0.101000000000113,28
"vary_k",10000,27,4,"PELT",0.00499999999988177,28
"vary_k",10000,27,4,"SVP BIC",0.101000000000113,28
"vary_k",10000,27,4,"SVP BIC calibrated",0.099999999999909,28
"vary_k",10000,27,4,"SVP BIC multiscale",0.100999999999885,28
"vary_k",10000,27,5,"PELT",0.00500000000010914,28
"vary_k",10000,27,5,"SVP BIC",0.099999999999909,28
"vary_k",10000,27,5,"SVP BIC calibrated",0.100999999999885,28
"vary_k",10000,27,5,"SVP BIC multiscale",0.100000000000136,28
"vary_k",10000,27,6,"PELT",0.00600000000008549,28
"vary_k",10000,27,6,"SVP BIC",0.103000000000065,28
"vary_k",10000,27,6,"SVP BIC calibrated",0.101000000000113,28
"vary_k",10000,27,6,"SVP BIC multiscale",0.099999999999909,28
"vary_k",10000,27,7,"PELT",0.00399999999990541,28
"vary_k",10000,27,7,"SVP BIC",0.104000000000042,28
"vary_k",10000,27,7,"SVP BIC calibrated",0.101999999999862,28
"vary_k",10000,27,7,"SVP BIC multiscale",0.102000000000089,28
"vary_k",10000,27,8,"PELT",0.00500000000010914,28
"vary_k",10000,27,8,"SVP BIC",0.101999999999862,28
"vary_k",10000,27,8,"SVP BIC calibrated",0.101999999999862,28
"vary_k",10000,27,8,"SVP BIC multiscale",0.0979999999999563,29
"vary_k",10000,27,9,"PELT",0.00600000000008549,28
"vary_k",10000,27,9,"SVP BIC",0.106999999999971,28
"vary_k",10000,27,9,"SVP BIC calibrated",0.103000000000065,28
"vary_k",10000,27,9,"SVP BIC multiscale",0.103000000000065,28
"vary_k",10000,27,10,"PELT",0.00500000000010914,28
"vary_k",10000,27,10,"SVP BIC",0.102000000000089,28
"vary_k",10000,27,10,"SVP BIC calibrated",0.105999999999995,28
"vary_k",10000,27,10,"SVP BIC multiscale",0.105000000000018,28
"vary_k",10000,28,1,"PELT",0.00500000000010914,29
"vary_k",10000,28,1,"SVP BIC",0.104000000000042,29
"vary_k",10000,28,1,"SVP BIC calibrated",0.102000000000089,29
"vary_k",10000,28,1,"SVP BIC multiscale",0.101000000000113,30
"vary_k",10000,28,2,"PELT",0.00399999999990541,29
"vary_k",10000,28,2,"SVP BIC",0.103999999999814,29
"vary_k",10000,28,2,"SVP BIC calibrated",0.102999999999838,29
"vary_k",10000,28,2,"SVP BIC multiscale",0.100999999999885,29
"vary_k",10000,28,3,"PELT",0.00399999999990541,29
"vary_k",10000,28,3,"SVP BIC",0.102000000000089,29
"vary_k",10000,28,3,"SVP BIC calibrated",0.101999999999862,29
"vary_k",10000,28,3,"SVP BIC multiscale",0.100999999999885,29
"vary_k",10000,28,4,"PELT",0.00400000000013279,30
"vary_k",10000,28,4,"SVP BIC",0.101999999999862,29
"vary_k",10000,28,4,"SVP BIC calibrated",0.101999999999862,29
"vary_k",10000,28,4,"SVP BIC multiscale",0.103000000000065,29
"vary_k",10000,28,5,"PELT",0.00500000000010914,30
"vary_k",10000,28,5,"SVP BIC",0.104000000000042,29
"vary_k",10000,28,5,"SVP BIC calibrated",0.103000000000065,29
"vary_k",10000,28,5,"SVP BIC multiscale",0.101999999999862,29
"vary_k",10000,28,6,"PELT",0.00399999999990541,29
"vary_k",10000,28,6,"SVP BIC",0.105000000000018,29
"vary_k",10000,28,6,"SVP BIC calibrated",0.104000000000042,29
"vary_k",10000,28,6,"SVP BIC multiscale",0.102000000000089,29
"vary_k",10000,28,7,"PELT",0.00399999999990541,29
"vary_k",10000,28,7,"SVP BIC",0.101999999999862,29
"vary_k",10000,28,7,"SVP BIC calibrated",0.101000000000113,29
"vary_k",10000,28,7,"SVP BIC multiscale",0.101000000000113,29
"vary_k",10000,28,8,"PELT",0.00399999999990541,29
"vary_k",10000,28,8,"SVP BIC",0.100999999999885,29
"vary_k",10000,28,8,"SVP BIC calibrated",0.102000000000089,29
"vary_k",10000,28,8,"SVP BIC multiscale",0.103000000000065,29
"vary_k",10000,28,9,"PELT",0.00399999999990541,29
"vary_k",10000,28,9,"SVP BIC",0.104000000000042,29
"vary_k",10000,28,9,"SVP BIC calibrated",0.103999999999814,29
"vary_k",10000,28,9,"SVP BIC multiscale",0.114000000000033,30
"vary_k",10000,28,10,"PELT",0.00600000000008549,29
"vary_k",10000,28,10,"SVP BIC",0.11200000000008,29
"vary_k",10000,28,10,"SVP BIC calibrated",0.103000000000065,29
"vary_k",10000,28,10,"SVP BIC multiscale",0.105999999999995,29
"vary_k",10000,29,1,"PELT",0.00399999999990541,30
"vary_k",10000,29,1,"SVP BIC",0.110000000000127,30
"vary_k",10000,29,1,"SVP BIC calibrated",0.099999999999909,30
"vary_k",10000,29,1,"SVP BIC multiscale",0.0980000000001837,30
"vary_k",10000,29,2,"PELT",0.00399999999990541,30
"vary_k",10000,29,2,"SVP BIC",0.100000000000136,30
"vary_k",10000,29,2,"SVP BIC calibrated",0.099999999999909,30
"vary_k",10000,29,2,"SVP BIC multiscale",0.099999999999909,30
"vary_k",10000,29,3,"PELT",0.00400000000013279,30
"vary_k",10000,29,3,"SVP BIC",0.099999999999909,30
"vary_k",10000,29,3,"SVP BIC calibrated",0.100000000000136,30
"vary_k",10000,29,3,"SVP BIC multiscale",0.103000000000065,30
"vary_k",10000,29,4,"PELT",0.00399999999990541,30
"vary_k",10000,29,4,"SVP BIC",0.0989999999999327,30
"vary_k",10000,29,4,"SVP BIC calibrated",0.0990000000001601,30
"vary_k",10000,29,4,"SVP BIC multiscale",0.0979999999999563,30
"vary_k",10000,29,5,"PELT",0.00400000000013279,30
"vary_k",10000,29,5,"SVP BIC",0.0989999999999327,30
"vary_k",10000,29,5,"SVP BIC calibrated",0.100999999999885,30
"vary_k",10000,29,5,"SVP BIC multiscale",0.0990000000001601,30
"vary_k",10000,29,6,"PELT",0.00599999999985812,30
"vary_k",10000,29,6,"SVP BIC",0.0989999999999327,30
"vary_k",10000,29,6,"SVP BIC calibrated",0.100000000000136,30
"vary_k",10000,29,6,"SVP BIC multiscale",0.101999999999862,30
"vary_k",10000,29,7,"PELT",0.00399999999990541,31
"vary_k",10000,29,7,"SVP BIC",0.100000000000136,30
"vary_k",10000,29,7,"SVP BIC calibrated",0.0989999999999327,30
"vary_k",10000,29,7,"SVP BIC multiscale",0.09699999999998,30
"vary_k",10000,29,8,"PELT",0.00399999999990541,30
"vary_k",10000,29,8,"SVP BIC",0.0979999999999563,30
"vary_k",10000,29,8,"SVP BIC calibrated",0.099999999999909,30
"vary_k",10000,29,8,"SVP BIC multiscale",0.09699999999998,30
"vary_k",10000,29,9,"PELT",0.00399999999990541,30
"vary_k",10000,29,9,"SVP BIC",0.100000000000136,30
"vary_k",10000,29,9,"SVP BIC calibrated",0.0989999999999327,30
"vary_k",10000,29,9,"SVP BIC multiscale",0.0980000000001837,30
"vary_k",10000,29,10,"PELT",0.00399999999990541,30
"vary_k",10000,29,10,"SVP BIC",0.0980000000001837,30
"vary_k",10000,29,10,"SVP BIC calibrated",0.0979999999999563,30
"vary_k",10000,29,10,"SVP BIC multiscale",0.0980000000001837,30
"vary_k",10000,30,1,"PELT",0.00399999999990541,31
"vary_k",10000,30,1,"SVP BIC",0.0960000000000036,31
"vary_k",10000,30,1,"SVP BIC calibrated",0.0960000000000036,31
"vary_k",10000,30,1,"SVP BIC multiscale",0.0960000000000036,31
"vary_k",10000,30,2,"PELT",0.00399999999990541,31
"vary_k",10000,30,2,"SVP BIC",0.0960000000000036,31
"vary_k",10000,30,2,"SVP BIC calibrated",0.09699999999998,31
"vary_k",10000,30,2,"SVP BIC multiscale",0.09699999999998,31
"vary_k",10000,30,3,"PELT",0.00399999999990541,31
"vary_k",10000,30,3,"SVP BIC",0.0979999999999563,31
"vary_k",10000,30,3,"SVP BIC calibrated",0.09699999999998,31
"vary_k",10000,30,3,"SVP BIC multiscale",0.0950000000000273,31
"vary_k",10000,30,4,"PELT",0.00399999999990541,32
"vary_k",10000,30,4,"SVP BIC",0.09699999999998,31
"vary_k",10000,30,4,"SVP BIC calibrated",0.09699999999998,31
"vary_k",10000,30,4,"SVP BIC multiscale",0.0950000000000273,31
"vary_k",10000,30,5,"PELT",0.00400000000013279,31
"vary_k",10000,30,5,"SVP BIC",0.0960000000000036,31
"vary_k",10000,30,5,"SVP BIC calibrated",0.0960000000000036,31
"vary_k",10000,30,5,"SVP BIC multiscale",0.0989999999999327,31
"vary_k",10000,30,6,"PELT",0.00600000000008549,31
"vary_k",10000,30,6,"SVP BIC",0.0960000000000036,31
"vary_k",10000,30,6,"SVP BIC calibrated",0.0960000000000036,31
"vary_k",10000,30,6,"SVP BIC multiscale",0.0929999999998472,33
"vary_k",10000,30,7,"PELT",0.00400000000013279,31
"vary_k",10000,30,7,"SVP BIC",0.09699999999998,31
"vary_k",10000,30,7,"SVP BIC calibrated",0.0979999999999563,31
"vary_k",10000,30,7,"SVP BIC multiscale",0.0960000000000036,31
"vary_k",10000,30,8,"PELT",0.00499999999988177,31
"vary_k",10000,30,8,"SVP BIC",0.09699999999998,31
"vary_k",10000,30,8,"SVP BIC calibrated",0.099999999999909,31
"vary_k",10000,30,8,"SVP BIC multiscale",0.09699999999998,31
"vary_k",10000,30,9,"PELT",0.00400000000013279,31
"vary_k",10000,30,9,"SVP BIC",0.0979999999999563,31
"vary_k",10000,30,9,"SVP BIC calibrated",0.0979999999999563,31
"vary_k",10000,30,9,"SVP BIC multiscale",0.0979999999999563,31
"vary_k",10000,30,10,"PELT",0.00399999999990541,31
"vary_k",10000,30,10,"SVP BIC",0.09699999999998,31
"vary_k",10000,30,10,"SVP BIC calibrated",0.0970000000002074,31
"vary_k",10000,30,10,"SVP BIC multiscale",0.0960000000000036,31
"vary_k",10000,31,1,"PELT",0.00299999999992906,32
"vary_k",10000,31,1,"SVP BIC",0.0899999999999181,32
"vary_k",10000,31,1,"SVP BIC calibrated",0.0910000000001219,32
"vary_k",10000,31,1,"SVP BIC multiscale",0.0899999999999181,32
"vary_k",10000,31,2,"PELT",0.00400000000013279,32
"vary_k",10000,31,2,"SVP BIC",0.0909999999998945,32
"vary_k",10000,31,2,"SVP BIC calibrated",0.0909999999998945,32
"vary_k",10000,31,2,"SVP BIC multiscale",0.0890000000001692,32
"vary_k",10000,31,3,"PELT",0.00399999999990541,32
"vary_k",10000,31,3,"SVP BIC",0.123999999999796,32
"vary_k",10000,31,3,"SVP BIC calibrated",0.0920000000000982,32
"vary_k",10000,31,3,"SVP BIC multiscale",0.0889999999999418,32
"vary_k",10000,31,4,"PELT",0.00499999999988177,32
"vary_k",10000,31,4,"SVP BIC",0.0960000000000036,32
"vary_k",10000,31,4,"SVP BIC calibrated",0.0899999999999181,32
"vary_k",10000,31,4,"SVP BIC multiscale",0.0890000000001692,32
"vary_k",10000,31,5,"PELT",0.00299999999992906,32
"vary_k",10000,31,5,"SVP BIC",0.0879999999999654,32
"vary_k",10000,31,5,"SVP BIC calibrated",0.0899999999999181,32
"vary_k",10000,31,5,"SVP BIC multiscale",0.0920000000000982,32
"vary_k",10000,31,6,"PELT",0.00399999999990541,32
"vary_k",10000,31,6,"SVP BIC",0.0919999999998709,32
"vary_k",10000,31,6,"SVP BIC calibrated",0.0899999999999181,32
"vary_k",10000,31,6,"SVP BIC multiscale",0.0919999999998709,32
"vary_k",10000,31,7,"PELT",0.00400000000013279,32
"vary_k",10000,31,7,"SVP BIC",0.0889999999999418,32
"vary_k",10000,31,7,"SVP BIC calibrated",0.0929999999998472,32
"vary_k",10000,31,7,"SVP BIC multiscale",0.0899999999999181,32
"vary_k",10000,31,8,"PELT",0.00500000000010914,32
"vary_k",10000,31,8,"SVP BIC",0.0930000000000746,32
"vary_k",10000,31,8,"SVP BIC calibrated",0.0920000000000982,32
"vary_k",10000,31,8,"SVP BIC multiscale",0.0900000000001455,32
"vary_k",10000,31,9,"PELT",0.00500000000010914,32
"vary_k",10000,31,9,"SVP BIC",0.0930000000000746,32
"vary_k",10000,31,9,"SVP BIC calibrated",0.0900000000001455,32
"vary_k",10000,31,9,"SVP BIC multiscale",0.0889999999999418,32
"vary_k",10000,31,10,"PELT",0.00399999999990541,32
"vary_k",10000,31,10,"SVP BIC",0.0910000000001219,32
"vary_k",10000,31,10,"SVP BIC calibrated",0.0900000000001455,32
"vary_k",10000,31,10,"SVP BIC multiscale",0.0889999999999418,32
"vary_k",10000,32,1,"PELT",0.00399999999990541,33
"vary_k",10000,32,1,"SVP BIC",0.0889999999999418,33
"vary_k",10000,32,1,"SVP BIC calibrated",0.0889999999999418,33
"vary_k",10000,32,1,"SVP BIC multiscale",0.0860000000000127,33
"vary_k",10000,32,2,"PELT",0.00400000000013279,33
"vary_k",10000,32,2,"SVP BIC",0.0869999999999891,33
"vary_k",10000,32,2,"SVP BIC calibrated",0.0879999999999654,33
"vary_k",10000,32,2,"SVP BIC multiscale",0.0869999999999891,33
"vary_k",10000,32,3,"PELT",0.00399999999990541,33
"vary_k",10000,32,3,"SVP BIC",0.0889999999999418,33
"vary_k",10000,32,3,"SVP BIC calibrated",0.0880000000001928,33
"vary_k",10000,32,3,"SVP BIC multiscale",0.0879999999999654,33
"vary_k",10000,32,4,"PELT",0.00500000000010914,33
"vary_k",10000,32,4,"SVP BIC",0.0889999999999418,33
"vary_k",10000,32,4,"SVP BIC calibrated",0.0879999999999654,33
"vary_k",10000,32,4,"SVP BIC multiscale",0.0869999999999891,33
"vary_k",10000,32,5,"PELT",0.00399999999990541,33
"vary_k",10000,32,5,"SVP BIC",0.0890000000001692,33
"vary_k",10000,32,5,"SVP BIC calibrated",0.0889999999999418,33
"vary_k",10000,32,5,"SVP BIC multiscale",0.0869999999999891,34
"vary_k",10000,32,6,"PELT",0.00399999999990541,33
"vary_k",10000,32,6,"SVP BIC",0.0879999999999654,33
"vary_k",10000,32,6,"SVP BIC calibrated",0.0879999999999654,33
"vary_k",10000,32,6,"SVP BIC multiscale",0.0869999999999891,34
"vary_k",10000,32,7,"PELT",0.00399999999990541,33
"vary_k",10000,32,7,"SVP BIC",0.0869999999999891,33
"vary_k",10000,32,7,"SVP BIC calibrated",0.0879999999999654,33
"vary_k",10000,32,7,"SVP BIC multiscale",0.0879999999999654,33
"vary_k",10000,32,8,"PELT",0.00500000000010914,33
"vary_k",10000,32,8,"SVP BIC",0.0889999999999418,33
"vary_k",10000,32,8,"SVP BIC calibrated",0.0879999999999654,33
"vary_k",10000,32,8,"SVP BIC multiscale",0.0860000000000127,33
"vary_k",10000,32,9,"PELT",0.00300000000015643,33
"vary_k",10000,32,9,"SVP BIC",0.0879999999999654,33
"vary_k",10000,32,9,"SVP BIC calibrated",0.0869999999999891,33
"vary_k",10000,32,9,"SVP BIC multiscale",0.0860000000000127,33
"vary_k",10000,32,10,"PELT",0.00400000000013279,33
"vary_k",10000,32,10,"SVP BIC",0.0879999999999654,33
"vary_k",10000,32,10,"SVP BIC calibrated",0.0869999999999891,33
"vary_k",10000,32,10,"SVP BIC multiscale",0.0860000000000127,34
"vary_k",10000,33,1,"PELT",0.00500000000010914,34
"vary_k",10000,33,1,"SVP BIC",0.0860000000000127,34
"vary_k",10000,33,1,"SVP BIC calibrated",0.0860000000000127,34
"vary_k",10000,33,1,"SVP BIC multiscale",0.0850000000000364,34
"vary_k",10000,33,2,"PELT",0.00400000000013279,34
"vary_k",10000,33,2,"SVP BIC",0.0850000000000364,34
"vary_k",10000,33,2,"SVP BIC calibrated",0.0850000000000364,34
"vary_k",10000,33,2,"SVP BIC multiscale",0.0830000000000837,34
"vary_k",10000,33,3,"PELT",0.00400000000013279,34
"vary_k",10000,33,3,"SVP BIC",0.0850000000000364,34
"vary_k",10000,33,3,"SVP BIC calibrated",0.0860000000000127,34
"vary_k",10000,33,3,"SVP BIC multiscale",0.0860000000000127,34
"vary_k",10000,33,4,"PELT",0.00299999999992906,34
"vary_k",10000,33,4,"SVP BIC",0.0869999999999891,34
"vary_k",10000,33,4,"SVP BIC calibrated",0.0880000000001928,34
"vary_k",10000,33,4,"SVP BIC multiscale",0.0869999999999891,34
"vary_k",10000,33,5,"PELT",0.00299999999992906,34
"vary_k",10000,33,5,"SVP BIC",0.0869999999999891,34
"vary_k",10000,33,5,"SVP BIC calibrated",0.0879999999999654,34
"vary_k",10000,33,5,"SVP BIC multiscale",0.0850000000000364,35
"vary_k",10000,33,6,"PELT",0.00500000000010914,34
"vary_k",10000,33,6,"SVP BIC",0.0889999999999418,34
"vary_k",10000,33,6,"SVP BIC calibrated",0.0860000000000127,34
"vary_k",10000,33,6,"SVP BIC multiscale",0.08400000000006,34
"vary_k",10000,33,7,"PELT",0.00399999999990541,34
"vary_k",10000,33,7,"SVP BIC",0.0859999999997854,34
"vary_k",10000,33,7,"SVP BIC calibrated",0.0850000000000364,34
"vary_k",10000,33,7,"SVP BIC multiscale",0.0839999999998327,34
"vary_k",10000,33,8,"PELT",0.00499999999988177,34
"vary_k",10000,33,8,"SVP BIC",0.0859999999997854,34
"vary_k",10000,33,8,"SVP BIC calibrated",0.0860000000000127,34
"vary_k",10000,33,8,"SVP BIC multiscale",0.0860000000000127,34
"vary_k",10000,33,9,"PELT",0.00299999999992906,35
"vary_k",10000,33,9,"SVP BIC",0.0850000000000364,34
"vary_k",10000,33,9,"SVP BIC calibrated",0.0850000000000364,34
"vary_k",10000,33,9,"SVP BIC multiscale",0.084999999999809,34
"vary_k",10000,33,10,"PELT",0.00399999999990541,34
"vary_k",10000,33,10,"SVP BIC",0.0860000000000127,34
"vary_k",10000,33,10,"SVP BIC calibrated",0.0860000000000127,34
"vary_k",10000,33,10,"SVP BIC multiscale",0.0860000000000127,34
"vary_k",10000,34,1,"PELT",0.00400000000013279,35
"vary_k",10000,34,1,"SVP BIC",0.08400000000006,35
"vary_k",10000,34,1,"SVP BIC calibrated",0.08400000000006,35
"vary_k",10000,34,1,"SVP BIC multiscale",0.0830000000000837,35
"vary_k",10000,34,2,"PELT",0.00399999999990541,35
"vary_k",10000,34,2,"SVP BIC",0.0839999999998327,35
"vary_k",10000,34,2,"SVP BIC calibrated",0.0839999999998327,35
"vary_k",10000,34,2,"SVP BIC multiscale",0.0839999999998327,35
"vary_k",10000,34,3,"PELT",0.00299999999992906,35
"vary_k",10000,34,3,"SVP BIC",0.08400000000006,35
"vary_k",10000,34,3,"SVP BIC calibrated",0.08400000000006,35
"vary_k",10000,34,3,"SVP BIC multiscale",0.0830000000000837,36
"vary_k",10000,34,4,"PELT",0.00500000000010914,35
"vary_k",10000,34,4,"SVP BIC",0.0830000000000837,35
"vary_k",10000,34,4,"SVP BIC calibrated",0.0829999999998563,35
"vary_k",10000,34,4,"SVP BIC multiscale",0.0829999999998563,35
"vary_k",10000,34,5,"PELT",0.00399999999990541,35
"vary_k",10000,34,5,"SVP BIC",0.0839999999998327,35
"vary_k",10000,34,5,"SVP BIC calibrated",0.0839999999998327,35
"vary_k",10000,34,5,"SVP BIC multiscale",0.08199999999988,35
"vary_k",10000,34,6,"PELT",0.00399999999990541,35
"vary_k",10000,34,6,"SVP BIC",0.0830000000000837,35
"vary_k",10000,34,6,"SVP BIC calibrated",0.0830000000000837,35
"vary_k",10000,34,6,"SVP BIC multiscale",0.081000000000131,35
"vary_k",10000,34,7,"PELT",0.00299999999992906,36
"vary_k",10000,34,7,"SVP BIC",0.0829999999998563,35
"vary_k",10000,34,7,"SVP BIC calibrated",0.0829999999998563,35
"vary_k",10000,34,7,"SVP BIC multiscale",0.0830000000000837,35
"vary_k",10000,34,8,"PELT",0.00400000000013279,35
"vary_k",10000,34,8,"SVP BIC",0.0829999999998563,35
"vary_k",10000,34,8,"SVP BIC calibrated",0.0839999999998327,35
"vary_k",10000,34,8,"SVP BIC multiscale",0.08199999999988,35
"vary_k",10000,34,9,"PELT",0.00299999999992906,35
"vary_k",10000,34,9,"SVP BIC",0.0830000000000837,35
"vary_k",10000,34,9,"SVP BIC calibrated",0.08400000000006,35
"vary_k",10000,34,9,"SVP BIC multiscale",0.0830000000000837,35
"vary_k",10000,34,10,"PELT",0.00400000000013279,35
"vary_k",10000,34,10,"SVP BIC",0.0850000000000364,35
"vary_k",10000,34,10,"SVP BIC calibrated",0.08400000000006,35
"vary_k",10000,34,10,"SVP BIC multiscale",0.0830000000000837,35
"vary_k",10000,35,1,"PELT",0.00299999999992906,36
"vary_k",10000,35,1,"SVP BIC",0.0799999999999272,36
"vary_k",10000,35,1,"SVP BIC calibrated",0.081000000000131,36
"vary_k",10000,35,1,"SVP BIC multiscale",0.081000000000131,36
"vary_k",10000,35,2,"PELT",0.00299999999992906,36
"vary_k",10000,35,2,"SVP BIC",0.08199999999988,36
"vary_k",10000,35,2,"SVP BIC calibrated",0.08199999999988,36
"vary_k",10000,35,2,"SVP BIC multiscale",0.0820000000001073,36
"vary_k",10000,35,3,"PELT",0.00300000000015643,36
"vary_k",10000,35,3,"SVP BIC",0.08199999999988,36
"vary_k",10000,35,3,"SVP BIC calibrated",0.0809999999999036,36
"vary_k",10000,35,3,"SVP BIC multiscale",0.081000000000131,36
"vary_k",10000,35,4,"PELT",0.00400000000013279,36
"vary_k",10000,35,4,"SVP BIC",0.08199999999988,36
"vary_k",10000,35,4,"SVP BIC calibrated",0.08199999999988,36
"vary_k",10000,35,4,"SVP BIC multiscale",0.0799999999999272,37
"vary_k",10000,35,5,"PELT",0.00299999999992906,36
"vary_k",10000,35,5,"SVP BIC",0.081000000000131,36
"vary_k",10000,35,5,"SVP BIC calibrated",0.0809999999999036,36
"vary_k",10000,35,5,"SVP BIC multiscale",0.08199999999988,36
"vary_k",10000,35,6,"PELT",0.00399999999990541,36
"vary_k",10000,35,6,"SVP BIC",0.08199999999988,36
"vary_k",10000,35,6,"SVP BIC calibrated",0.0829999999998563,36
"vary_k",10000,35,6,"SVP BIC multiscale",0.08199999999988,36
"vary_k",10000,35,7,"PELT",0.00399999999990541,36
"vary_k",10000,35,7,"SVP BIC",0.08199999999988,36
"vary_k",10000,35,7,"SVP BIC calibrated",0.08199999999988,36
"vary_k",10000,35,7,"SVP BIC multiscale",0.0809999999999036,36
"vary_k",10000,35,8,"PELT",0.00299999999992906,37
"vary_k",10000,35,8,"SVP BIC",0.08400000000006,36
"vary_k",10000,35,8,"SVP BIC calibrated",0.0820000000001073,36
"vary_k",10000,35,8,"SVP BIC multiscale",0.081000000000131,36
"vary_k",10000,35,9,"PELT",0.00299999999992906,36
"vary_k",10000,35,9,"SVP BIC",0.0809999999999036,36
"vary_k",10000,35,9,"SVP BIC calibrated",0.0829999999998563,36
"vary_k",10000,35,9,"SVP BIC multiscale",0.0869999999999891,36
"vary_k",10000,35,10,"PELT",0.00500000000010914,36
"vary_k",10000,35,10,"SVP BIC",0.0830000000000837,36
"vary_k",10000,35,10,"SVP BIC calibrated",0.0830000000000837,36
"vary_k",10000,35,10,"SVP BIC multiscale",0.081000000000131,36
"vary_k",10000,36,1,"PELT",0.00400000000013279,37
"vary_k",10000,36,1,"SVP BIC",0.0789999999999509,37
"vary_k",10000,36,1,"SVP BIC calibrated",0.0789999999999509,37
"vary_k",10000,36,1,"SVP BIC multiscale",0.0789999999999509,37
"vary_k",10000,36,2,"PELT",0.00399999999990541,37
"vary_k",10000,36,2,"SVP BIC",0.0800000000001546,37
"vary_k",10000,36,2,"SVP BIC calibrated",0.0800000000001546,37
"vary_k",10000,36,2,"SVP BIC multiscale",0.0799999999999272,37
"vary_k",10000,36,3,"PELT",0.00399999999990541,37
"vary_k",10000,36,3,"SVP BIC",0.08199999999988,37
"vary_k",10000,36,3,"SVP BIC calibrated",0.0799999999999272,37
"vary_k",10000,36,3,"SVP BIC multiscale",0.0779999999999745,37
"vary_k",10000,36,4,"PELT",0.00399999999990541,37
"vary_k",10000,36,4,"SVP BIC",0.0800000000001546,37
"vary_k",10000,36,4,"SVP BIC calibrated",0.0789999999999509,37
"vary_k",10000,36,4,"SVP BIC multiscale",0.0800000000001546,37
"vary_k",10000,36,5,"PELT",0.00400000000013279,37
"vary_k",10000,36,5,"SVP BIC",0.0789999999999509,37
"vary_k",10000,36,5,"SVP BIC calibrated",0.0790000000001783,37
"vary_k",10000,36,5,"SVP BIC multiscale",0.0779999999999745,37
"vary_k",10000,36,6,"PELT",0.00300000000015643,37
"vary_k",10000,36,6,"SVP BIC",0.0800000000001546,37
"vary_k",10000,36,6,"SVP BIC calibrated",0.0789999999999509,37
"vary_k",10000,36,6,"SVP BIC multiscale",0.0760000000000218,37
"vary_k",10000,36,7,"PELT",0.00299999999992906,37
"vary_k",10000,36,7,"SVP BIC",0.0789999999999509,37
"vary_k",10000,36,7,"SVP BIC calibrated",0.0790000000001783,37
"vary_k",10000,36,7,"SVP BIC multiscale",0.0779999999999745,37
"vary_k",10000,36,8,"PELT",0.00400000000013279,37
"vary_k",10000,36,8,"SVP BIC",0.0799999999999272,37
"vary_k",10000,36,8,"SVP BIC calibrated",0.0789999999999509,37
"vary_k",10000,36,8,"SVP BIC multiscale",0.0779999999999745,37
"vary_k",10000,36,9,"PELT",0.00299999999992906,37
"vary_k",10000,36,9,"SVP BIC",0.0799999999999272,37
"vary_k",10000,36,9,"SVP BIC calibrated",0.0789999999999509,37
"vary_k",10000,36,9,"SVP BIC multiscale",0.0769999999999982,37
"vary_k",10000,36,10,"PELT",0.00400000000013279,37
"vary_k",10000,36,10,"SVP BIC",0.0789999999999509,37
"vary_k",10000,36,10,"SVP BIC calibrated",0.0799999999999272,37
"vary_k",10000,36,10,"SVP BIC multiscale",0.0790000000001783,37
"vary_k",10000,37,1,"PELT",0.00399999999990541,38
"vary_k",10000,37,1,"SVP BIC",0.0779999999999745,38
"vary_k",10000,37,1,"SVP BIC calibrated",0.0779999999999745,38
"vary_k",10000,37,1,"SVP BIC multiscale",0.0779999999999745,38
"vary_k",10000,37,2,"PELT",0.00399999999990541,38
"vary_k",10000,37,2,"SVP BIC",0.0769999999999982,38
"vary_k",10000,37,2,"SVP BIC calibrated",0.0779999999999745,38
"vary_k",10000,37,2,"SVP BIC multiscale",0.0750000000000455,38
"vary_k",10000,37,3,"PELT",0.00299999999992906,38
"vary_k",10000,37,3,"SVP BIC",0.0789999999999509,38
"vary_k",10000,37,3,"SVP BIC calibrated",0.0799999999999272,38
"vary_k",10000,37,3,"SVP BIC multiscale",0.0799999999999272,38
"vary_k",10000,37,4,"PELT",0.00399999999990541,38
"vary_k",10000,37,4,"SVP BIC",0.0779999999999745,38
"vary_k",10000,37,4,"SVP BIC calibrated",0.0769999999999982,38
"vary_k",10000,37,4,"SVP BIC multiscale",0.0799999999999272,38
"vary_k",10000,37,5,"PELT",0.00399999999990541,38
"vary_k",10000,37,5,"SVP BIC",0.0779999999999745,38
"vary_k",10000,37,5,"SVP BIC calibrated",0.081000000000131,39
"vary_k",10000,37,5,"SVP BIC multiscale",0.081000000000131,39
"vary_k",10000,37,6,"PELT",0.00400000000013279,38
"vary_k",10000,37,6,"SVP BIC",0.0830000000000837,38
"vary_k",10000,37,6,"SVP BIC calibrated",0.0850000000000364,38
"vary_k",10000,37,6,"SVP BIC multiscale",0.0830000000000837,38
"vary_k",10000,37,7,"PELT",0.00299999999992906,38
"vary_k",10000,37,7,"SVP BIC",0.08400000000006,38
"vary_k",10000,37,7,"SVP BIC calibrated",0.0850000000000364,38
"vary_k",10000,37,7,"SVP BIC multiscale",0.08199999999988,38
"vary_k",10000,37,8,"PELT",0.00299999999992906,38
"vary_k",10000,37,8,"SVP BIC",0.0839999999998327,38
"vary_k",10000,37,8,"SVP BIC calibrated",0.0829999999998563,38
"vary_k",10000,37,8,"SVP BIC multiscale",0.0830000000000837,38
"vary_k",10000,37,9,"PELT",0.00299999999992906,38
"vary_k",10000,37,9,"SVP BIC",0.08199999999988,38
"vary_k",10000,37,9,"SVP BIC calibrated",0.0830000000000837,38
"vary_k",10000,37,9,"SVP BIC multiscale",0.0820000000001073,38
"vary_k",10000,37,10,"PELT",0.00300000000015643,38
"vary_k",10000,37,10,"SVP BIC",0.0839999999998327,38
"vary_k",10000,37,10,"SVP BIC calibrated",0.0850000000000364,38
"vary_k",10000,37,10,"SVP BIC multiscale",0.08400000000006,38
"vary_k",10000,38,1,"PELT",0.00400000000013279,39
"vary_k",10000,38,1,"SVP BIC",0.0759999999997945,39
"vary_k",10000,38,1,"SVP BIC calibrated",0.0799999999999272,39
"vary_k",10000,38,1,"SVP BIC multiscale",0.0779999999999745,39
"vary_k",10000,38,2,"PELT",0.00399999999990541,39
"vary_k",10000,38,2,"SVP BIC",0.0760000000000218,39
"vary_k",10000,38,2,"SVP BIC calibrated",0.0809999999999036,39
"vary_k",10000,38,2,"SVP BIC multiscale",0.0789999999999509,39
"vary_k",10000,38,3,"PELT",0.00400000000013279,39
"vary_k",10000,38,3,"SVP BIC",0.0779999999999745,39
"vary_k",10000,38,3,"SVP BIC calibrated",0.08199999999988,39
"vary_k",10000,38,3,"SVP BIC multiscale",0.08199999999988,39
"vary_k",10000,38,4,"PELT",0.00399999999990541,39
"vary_k",10000,38,4,"SVP BIC",0.0760000000000218,39
"vary_k",10000,38,4,"SVP BIC calibrated",0.0799999999999272,39
"vary_k",10000,38,4,"SVP BIC multiscale",0.081000000000131,39
"vary_k",10000,38,5,"PELT",0.00300000000015643,39
"vary_k",10000,38,5,"SVP BIC",0.0769999999999982,39
"vary_k",10000,38,5,"SVP BIC calibrated",0.0799999999999272,39
"vary_k",10000,38,5,"SVP BIC multiscale",0.081000000000131,39
"vary_k",10000,38,6,"PELT",0.00299999999992906,39
"vary_k",10000,38,6,"SVP BIC",0.0779999999999745,39
"vary_k",10000,38,6,"SVP BIC calibrated",0.0809999999999036,39
"vary_k",10000,38,6,"SVP BIC multiscale",0.0790000000001783,39
"vary_k",10000,38,7,"PELT",0.00399999999990541,39
"vary_k",10000,38,7,"SVP BIC",0.0750000000000455,39
"vary_k",10000,38,7,"SVP BIC calibrated",0.08199999999988,40
"vary_k",10000,38,7,"SVP BIC multiscale",0.0809999999999036,40
"vary_k",10000,38,8,"PELT",0.00299999999992906,40
"vary_k",10000,38,8,"SVP BIC",0.0779999999999745,39
"vary_k",10000,38,8,"SVP BIC calibrated",0.0809999999999036,39
"vary_k",10000,38,8,"SVP BIC multiscale",0.0799999999999272,39
"vary_k",10000,38,9,"PELT",0.00400000000013279,39
"vary_k",10000,38,9,"SVP BIC",0.0760000000000218,39
"vary_k",10000,38,9,"SVP BIC calibrated",0.0799999999999272,39
"vary_k",10000,38,9,"SVP BIC multiscale",0.0809999999999036,39
"vary_k",10000,38,10,"PELT",0.00300000000015643,39
"vary_k",10000,38,10,"SVP BIC",0.0760000000000218,39
"vary_k",10000,38,10,"SVP BIC calibrated",0.0799999999999272,39
"vary_k",10000,38,10,"SVP BIC multiscale",0.0789999999999509,40
"vary_k",10000,39,1,"PELT",0.00299999999992906,40
"vary_k",10000,39,1,"SVP BIC",0.0799999999999272,40
"vary_k",10000,39,1,"SVP BIC calibrated",0.0799999999999272,40
"vary_k",10000,39,1,"SVP BIC multiscale",0.0779999999999745,40
"vary_k",10000,39,2,"PELT",0.00300000000015643,40
"vary_k",10000,39,2,"SVP BIC",0.0799999999999272,40
"vary_k",10000,39,2,"SVP BIC calibrated",0.0789999999999509,40
"vary_k",10000,39,2,"SVP BIC multiscale",0.0769999999999982,40
"vary_k",10000,39,3,"PELT",0.00299999999992906,40
"vary_k",10000,39,3,"SVP BIC",0.0789999999999509,40
"vary_k",10000,39,3,"SVP BIC calibrated",0.0789999999999509,40
"vary_k",10000,39,3,"SVP BIC multiscale",0.0779999999999745,40
"vary_k",10000,39,4,"PELT",0.00299999999992906,40
"vary_k",10000,39,4,"SVP BIC",0.0790000000001783,40
"vary_k",10000,39,4,"SVP BIC calibrated",0.0789999999999509,40
"vary_k",10000,39,4,"SVP BIC multiscale",0.0780000000002019,40
"vary_k",10000,39,5,"PELT",0.00299999999992906,40
"vary_k",10000,39,5,"SVP BIC",0.0799999999999272,40
"vary_k",10000,39,5,"SVP BIC calibrated",0.0789999999999509,40
"vary_k",10000,39,5,"SVP BIC multiscale",0.0760000000000218,42
"vary_k",10000,39,6,"PELT",0.00400000000013279,40
"vary_k",10000,39,6,"SVP BIC",0.0779999999999745,40
"vary_k",10000,39,6,"SVP BIC calibrated",0.0799999999999272,40
"vary_k",10000,39,6,"SVP BIC multiscale",0.0769999999999982,40
"vary_k",10000,39,7,"PELT",0.00299999999992906,40
"vary_k",10000,39,7,"SVP BIC",0.0800000000001546,40
"vary_k",10000,39,7,"SVP BIC calibrated",0.0879999999999654,40
"vary_k",10000,39,7,"SVP BIC multiscale",0.0799999999999272,40
"vary_k",10000,39,8,"PELT",0.00399999999990541,40
"vary_k",10000,39,8,"SVP BIC",0.0809999999999036,40
"vary_k",10000,39,8,"SVP BIC calibrated",0.0790000000001783,40
"vary_k",10000,39,8,"SVP BIC multiscale",0.0799999999999272,40
"vary_k",10000,39,9,"PELT",0.00300000000015643,40
"vary_k",10000,39,9,"SVP BIC",0.0789999999999509,40
"vary_k",10000,39,9,"SVP BIC calibrated",0.0779999999999745,40
"vary_k",10000,39,9,"SVP BIC multiscale",0.0789999999999509,41
"vary_k",10000,39,10,"PELT",0.00299999999992906,40
"vary_k",10000,39,10,"SVP BIC",0.0789999999999509,40
"vary_k",10000,39,10,"SVP BIC calibrated",0.0809999999999036,40
"vary_k",10000,39,10,"SVP BIC multiscale",0.0779999999999745,40
"vary_k",10000,40,1,"PELT",0.00299999999992906,42
"vary_k",10000,40,1,"SVP BIC",0.0779999999999745,41
"vary_k",10000,40,1,"SVP BIC calibrated",0.0770000000002256,41
"vary_k",10000,40,1,"SVP BIC multiscale",0.0760000000000218,41
"vary_k",10000,40,2,"PELT",0.00399999999990541,41
"vary_k",10000,40,2,"SVP BIC",0.0780000000002019,41
"vary_k",10000,40,2,"SVP BIC calibrated",0.0789999999999509,41
"vary_k",10000,40,2,"SVP BIC multiscale",0.0760000000000218,42
"vary_k",10000,40,3,"PELT",0.00399999999990541,41
"vary_k",10000,40,3,"SVP BIC",0.0789999999999509,41
"vary_k",10000,40,3,"SVP BIC calibrated",0.0789999999999509,41
"vary_k",10000,40,3,"SVP BIC multiscale",0.0789999999999509,41
"vary_k",10000,40,4,"PELT",0.00299999999992906,41
"vary_k",10000,40,4,"SVP BIC",0.0799999999999272,41
"vary_k",10000,40,4,"SVP BIC calibrated",0.0790000000001783,41
"vary_k",10000,40,4,"SVP BIC multiscale",0.0779999999999745,41
"vary_k",10000,40,5,"PELT",0.00300000000015643,41
"vary_k",10000,40,5,"SVP BIC",0.0820000000001073,41
"vary_k",10000,40,5,"SVP BIC calibrated",0.0809999999999036,41
"vary_k",10000,40,5,"SVP BIC multiscale",0.0789999999999509,41
"vary_k",10000,40,6,"PELT",0.00300000000015643,41
"vary_k",10000,40,6,"SVP BIC",0.0789999999999509,41
"vary_k",10000,40,6,"SVP BIC calibrated",0.0789999999999509,41
"vary_k",10000,40,6,"SVP BIC multiscale",0.0789999999999509,41
"vary_k",10000,40,7,"PELT",0.00299999999992906,41
"vary_k",10000,40,7,"SVP BIC",0.0769999999999982,41
"vary_k",10000,40,7,"SVP BIC calibrated",0.0779999999999745,41
"vary_k",10000,40,7,"SVP BIC multiscale",0.0779999999999745,41
"vary_k",10000,40,8,"PELT",0.00299999999992906,41
"vary_k",10000,40,8,"SVP BIC",0.0799999999999272,41
"vary_k",10000,40,8,"SVP BIC calibrated",0.0780000000002019,41
"vary_k",10000,40,8,"SVP BIC multiscale",0.0789999999999509,41
"vary_k",10000,40,9,"PELT",0.00299999999992906,41
"vary_k",10000,40,9,"SVP BIC",0.0779999999999745,41
"vary_k",10000,40,9,"SVP BIC calibrated",0.0769999999999982,41
"vary_k",10000,40,9,"SVP BIC multiscale",0.0750000000000455,41
"vary_k",10000,40,10,"PELT",0.00299999999992906,41
"vary_k",10000,40,10,"SVP BIC",0.0760000000000218,41
"vary_k",10000,40,10,"SVP BIC calibrated",0.0759999999997945,41
"vary_k",10000,40,10,"SVP BIC multiscale",0.0749999999998181,41
"vary_k",10000,41,1,"PELT",0.00299999999992906,42
"vary_k",10000,41,1,"SVP BIC",0.0750000000000455,42
"vary_k",10000,41,1,"SVP BIC calibrated",0.0750000000000455,42
"vary_k",10000,41,1,"SVP BIC multiscale",0.0740000000000691,42
"vary_k",10000,41,2,"PELT",0.00299999999992906,42
"vary_k",10000,41,2,"SVP BIC",0.0760000000000218,42
"vary_k",10000,41,2,"SVP BIC calibrated",0.0760000000000218,42
"vary_k",10000,41,2,"SVP BIC multiscale",0.0740000000000691,42
"vary_k",10000,41,3,"PELT",0.00300000000015643,42
"vary_k",10000,41,3,"SVP BIC",0.0760000000000218,42
"vary_k",10000,41,3,"SVP BIC calibrated",0.0769999999999982,42
"vary_k",10000,41,3,"SVP BIC multiscale",0.0749999999998181,42
"vary_k",10000,41,4,"PELT",0.00299999999992906,42
"vary_k",10000,41,4,"SVP BIC",0.0779999999999745,42
"vary_k",10000,41,4,"SVP BIC calibrated",0.0769999999999982,42
"vary_k",10000,41,4,"SVP BIC multiscale",0.0760000000000218,42
"vary_k",10000,41,5,"PELT",0.00299999999992906,42
"vary_k",10000,41,5,"SVP BIC",0.0769999999999982,42
"vary_k",10000,41,5,"SVP BIC calibrated",0.0769999999999982,42
"vary_k",10000,41,5,"SVP BIC multiscale",0.0779999999999745,42
"vary_k",10000,41,6,"PELT",0.00300000000015643,42
"vary_k",10000,41,6,"SVP BIC",0.0790000000001783,42
"vary_k",10000,41,6,"SVP BIC calibrated",0.0760000000000218,42
"vary_k",10000,41,6,"SVP BIC multiscale",0.0750000000000455,42
"vary_k",10000,41,7,"PELT",0.00600000000008549,42
"vary_k",10000,41,7,"SVP BIC",0.0769999999999982,42
"vary_k",10000,41,7,"SVP BIC calibrated",0.0760000000000218,42
"vary_k",10000,41,7,"SVP BIC multiscale",0.0750000000000455,43
"vary_k",10000,41,8,"PELT",0.00300000000015643,42
"vary_k",10000,41,8,"SVP BIC",0.0760000000000218,42
"vary_k",10000,41,8,"SVP BIC calibrated",0.0760000000000218,42
"vary_k",10000,41,8,"SVP BIC multiscale",0.0740000000000691,42
"vary_k",10000,41,9,"PELT",0.00299999999992906,42
"vary_k",10000,41,9,"SVP BIC",0.0769999999999982,42
"vary_k",10000,41,9,"SVP BIC calibrated",0.0760000000000218,42
"vary_k",10000,41,9,"SVP BIC multiscale",0.0760000000000218,42
"vary_k",10000,41,10,"PELT",0.00299999999992906,42
"vary_k",10000,41,10,"SVP BIC",0.0750000000000455,42
"vary_k",10000,41,10,"SVP BIC calibrated",0.0769999999999982,42
"vary_k",10000,41,10,"SVP BIC multiscale",0.0750000000000455,42
"vary_k",10000,42,1,"PELT",0.00300000000015643,43
"vary_k",10000,42,1,"SVP BIC",0.0740000000000691,43
"vary_k",10000,42,1,"SVP BIC calibrated",0.0750000000000455,43
"vary_k",10000,42,1,"SVP BIC multiscale",0.0729999999998654,43
"vary_k",10000,42,2,"PELT",0.00299999999992906,43
"vary_k",10000,42,2,"SVP BIC",0.0740000000000691,43
"vary_k",10000,42,2,"SVP BIC calibrated",0.0740000000000691,43
"vary_k",10000,42,2,"SVP BIC multiscale",0.071999999999889,43
"vary_k",10000,42,3,"PELT",0.00400000000013279,43
"vary_k",10000,42,3,"SVP BIC",0.0730000000000928,43
"vary_k",10000,42,3,"SVP BIC calibrated",0.0740000000000691,43
"vary_k",10000,42,3,"SVP BIC multiscale",0.071999999999889,43
"vary_k",10000,42,4,"PELT",0.00300000000015643,43
"vary_k",10000,42,4,"SVP BIC",0.0739999999998417,43
"vary_k",10000,42,4,"SVP BIC calibrated",0.0760000000000218,43
"vary_k",10000,42,4,"SVP BIC multiscale",0.0729999999998654,43
"vary_k",10000,42,5,"PELT",0.00199999999995271,43
"vary_k",10000,42,5,"SVP BIC",0.0750000000000455,43
"vary_k",10000,42,5,"SVP BIC calibrated",0.0740000000000691,43
"vary_k",10000,42,5,"SVP BIC multiscale",0.0720000000001164,43
"vary_k",10000,42,6,"PELT",0.00400000000013279,43
"vary_k",10000,42,6,"SVP BIC",0.0739999999998417,43
"vary_k",10000,42,6,"SVP BIC calibrated",0.0750000000000455,43
"vary_k",10000,42,6,"SVP BIC multiscale",0.0729999999998654,43
"vary_k",10000,42,7,"PELT",0.00399999999990541,43
"vary_k",10000,42,7,"SVP BIC",0.0750000000000455,43
"vary_k",10000,42,7,"SVP BIC calibrated",0.0750000000000455,43
"vary_k",10000,42,7,"SVP BIC multiscale",0.0730000000000928,43
"vary_k",10000,42,8,"PELT",0.00299999999992906,43
"vary_k",10000,42,8,"SVP BIC",0.0750000000000455,43
"vary_k",10000,42,8,"SVP BIC calibrated",0.0740000000000691,43
"vary_k",10000,42,8,"SVP BIC multiscale",0.0710000000001401,43
"vary_k",10000,42,9,"PELT",0.00299999999992906,43
"vary_k",10000,42,9,"SVP BIC",0.0740000000000691,43
"vary_k",10000,42,9,"SVP BIC calibrated",0.0740000000000691,43
"vary_k",10000,42,9,"SVP BIC multiscale",0.0720000000001164,43
"vary_k",10000,42,10,"PELT",0.00299999999992906,43
"vary_k",10000,42,10,"SVP BIC",0.0739999999998417,43
"vary_k",10000,42,10,"SVP BIC calibrated",0.0739999999998417,43
"vary_k",10000,42,10,"SVP BIC multiscale",0.0709999999999127,43
"vary_k",10000,43,1,"PELT",0.00300000000015643,44
"vary_k",10000,43,1,"SVP BIC",0.071999999999889,44
"vary_k",10000,43,1,"SVP BIC calibrated",0.0730000000000928,44
"vary_k",10000,43,1,"SVP BIC multiscale",0.0710000000001401,44
"vary_k",10000,43,2,"PELT",0.00299999999992906,44
"vary_k",10000,43,2,"SVP BIC",0.0729999999998654,44
"vary_k",10000,43,2,"SVP BIC calibrated",0.0710000000001401,44
"vary_k",10000,43,2,"SVP BIC multiscale",0.0709999999999127,44
"vary_k",10000,43,3,"PELT",0.00299999999992906,44
"vary_k",10000,43,3,"SVP BIC",0.0730000000000928,44
"vary_k",10000,43,3,"SVP BIC calibrated",0.0740000000000691,44
"vary_k",10000,43,3,"SVP BIC multiscale",0.0699999999999363,44
"vary_k",10000,43,4,"PELT",0.00300000000015643,44
"vary_k",10000,43,4,"SVP BIC",0.071999999999889,44
"vary_k",10000,43,4,"SVP BIC calibrated",0.0730000000000928,44
"vary_k",10000,43,4,"SVP BIC multiscale",0.0710000000001401,44
"vary_k",10000,43,5,"PELT",0.00299999999992906,44
"vary_k",10000,43,5,"SVP BIC",0.0720000000001164,44
"vary_k",10000,43,5,"SVP BIC calibrated",0.0750000000000455,44
"vary_k",10000,43,5,"SVP BIC multiscale",0.0730000000000928,45
"vary_k",10000,43,6,"PELT",0.00300000000015643,44
"vary_k",10000,43,6,"SVP BIC",0.0730000000000928,44
"vary_k",10000,43,6,"SVP BIC calibrated",0.0739999999998417,44
"vary_k",10000,43,6,"SVP BIC multiscale",0.0760000000000218,44
"vary_k",10000,43,7,"PELT",0.00299999999992906,44
"vary_k",10000,43,7,"SVP BIC",0.0730000000000928,44
"vary_k",10000,43,7,"SVP BIC calibrated",0.0760000000000218,44
"vary_k",10000,43,7,"SVP BIC multiscale",0.0730000000000928,44
"vary_k",10000,43,8,"PELT",0.00400000000013279,44
"vary_k",10000,43,8,"SVP BIC",0.0760000000000218,44
"vary_k",10000,43,8,"SVP BIC calibrated",0.0730000000000928,44
"vary_k",10000,43,8,"SVP BIC multiscale",0.0710000000001401,45
"vary_k",10000,43,9,"PELT",0.00400000000013279,44
"vary_k",10000,43,9,"SVP BIC",0.0709999999999127,44
"vary_k",10000,43,9,"SVP BIC calibrated",0.0670000000000073,44
"vary_k",10000,43,9,"SVP BIC multiscale",0.0660000000000309,44
"vary_k",10000,43,10,"PELT",0.00299999999992906,44
"vary_k",10000,43,10,"SVP BIC",0.0679999999999836,44
"vary_k",10000,43,10,"SVP BIC calibrated",0.06899999999996,44
"vary_k",10000,43,10,"SVP BIC multiscale",0.0670000000000073,44
"vary_k",10000,44,1,"PELT",0.00299999999992906,45
"vary_k",10000,44,1,"SVP BIC",0.068000000000211,45
"vary_k",10000,44,1,"SVP BIC calibrated",0.06899999999996,45
"vary_k",10000,44,1,"SVP BIC multiscale",0.0660000000000309,45
"vary_k",10000,44,2,"PELT",0.00299999999992906,45
"vary_k",10000,44,2,"SVP BIC",0.0679999999999836,45
"vary_k",10000,44,2,"SVP BIC calibrated",0.0670000000000073,45
"vary_k",10000,44,2,"SVP BIC multiscale",0.0660000000000309,45
"vary_k",10000,44,3,"PELT",0.00300000000015643,45
"vary_k",10000,44,3,"SVP BIC",0.0679999999999836,45
"vary_k",10000,44,3,"SVP BIC calibrated",0.0690000000001874,45
"vary_k",10000,44,3,"SVP BIC multiscale",0.0650000000000546,45
"vary_k",10000,44,4,"PELT",0.00299999999992906,45
"vary_k",10000,44,4,"SVP BIC",0.0670000000000073,45
"vary_k",10000,44,4,"SVP BIC calibrated",0.0670000000000073,45
"vary_k",10000,44,4,"SVP BIC multiscale",0.0640000000000782,45
"vary_k",10000,44,5,"PELT",0.00299999999992906,45
"vary_k",10000,44,5,"SVP BIC",0.0670000000000073,45
"vary_k",10000,44,5,"SVP BIC calibrated",0.0670000000000073,45
"vary_k",10000,44,5,"SVP BIC multiscale",0.0650000000000546,45
"vary_k",10000,44,6,"PELT",0.00299999999992906,45
"vary_k",10000,44,6,"SVP BIC",0.0660000000000309,45
"vary_k",10000,44,6,"SVP BIC calibrated",0.0660000000000309,45
"vary_k",10000,44,6,"SVP BIC multiscale",0.0660000000000309,45
"vary_k",10000,44,7,"PELT",0.00299999999992906,45
"vary_k",10000,44,7,"SVP BIC",0.0670000000000073,45
"vary_k",10000,44,7,"SVP BIC calibrated",0.0670000000000073,46
"vary_k",10000,44,7,"SVP BIC multiscale",0.0640000000000782,46
"vary_k",10000,44,8,"PELT",0.00300000000015643,45
"vary_k",10000,44,8,"SVP BIC",0.0660000000000309,45
"vary_k",10000,44,8,"SVP BIC calibrated",0.0660000000000309,45
"vary_k",10000,44,8,"SVP BIC multiscale",0.0640000000000782,45
"vary_k",10000,44,9,"PELT",0.00200000000018008,45
"vary_k",10000,44,9,"SVP BIC",0.0670000000000073,45
"vary_k",10000,44,9,"SVP BIC calibrated",0.0670000000000073,45
"vary_k",10000,44,9,"SVP BIC multiscale",0.0640000000000782,45
"vary_k",10000,44,10,"PELT",0.00300000000015643,45
"vary_k",10000,44,10,"SVP BIC",0.0660000000000309,45
"vary_k",10000,44,10,"SVP BIC calibrated",0.0670000000000073,45
"vary_k",10000,44,10,"SVP BIC multiscale",0.0650000000000546,45
"vary_k",10000,45,1,"PELT",0.00400000000013279,46
"vary_k",10000,45,1,"SVP BIC",0.0650000000000546,46
"vary_k",10000,45,1,"SVP BIC calibrated",0.0670000000000073,46
"vary_k",10000,45,1,"SVP BIC multiscale",0.0659999999998035,46
"vary_k",10000,45,2,"PELT",0.00299999999992906,46
"vary_k",10000,45,2,"SVP BIC",0.0660000000000309,46
"vary_k",10000,45,2,"SVP BIC calibrated",0.0650000000000546,46
"vary_k",10000,45,2,"SVP BIC multiscale",0.0640000000000782,46
"vary_k",10000,45,3,"PELT",0.00299999999992906,46
"vary_k",10000,45,3,"SVP BIC",0.0679999999999836,46
"vary_k",10000,45,3,"SVP BIC calibrated",0.0650000000000546,46
"vary_k",10000,45,3,"SVP BIC multiscale",0.0630000000001019,46
"vary_k",10000,45,4,"PELT",0.00299999999992906,47
"vary_k",10000,45,4,"SVP BIC",0.0649999999998272,46
"vary_k",10000,45,4,"SVP BIC calibrated",0.0679999999999836,46
"vary_k",10000,45,4,"SVP BIC multiscale",0.0640000000000782,46
"vary_k",10000,45,5,"PELT",0.00399999999990541,46
"vary_k",10000,45,5,"SVP BIC",0.0660000000000309,46
"vary_k",10000,45,5,"SVP BIC calibrated",0.0660000000000309,46
"vary_k",10000,45,5,"SVP BIC multiscale",0.0670000000000073,46
"vary_k",10000,45,6,"PELT",0.00300000000015643,46
"vary_k",10000,45,6,"SVP BIC",0.0679999999999836,46
"vary_k",10000,45,6,"SVP BIC calibrated",0.0670000000000073,46
"vary_k",10000,45,6,"SVP BIC multiscale",0.0640000000000782,46
"vary_k",10000,45,7,"PELT",0.00299999999992906,46
"vary_k",10000,45,7,"SVP BIC",0.0670000000000073,46
"vary_k",10000,45,7,"SVP BIC calibrated",0.0700000000001637,46
"vary_k",10000,45,7,"SVP BIC multiscale",0.0640000000000782,46
"vary_k",10000,45,8,"PELT",0.00299999999992906,46
"vary_k",10000,45,8,"SVP BIC",0.0660000000000309,46
"vary_k",10000,45,8,"SVP BIC calibrated",0.0650000000000546,46
"vary_k",10000,45,8,"SVP BIC multiscale",0.0630000000001019,46
"vary_k",10000,45,9,"PELT",0.00299999999992906,46
"vary_k",10000,45,9,"SVP BIC",0.0670000000000073,46
"vary_k",10000,45,9,"SVP BIC calibrated",0.0640000000000782,46
"vary_k",10000,45,9,"SVP BIC multiscale",0.0620000000001255,46
"vary_k",10000,45,10,"PELT",0.00299999999992906,46
"vary_k",10000,45,10,"SVP BIC",0.0650000000000546,46
"vary_k",10000,45,10,"SVP BIC calibrated",0.0660000000000309,46
"vary_k",10000,45,10,"SVP BIC multiscale",0.0629999999998745,46
"vary_k",10000,46,1,"PELT",0.00199999999995271,47
"vary_k",10000,46,1,"SVP BIC",0.0639999999998508,47
"vary_k",10000,46,1,"SVP BIC calibrated",0.0640000000000782,47
"vary_k",10000,46,1,"SVP BIC multiscale",0.0619999999998981,48
"vary_k",10000,46,2,"PELT",0.00399999999990541,47
"vary_k",10000,46,2,"SVP BIC",0.0640000000000782,47
"vary_k",10000,46,2,"SVP BIC calibrated",0.0650000000000546,47
"vary_k",10000,46,2,"SVP BIC multiscale",0.0630000000001019,47
"vary_k",10000,46,3,"PELT",0.00300000000015643,47
"vary_k",10000,46,3,"SVP BIC",0.0650000000000546,47
"vary_k",10000,46,3,"SVP BIC calibrated",0.0640000000000782,47
"vary_k",10000,46,3,"SVP BIC multiscale",0.0640000000000782,47
"vary_k",10000,46,4,"PELT",0.00300000000015643,47
"vary_k",10000,46,4,"SVP BIC",0.0639999999998508,47
"vary_k",10000,46,4,"SVP BIC calibrated",0.0650000000000546,47
"vary_k",10000,46,4,"SVP BIC multiscale",0.0620000000001255,47
"vary_k",10000,46,5,"PELT",0.00399999999990541,47
"vary_k",10000,46,5,"SVP BIC",0.0639999999998508,47
"vary_k",10000,46,5,"SVP BIC calibrated",0.0640000000000782,47
"vary_k",10000,46,5,"SVP BIC multiscale",0.0620000000001255,48
"vary_k",10000,46,6,"PELT",0.00299999999992906,47
"vary_k",10000,46,6,"SVP BIC",0.0640000000000782,47
"vary_k",10000,46,6,"SVP BIC calibrated",0.0640000000000782,47
"vary_k",10000,46,6,"SVP BIC multiscale",0.0640000000000782,47
"vary_k",10000,46,7,"PELT",0.00299999999992906,47
"vary_k",10000,46,7,"SVP BIC",0.0640000000000782,47
"vary_k",10000,46,7,"SVP BIC calibrated",0.0640000000000782,47
"vary_k",10000,46,7,"SVP BIC multiscale",0.0620000000001255,47
"vary_k",10000,46,8,"PELT",0.00299999999992906,47
"vary_k",10000,46,8,"SVP BIC",0.0640000000000782,47
"vary_k",10000,46,8,"SVP BIC calibrated",0.0640000000000782,47
"vary_k",10000,46,8,"SVP BIC multiscale",0.0630000000001019,47
"vary_k",10000,46,9,"PELT",0.00300000000015643,47
"vary_k",10000,46,9,"SVP BIC",0.0650000000000546,47
"vary_k",10000,46,9,"SVP BIC calibrated",0.0670000000000073,47
"vary_k",10000,46,9,"SVP BIC multiscale",0.0640000000000782,47
"vary_k",10000,46,10,"PELT",0.00300000000015643,47
"vary_k",10000,46,10,"SVP BIC",0.0650000000000546,47
"vary_k",10000,46,10,"SVP BIC calibrated",0.0640000000000782,47
"vary_k",10000,46,10,"SVP BIC multiscale",0.0619999999998981,47
"vary_k",10000,47,1,"PELT",0.00299999999992906,48
"vary_k",10000,47,1,"SVP BIC",0.0640000000000782,48
"vary_k",10000,47,1,"SVP BIC calibrated",0.0629999999998745,48
"vary_k",10000,47,1,"SVP BIC multiscale",0.0639999999998508,48
"vary_k",10000,47,2,"PELT",0.00199999999995271,48
"vary_k",10000,47,2,"SVP BIC",0.0630000000001019,48
"vary_k",10000,47,2,"SVP BIC calibrated",0.0630000000001019,48
"vary_k",10000,47,2,"SVP BIC multiscale",0.0609999999999218,48
"vary_k",10000,47,3,"PELT",0.00300000000015643,48
"vary_k",10000,47,3,"SVP BIC",0.0629999999998745,48
"vary_k",10000,47,3,"SVP BIC calibrated",0.0639999999998508,48
"vary_k",10000,47,3,"SVP BIC multiscale",0.0639999999998508,48
"vary_k",10000,47,4,"PELT",0.00299999999992906,48
"vary_k",10000,47,4,"SVP BIC",0.0639999999998508,48
"vary_k",10000,47,4,"SVP BIC calibrated",0.0629999999998745,48
"vary_k",10000,47,4,"SVP BIC multiscale",0.0619999999998981,48
"vary_k",10000,47,5,"PELT",0.00400000000013279,48
"vary_k",10000,47,5,"SVP BIC",0.0630000000001019,48
"vary_k",10000,47,5,"SVP BIC calibrated",0.0639999999998508,48
"vary_k",10000,47,5,"SVP BIC multiscale",0.0609999999999218,48
"vary_k",10000,47,6,"PELT",0.00300000000015643,48
"vary_k",10000,47,6,"SVP BIC",0.0619999999998981,48
"vary_k",10000,47,6,"SVP BIC calibrated",0.0619999999998981,48
"vary_k",10000,47,6,"SVP BIC multiscale",0.0620000000001255,48
"vary_k",10000,47,7,"PELT",0.00300000000015643,48
"vary_k",10000,47,7,"SVP BIC",0.0629999999998745,48
"vary_k",10000,47,7,"SVP BIC calibrated",0.0629999999998745,48
"vary_k",10000,47,7,"SVP BIC multiscale",0.0610000000001492,48
"vary_k",10000,47,8,"PELT",0.00199999999995271,48
"vary_k",10000,47,8,"SVP BIC",0.0630000000001019,48
"vary_k",10000,47,8,"SVP BIC calibrated",0.0630000000001019,48
"vary_k",10000,47,8,"SVP BIC multiscale",0.0609999999999218,48
"vary_k",10000,47,9,"PELT",0.00300000000015643,48
"vary_k",10000,47,9,"SVP BIC",0.0629999999998745,48
"vary_k",10000,47,9,"SVP BIC calibrated",0.0650000000000546,48
"vary_k",10000,47,9,"SVP BIC multiscale",0.0599999999999454,48
"vary_k",10000,47,10,"PELT",0.00399999999990541,48
"vary_k",10000,47,10,"SVP BIC",0.0620000000001255,48
"vary_k",10000,47,10,"SVP BIC calibrated",0.0640000000000782,48
"vary_k",10000,47,10,"SVP BIC multiscale",0.0640000000000782,48
"vary_k",10000,48,1,"PELT",0.00399999999990541,49
"vary_k",10000,48,1,"SVP BIC",0.0630000000001019,49
"vary_k",10000,48,1,"SVP BIC calibrated",0.0619999999998981,49
"vary_k",10000,48,1,"SVP BIC multiscale",0.0599999999999454,49
"vary_k",10000,48,2,"PELT",0.00300000000015643,51
"vary_k",10000,48,2,"SVP BIC",0.0619999999998981,49
"vary_k",10000,48,2,"SVP BIC calibrated",0.0610000000001492,50
"vary_k",10000,48,2,"SVP BIC multiscale",0.0599999999999454,50
"vary_k",10000,48,3,"PELT",0.00300000000015643,49
"vary_k",10000,48,3,"SVP BIC",0.0619999999998981,49
"vary_k",10000,48,3,"SVP BIC calibrated",0.0619999999998981,49
"vary_k",10000,48,3,"SVP BIC multiscale",0.0600000000001728,49
"vary_k",10000,48,4,"PELT",0.00199999999995271,49
"vary_k",10000,48,4,"SVP BIC",0.0620000000001255,49
"vary_k",10000,48,4,"SVP BIC calibrated",0.0619999999998981,49
"vary_k",10000,48,4,"SVP BIC multiscale",0.0579999999999927,49
"vary_k",10000,48,5,"PELT",0.00299999999992906,49
"vary_k",10000,48,5,"SVP BIC",0.0629999999998745,49
"vary_k",10000,48,5,"SVP BIC calibrated",0.0619999999998981,49
"vary_k",10000,48,5,"SVP BIC multiscale",0.0589999999999691,49
"vary_k",10000,48,6,"PELT",0.00299999999992906,49
"vary_k",10000,48,6,"SVP BIC",0.0620000000001255,49
"vary_k",10000,48,6,"SVP BIC calibrated",0.0619999999998981,49
"vary_k",10000,48,6,"SVP BIC multiscale",0.0589999999999691,49
"vary_k",10000,48,7,"PELT",0.00299999999992906,49
"vary_k",10000,48,7,"SVP BIC",0.0610000000001492,49
"vary_k",10000,48,7,"SVP BIC calibrated",0.0620000000001255,49
"vary_k",10000,48,7,"SVP BIC multiscale",0.0599999999999454,50
"vary_k",10000,48,8,"PELT",0.00399999999990541,49
"vary_k",10000,48,8,"SVP BIC",0.0620000000001255,49
"vary_k",10000,48,8,"SVP BIC calibrated",0.0609999999999218,49
"vary_k",10000,48,8,"SVP BIC multiscale",0.0600000000001728,49
"vary_k",10000,48,9,"PELT",0.00299999999992906,49
"vary_k",10000,48,9,"SVP BIC",0.0629999999998745,49
"vary_k",10000,48,9,"SVP BIC calibrated",0.0630000000001019,49
"vary_k",10000,48,9,"SVP BIC multiscale",0.0600000000001728,49
"vary_k",10000,48,10,"PELT",0.00299999999992906,49
"vary_k",10000,48,10,"SVP BIC",0.0620000000001255,49
"vary_k",10000,48,10,"SVP BIC calibrated",0.0599999999999454,49
"vary_k",10000,48,10,"SVP BIC multiscale",0.0580000000002201,49
"vary_k",10000,49,1,"PELT",0.00299999999992906,50
"vary_k",10000,49,1,"SVP BIC",0.0609999999999218,50
"vary_k",10000,49,1,"SVP BIC calibrated",0.0609999999999218,50
"vary_k",10000,49,1,"SVP BIC multiscale",0.0579999999999927,50
"vary_k",10000,49,2,"PELT",0.00299999999992906,50
"vary_k",10000,49,2,"SVP BIC",0.0629999999998745,50
"vary_k",10000,49,2,"SVP BIC calibrated",0.0610000000001492,50
"vary_k",10000,49,2,"SVP BIC multiscale",0.0609999999999218,50
"vary_k",10000,49,3,"PELT",0.00299999999992906,50
"vary_k",10000,49,3,"SVP BIC",0.0630000000001019,50
"vary_k",10000,49,3,"SVP BIC calibrated",0.0619999999998981,50
"vary_k",10000,49,3,"SVP BIC multiscale",0.0599999999999454,50
"vary_k",10000,49,4,"PELT",0.00300000000015643,50
"vary_k",10000,49,4,"SVP BIC",0.0609999999999218,50
"vary_k",10000,49,4,"SVP BIC calibrated",0.0619999999998981,50
"vary_k",10000,49,4,"SVP BIC multiscale",0.0600000000001728,50
"vary_k",10000,49,5,"PELT",0.00299999999992906,50
"vary_k",10000,49,5,"SVP BIC",0.0600000000001728,50
"vary_k",10000,49,5,"SVP BIC calibrated",0.0609999999999218,50
"vary_k",10000,49,5,"SVP BIC multiscale",0.0579999999999927,50
"vary_k",10000,49,6,"PELT",0.00399999999990541,50
"vary_k",10000,49,6,"SVP BIC",0.0610000000001492,50
"vary_k",10000,49,6,"SVP BIC calibrated",0.0619999999998981,50
"vary_k",10000,49,6,"SVP BIC multiscale",0.0610000000001492,50
"vary_k",10000,49,7,"PELT",0.00299999999992906,50
"vary_k",10000,49,7,"SVP BIC",0.0599999999999454,50
"vary_k",10000,49,7,"SVP BIC calibrated",0.0609999999999218,50
"vary_k",10000,49,7,"SVP BIC multiscale",0.0579999999999927,50
"vary_k",10000,49,8,"PELT",0.00299999999992906,50
"vary_k",10000,49,8,"SVP BIC",0.0610000000001492,50
"vary_k",10000,49,8,"SVP BIC calibrated",0.0599999999999454,50
"vary_k",10000,49,8,"SVP BIC multiscale",0.0579999999999927,50
"vary_k",10000,49,9,"PELT",0.00299999999992906,50
"vary_k",10000,49,9,"SVP BIC",0.0609999999999218,50
"vary_k",10000,49,9,"SVP BIC calibrated",0.0610000000001492,50
"vary_k",10000,49,9,"SVP BIC multiscale",0.0579999999999927,50
"vary_k",10000,49,10,"PELT",0.00300000000015643,50
"vary_k",10000,49,10,"SVP BIC",0.0609999999999218,50
"vary_k",10000,49,10,"SVP BIC calibrated",0.0599999999999454,50
"vary_k",10000,49,10,"SVP BIC multiscale",0.0579999999999927,50
"vary_k",10000,50,1,"PELT",0.00199999999995271,51
"vary_k",10000,50,1,"SVP BIC",0.0590000000001965,51
"vary_k",10000,50,1,"SVP BIC calibrated",0.0589999999999691,51
"vary_k",10000,50,1,"SVP BIC multiscale",0.0570000000000164,51
"vary_k",10000,50,2,"PELT",0.00299999999992906,51
"vary_k",10000,50,2,"SVP BIC",0.0589999999999691,51
"vary_k",10000,50,2,"SVP BIC calibrated",0.0589999999999691,51
"vary_k",10000,50,2,"SVP BIC multiscale",0.0570000000000164,51
"vary_k",10000,50,3,"PELT",0.00199999999995271,52
"vary_k",10000,50,3,"SVP BIC",0.0589999999999691,51
"vary_k",10000,50,3,"SVP BIC calibrated",0.0579999999999927,51
"vary_k",10000,50,3,"SVP BIC multiscale",0.0579999999999927,52
"vary_k",10000,50,4,"PELT",0.00300000000015643,51
"vary_k",10000,50,4,"SVP BIC",0.0589999999999691,51
"vary_k",10000,50,4,"SVP BIC calibrated",0.0600000000001728,51
"vary_k",10000,50,4,"SVP BIC multiscale",0.0570000000000164,51
"vary_k",10000,50,5,"PELT",0.00199999999995271,51
"vary_k",10000,50,5,"SVP BIC",0.0599999999999454,51
"vary_k",10000,50,5,"SVP BIC calibrated",0.0599999999999454,51
"vary_k",10000,50,5,"SVP BIC multiscale",0.0570000000000164,51
"vary_k",10000,50,6,"PELT",0.00399999999990541,51
"vary_k",10000,50,6,"SVP BIC",0.0600000000001728,51
"vary_k",10000,50,6,"SVP BIC calibrated",0.0599999999999454,51
"vary_k",10000,50,6,"SVP BIC multiscale",0.0579999999999927,51
"vary_k",10000,50,7,"PELT",0.00299999999992906,51
"vary_k",10000,50,7,"SVP BIC",0.0589999999999691,51
"vary_k",10000,50,7,"SVP BIC calibrated",0.0599999999999454,51
"vary_k",10000,50,7,"SVP BIC multiscale",0.0570000000000164,51
"vary_k",10000,50,8,"PELT",0.00300000000015643,51
"vary_k",10000,50,8,"SVP BIC",0.0589999999999691,51
"vary_k",10000,50,8,"SVP BIC calibrated",0.0599999999999454,51
"vary_k",10000,50,8,"SVP BIC multiscale",0.0599999999999454,51
"vary_k",10000,50,9,"PELT",0.00300000000015643,51
"vary_k",10000,50,9,"SVP BIC",0.0599999999999454,51
"vary_k",10000,50,9,"SVP BIC calibrated",0.0609999999999218,51
"vary_k",10000,50,9,"SVP BIC multiscale",0.0590000000001965,51
"vary_k",10000,50,10,"PELT",0.00399999999990541,51
"vary_k",10000,50,10,"SVP BIC",0.0589999999999691,51
"vary_k",10000,50,10,"SVP BIC calibrated",0.0619999999998981,51
"vary_k",10000,50,10,"SVP BIC multiscale",0.0589999999999691,51
"vary_k",10000,51,1,"PELT",0.00299999999992906,52
"vary_k",10000,51,1,"SVP BIC",0.0589999999999691,52
"vary_k",10000,51,1,"SVP BIC calibrated",0.0599999999999454,52
"vary_k",10000,51,1,"SVP BIC multiscale",0.0590000000001965,52
"vary_k",10000,51,2,"PELT",0.00299999999992906,52
"vary_k",10000,51,2,"SVP BIC",0.0589999999999691,52
"vary_k",10000,51,2,"SVP BIC calibrated",0.0579999999999927,52
"vary_k",10000,51,2,"SVP BIC multiscale",0.0549999999998363,52
"vary_k",10000,51,3,"PELT",0.00299999999992906,52
"vary_k",10000,51,3,"SVP BIC",0.0579999999999927,52
"vary_k",10000,51,3,"SVP BIC calibrated",0.0589999999999691,52
"vary_k",10000,51,3,"SVP BIC multiscale",0.0570000000000164,52
"vary_k",10000,51,4,"PELT",0.00300000000015643,52
"vary_k",10000,51,4,"SVP BIC",0.0579999999999927,52
"vary_k",10000,51,4,"SVP BIC calibrated",0.0600000000001728,52
"vary_k",10000,51,4,"SVP BIC multiscale",0.0579999999999927,52
"vary_k",10000,51,5,"PELT",0.00300000000015643,52
"vary_k",10000,51,5,"SVP BIC",0.0589999999999691,52
"vary_k",10000,51,5,"SVP BIC calibrated",0.0589999999999691,52
"vary_k",10000,51,5,"SVP BIC multiscale",0.056999999999789,52
"vary_k",10000,51,6,"PELT",0.00299999999992906,52
"vary_k",10000,51,6,"SVP BIC",0.0579999999999927,52
"vary_k",10000,51,6,"SVP BIC calibrated",0.0579999999999927,52
"vary_k",10000,51,6,"SVP BIC multiscale",0.0559999999998126,52
"vary_k",10000,51,7,"PELT",0.00199999999995271,52
"vary_k",10000,51,7,"SVP BIC",0.0579999999999927,52
"vary_k",10000,51,7,"SVP BIC calibrated",0.0579999999999927,52
"vary_k",10000,51,7,"SVP BIC multiscale",0.0570000000000164,52
"vary_k",10000,51,8,"PELT",0.00299999999992906,52
"vary_k",10000,51,8,"SVP BIC",0.0590000000001965,52
"vary_k",10000,51,8,"SVP BIC calibrated",0.0579999999999927,52
"vary_k",10000,51,8,"SVP BIC multiscale",0.0600000000001728,52
"vary_k",10000,51,9,"PELT",0.00299999999992906,53
"vary_k",10000,51,9,"SVP BIC",0.0599999999999454,52
"vary_k",10000,51,9,"SVP BIC calibrated",0.0589999999999691,52
"vary_k",10000,51,9,"SVP BIC multiscale",0.0579999999999927,52
"vary_k",10000,51,10,"PELT",0.00200000000018008,52
"vary_k",10000,51,10,"SVP BIC",0.0630000000001019,52
"vary_k",10000,51,10,"SVP BIC calibrated",0.0589999999999691,52
"vary_k",10000,51,10,"SVP BIC multiscale",0.0580000000002201,52
"vary_k",10000,52,1,"PELT",0.00299999999992906,53
"vary_k",10000,52,1,"SVP BIC",0.0580000000002201,53
"vary_k",10000,52,1,"SVP BIC calibrated",0.0579999999999927,53
"vary_k",10000,52,1,"SVP BIC multiscale",0.05600000000004,53
"vary_k",10000,52,2,"PELT",0.00300000000015643,53
"vary_k",10000,52,2,"SVP BIC",0.0579999999999927,53
"vary_k",10000,52,2,"SVP BIC calibrated",0.0589999999999691,53
"vary_k",10000,52,2,"SVP BIC multiscale",0.0579999999999927,53
"vary_k",10000,52,3,"PELT",0.00299999999992906,53
"vary_k",10000,52,3,"SVP BIC",0.0579999999999927,53
"vary_k",10000,52,3,"SVP BIC calibrated",0.0589999999999691,53
"vary_k",10000,52,3,"SVP BIC multiscale",0.0570000000000164,53
"vary_k",10000,52,4,"PELT",0.00300000000015643,53
"vary_k",10000,52,4,"SVP BIC",0.0579999999999927,53
"vary_k",10000,52,4,"SVP BIC calibrated",0.0599999999999454,53
"vary_k",10000,52,4,"SVP BIC multiscale",0.0559999999998126,53
"vary_k",10000,52,5,"PELT",0.00199999999995271,53
"vary_k",10000,52,5,"SVP BIC",0.0579999999999927,53
"vary_k",10000,52,5,"SVP BIC calibrated",0.0579999999999927,53
"vary_k",10000,52,5,"SVP BIC multiscale",0.0570000000000164,53
"vary_k",10000,52,6,"PELT",0.00300000000015643,53
"vary_k",10000,52,6,"SVP BIC",0.0570000000000164,53
"vary_k",10000,52,6,"SVP BIC calibrated",0.0589999999999691,53
"vary_k",10000,52,6,"SVP BIC multiscale",0.0549999999998363,54
"vary_k",10000,52,7,"PELT",0.00299999999992906,53
"vary_k",10000,52,7,"SVP BIC",0.0590000000001965,53
"vary_k",10000,52,7,"SVP BIC calibrated",0.0579999999999927,53
"vary_k",10000,52,7,"SVP BIC multiscale",0.0570000000000164,54
"vary_k",10000,52,8,"PELT",0.00399999999990541,53
"vary_k",10000,52,8,"SVP BIC",0.0579999999999927,53
"vary_k",10000,52,8,"SVP BIC calibrated",0.0589999999999691,53
"vary_k",10000,52,8,"SVP BIC multiscale",0.0570000000000164,53
"vary_k",10000,52,9,"PELT",0.00299999999992906,53
"vary_k",10000,52,9,"SVP BIC",0.0570000000000164,53
"vary_k",10000,52,9,"SVP BIC calibrated",0.0579999999999927,53
"vary_k",10000,52,9,"SVP BIC multiscale",0.0550000000000637,53
"vary_k",10000,52,10,"PELT",0.00299999999992906,53
"vary_k",10000,52,10,"SVP BIC",0.0570000000000164,53
"vary_k",10000,52,10,"SVP BIC calibrated",0.0570000000000164,53
"vary_k",10000,52,10,"SVP BIC multiscale",0.05600000000004,53
"vary_k",10000,53,1,"PELT",0.00299999999992906,54
"vary_k",10000,53,1,"SVP BIC",0.0559999999998126,54
"vary_k",10000,53,1,"SVP BIC calibrated",0.05600000000004,54
"vary_k",10000,53,1,"SVP BIC multiscale",0.0550000000000637,54
"vary_k",10000,53,2,"PELT",0.00299999999992906,54
"vary_k",10000,53,2,"SVP BIC",0.0570000000000164,54
"vary_k",10000,53,2,"SVP BIC calibrated",0.0570000000000164,54
"vary_k",10000,53,2,"SVP BIC multiscale",0.0550000000000637,54
"vary_k",10000,53,3,"PELT",0.00199999999995271,55
"vary_k",10000,53,3,"SVP BIC",0.0589999999999691,54
"vary_k",10000,53,3,"SVP BIC calibrated",0.0589999999999691,55
"vary_k",10000,53,3,"SVP BIC multiscale",0.05600000000004,55
"vary_k",10000,53,4,"PELT",0.00199999999995271,54
"vary_k",10000,53,4,"SVP BIC",0.0609999999999218,54
"vary_k",10000,53,4,"SVP BIC calibrated",0.0579999999999927,54
"vary_k",10000,53,4,"SVP BIC multiscale",0.0570000000000164,54
"vary_k",10000,53,5,"PELT",0.00299999999992906,54
"vary_k",10000,53,5,"SVP BIC",0.056999999999789,54
"vary_k",10000,53,5,"SVP BIC calibrated",0.0579999999999927,54
"vary_k",10000,53,5,"SVP BIC multiscale",0.0540000000000873,54
"vary_k",10000,53,6,"PELT",0.00299999999992906,54
"vary_k",10000,53,6,"SVP BIC",0.0570000000000164,54
"vary_k",10000,53,6,"SVP BIC calibrated",0.0579999999999927,54
"vary_k",10000,53,6,"SVP BIC multiscale",0.0549999999998363,54
"vary_k",10000,53,7,"PELT",0.00299999999992906,54
"vary_k",10000,53,7,"SVP BIC",0.0570000000000164,54
"vary_k",10000,53,7,"SVP BIC calibrated",0.05600000000004,54
"vary_k",10000,53,7,"SVP BIC multiscale",0.05600000000004,54
"vary_k",10000,53,8,"PELT",0.00299999999992906,54
"vary_k",10000,53,8,"SVP BIC",0.0570000000000164,54
"vary_k",10000,53,8,"SVP BIC calibrated",0.0579999999999927,54
"vary_k",10000,53,8,"SVP BIC multiscale",0.0550000000000637,54
"vary_k",10000,53,9,"PELT",0.00300000000015643,54
"vary_k",10000,53,9,"SVP BIC",0.0629999999998745,54
"vary_k",10000,53,9,"SVP BIC calibrated",0.05600000000004,54
"vary_k",10000,53,9,"SVP BIC multiscale",0.05600000000004,54
"vary_k",10000,53,10,"PELT",0.00199999999995271,54
"vary_k",10000,53,10,"SVP BIC",0.0570000000000164,54
"vary_k",10000,53,10,"SVP BIC calibrated",0.0570000000000164,54
"vary_k",10000,53,10,"SVP BIC multiscale",0.0550000000000637,54
"vary_k",10000,54,1,"PELT",0.00199999999995271,55
"vary_k",10000,54,1,"SVP BIC",0.0559999999998126,55
"vary_k",10000,54,1,"SVP BIC calibrated",0.0549999999998363,56
"vary_k",10000,54,1,"SVP BIC multiscale",0.0529999999998836,56
"vary_k",10000,54,2,"PELT",0.00399999999990541,55
"vary_k",10000,54,2,"SVP BIC",0.05600000000004,55
"vary_k",10000,54,2,"SVP BIC calibrated",0.05600000000004,55
"vary_k",10000,54,2,"SVP BIC multiscale",0.0540000000000873,55
"vary_k",10000,54,3,"PELT",0.00299999999992906,55
"vary_k",10000,54,3,"SVP BIC",0.05600000000004,55
"vary_k",10000,54,3,"SVP BIC calibrated",0.0550000000000637,55
"vary_k",10000,54,3,"SVP BIC multiscale",0.0540000000000873,56
"vary_k",10000,54,4,"PELT",0.00300000000015643,55
"vary_k",10000,54,4,"SVP BIC",0.05600000000004,55
"vary_k",10000,54,4,"SVP BIC calibrated",0.0570000000000164,55
"vary_k",10000,54,4,"SVP BIC multiscale",0.0540000000000873,55
"vary_k",10000,54,5,"PELT",0.00199999999995271,55
"vary_k",10000,54,5,"SVP BIC",0.0559999999998126,55
"vary_k",10000,54,5,"SVP BIC calibrated",0.05600000000004,55
"vary_k",10000,54,5,"SVP BIC multiscale",0.0539999999998599,55
"vary_k",10000,54,6,"PELT",0.00299999999992906,55
"vary_k",10000,54,6,"SVP BIC",0.0570000000000164,55
"vary_k",10000,54,6,"SVP BIC calibrated",0.0550000000000637,55
"vary_k",10000,54,6,"SVP BIC multiscale",0.053000000000111,57
"vary_k",10000,54,7,"PELT",0.00299999999992906,55
"vary_k",10000,54,7,"SVP BIC",0.0570000000000164,55
"vary_k",10000,54,7,"SVP BIC calibrated",0.05600000000004,55
"vary_k",10000,54,7,"SVP BIC multiscale",0.0550000000000637,55
"vary_k",10000,54,8,"PELT",0.00199999999995271,55
"vary_k",10000,54,8,"SVP BIC",0.0559999999998126,55
"vary_k",10000,54,8,"SVP BIC calibrated",0.05600000000004,55
"vary_k",10000,54,8,"SVP BIC multiscale",0.0540000000000873,55
"vary_k",10000,54,9,"PELT",0.00299999999992906,55
"vary_k",10000,54,9,"SVP BIC",0.0570000000000164,55
"vary_k",10000,54,9,"SVP BIC calibrated",0.05600000000004,55
"vary_k",10000,54,9,"SVP BIC multiscale",0.053000000000111,55
"vary_k",10000,54,10,"PELT",0.00300000000015643,55
"vary_k",10000,54,10,"SVP BIC",0.0559999999998126,55
"vary_k",10000,54,10,"SVP BIC calibrated",0.0559999999998126,55
"vary_k",10000,54,10,"SVP BIC multiscale",0.0539999999998599,55
"vary_k",10000,55,1,"PELT",0.00299999999992906,56
"vary_k",10000,55,1,"SVP BIC",0.0570000000000164,56
"vary_k",10000,55,1,"SVP BIC calibrated",0.0549999999998363,56
"vary_k",10000,55,1,"SVP BIC multiscale",0.0529999999998836,56
"vary_k",10000,55,2,"PELT",0.00299999999992906,56
"vary_k",10000,55,2,"SVP BIC",0.0550000000000637,56
"vary_k",10000,55,2,"SVP BIC calibrated",0.0550000000000637,56
"vary_k",10000,55,2,"SVP BIC multiscale",0.053000000000111,56
"vary_k",10000,55,3,"PELT",0.00299999999992906,56
"vary_k",10000,55,3,"SVP BIC",0.0559999999998126,56
"vary_k",10000,55,3,"SVP BIC calibrated",0.0549999999998363,56
"vary_k",10000,55,3,"SVP BIC multiscale",0.0519999999999072,56
"vary_k",10000,55,4,"PELT",0.00299999999992906,56
"vary_k",10000,55,4,"SVP BIC",0.0550000000000637,56
"vary_k",10000,55,4,"SVP BIC calibrated",0.05600000000004,56
"vary_k",10000,55,4,"SVP BIC multiscale",0.0540000000000873,57
"vary_k",10000,55,5,"PELT",0.00300000000015643,56
"vary_k",10000,55,5,"SVP BIC",0.0589999999999691,56
"vary_k",10000,55,5,"SVP BIC calibrated",0.0550000000000637,56
"vary_k",10000,55,5,"SVP BIC multiscale",0.0540000000000873,56
"vary_k",10000,55,6,"PELT",0.00299999999992906,56
"vary_k",10000,55,6,"SVP BIC",0.0590000000001965,56
"vary_k",10000,55,6,"SVP BIC calibrated",0.05600000000004,56
"vary_k",10000,55,6,"SVP BIC multiscale",0.0529999999998836,56
"vary_k",10000,55,7,"PELT",0.00299999999992906,56
"vary_k",10000,55,7,"SVP BIC",0.053000000000111,56
"vary_k",10000,55,7,"SVP BIC calibrated",0.0550000000000637,56
"vary_k",10000,55,7,"SVP BIC multiscale",0.0520000000001346,56
"vary_k",10000,55,8,"PELT",0.00199999999995271,56
"vary_k",10000,55,8,"SVP BIC",0.05600000000004,56
"vary_k",10000,55,8,"SVP BIC calibrated",0.0549999999998363,56
"vary_k",10000,55,8,"SVP BIC multiscale",0.0529999999998836,56
"vary_k",10000,55,9,"PELT",0.00199999999995271,56
"vary_k",10000,55,9,"SVP BIC",0.05600000000004,56
"vary_k",10000,55,9,"SVP BIC calibrated",0.0540000000000873,56
"vary_k",10000,55,9,"SVP BIC multiscale",0.05600000000004,56
"vary_k",10000,55,10,"PELT",0.00299999999992906,56
"vary_k",10000,55,10,"SVP BIC",0.0570000000000164,56
"vary_k",10000,55,10,"SVP BIC calibrated",0.0550000000000637,56
"vary_k",10000,55,10,"SVP BIC multiscale",0.05600000000004,56
"vary_k",10000,56,1,"PELT",0.00299999999992906,57
"vary_k",10000,56,1,"SVP BIC",0.0539999999998599,57
"vary_k",10000,56,1,"SVP BIC calibrated",0.0540000000000873,57
"vary_k",10000,56,1,"SVP BIC multiscale",0.0520000000001346,57
"vary_k",10000,56,2,"PELT",0.00199999999995271,57
"vary_k",10000,56,2,"SVP BIC",0.0549999999998363,57
"vary_k",10000,56,2,"SVP BIC calibrated",0.0539999999998599,57
"vary_k",10000,56,2,"SVP BIC multiscale",0.053000000000111,57
"vary_k",10000,56,3,"PELT",0.00199999999995271,57
"vary_k",10000,56,3,"SVP BIC",0.0549999999998363,57
"vary_k",10000,56,3,"SVP BIC calibrated",0.0540000000000873,57
"vary_k",10000,56,3,"SVP BIC multiscale",0.053000000000111,57
"vary_k",10000,56,4,"PELT",0.00299999999992906,57
"vary_k",10000,56,4,"SVP BIC",0.0550000000000637,57
"vary_k",10000,56,4,"SVP BIC calibrated",0.0550000000000637,57
"vary_k",10000,56,4,"SVP BIC multiscale",0.0529999999998836,57
"vary_k",10000,56,5,"PELT",0.00299999999992906,57
"vary_k",10000,56,5,"SVP BIC",0.056999999999789,57
"vary_k",10000,56,5,"SVP BIC calibrated",0.0550000000000637,57
"vary_k",10000,56,5,"SVP BIC multiscale",0.0540000000000873,57
"vary_k",10000,56,6,"PELT",0.00299999999992906,57
"vary_k",10000,56,6,"SVP BIC",0.0550000000000637,57
"vary_k",10000,56,6,"SVP BIC calibrated",0.0570000000000164,57
"vary_k",10000,56,6,"SVP BIC multiscale",0.0540000000000873,57
"vary_k",10000,56,7,"PELT",0.00200000000018008,57
"vary_k",10000,56,7,"SVP BIC",0.0540000000000873,57
"vary_k",10000,56,7,"SVP BIC calibrated",0.0550000000000637,57
"vary_k",10000,56,7,"SVP BIC multiscale",0.053000000000111,57
"vary_k",10000,56,8,"PELT",0.00299999999992906,57
"vary_k",10000,56,8,"SVP BIC",0.0549999999998363,57
"vary_k",10000,56,8,"SVP BIC calibrated",0.0549999999998363,57
"vary_k",10000,56,8,"SVP BIC multiscale",0.0539999999998599,57
"vary_k",10000,56,9,"PELT",0.00199999999995271,57
"vary_k",10000,56,9,"SVP BIC",0.0550000000000637,57
"vary_k",10000,56,9,"SVP BIC calibrated",0.0539999999998599,57
"vary_k",10000,56,9,"SVP BIC multiscale",0.0519999999999072,57
"vary_k",10000,56,10,"PELT",0.00299999999992906,57
"vary_k",10000,56,10,"SVP BIC",0.0539999999998599,57
"vary_k",10000,56,10,"SVP BIC calibrated",0.05600000000004,57
"vary_k",10000,56,10,"SVP BIC multiscale",0.053000000000111,57
"vary_k",10000,57,1,"PELT",0.00300000000015643,58
"vary_k",10000,57,1,"SVP BIC",0.0539999999998599,58
"vary_k",10000,57,1,"SVP BIC calibrated",0.0539999999998599,58
"vary_k",10000,57,1,"SVP BIC multiscale",0.0509999999999309,58
"vary_k",10000,57,2,"PELT",0.00299999999992906,58
"vary_k",10000,57,2,"SVP BIC",0.0539999999998599,58
"vary_k",10000,57,2,"SVP BIC calibrated",0.05600000000004,58
"vary_k",10000,57,2,"SVP BIC multiscale",0.0540000000000873,58
"vary_k",10000,57,3,"PELT",0.00299999999992906,58
"vary_k",10000,57,3,"SVP BIC",0.0540000000000873,58
"vary_k",10000,57,3,"SVP BIC calibrated",0.0549999999998363,58
"vary_k",10000,57,3,"SVP BIC multiscale",0.0539999999998599,58
"vary_k",10000,57,4,"PELT",0.00299999999992906,58
"vary_k",10000,57,4,"SVP BIC",0.053000000000111,58
"vary_k",10000,57,4,"SVP BIC calibrated",0.05600000000004,58
"vary_k",10000,57,4,"SVP BIC multiscale",0.053000000000111,58
"vary_k",10000,57,5,"PELT",0.00300000000015643,58
"vary_k",10000,57,5,"SVP BIC",0.0549999999998363,58
"vary_k",10000,57,5,"SVP BIC calibrated",0.0550000000000637,58
"vary_k",10000,57,5,"SVP BIC multiscale",0.0529999999998836,58
"vary_k",10000,57,6,"PELT",0.00199999999995271,58
"vary_k",10000,57,6,"SVP BIC",0.053000000000111,58
"vary_k",10000,57,6,"SVP BIC calibrated",0.0550000000000637,58
"vary_k",10000,57,6,"SVP BIC multiscale",0.0509999999999309,58
"vary_k",10000,57,7,"PELT",0.00300000000015643,58
"vary_k",10000,57,7,"SVP BIC",0.0550000000000637,58
"vary_k",10000,57,7,"SVP BIC calibrated",0.05600000000004,58
"vary_k",10000,57,7,"SVP BIC multiscale",0.0540000000000873,58
"vary_k",10000,57,8,"PELT",0.00299999999992906,58
"vary_k",10000,57,8,"SVP BIC",0.0539999999998599,58
"vary_k",10000,57,8,"SVP BIC calibrated",0.0529999999998836,58
"vary_k",10000,57,8,"SVP BIC multiscale",0.0529999999998836,58
"vary_k",10000,57,9,"PELT",0.00299999999992906,58
"vary_k",10000,57,9,"SVP BIC",0.0550000000000637,58
"vary_k",10000,57,9,"SVP BIC calibrated",0.0540000000000873,58
"vary_k",10000,57,9,"SVP BIC multiscale",0.0549999999998363,58
"vary_k",10000,57,10,"PELT",0.00199999999995271,58
"vary_k",10000,57,10,"SVP BIC",0.0540000000000873,58
"vary_k",10000,57,10,"SVP BIC calibrated",0.0550000000000637,58
"vary_k",10000,57,10,"SVP BIC multiscale",0.0550000000000637,58
"vary_k",10000,58,1,"PELT",0.00199999999995271,59
"vary_k",10000,58,1,"SVP BIC",0.053000000000111,59
"vary_k",10000,58,1,"SVP BIC calibrated",0.0520000000001346,59
"vary_k",10000,58,1,"SVP BIC multiscale",0.0519999999999072,59
"vary_k",10000,58,2,"PELT",0.00299999999992906,59
"vary_k",10000,58,2,"SVP BIC",0.0520000000001346,59
"vary_k",10000,58,2,"SVP BIC calibrated",0.0529999999998836,59
"vary_k",10000,58,2,"SVP BIC multiscale",0.0509999999999309,59
"vary_k",10000,58,3,"PELT",0.00199999999995271,59
"vary_k",10000,58,3,"SVP BIC",0.0519999999999072,59
"vary_k",10000,58,3,"SVP BIC calibrated",0.0529999999998836,59
"vary_k",10000,58,3,"SVP BIC multiscale",0.0510000000001583,59
"vary_k",10000,58,4,"PELT",0.00299999999992906,59
"vary_k",10000,58,4,"SVP BIC",0.0520000000001346,59
"vary_k",10000,58,4,"SVP BIC calibrated",0.0529999999998836,59
"vary_k",10000,58,4,"SVP BIC multiscale",0.0509999999999309,59
"vary_k",10000,58,5,"PELT",0.00200000000018008,59
"vary_k",10000,58,5,"SVP BIC",0.0550000000000637,59
"vary_k",10000,58,5,"SVP BIC calibrated",0.0550000000000637,59
"vary_k",10000,58,5,"SVP BIC multiscale",0.0520000000001346,59
"vary_k",10000,58,6,"PELT",0.00299999999992906,59
"vary_k",10000,58,6,"SVP BIC",0.0529999999998836,59
"vary_k",10000,58,6,"SVP BIC calibrated",0.053000000000111,59
"vary_k",10000,58,6,"SVP BIC multiscale",0.0509999999999309,59
"vary_k",10000,58,7,"PELT",0.00300000000015643,59
"vary_k",10000,58,7,"SVP BIC",0.0529999999998836,59
"vary_k",10000,58,7,"SVP BIC calibrated",0.0529999999998836,59
"vary_k",10000,58,7,"SVP BIC multiscale",0.0509999999999309,59
"vary_k",10000,58,8,"PELT",0.00199999999995271,59
"vary_k",10000,58,8,"SVP BIC",0.0519999999999072,59
"vary_k",10000,58,8,"SVP BIC calibrated",0.0520000000001346,59
"vary_k",10000,58,8,"SVP BIC multiscale",0.0509999999999309,59
"vary_k",10000,58,9,"PELT",0.00299999999992906,59
"vary_k",10000,58,9,"SVP BIC",0.053000000000111,59
"vary_k",10000,58,9,"SVP BIC calibrated",0.053000000000111,59
"vary_k",10000,58,9,"SVP BIC multiscale",0.0519999999999072,59
"vary_k",10000,58,10,"PELT",0.00299999999992906,59
"vary_k",10000,58,10,"SVP BIC",0.0519999999999072,59
"vary_k",10000,58,10,"SVP BIC calibrated",0.0519999999999072,59
"vary_k",10000,58,10,"SVP BIC multiscale",0.0499999999999545,59
"vary_k",10000,59,1,"PELT",0.00299999999992906,60
"vary_k",10000,59,1,"SVP BIC",0.0519999999999072,60
"vary_k",10000,59,1,"SVP BIC calibrated",0.0519999999999072,60
"vary_k",10000,59,1,"SVP BIC multiscale",0.0499999999999545,60
"vary_k",10000,59,2,"PELT",0.00299999999992906,60
"vary_k",10000,59,2,"SVP BIC",0.0520000000001346,60
"vary_k",10000,59,2,"SVP BIC calibrated",0.053000000000111,60
"vary_k",10000,59,2,"SVP BIC multiscale",0.0520000000001346,60
"vary_k",10000,59,3,"PELT",0.00299999999992906,60
"vary_k",10000,59,3,"SVP BIC",0.0529999999998836,60
"vary_k",10000,59,3,"SVP BIC calibrated",0.0539999999998599,60
"vary_k",10000,59,3,"SVP BIC multiscale",0.0519999999999072,60
"vary_k",10000,59,4,"PELT",0.00199999999995271,60
"vary_k",10000,59,4,"SVP BIC",0.0540000000000873,60
"vary_k",10000,59,4,"SVP BIC calibrated",0.0540000000000873,60
"vary_k",10000,59,4,"SVP BIC multiscale",0.0510000000001583,60
"vary_k",10000,59,5,"PELT",0.00300000000015643,60
"vary_k",10000,59,5,"SVP BIC",0.0540000000000873,60
"vary_k",10000,59,5,"SVP BIC calibrated",0.0540000000000873,60
"vary_k",10000,59,5,"SVP BIC multiscale",0.0519999999999072,60
"vary_k",10000,59,6,"PELT",0.00299999999992906,60
"vary_k",10000,59,6,"SVP BIC",0.0539999999998599,60
"vary_k",10000,59,6,"SVP BIC calibrated",0.0529999999998836,60
"vary_k",10000,59,6,"SVP BIC multiscale",0.0500000000001819,61
"vary_k",10000,59,7,"PELT",0.00299999999992906,60
"vary_k",10000,59,7,"SVP BIC",0.0529999999998836,60
"vary_k",10000,59,7,"SVP BIC calibrated",0.0540000000000873,60
"vary_k",10000,59,7,"SVP BIC multiscale",0.0510000000001583,60
"vary_k",10000,59,8,"PELT",0.00299999999992906,60
"vary_k",10000,59,8,"SVP BIC",0.0529999999998836,60
"vary_k",10000,59,8,"SVP BIC calibrated",0.053000000000111,60
"vary_k",10000,59,8,"SVP BIC multiscale",0.0520000000001346,60
"vary_k",10000,59,9,"PELT",0.00299999999992906,60
"vary_k",10000,59,9,"SVP BIC",0.0540000000000873,60
"vary_k",10000,59,9,"SVP BIC calibrated",0.053000000000111,60
"vary_k",10000,59,9,"SVP BIC multiscale",0.0570000000000164,60
"vary_k",10000,59,10,"PELT",0.00299999999992906,61
"vary_k",10000,59,10,"SVP BIC",0.0529999999998836,60
"vary_k",10000,59,10,"SVP BIC calibrated",0.053000000000111,61
"vary_k",10000,59,10,"SVP BIC multiscale",0.0540000000000873,61
"vary_k",10000,60,1,"PELT",0.00200000000018008,61
"vary_k",10000,60,1,"SVP BIC",0.0540000000000873,61
"vary_k",10000,60,1,"SVP BIC calibrated",0.0520000000001346,61
"vary_k",10000,60,1,"SVP BIC multiscale",0.0509999999999309,61
"vary_k",10000,60,2,"PELT",0.00199999999995271,61
"vary_k",10000,60,2,"SVP BIC",0.0510000000001583,61
"vary_k",10000,60,2,"SVP BIC calibrated",0.0510000000001583,61
"vary_k",10000,60,2,"SVP BIC multiscale",0.0510000000001583,61
"vary_k",10000,60,3,"PELT",0.00200000000018008,61
"vary_k",10000,60,3,"SVP BIC",0.0519999999999072,61
"vary_k",10000,60,3,"SVP BIC calibrated",0.0519999999999072,61
"vary_k",10000,60,3,"SVP BIC multiscale",0.0509999999999309,61
"vary_k",10000,60,4,"PELT",0.00299999999992906,61
"vary_k",10000,60,4,"SVP BIC",0.0510000000001583,61
"vary_k",10000,60,4,"SVP BIC calibrated",0.0529999999998836,61
"vary_k",10000,60,4,"SVP BIC multiscale",0.0499999999999545,61
"vary_k",10000,60,5,"PELT",0.00199999999995271,61
"vary_k",10000,60,5,"SVP BIC",0.0519999999999072,61
"vary_k",10000,60,5,"SVP BIC calibrated",0.0509999999999309,61
"vary_k",10000,60,5,"SVP BIC multiscale",0.0499999999999545,61
"vary_k",10000,60,6,"PELT",0.00300000000015643,61
"vary_k",10000,60,6,"SVP BIC",0.053000000000111,61
"vary_k",10000,60,6,"SVP BIC calibrated",0.053000000000111,61
"vary_k",10000,60,6,"SVP BIC multiscale",0.0509999999999309,61
"vary_k",10000,60,7,"PELT",0.00199999999995271,61
"vary_k",10000,60,7,"SVP BIC",0.0519999999999072,61
"vary_k",10000,60,7,"SVP BIC calibrated",0.0519999999999072,61
"vary_k",10000,60,7,"SVP BIC multiscale",0.0510000000001583,61
"vary_k",10000,60,8,"PELT",0.00299999999992906,61
"vary_k",10000,60,8,"SVP BIC",0.0520000000001346,61
"vary_k",10000,60,8,"SVP BIC calibrated",0.053000000000111,61
"vary_k",10000,60,8,"SVP BIC multiscale",0.0509999999999309,61
"vary_k",10000,60,9,"PELT",0.00299999999992906,61
"vary_k",10000,60,9,"SVP BIC",0.0519999999999072,61
"vary_k",10000,60,9,"SVP BIC calibrated",0.0529999999998836,61
"vary_k",10000,60,9,"SVP BIC multiscale",0.0499999999999545,61
"vary_k",10000,60,10,"PELT",0.00199999999995271,61
"vary_k",10000,60,10,"SVP BIC",0.0510000000001583,61
"vary_k",10000,60,10,"SVP BIC calibrated",0.0519999999999072,61
"vary_k",10000,60,10,"SVP BIC multiscale",0.0509999999999309,61
"vary_k",10000,61,1,"PELT",0.00200000000018008,62
"vary_k",10000,61,1,"SVP BIC",0.0509999999999309,62
"vary_k",10000,61,1,"SVP BIC calibrated",0.0510000000001583,62
"vary_k",10000,61,1,"SVP BIC multiscale",0.0489999999999782,62
"vary_k",10000,61,2,"PELT",0.00200000000018008,62
"vary_k",10000,61,2,"SVP BIC",0.0509999999999309,62
"vary_k",10000,61,2,"SVP BIC calibrated",0.0510000000001583,62
"vary_k",10000,61,2,"SVP BIC multiscale",0.0499999999999545,62
"vary_k",10000,61,3,"PELT",0.00300000000015643,62
"vary_k",10000,61,3,"SVP BIC",0.0509999999999309,62
"vary_k",10000,61,3,"SVP BIC calibrated",0.0499999999999545,62
"vary_k",10000,61,3,"SVP BIC multiscale",0.0489999999999782,62
"vary_k",10000,61,4,"PELT",0.00400000000013279,62
"vary_k",10000,61,4,"SVP BIC",0.0509999999999309,62
"vary_k",10000,61,4,"SVP BIC calibrated",0.0509999999999309,62
"vary_k",10000,61,4,"SVP BIC multiscale",0.0489999999999782,62
"vary_k",10000,61,5,"PELT",0.00199999999995271,62
"vary_k",10000,61,5,"SVP BIC",0.0519999999999072,62
"vary_k",10000,61,5,"SVP BIC calibrated",0.0520000000001346,62
"vary_k",10000,61,5,"SVP BIC multiscale",0.0489999999999782,62
"vary_k",10000,61,6,"PELT",0.00199999999995271,62
"vary_k",10000,61,6,"SVP BIC",0.0509999999999309,62
"vary_k",10000,61,6,"SVP BIC calibrated",0.0519999999999072,62
"vary_k",10000,61,6,"SVP BIC multiscale",0.0490000000002055,62
"vary_k",10000,61,7,"PELT",0.00199999999995271,62
"vary_k",10000,61,7,"SVP BIC",0.0509999999999309,62
"vary_k",10000,61,7,"SVP BIC calibrated",0.0499999999999545,62
"vary_k",10000,61,7,"SVP BIC multiscale",0.0489999999999782,62
"vary_k",10000,61,8,"PELT",0.00200000000018008,62
"vary_k",10000,61,8,"SVP BIC",0.0509999999999309,62
"vary_k",10000,61,8,"SVP BIC calibrated",0.0520000000001346,62
"vary_k",10000,61,8,"SVP BIC multiscale",0.0480000000000018,62
"vary_k",10000,61,9,"PELT",0.00199999999995271,62
"vary_k",10000,61,9,"SVP BIC",0.0520000000001346,62
"vary_k",10000,61,9,"SVP BIC calibrated",0.0509999999999309,62
"vary_k",10000,61,9,"SVP BIC multiscale",0.0489999999999782,62
"vary_k",10000,61,10,"PELT",0.00299999999992906,62
"vary_k",10000,61,10,"SVP BIC",0.0510000000001583,62
"vary_k",10000,61,10,"SVP BIC calibrated",0.0509999999999309,62
"vary_k",10000,61,10,"SVP BIC multiscale",0.0499999999999545,62
"vary_k",10000,62,1,"PELT",0.00200000000018008,63
"vary_k",10000,62,1,"SVP BIC",0.0509999999999309,63
"vary_k",10000,62,1,"SVP BIC calibrated",0.0499999999999545,63
"vary_k",10000,62,1,"SVP BIC multiscale",0.0489999999999782,63
"vary_k",10000,62,2,"PELT",0.00199999999995271,63
"vary_k",10000,62,2,"SVP BIC",0.0499999999999545,63
"vary_k",10000,62,2,"SVP BIC calibrated",0.0499999999999545,63
"vary_k",10000,62,2,"SVP BIC multiscale",0.0489999999999782,63
"vary_k",10000,62,3,"PELT",0.00199999999995271,63
"vary_k",10000,62,3,"SVP BIC",0.0500000000001819,63
"vary_k",10000,62,3,"SVP BIC calibrated",0.0509999999999309,63
"vary_k",10000,62,3,"SVP BIC multiscale",0.0499999999999545,63
"vary_k",10000,62,4,"PELT",0.00300000000015643,63
"vary_k",10000,62,4,"SVP BIC",0.0509999999999309,63
"vary_k",10000,62,4,"SVP BIC calibrated",0.0510000000001583,63
"vary_k",10000,62,4,"SVP BIC multiscale",0.0499999999999545,63
"vary_k",10000,62,5,"PELT",0.00300000000015643,63
"vary_k",10000,62,5,"SVP BIC",0.0489999999999782,63
"vary_k",10000,62,5,"SVP BIC calibrated",0.0489999999999782,63
"vary_k",10000,62,5,"SVP BIC multiscale",0.0480000000000018,63
"vary_k",10000,62,6,"PELT",0.00199999999995271,63
"vary_k",10000,62,6,"SVP BIC",0.0509999999999309,63
"vary_k",10000,62,6,"SVP BIC calibrated",0.0499999999999545,63
"vary_k",10000,62,6,"SVP BIC multiscale",0.0489999999999782,63
"vary_k",10000,62,7,"PELT",0.00199999999995271,63
"vary_k",10000,62,7,"SVP BIC",0.0509999999999309,63
"vary_k",10000,62,7,"SVP BIC calibrated",0.0520000000001346,63
"vary_k",10000,62,7,"SVP BIC multiscale",0.0499999999999545,63
"vary_k",10000,62,8,"PELT",0.00199999999995271,63
"vary_k",10000,62,8,"SVP BIC",0.0499999999999545,63
"vary_k",10000,62,8,"SVP BIC calibrated",0.0499999999999545,63
"vary_k",10000,62,8,"SVP BIC multiscale",0.0510000000001583,63
"vary_k",10000,62,9,"PELT",0.00299999999992906,63
"vary_k",10000,62,9,"SVP BIC",0.0499999999999545,63
"vary_k",10000,62,9,"SVP BIC calibrated",0.0489999999999782,63
"vary_k",10000,62,9,"SVP BIC multiscale",0.0480000000000018,63
"vary_k",10000,62,10,"PELT",0.00199999999995271,63
"vary_k",10000,62,10,"SVP BIC",0.0500000000001819,63
"vary_k",10000,62,10,"SVP BIC calibrated",0.0499999999999545,63
"vary_k",10000,62,10,"SVP BIC multiscale",0.0480000000000018,64
"vary_k",10000,63,1,"PELT",0.00299999999992906,64
"vary_k",10000,63,1,"SVP BIC",0.0499999999999545,64
"vary_k",10000,63,1,"SVP BIC calibrated",0.0499999999999545,64
"vary_k",10000,63,1,"SVP BIC multiscale",0.0470000000000255,64
"vary_k",10000,63,2,"PELT",0.00199999999995271,64
"vary_k",10000,63,2,"SVP BIC",0.0489999999999782,64
"vary_k",10000,63,2,"SVP BIC calibrated",0.0489999999999782,64
"vary_k",10000,63,2,"SVP BIC multiscale",0.0470000000000255,64
"vary_k",10000,63,3,"PELT",0.00300000000015643,64
"vary_k",10000,63,3,"SVP BIC",0.0489999999999782,64
"vary_k",10000,63,3,"SVP BIC calibrated",0.0509999999999309,64
"vary_k",10000,63,3,"SVP BIC multiscale",0.0489999999999782,64
"vary_k",10000,63,4,"PELT",0.00299999999992906,64
"vary_k",10000,63,4,"SVP BIC",0.0500000000001819,64
"vary_k",10000,63,4,"SVP BIC calibrated",0.0499999999999545,64
"vary_k",10000,63,4,"SVP BIC multiscale",0.0480000000000018,64
"vary_k",10000,63,5,"PELT",0.00299999999992906,64
"vary_k",10000,63,5,"SVP BIC",0.0499999999999545,64
"vary_k",10000,63,5,"SVP BIC calibrated",0.0509999999999309,64
"vary_k",10000,63,5,"SVP BIC multiscale",0.0499999999999545,64
"vary_k",10000,63,6,"PELT",0.00300000000015643,64
"vary_k",10000,63,6,"SVP BIC",0.0509999999999309,64
"vary_k",10000,63,6,"SVP BIC calibrated",0.0509999999999309,64
"vary_k",10000,63,6,"SVP BIC multiscale",0.0499999999999545,64
"vary_k",10000,63,7,"PELT",0.00199999999995271,64
"vary_k",10000,63,7,"SVP BIC",0.0499999999999545,64
"vary_k",10000,63,7,"SVP BIC calibrated",0.0500000000001819,64
"vary_k",10000,63,7,"SVP BIC multiscale",0.0499999999999545,64
"vary_k",10000,63,8,"PELT",0.00299999999992906,64
"vary_k",10000,63,8,"SVP BIC",0.0500000000001819,64
"vary_k",10000,63,8,"SVP BIC calibrated",0.0499999999999545,64
"vary_k",10000,63,8,"SVP BIC multiscale",0.0489999999999782,64
"vary_k",10000,63,9,"PELT",0.00299999999992906,64
"vary_k",10000,63,9,"SVP BIC",0.0510000000001583,64
"vary_k",10000,63,9,"SVP BIC calibrated",0.0509999999999309,64
"vary_k",10000,63,9,"SVP BIC multiscale",0.0480000000000018,64
"vary_k",10000,63,10,"PELT",0.00300000000015643,64
"vary_k",10000,63,10,"SVP BIC",0.0510000000001583,64
"vary_k",10000,63,10,"SVP BIC calibrated",0.0499999999999545,64
"vary_k",10000,63,10,"SVP BIC multiscale",0.0489999999999782,64
"vary_k",10000,64,1,"PELT",0.00299999999992906,65
"vary_k",10000,64,1,"SVP BIC",0.0489999999999782,65
"vary_k",10000,64,1,"SVP BIC calibrated",0.0489999999999782,65
"vary_k",10000,64,1,"SVP BIC multiscale",0.0490000000002055,65
"vary_k",10000,64,2,"PELT",0.00300000000015643,65
"vary_k",10000,64,2,"SVP BIC",0.0519999999999072,65
"vary_k",10000,64,2,"SVP BIC calibrated",0.0499999999999545,65
"vary_k",10000,64,2,"SVP BIC multiscale",0.0499999999999545,65
"vary_k",10000,64,3,"PELT",0.00199999999995271,65
"vary_k",10000,64,3,"SVP BIC",0.0499999999999545,65
"vary_k",10000,64,3,"SVP BIC calibrated",0.0489999999999782,65
"vary_k",10000,64,3,"SVP BIC multiscale",0.0499999999999545,65
"vary_k",10000,64,4,"PELT",0.00400000000013279,65
"vary_k",10000,64,4,"SVP BIC",0.0499999999999545,65
"vary_k",10000,64,4,"SVP BIC calibrated",0.0500000000001819,65
"vary_k",10000,64,4,"SVP BIC multiscale",0.0480000000000018,65
"vary_k",10000,64,5,"PELT",0.00299999999992906,65
"vary_k",10000,64,5,"SVP BIC",0.0509999999999309,65
"vary_k",10000,64,5,"SVP BIC calibrated",0.0499999999999545,65
"vary_k",10000,64,5,"SVP BIC multiscale",0.0480000000000018,65
"vary_k",10000,64,6,"PELT",0.00200000000018008,65
"vary_k",10000,64,6,"SVP BIC",0.0499999999999545,65
"vary_k",10000,64,6,"SVP BIC calibrated",0.0499999999999545,66
"vary_k",10000,64,6,"SVP BIC multiscale",0.0480000000000018,67
"vary_k",10000,64,7,"PELT",0.00199999999995271,65
"vary_k",10000,64,7,"SVP BIC",0.0499999999999545,65
"vary_k",10000,64,7,"SVP BIC calibrated",0.0499999999999545,65
"vary_k",10000,64,7,"SVP BIC multiscale",0.0489999999999782,65
"vary_k",10000,64,8,"PELT",0.00299999999992906,65
"vary_k",10000,64,8,"SVP BIC",0.0489999999999782,65
"vary_k",10000,64,8,"SVP BIC calibrated",0.0509999999999309,65
"vary_k",10000,64,8,"SVP BIC multiscale",0.0499999999999545,65
"vary_k",10000,64,9,"PELT",0.00299999999992906,65
"vary_k",10000,64,9,"SVP BIC",0.0500000000001819,65
"vary_k",10000,64,9,"SVP BIC calibrated",0.0499999999999545,65
"vary_k",10000,64,9,"SVP BIC multiscale",0.0480000000000018,65
"vary_k",10000,64,10,"PELT",0.00299999999992906,65
"vary_k",10000,64,10,"SVP BIC",0.0500000000001819,65
"vary_k",10000,64,10,"SVP BIC calibrated",0.0499999999999545,65
"vary_k",10000,64,10,"SVP BIC multiscale",0.0489999999999782,65
"vary_k",10000,65,1,"PELT",0.00200000000018008,66
"vary_k",10000,65,1,"SVP BIC",0.0489999999999782,66
"vary_k",10000,65,1,"SVP BIC calibrated",0.0489999999999782,66
"vary_k",10000,65,1,"SVP BIC multiscale",0.0470000000000255,66
"vary_k",10000,65,2,"PELT",0.00199999999995271,66
"vary_k",10000,65,2,"SVP BIC",0.0489999999999782,66
"vary_k",10000,65,2,"SVP BIC calibrated",0.0489999999999782,66
"vary_k",10000,65,2,"SVP BIC multiscale",0.0470000000000255,66
"vary_k",10000,65,3,"PELT",0.00200000000018008,67
"vary_k",10000,65,3,"SVP BIC",0.0489999999999782,66
"vary_k",10000,65,3,"SVP BIC calibrated",0.0489999999999782,66
"vary_k",10000,65,3,"SVP BIC multiscale",0.0470000000000255,66
"vary_k",10000,65,4,"PELT",0.00299999999992906,66
"vary_k",10000,65,4,"SVP BIC",0.0490000000002055,66
"vary_k",10000,65,4,"SVP BIC calibrated",0.0480000000000018,66
"vary_k",10000,65,4,"SVP BIC multiscale",0.0480000000000018,66
"vary_k",10000,65,5,"PELT",0.00199999999995271,66
"vary_k",10000,65,5,"SVP BIC",0.0489999999999782,66
"vary_k",10000,65,5,"SVP BIC calibrated",0.0489999999999782,66
"vary_k",10000,65,5,"SVP BIC multiscale",0.0470000000000255,66
"vary_k",10000,65,6,"PELT",0.00199999999995271,66
"vary_k",10000,65,6,"SVP BIC",0.0480000000000018,66
"vary_k",10000,65,6,"SVP BIC calibrated",0.0480000000000018,66
"vary_k",10000,65,6,"SVP BIC multiscale",0.0470000000000255,66
"vary_k",10000,65,7,"PELT",0.00299999999992906,66
"vary_k",10000,65,7,"SVP BIC",0.0490000000002055,66
"vary_k",10000,65,7,"SVP BIC calibrated",0.0480000000000018,66
"vary_k",10000,65,7,"SVP BIC multiscale",0.0470000000000255,66
"vary_k",10000,65,8,"PELT",0.00199999999995271,66
"vary_k",10000,65,8,"SVP BIC",0.0489999999999782,66
"vary_k",10000,65,8,"SVP BIC calibrated",0.0480000000000018,66
"vary_k",10000,65,8,"SVP BIC multiscale",0.0469999999997981,66
"vary_k",10000,65,9,"PELT",0.00199999999995271,66
"vary_k",10000,65,9,"SVP BIC",0.0480000000000018,66
"vary_k",10000,65,9,"SVP BIC calibrated",0.0499999999999545,66
"vary_k",10000,65,9,"SVP BIC multiscale",0.0469999999997981,66
"vary_k",10000,65,10,"PELT",0.00299999999992906,66
"vary_k",10000,65,10,"SVP BIC",0.0480000000000018,66
"vary_k",10000,65,10,"SVP BIC calibrated",0.0480000000000018,66
"vary_k",10000,65,10,"SVP BIC multiscale",0.0470000000000255,66
"vary_k",10000,66,1,"PELT",0.00199999999995271,67
"vary_k",10000,66,1,"SVP BIC",0.0480000000000018,67
"vary_k",10000,66,1,"SVP BIC calibrated",0.0489999999999782,67
"vary_k",10000,66,1,"SVP BIC multiscale",0.0470000000000255,67
"vary_k",10000,66,2,"PELT",0.00199999999995271,67
"vary_k",10000,66,2,"SVP BIC",0.0499999999999545,67
"vary_k",10000,66,2,"SVP BIC calibrated",0.0490000000002055,67
"vary_k",10000,66,2,"SVP BIC multiscale",0.0480000000000018,67
"vary_k",10000,66,3,"PELT",0.00200000000018008,67
"vary_k",10000,66,3,"SVP BIC",0.0489999999999782,67
"vary_k",10000,66,3,"SVP BIC calibrated",0.0480000000000018,67
"vary_k",10000,66,3,"SVP BIC multiscale",0.0470000000000255,67
"vary_k",10000,66,4,"PELT",0.00300000000015643,67
"vary_k",10000,66,4,"SVP BIC",0.0489999999999782,67
"vary_k",10000,66,4,"SVP BIC calibrated",0.0480000000000018,67
"vary_k",10000,66,4,"SVP BIC multiscale",0.0470000000000255,67
"vary_k",10000,66,5,"PELT",0.00199999999995271,67
"vary_k",10000,66,5,"SVP BIC",0.0480000000000018,67
"vary_k",10000,66,5,"SVP BIC calibrated",0.0519999999999072,67
"vary_k",10000,66,5,"SVP BIC multiscale",0.0470000000000255,67
"vary_k",10000,66,6,"PELT",0.00299999999992906,67
"vary_k",10000,66,6,"SVP BIC",0.0489999999999782,67
"vary_k",10000,66,6,"SVP BIC calibrated",0.0470000000000255,67
"vary_k",10000,66,6,"SVP BIC multiscale",0.0480000000000018,67
"vary_k",10000,66,7,"PELT",0.00300000000015643,67
"vary_k",10000,66,7,"SVP BIC",0.0480000000000018,67
"vary_k",10000,66,7,"SVP BIC calibrated",0.0470000000000255,67
"vary_k",10000,66,7,"SVP BIC multiscale",0.0470000000000255,67
"vary_k",10000,66,8,"PELT",0.00299999999992906,67
"vary_k",10000,66,8,"SVP BIC",0.0480000000000018,67
"vary_k",10000,66,8,"SVP BIC calibrated",0.0480000000000018,67
"vary_k",10000,66,8,"SVP BIC multiscale",0.0470000000000255,67
"vary_k",10000,66,9,"PELT",0.00300000000015643,67
"vary_k",10000,66,9,"SVP BIC",0.0480000000000018,67
"vary_k",10000,66,9,"SVP BIC calibrated",0.0489999999999782,67
"vary_k",10000,66,9,"SVP BIC multiscale",0.0470000000000255,67
"vary_k",10000,66,10,"PELT",0.00199999999995271,67
"vary_k",10000,66,10,"SVP BIC",0.0470000000000255,67
"vary_k",10000,66,10,"SVP BIC calibrated",0.0499999999999545,67
"vary_k",10000,66,10,"SVP BIC multiscale",0.0470000000000255,67
"vary_k",10000,67,1,"PELT",0.00199999999995271,68
"vary_k",10000,67,1,"SVP BIC",0.0469999999997981,68
"vary_k",10000,67,1,"SVP BIC calibrated",0.0480000000000018,68
"vary_k",10000,67,1,"SVP BIC multiscale",0.0460000000000491,68
"vary_k",10000,67,2,"PELT",0.00299999999992906,68
"vary_k",10000,67,2,"SVP BIC",0.0490000000002055,68
"vary_k",10000,67,2,"SVP BIC calibrated",0.0470000000000255,68
"vary_k",10000,67,2,"SVP BIC multiscale",0.0470000000000255,68
"vary_k",10000,67,3,"PELT",0.00200000000018008,68
"vary_k",10000,67,3,"SVP BIC",0.0480000000000018,68
"vary_k",10000,67,3,"SVP BIC calibrated",0.0480000000000018,68
"vary_k",10000,67,3,"SVP BIC multiscale",0.0460000000000491,68
"vary_k",10000,67,4,"PELT",0.00199999999995271,68
"vary_k",10000,67,4,"SVP BIC",0.0480000000000018,68
"vary_k",10000,67,4,"SVP BIC calibrated",0.0489999999999782,68
"vary_k",10000,67,4,"SVP BIC multiscale",0.0470000000000255,68
"vary_k",10000,67,5,"PELT",0.00199999999995271,68
"vary_k",10000,67,5,"SVP BIC",0.0480000000000018,68
"vary_k",10000,67,5,"SVP BIC calibrated",0.0480000000000018,68
"vary_k",10000,67,5,"SVP BIC multiscale",0.0469999999997981,68
"vary_k",10000,67,6,"PELT",0.00199999999995271,68
"vary_k",10000,67,6,"SVP BIC",0.0470000000000255,68
"vary_k",10000,67,6,"SVP BIC calibrated",0.0480000000000018,68
"vary_k",10000,67,6,"SVP BIC multiscale",0.0470000000000255,68
"vary_k",10000,67,7,"PELT",0.00299999999992906,68
"vary_k",10000,67,7,"SVP BIC",0.0489999999999782,68
"vary_k",10000,67,7,"SVP BIC calibrated",0.0480000000000018,68
"vary_k",10000,67,7,"SVP BIC multiscale",0.0459999999998217,68
"vary_k",10000,67,8,"PELT",0.00299999999992906,68
"vary_k",10000,67,8,"SVP BIC",0.0480000000000018,68
"vary_k",10000,67,8,"SVP BIC calibrated",0.0470000000000255,68
"vary_k",10000,67,8,"SVP BIC multiscale",0.0449999999998454,68
"vary_k",10000,67,9,"PELT",0.00200000000018008,68
"vary_k",10000,67,9,"SVP BIC",0.0480000000000018,68
"vary_k",10000,67,9,"SVP BIC calibrated",0.0460000000000491,68
"vary_k",10000,67,9,"SVP BIC multiscale",0.0449999999998454,68
"vary_k",10000,67,10,"PELT",0.00199999999995271,68
"vary_k",10000,67,10,"SVP BIC",0.0470000000000255,68
"vary_k",10000,67,10,"SVP BIC calibrated",0.0470000000000255,68
"vary_k",10000,67,10,"SVP BIC multiscale",0.0470000000000255,68
"vary_k",10000,68,1,"PELT",0.00199999999995271,69
"vary_k",10000,68,1,"SVP BIC",0.0470000000000255,69
"vary_k",10000,68,1,"SVP BIC calibrated",0.0460000000000491,69
"vary_k",10000,68,1,"SVP BIC multiscale",0.0450000000000728,70
"vary_k",10000,68,2,"PELT",0.00199999999995271,69
"vary_k",10000,68,2,"SVP BIC",0.0480000000000018,69
"vary_k",10000,68,2,"SVP BIC calibrated",0.0459999999998217,69
"vary_k",10000,68,2,"SVP BIC multiscale",0.043999999999869,69
"vary_k",10000,68,3,"PELT",0.00300000000015643,69
"vary_k",10000,68,3,"SVP BIC",0.0470000000000255,69
"vary_k",10000,68,3,"SVP BIC calibrated",0.0460000000000491,69
"vary_k",10000,68,3,"SVP BIC multiscale",0.0450000000000728,69
"vary_k",10000,68,4,"PELT",0.00199999999995271,69
"vary_k",10000,68,4,"SVP BIC",0.0459999999998217,69
"vary_k",10000,68,4,"SVP BIC calibrated",0.0449999999998454,69
"vary_k",10000,68,4,"SVP BIC multiscale",0.0459999999998217,69
"vary_k",10000,68,5,"PELT",0.00199999999995271,69
"vary_k",10000,68,5,"SVP BIC",0.0460000000000491,69
"vary_k",10000,68,5,"SVP BIC calibrated",0.0460000000000491,69
"vary_k",10000,68,5,"SVP BIC multiscale",0.0440000000000964,70
"vary_k",10000,68,6,"PELT",0.00300000000015643,69
"vary_k",10000,68,6,"SVP BIC",0.0460000000000491,69
"vary_k",10000,68,6,"SVP BIC calibrated",0.0470000000000255,69
"vary_k",10000,68,6,"SVP BIC multiscale",0.0440000000000964,69
"vary_k",10000,68,7,"PELT",0.00199999999995271,69
"vary_k",10000,68,7,"SVP BIC",0.0460000000000491,69
"vary_k",10000,68,7,"SVP BIC calibrated",0.0489999999999782,69
"vary_k",10000,68,7,"SVP BIC multiscale",0.0460000000000491,69
"vary_k",10000,68,8,"PELT",0.00200000000018008,69
"vary_k",10000,68,8,"SVP BIC",0.0480000000000018,69
"vary_k",10000,68,8,"SVP BIC calibrated",0.0469999999997981,69
"vary_k",10000,68,8,"SVP BIC multiscale",0.0470000000000255,69
"vary_k",10000,68,9,"PELT",0.00299999999992906,69
"vary_k",10000,68,9,"SVP BIC",0.0470000000000255,69
"vary_k",10000,68,9,"SVP BIC calibrated",0.0470000000000255,69
"vary_k",10000,68,9,"SVP BIC multiscale",0.0440000000000964,69
"vary_k",10000,68,10,"PELT",0.00199999999995271,69
"vary_k",10000,68,10,"SVP BIC",0.0480000000000018,69
"vary_k",10000,68,10,"SVP BIC calibrated",0.0469999999997981,69
"vary_k",10000,68,10,"SVP BIC multiscale",0.0459999999998217,69
"vary_k",10000,69,1,"PELT",0.00199999999995271,70
"vary_k",10000,69,1,"SVP BIC",0.0450000000000728,70
"vary_k",10000,69,1,"SVP BIC calibrated",0.0460000000000491,70
"vary_k",10000,69,1,"SVP BIC multiscale",0.0440000000000964,70
"vary_k",10000,69,2,"PELT",0.00300000000015643,70
"vary_k",10000,69,2,"SVP BIC",0.0460000000000491,70
"vary_k",10000,69,2,"SVP BIC calibrated",0.0460000000000491,70
"vary_k",10000,69,2,"SVP BIC multiscale",0.0440000000000964,70
"vary_k",10000,69,3,"PELT",0.00299999999992906,70
"vary_k",10000,69,3,"SVP BIC",0.0460000000000491,70
"vary_k",10000,69,3,"SVP BIC calibrated",0.0450000000000728,70
"vary_k",10000,69,3,"SVP BIC multiscale",0.0430000000001201,70
"vary_k",10000,69,4,"PELT",0.00199999999995271,70
"vary_k",10000,69,4,"SVP BIC",0.0460000000000491,70
"vary_k",10000,69,4,"SVP BIC calibrated",0.0459999999998217,70
"vary_k",10000,69,4,"SVP BIC multiscale",0.0460000000000491,70
"vary_k",10000,69,5,"PELT",0.00299999999992906,70
"vary_k",10000,69,5,"SVP BIC",0.0460000000000491,70
"vary_k",10000,69,5,"SVP BIC calibrated",0.0460000000000491,70
"vary_k",10000,69,5,"SVP BIC multiscale",0.0450000000000728,70
"vary_k",10000,69,6,"PELT",0.00199999999995271,70
"vary_k",10000,69,6,"SVP BIC",0.0459999999998217,70
"vary_k",10000,69,6,"SVP BIC calibrated",0.0459999999998217,70
"vary_k",10000,69,6,"SVP BIC multiscale",0.043999999999869,70
"vary_k",10000,69,7,"PELT",0.00199999999995271,70
"vary_k",10000,69,7,"SVP BIC",0.0450000000000728,70
"vary_k",10000,69,7,"SVP BIC calibrated",0.0459999999998217,70
"vary_k",10000,69,7,"SVP BIC multiscale",0.043999999999869,70
"vary_k",10000,69,8,"PELT",0.00200000000018008,70
"vary_k",10000,69,8,"SVP BIC",0.0449999999998454,70
"vary_k",10000,69,8,"SVP BIC calibrated",0.0460000000000491,70
"vary_k",10000,69,8,"SVP BIC multiscale",0.0440000000000964,70
"vary_k",10000,69,9,"PELT",0.00200000000018008,70
"vary_k",10000,69,9,"SVP BIC",0.0449999999998454,70
"vary_k",10000,69,9,"SVP BIC calibrated",0.0459999999998217,70
"vary_k",10000,69,9,"SVP BIC multiscale",0.043999999999869,71
"vary_k",10000,69,10,"PELT",0.00299999999992906,70
"vary_k",10000,69,10,"SVP BIC",0.0460000000000491,70
"vary_k",10000,69,10,"SVP BIC calibrated",0.0460000000000491,70
"vary_k",10000,69,10,"SVP BIC multiscale",0.0450000000000728,70
"vary_k",10000,70,1,"PELT",0.00200000000018008,71
"vary_k",10000,70,1,"SVP BIC",0.0450000000000728,71
"vary_k",10000,70,1,"SVP BIC calibrated",0.0450000000000728,71
"vary_k",10000,70,1,"SVP BIC multiscale",0.0449999999998454,71
"vary_k",10000,70,2,"PELT",0.00299999999992906,71
"vary_k",10000,70,2,"SVP BIC",0.0460000000000491,71
"vary_k",10000,70,2,"SVP BIC calibrated",0.0450000000000728,71
"vary_k",10000,70,2,"SVP BIC multiscale",0.0429999999998927,71
"vary_k",10000,70,3,"PELT",0.00299999999992906,71
"vary_k",10000,70,3,"SVP BIC",0.0450000000000728,71
"vary_k",10000,70,3,"SVP BIC calibrated",0.0460000000000491,71
"vary_k",10000,70,3,"SVP BIC multiscale",0.0430000000001201,71
"vary_k",10000,70,4,"PELT",0.00199999999995271,71
"vary_k",10000,70,4,"SVP BIC",0.0449999999998454,71
"vary_k",10000,70,4,"SVP BIC calibrated",0.0459999999998217,71
"vary_k",10000,70,4,"SVP BIC multiscale",0.0429999999998927,72
"vary_k",10000,70,5,"PELT",0.00199999999995271,71
"vary_k",10000,70,5,"SVP BIC",0.0450000000000728,71
"vary_k",10000,70,5,"SVP BIC calibrated",0.0450000000000728,71
"vary_k",10000,70,5,"SVP BIC multiscale",0.0430000000001201,71
"vary_k",10000,70,6,"PELT",0.00299999999992906,71
"vary_k",10000,70,6,"SVP BIC",0.0440000000000964,71
"vary_k",10000,70,6,"SVP BIC calibrated",0.0460000000000491,71
"vary_k",10000,70,6,"SVP BIC multiscale",0.0430000000001201,71
"vary_k",10000,70,7,"PELT",0.00299999999992906,71
"vary_k",10000,70,7,"SVP BIC",0.0450000000000728,71
"vary_k",10000,70,7,"SVP BIC calibrated",0.0450000000000728,71
"vary_k",10000,70,7,"SVP BIC multiscale",0.0430000000001201,72
"vary_k",10000,70,8,"PELT",0.00199999999995271,71
"vary_k",10000,70,8,"SVP BIC",0.0449999999998454,71
"vary_k",10000,70,8,"SVP BIC calibrated",0.0449999999998454,71
"vary_k",10000,70,8,"SVP BIC multiscale",0.0429999999998927,71
"vary_k",10000,70,9,"PELT",0.00199999999995271,71
"vary_k",10000,70,9,"SVP BIC",0.0460000000000491,71
"vary_k",10000,70,9,"SVP BIC calibrated",0.0460000000000491,71
"vary_k",10000,70,9,"SVP BIC multiscale",0.0429999999998927,71
"vary_k",10000,70,10,"PELT",0.00199999999995271,71
"vary_k",10000,70,10,"SVP BIC",0.0449999999998454,71
"vary_k",10000,70,10,"SVP BIC calibrated",0.0449999999998454,71
"vary_k",10000,70,10,"SVP BIC multiscale",0.0449999999998454,71
"vary_k",10000,71,1,"PELT",0.00199999999995271,72
"vary_k",10000,71,1,"SVP BIC",0.0440000000000964,72
"vary_k",10000,71,1,"SVP BIC calibrated",0.0450000000000728,72
"vary_k",10000,71,1,"SVP BIC multiscale",0.0430000000001201,72
"vary_k",10000,71,2,"PELT",0.00299999999992906,72
"vary_k",10000,71,2,"SVP BIC",0.0449999999998454,72
"vary_k",10000,71,2,"SVP BIC calibrated",0.0450000000000728,72
"vary_k",10000,71,2,"SVP BIC multiscale",0.0430000000001201,72
"vary_k",10000,71,3,"PELT",0.00199999999995271,72
"vary_k",10000,71,3,"SVP BIC",0.0450000000000728,72
"vary_k",10000,71,3,"SVP BIC calibrated",0.0440000000000964,72
"vary_k",10000,71,3,"SVP BIC multiscale",0.0419999999999163,72
"vary_k",10000,71,4,"PELT",0.00199999999995271,72
"vary_k",10000,71,4,"SVP BIC",0.0450000000000728,72
"vary_k",10000,71,4,"SVP BIC calibrated",0.0450000000000728,72
"vary_k",10000,71,4,"SVP BIC multiscale",0.0430000000001201,72
"vary_k",10000,71,5,"PELT",0.00299999999992906,72
"vary_k",10000,71,5,"SVP BIC",0.0460000000000491,72
"vary_k",10000,71,5,"SVP BIC calibrated",0.0449999999998454,72
"vary_k",10000,71,5,"SVP BIC multiscale",0.0429999999998927,73
"vary_k",10000,71,6,"PELT",0.00199999999995271,72
"vary_k",10000,71,6,"SVP BIC",0.0449999999998454,72
"vary_k",10000,71,6,"SVP BIC calibrated",0.043999999999869,72
"vary_k",10000,71,6,"SVP BIC multiscale",0.0440000000000964,72
"vary_k",10000,71,7,"PELT",0.00300000000015643,72
"vary_k",10000,71,7,"SVP BIC",0.0460000000000491,72
"vary_k",10000,71,7,"SVP BIC calibrated",0.0450000000000728,72
"vary_k",10000,71,7,"SVP BIC multiscale",0.0419999999999163,72
"vary_k",10000,71,8,"PELT",0.00199999999995271,72
"vary_k",10000,71,8,"SVP BIC",0.0450000000000728,72
"vary_k",10000,71,8,"SVP BIC calibrated",0.0440000000000964,72
"vary_k",10000,71,8,"SVP BIC multiscale",0.0419999999999163,72
"vary_k",10000,71,9,"PELT",0.00299999999992906,72
"vary_k",10000,71,9,"SVP BIC",0.0450000000000728,72
"vary_k",10000,71,9,"SVP BIC calibrated",0.0450000000000728,72
"vary_k",10000,71,9,"SVP BIC multiscale",0.0429999999998927,72
"vary_k",10000,71,10,"PELT",0.00299999999992906,72
"vary_k",10000,71,10,"SVP BIC",0.0450000000000728,72
"vary_k",10000,71,10,"SVP BIC calibrated",0.0449999999998454,72
"vary_k",10000,71,10,"SVP BIC multiscale",0.0429999999998927,72
"vary_k",10000,72,1,"PELT",0.00300000000015643,73
"vary_k",10000,72,1,"SVP BIC",0.043999999999869,73
"vary_k",10000,72,1,"SVP BIC calibrated",0.0440000000000964,73
"vary_k",10000,72,1,"SVP BIC multiscale",0.0430000000001201,73
"vary_k",10000,72,2,"PELT",0.00199999999995271,73
"vary_k",10000,72,2,"SVP BIC",0.0440000000000964,73
"vary_k",10000,72,2,"SVP BIC calibrated",0.0440000000000964,73
"vary_k",10000,72,2,"SVP BIC multiscale",0.0420000000001437,73
"vary_k",10000,72,3,"PELT",0.00299999999992906,73
"vary_k",10000,72,3,"SVP BIC",0.0440000000000964,73
"vary_k",10000,72,3,"SVP BIC calibrated",0.0450000000000728,73
"vary_k",10000,72,3,"SVP BIC multiscale",0.0430000000001201,73
"vary_k",10000,72,4,"PELT",0.00299999999992906,73
"vary_k",10000,72,4,"SVP BIC",0.043999999999869,73
"vary_k",10000,72,4,"SVP BIC calibrated",0.0450000000000728,73
"vary_k",10000,72,4,"SVP BIC multiscale",0.0420000000001437,73
"vary_k",10000,72,5,"PELT",0.00299999999992906,73
"vary_k",10000,72,5,"SVP BIC",0.0450000000000728,73
"vary_k",10000,72,5,"SVP BIC calibrated",0.0440000000000964,73
"vary_k",10000,72,5,"SVP BIC multiscale",0.0430000000001201,73
"vary_k",10000,72,6,"PELT",0.00300000000015643,73
"vary_k",10000,72,6,"SVP BIC",0.043999999999869,73
"vary_k",10000,72,6,"SVP BIC calibrated",0.0449999999998454,73
"vary_k",10000,72,6,"SVP BIC multiscale",0.0429999999998927,73
"vary_k",10000,72,7,"PELT",0.00199999999995271,73
"vary_k",10000,72,7,"SVP BIC",0.043999999999869,73
"vary_k",10000,72,7,"SVP BIC calibrated",0.0450000000000728,73
"vary_k",10000,72,7,"SVP BIC multiscale",0.0430000000001201,73
"vary_k",10000,72,8,"PELT",0.00199999999995271,73
"vary_k",10000,72,8,"SVP BIC",0.0450000000000728,73
"vary_k",10000,72,8,"SVP BIC calibrated",0.0450000000000728,73
"vary_k",10000,72,8,"SVP BIC multiscale",0.0420000000001437,73
"vary_k",10000,72,9,"PELT",0.00199999999995271,73
"vary_k",10000,72,9,"SVP BIC",0.0450000000000728,73
"vary_k",10000,72,9,"SVP BIC calibrated",0.0440000000000964,73
"vary_k",10000,72,9,"SVP BIC multiscale",0.0419999999999163,73
"vary_k",10000,72,10,"PELT",0.00199999999995271,73
"vary_k",10000,72,10,"SVP BIC",0.0450000000000728,73
"vary_k",10000,72,10,"SVP BIC calibrated",0.0440000000000964,73
"vary_k",10000,72,10,"SVP BIC multiscale",0.0419999999999163,73
"vary_k",10000,73,1,"PELT",0.00199999999995271,74
"vary_k",10000,73,1,"SVP BIC",0.0440000000000964,74
"vary_k",10000,73,1,"SVP BIC calibrated",0.0440000000000964,74
"vary_k",10000,73,1,"SVP BIC multiscale",0.04099999999994,74
"vary_k",10000,73,2,"PELT",0.00199999999995271,74
"vary_k",10000,73,2,"SVP BIC",0.0419999999999163,74
"vary_k",10000,73,2,"SVP BIC calibrated",0.0419999999999163,74
"vary_k",10000,73,2,"SVP BIC multiscale",0.0420000000001437,74
"vary_k",10000,73,3,"PELT",0.00199999999995271,74
"vary_k",10000,73,3,"SVP BIC",0.0440000000000964,74
"vary_k",10000,73,3,"SVP BIC calibrated",0.0440000000000964,74
"vary_k",10000,73,3,"SVP BIC multiscale",0.0419999999999163,74
"vary_k",10000,73,4,"PELT",0.00199999999995271,74
"vary_k",10000,73,4,"SVP BIC",0.0440000000000964,74
"vary_k",10000,73,4,"SVP BIC calibrated",0.0429999999998927,74
"vary_k",10000,73,4,"SVP BIC multiscale",0.04099999999994,74
"vary_k",10000,73,5,"PELT",0.00200000000018008,74
"vary_k",10000,73,5,"SVP BIC",0.0429999999998927,74
"vary_k",10000,73,5,"SVP BIC calibrated",0.0429999999998927,74
"vary_k",10000,73,5,"SVP BIC multiscale",0.0420000000001437,74
"vary_k",10000,73,6,"PELT",0.00299999999992906,74
"vary_k",10000,73,6,"SVP BIC",0.0430000000001201,74
"vary_k",10000,73,6,"SVP BIC calibrated",0.043999999999869,74
"vary_k",10000,73,6,"SVP BIC multiscale",0.0419999999999163,74
"vary_k",10000,73,7,"PELT",0.00300000000015643,74
"vary_k",10000,73,7,"SVP BIC",0.043999999999869,74
"vary_k",10000,73,7,"SVP BIC calibrated",0.0440000000000964,74
"vary_k",10000,73,7,"SVP BIC multiscale",0.04099999999994,74
"vary_k",10000,73,8,"PELT",0.00299999999992906,74
"vary_k",10000,73,8,"SVP BIC",0.0440000000000964,74
"vary_k",10000,73,8,"SVP BIC calibrated",0.0430000000001201,74
"vary_k",10000,73,8,"SVP BIC multiscale",0.04099999999994,75
"vary_k",10000,73,9,"PELT",0.00299999999992906,74
"vary_k",10000,73,9,"SVP BIC",0.0430000000001201,74
"vary_k",10000,73,9,"SVP BIC calibrated",0.0429999999998927,74
"vary_k",10000,73,9,"SVP BIC multiscale",0.04099999999994,74
"vary_k",10000,73,10,"PELT",0.00199999999995271,74
"vary_k",10000,73,10,"SVP BIC",0.0429999999998927,74
"vary_k",10000,73,10,"SVP BIC calibrated",0.0430000000001201,74
"vary_k",10000,73,10,"SVP BIC multiscale",0.0410000000001673,74
"vary_k",10000,74,1,"PELT",0.00199999999995271,75
"vary_k",10000,74,1,"SVP BIC",0.0430000000001201,75
"vary_k",10000,74,1,"SVP BIC calibrated",0.0430000000001201,75
"vary_k",10000,74,1,"SVP BIC multiscale",0.04099999999994,75
"vary_k",10000,74,2,"PELT",0.00200000000018008,75
"vary_k",10000,74,2,"SVP BIC",0.043999999999869,75
"vary_k",10000,74,2,"SVP BIC calibrated",0.043999999999869,75
"vary_k",10000,74,2,"SVP BIC multiscale",0.04099999999994,75
"vary_k",10000,74,3,"PELT",0.00199999999995271,76
"vary_k",10000,74,3,"SVP BIC",0.0429999999998927,75
"vary_k",10000,74,3,"SVP BIC calibrated",0.0430000000001201,75
"vary_k",10000,74,3,"SVP BIC multiscale",0.04099999999994,75
"vary_k",10000,74,4,"PELT",0.00199999999995271,75
"vary_k",10000,74,4,"SVP BIC",0.0429999999998927,75
"vary_k",10000,74,4,"SVP BIC calibrated",0.0430000000001201,75
"vary_k",10000,74,4,"SVP BIC multiscale",0.04099999999994,75
"vary_k",10000,74,5,"PELT",0.00299999999992906,76
"vary_k",10000,74,5,"SVP BIC",0.0430000000001201,75
"vary_k",10000,74,5,"SVP BIC calibrated",0.0429999999998927,75
"vary_k",10000,74,5,"SVP BIC multiscale",0.04099999999994,75
"vary_k",10000,74,6,"PELT",0.00200000000018008,75
"vary_k",10000,74,6,"SVP BIC",0.0429999999998927,75
"vary_k",10000,74,6,"SVP BIC calibrated",0.0420000000001437,75
"vary_k",10000,74,6,"SVP BIC multiscale",0.0419999999999163,75
"vary_k",10000,74,7,"PELT",0.00199999999995271,75
"vary_k",10000,74,7,"SVP BIC",0.0430000000001201,75
"vary_k",10000,74,7,"SVP BIC calibrated",0.0429999999998927,75
"vary_k",10000,74,7,"SVP BIC multiscale",0.0419999999999163,76
"vary_k",10000,74,8,"PELT",0.00200000000018008,75
"vary_k",10000,74,8,"SVP BIC",0.0429999999998927,75
"vary_k",10000,74,8,"SVP BIC calibrated",0.0420000000001437,75
"vary_k",10000,74,8,"SVP BIC multiscale",0.04099999999994,75
"vary_k",10000,74,9,"PELT",0.00299999999992906,75
"vary_k",10000,74,9,"SVP BIC",0.0430000000001201,75
"vary_k",10000,74,9,"SVP BIC calibrated",0.0429999999998927,75
"vary_k",10000,74,9,"SVP BIC multiscale",0.04099999999994,76
"vary_k",10000,74,10,"PELT",0.00300000000015643,75
"vary_k",10000,74,10,"SVP BIC",0.0429999999998927,75
"vary_k",10000,74,10,"SVP BIC calibrated",0.0419999999999163,75
"vary_k",10000,74,10,"SVP BIC multiscale",0.0410000000001673,75
"vary_k",10000,75,1,"PELT",0.00199999999995271,76
"vary_k",10000,75,1,"SVP BIC",0.0430000000001201,76
"vary_k",10000,75,1,"SVP BIC calibrated",0.0430000000001201,76
"vary_k",10000,75,1,"SVP BIC multiscale",0.04099999999994,76
"vary_k",10000,75,2,"PELT",0.00200000000018008,76
"vary_k",10000,75,2,"SVP BIC",0.0429999999998927,76
"vary_k",10000,75,2,"SVP BIC calibrated",0.0430000000001201,76
"vary_k",10000,75,2,"SVP BIC multiscale",0.0419999999999163,77
"vary_k",10000,75,3,"PELT",0.00199999999995271,76
"vary_k",10000,75,3,"SVP BIC",0.0430000000001201,76
"vary_k",10000,75,3,"SVP BIC calibrated",0.0429999999998927,76
"vary_k",10000,75,3,"SVP BIC multiscale",0.0419999999999163,76
"vary_k",10000,75,4,"PELT",0.00199999999995271,76
"vary_k",10000,75,4,"SVP BIC",0.043999999999869,76
"vary_k",10000,75,4,"SVP BIC calibrated",0.0430000000001201,76
"vary_k",10000,75,4,"SVP BIC multiscale",0.0410000000001673,76
"vary_k",10000,75,5,"PELT",0.00199999999995271,76
"vary_k",10000,75,5,"SVP BIC",0.0430000000001201,76
"vary_k",10000,75,5,"SVP BIC calibrated",0.0429999999998927,76
"vary_k",10000,75,5,"SVP BIC multiscale",0.04099999999994,76
"vary_k",10000,75,6,"PELT",0.00200000000018008,76
"vary_k",10000,75,6,"SVP BIC",0.0419999999999163,76
"vary_k",10000,75,6,"SVP BIC calibrated",0.0419999999999163,76
"vary_k",10000,75,6,"SVP BIC multiscale",0.0410000000001673,76
"vary_k",10000,75,7,"PELT",0.00199999999995271,76
"vary_k",10000,75,7,"SVP BIC",0.0430000000001201,76
"vary_k",10000,75,7,"SVP BIC calibrated",0.0419999999999163,76
"vary_k",10000,75,7,"SVP BIC multiscale",0.0399999999999636,76
"vary_k",10000,75,8,"PELT",0.00299999999992906,76
"vary_k",10000,75,8,"SVP BIC",0.0419999999999163,76
"vary_k",10000,75,8,"SVP BIC calibrated",0.0420000000001437,76
"vary_k",10000,75,8,"SVP BIC multiscale",0.0399999999999636,76
"vary_k",10000,75,9,"PELT",0.00199999999995271,76
"vary_k",10000,75,9,"SVP BIC",0.0430000000001201,76
"vary_k",10000,75,9,"SVP BIC calibrated",0.0430000000001201,76
"vary_k",10000,75,9,"SVP BIC multiscale",0.04099999999994,76
"vary_k",10000,75,10,"PELT",0.00199999999995271,76
"vary_k",10000,75,10,"SVP BIC",0.0429999999998927,76
"vary_k",10000,75,10,"SVP BIC calibrated",0.0430000000001201,76
"vary_k",10000,75,10,"SVP BIC multiscale",0.04099999999994,76
"vary_k",10000,76,1,"PELT",0.00199999999995271,77
"vary_k",10000,76,1,"SVP BIC",0.0430000000001201,77
"vary_k",10000,76,1,"SVP BIC calibrated",0.0430000000001201,77
"vary_k",10000,76,1,"SVP BIC multiscale",0.0399999999999636,77
"vary_k",10000,76,2,"PELT",0.00199999999995271,77
"vary_k",10000,76,2,"SVP BIC",0.04099999999994,77
"vary_k",10000,76,2,"SVP BIC calibrated",0.0419999999999163,77
"vary_k",10000,76,2,"SVP BIC multiscale",0.0399999999999636,78
"vary_k",10000,76,3,"PELT",0.00199999999995271,77
"vary_k",10000,76,3,"SVP BIC",0.0420000000001437,77
"vary_k",10000,76,3,"SVP BIC calibrated",0.0430000000001201,77
"vary_k",10000,76,3,"SVP BIC multiscale",0.04099999999994,77
"vary_k",10000,76,4,"PELT",0.00199999999995271,77
"vary_k",10000,76,4,"SVP BIC",0.0419999999999163,77
"vary_k",10000,76,4,"SVP BIC calibrated",0.0419999999999163,77
"vary_k",10000,76,4,"SVP BIC multiscale",0.04099999999994,77
"vary_k",10000,76,5,"PELT",0.00200000000018008,77
"vary_k",10000,76,5,"SVP BIC",0.0429999999998927,77
"vary_k",10000,76,5,"SVP BIC calibrated",0.0429999999998927,77
"vary_k",10000,76,5,"SVP BIC multiscale",0.04099999999994,78
"vary_k",10000,76,6,"PELT",0.00199999999995271,77
"vary_k",10000,76,6,"SVP BIC",0.0429999999998927,77
"vary_k",10000,76,6,"SVP BIC calibrated",0.0430000000001201,77
"vary_k",10000,76,6,"SVP BIC multiscale",0.04099999999994,77
"vary_k",10000,76,7,"PELT",0.00199999999995271,77
"vary_k",10000,76,7,"SVP BIC",0.0420000000001437,77
"vary_k",10000,76,7,"SVP BIC calibrated",0.0419999999999163,77
"vary_k",10000,76,7,"SVP BIC multiscale",0.0399999999999636,78
"vary_k",10000,76,8,"PELT",0.00199999999995271,78
"vary_k",10000,76,8,"SVP BIC",0.0420000000001437,77
"vary_k",10000,76,8,"SVP BIC calibrated",0.0429999999998927,77
"vary_k",10000,76,8,"SVP BIC multiscale",0.0419999999999163,77
"vary_k",10000,76,9,"PELT",0.00199999999995271,77
"vary_k",10000,76,9,"SVP BIC",0.0430000000001201,77
"vary_k",10000,76,9,"SVP BIC calibrated",0.0429999999998927,77
"vary_k",10000,76,9,"SVP BIC multiscale",0.0399999999999636,77
"vary_k",10000,76,10,"PELT",0.00199999999995271,77
"vary_k",10000,76,10,"SVP BIC",0.04099999999994,77
"vary_k",10000,76,10,"SVP BIC calibrated",0.0429999999998927,77
"vary_k",10000,76,10,"SVP BIC multiscale",0.0410000000001673,77
"vary_k",10000,77,1,"PELT",0.00199999999995271,78
"vary_k",10000,77,1,"SVP BIC",0.0430000000001201,78
"vary_k",10000,77,1,"SVP BIC calibrated",0.04099999999994,78
"vary_k",10000,77,1,"SVP BIC multiscale",0.0399999999999636,78
"vary_k",10000,77,2,"PELT",0.00299999999992906,78
"vary_k",10000,77,2,"SVP BIC",0.0420000000001437,78
"vary_k",10000,77,2,"SVP BIC calibrated",0.0420000000001437,78
"vary_k",10000,77,2,"SVP BIC multiscale",0.0399999999999636,78
"vary_k",10000,77,3,"PELT",0.00200000000018008,78
"vary_k",10000,77,3,"SVP BIC",0.0419999999999163,78
"vary_k",10000,77,3,"SVP BIC calibrated",0.0420000000001437,78
"vary_k",10000,77,3,"SVP BIC multiscale",0.04099999999994,78
"vary_k",10000,77,4,"PELT",0.00299999999992906,78
"vary_k",10000,77,4,"SVP BIC",0.04099999999994,78
"vary_k",10000,77,4,"SVP BIC calibrated",0.0419999999999163,78
"vary_k",10000,77,4,"SVP BIC multiscale",0.0399999999999636,78
"vary_k",10000,77,5,"PELT",0.00199999999995271,78
"vary_k",10000,77,5,"SVP BIC",0.0419999999999163,78
"vary_k",10000,77,5,"SVP BIC calibrated",0.04099999999994,78
"vary_k",10000,77,5,"SVP BIC multiscale",0.0399999999999636,78
"vary_k",10000,77,6,"PELT",0.00199999999995271,78
"vary_k",10000,77,6,"SVP BIC",0.0420000000001437,78
"vary_k",10000,77,6,"SVP BIC calibrated",0.04099999999994,78
"vary_k",10000,77,6,"SVP BIC multiscale",0.0399999999999636,78
"vary_k",10000,77,7,"PELT",0.00200000000018008,78
"vary_k",10000,77,7,"SVP BIC",0.04099999999994,78
"vary_k",10000,77,7,"SVP BIC calibrated",0.04099999999994,78
"vary_k",10000,77,7,"SVP BIC multiscale",0.040000000000191,78
"vary_k",10000,77,8,"PELT",0.00299999999992906,78
"vary_k",10000,77,8,"SVP BIC",0.0430000000001201,78
"vary_k",10000,77,8,"SVP BIC calibrated",0.0419999999999163,78
"vary_k",10000,77,8,"SVP BIC multiscale",0.04099999999994,78
"vary_k",10000,77,9,"PELT",0.00200000000018008,78
"vary_k",10000,77,9,"SVP BIC",0.04099999999994,78
"vary_k",10000,77,9,"SVP BIC calibrated",0.0419999999999163,78
"vary_k",10000,77,9,"SVP BIC multiscale",0.0399999999999636,78
"vary_k",10000,77,10,"PELT",0.00199999999995271,78
"vary_k",10000,77,10,"SVP BIC",0.0419999999999163,78
"vary_k",10000,77,10,"SVP BIC calibrated",0.0419999999999163,78
"vary_k",10000,77,10,"SVP BIC multiscale",0.040000000000191,78
"vary_k",10000,78,1,"PELT",0.00199999999995271,79
"vary_k",10000,78,1,"SVP BIC",0.0430000000001201,79
"vary_k",10000,78,1,"SVP BIC calibrated",0.04099999999994,79
"vary_k",10000,78,1,"SVP BIC multiscale",0.0399999999999636,79
"vary_k",10000,78,2,"PELT",0.00200000000018008,79
"vary_k",10000,78,2,"SVP BIC",0.0419999999999163,79
"vary_k",10000,78,2,"SVP BIC calibrated",0.0410000000001673,79
"vary_k",10000,78,2,"SVP BIC multiscale",0.0399999999999636,79
"vary_k",10000,78,3,"PELT",0.00200000000018008,79
"vary_k",10000,78,3,"SVP BIC",0.04099999999994,79
"vary_k",10000,78,3,"SVP BIC calibrated",0.04099999999994,79
"vary_k",10000,78,3,"SVP BIC multiscale",0.0399999999999636,79
"vary_k",10000,78,4,"PELT",0.00300000000015643,79
"vary_k",10000,78,4,"SVP BIC",0.04099999999994,79
"vary_k",10000,78,4,"SVP BIC calibrated",0.0420000000001437,79
"vary_k",10000,78,4,"SVP BIC multiscale",0.0389999999999873,79
"vary_k",10000,78,5,"PELT",0.00200000000018008,79
"vary_k",10000,78,5,"SVP BIC",0.04099999999994,79
"vary_k",10000,78,5,"SVP BIC calibrated",0.04099999999994,79
"vary_k",10000,78,5,"SVP BIC multiscale",0.040000000000191,79
"vary_k",10000,78,6,"PELT",0.00199999999995271,79
"vary_k",10000,78,6,"SVP BIC",0.0410000000001673,79
"vary_k",10000,78,6,"SVP BIC calibrated",0.0419999999999163,79
"vary_k",10000,78,6,"SVP BIC multiscale",0.0399999999999636,79
"vary_k",10000,78,7,"PELT",0.00199999999995271,80
"vary_k",10000,78,7,"SVP BIC",0.04099999999994,79
"vary_k",10000,78,7,"SVP BIC calibrated",0.04099999999994,79
"vary_k",10000,78,7,"SVP BIC multiscale",0.0399999999999636,79
"vary_k",10000,78,8,"PELT",0.00200000000018008,79
"vary_k",10000,78,8,"SVP BIC",0.0419999999999163,79
"vary_k",10000,78,8,"SVP BIC calibrated",0.0410000000001673,79
"vary_k",10000,78,8,"SVP BIC multiscale",0.0389999999999873,79
"vary_k",10000,78,9,"PELT",0.00300000000015643,79
"vary_k",10000,78,9,"SVP BIC",0.04099999999994,79
"vary_k",10000,78,9,"SVP BIC calibrated",0.0410000000001673,79
"vary_k",10000,78,9,"SVP BIC multiscale",0.0399999999999636,79
"vary_k",10000,78,10,"PELT",0.00200000000018008,79
"vary_k",10000,78,10,"SVP BIC",0.0419999999999163,79
"vary_k",10000,78,10,"SVP BIC calibrated",0.04099999999994,79
"vary_k",10000,78,10,"SVP BIC multiscale",0.0389999999999873,79
"vary_k",10000,79,1,"PELT",0.00199999999995271,80
"vary_k",10000,79,1,"SVP BIC",0.0399999999999636,80
"vary_k",10000,79,1,"SVP BIC calibrated",0.0399999999999636,80
"vary_k",10000,79,1,"SVP BIC multiscale",0.0380000000000109,81
"vary_k",10000,79,2,"PELT",0.00199999999995271,80
"vary_k",10000,79,2,"SVP BIC",0.0410000000001673,80
"vary_k",10000,79,2,"SVP BIC calibrated",0.04099999999994,80
"vary_k",10000,79,2,"SVP BIC multiscale",0.0389999999999873,81
"vary_k",10000,79,3,"PELT",0.00199999999995271,80
"vary_k",10000,79,3,"SVP BIC",0.0410000000001673,80
"vary_k",10000,79,3,"SVP BIC calibrated",0.0419999999999163,80
"vary_k",10000,79,3,"SVP BIC multiscale",0.0389999999999873,80
"vary_k",10000,79,4,"PELT",0.00199999999995271,80
"vary_k",10000,79,4,"SVP BIC",0.04099999999994,80
"vary_k",10000,79,4,"SVP BIC calibrated",0.0419999999999163,80
"vary_k",10000,79,4,"SVP BIC multiscale",0.04099999999994,80
"vary_k",10000,79,5,"PELT",0.00200000000018008,80
"vary_k",10000,79,5,"SVP BIC",0.04099999999994,80
"vary_k",10000,79,5,"SVP BIC calibrated",0.0399999999999636,80
"vary_k",10000,79,5,"SVP BIC multiscale",0.0399999999999636,80
"vary_k",10000,79,6,"PELT",0.00199999999995271,80
"vary_k",10000,79,6,"SVP BIC",0.0399999999999636,80
"vary_k",10000,79,6,"SVP BIC calibrated",0.04099999999994,80
"vary_k",10000,79,6,"SVP BIC multiscale",0.0399999999999636,80
"vary_k",10000,79,7,"PELT",0.00199999999995271,81
"vary_k",10000,79,7,"SVP BIC",0.04099999999994,80
"vary_k",10000,79,7,"SVP BIC calibrated",0.0419999999999163,80
"vary_k",10000,79,7,"SVP BIC multiscale",0.0389999999999873,80
"vary_k",10000,79,8,"PELT",0.00299999999992906,80
"vary_k",10000,79,8,"SVP BIC",0.0399999999999636,80
"vary_k",10000,79,8,"SVP BIC calibrated",0.0410000000001673,80
"vary_k",10000,79,8,"SVP BIC multiscale",0.0389999999999873,80
"vary_k",10000,79,9,"PELT",0.00199999999995271,80
"vary_k",10000,79,9,"SVP BIC",0.0419999999999163,80
"vary_k",10000,79,9,"SVP BIC calibrated",0.0420000000001437,80
"vary_k",10000,79,9,"SVP BIC multiscale",0.0389999999999873,80
"vary_k",10000,79,10,"PELT",0.00199999999995271,80
"vary_k",10000,79,10,"SVP BIC",0.040000000000191,80
"vary_k",10000,79,10,"SVP BIC calibrated",0.04099999999994,80
"vary_k",10000,79,10,"SVP BIC multiscale",0.0389999999999873,80
"vary_k",10000,80,1,"PELT",0.00199999999995271,81
"vary_k",10000,80,1,"SVP BIC",0.04099999999994,81
"vary_k",10000,80,1,"SVP BIC calibrated",0.04099999999994,81
"vary_k",10000,80,1,"SVP BIC multiscale",0.0389999999999873,81
"vary_k",10000,80,2,"PELT",0.00199999999995271,81
"vary_k",10000,80,2,"SVP BIC",0.04099999999994,81
"vary_k",10000,80,2,"SVP BIC calibrated",0.0410000000001673,81
"vary_k",10000,80,2,"SVP BIC multiscale",0.0399999999999636,81
"vary_k",10000,80,3,"PELT",0.00300000000015643,81
"vary_k",10000,80,3,"SVP BIC",0.0419999999999163,81
"vary_k",10000,80,3,"SVP BIC calibrated",0.0410000000001673,81
"vary_k",10000,80,3,"SVP BIC multiscale",0.0399999999999636,81
"vary_k",10000,80,4,"PELT",0.00199999999995271,81
"vary_k",10000,80,4,"SVP BIC",0.04099999999994,81
"vary_k",10000,80,4,"SVP BIC calibrated",0.0399999999999636,81
"vary_k",10000,80,4,"SVP BIC multiscale",0.0399999999999636,81
"vary_k",10000,80,5,"PELT",0.00299999999992906,81
"vary_k",10000,80,5,"SVP BIC",0.0419999999999163,81
"vary_k",10000,80,5,"SVP BIC calibrated",0.0420000000001437,81
"vary_k",10000,80,5,"SVP BIC multiscale",0.0399999999999636,81
"vary_k",10000,80,6,"PELT",0.00199999999995271,81
"vary_k",10000,80,6,"SVP BIC",0.0410000000001673,81
"vary_k",10000,80,6,"SVP BIC calibrated",0.04099999999994,81
"vary_k",10000,80,6,"SVP BIC multiscale",0.0389999999999873,81
"vary_k",10000,80,7,"PELT",0.00199999999995271,81
"vary_k",10000,80,7,"SVP BIC",0.0419999999999163,81
"vary_k",10000,80,7,"SVP BIC calibrated",0.04099999999994,81
"vary_k",10000,80,7,"SVP BIC multiscale",0.0399999999999636,81
"vary_k",10000,80,8,"PELT",0.00199999999995271,81
"vary_k",10000,80,8,"SVP BIC",0.0410000000001673,81
"vary_k",10000,80,8,"SVP BIC calibrated",0.0419999999999163,81
"vary_k",10000,80,8,"SVP BIC multiscale",0.0399999999999636,81
"vary_k",10000,80,9,"PELT",0.00300000000015643,81
"vary_k",10000,80,9,"SVP BIC",0.0419999999999163,81
"vary_k",10000,80,9,"SVP BIC calibrated",0.04099999999994,81
"vary_k",10000,80,9,"SVP BIC multiscale",0.0399999999999636,82
"vary_k",10000,80,10,"PELT",0.00199999999995271,82
"vary_k",10000,80,10,"SVP BIC",0.04099999999994,81
"vary_k",10000,80,10,"SVP BIC calibrated",0.0410000000001673,81
"vary_k",10000,80,10,"SVP BIC multiscale",0.0389999999999873,81
"vary_k",10000,81,1,"PELT",0.00199999999995271,82
"vary_k",10000,81,1,"SVP BIC",0.04099999999994,82
"vary_k",10000,81,1,"SVP BIC calibrated",0.04099999999994,82
"vary_k",10000,81,1,"SVP BIC multiscale",0.0389999999999873,82
"vary_k",10000,81,2,"PELT",0.00299999999992906,82
"vary_k",10000,81,2,"SVP BIC",0.04099999999994,82
"vary_k",10000,81,2,"SVP BIC calibrated",0.0399999999999636,82
"vary_k",10000,81,2,"SVP BIC multiscale",0.0389999999999873,82
"vary_k",10000,81,3,"PELT",0.00199999999995271,82
"vary_k",10000,81,3,"SVP BIC",0.04099999999994,82
"vary_k",10000,81,3,"SVP BIC calibrated",0.0399999999999636,82
"vary_k",10000,81,3,"SVP BIC multiscale",0.0380000000000109,82
"vary_k",10000,81,4,"PELT",0.00199999999995271,82
"vary_k",10000,81,4,"SVP BIC",0.0399999999999636,82
"vary_k",10000,81,4,"SVP BIC calibrated",0.0399999999999636,82
"vary_k",10000,81,4,"SVP BIC multiscale",0.0460000000000491,82
"vary_k",10000,81,5,"PELT",0.00300000000015643,82
"vary_k",10000,81,5,"SVP BIC",0.0419999999999163,82
"vary_k",10000,81,5,"SVP BIC calibrated",0.04099999999994,82
"vary_k",10000,81,5,"SVP BIC multiscale",0.0399999999999636,82
"vary_k",10000,81,6,"PELT",0.00199999999995271,82
"vary_k",10000,81,6,"SVP BIC",0.04099999999994,82
"vary_k",10000,81,6,"SVP BIC calibrated",0.0419999999999163,82
"vary_k",10000,81,6,"SVP BIC multiscale",0.0399999999999636,82
"vary_k",10000,81,7,"PELT",0.00200000000018008,82
"vary_k",10000,81,7,"SVP BIC",0.04099999999994,82
"vary_k",10000,81,7,"SVP BIC calibrated",0.0399999999999636,83
"vary_k",10000,81,7,"SVP BIC multiscale",0.040000000000191,83
"vary_k",10000,81,8,"PELT",0.00199999999995271,82
"vary_k",10000,81,8,"SVP BIC",0.040000000000191,82
"vary_k",10000,81,8,"SVP BIC calibrated",0.0399999999999636,82
"vary_k",10000,81,8,"SVP BIC multiscale",0.0389999999999873,82
"vary_k",10000,81,9,"PELT",0.00199999999995271,82
"vary_k",10000,81,9,"SVP BIC",0.040000000000191,82
"vary_k",10000,81,9,"SVP BIC calibrated",0.04099999999994,82
"vary_k",10000,81,9,"SVP BIC multiscale",0.0389999999999873,82
"vary_k",10000,81,10,"PELT",0.00199999999995271,82
"vary_k",10000,81,10,"SVP BIC",0.040000000000191,82
"vary_k",10000,81,10,"SVP BIC calibrated",0.04099999999994,82
"vary_k",10000,81,10,"SVP BIC multiscale",0.0389999999999873,83
"vary_k",10000,82,1,"PELT",0.00199999999995271,83
"vary_k",10000,82,1,"SVP BIC",0.0389999999999873,83
"vary_k",10000,82,1,"SVP BIC calibrated",0.0399999999999636,83
"vary_k",10000,82,1,"SVP BIC multiscale",0.0380000000000109,84
"vary_k",10000,82,2,"PELT",0.00199999999995271,83
"vary_k",10000,82,2,"SVP BIC",0.0389999999999873,83
"vary_k",10000,82,2,"SVP BIC calibrated",0.0399999999999636,83
"vary_k",10000,82,2,"SVP BIC multiscale",0.0389999999999873,83
"vary_k",10000,82,3,"PELT",0.00299999999992906,83
"vary_k",10000,82,3,"SVP BIC",0.040000000000191,83
"vary_k",10000,82,3,"SVP BIC calibrated",0.0399999999999636,83
"vary_k",10000,82,3,"SVP BIC multiscale",0.0389999999999873,83
"vary_k",10000,82,4,"PELT",0.00199999999995271,83
"vary_k",10000,82,4,"SVP BIC",0.0399999999999636,83
"vary_k",10000,82,4,"SVP BIC calibrated",0.0399999999999636,83
"vary_k",10000,82,4,"SVP BIC multiscale",0.0389999999999873,83
"vary_k",10000,82,5,"PELT",0.00199999999995271,83
"vary_k",10000,82,5,"SVP BIC",0.0399999999999636,83
"vary_k",10000,82,5,"SVP BIC calibrated",0.0399999999999636,83
"vary_k",10000,82,5,"SVP BIC multiscale",0.0399999999999636,83
"vary_k",10000,82,6,"PELT",0.00199999999995271,83
"vary_k",10000,82,6,"SVP BIC",0.040000000000191,83
"vary_k",10000,82,6,"SVP BIC calibrated",0.0399999999999636,83
"vary_k",10000,82,6,"SVP BIC multiscale",0.0389999999999873,85
"vary_k",10000,82,7,"PELT",0.00199999999995271,83
"vary_k",10000,82,7,"SVP BIC",0.040000000000191,83
"vary_k",10000,82,7,"SVP BIC calibrated",0.0399999999999636,83
"vary_k",10000,82,7,"SVP BIC multiscale",0.0380000000000109,83
"vary_k",10000,82,8,"PELT",0.00199999999995271,83
"vary_k",10000,82,8,"SVP BIC",0.0399999999999636,83
"vary_k",10000,82,8,"SVP BIC calibrated",0.0399999999999636,83
"vary_k",10000,82,8,"SVP BIC multiscale",0.0389999999999873,83
"vary_k",10000,82,9,"PELT",0.00299999999992906,83
"vary_k",10000,82,9,"SVP BIC",0.040000000000191,83
"vary_k",10000,82,9,"SVP BIC calibrated",0.0399999999999636,83
"vary_k",10000,82,9,"SVP BIC multiscale",0.0390000000002146,83
"vary_k",10000,82,10,"PELT",0.00199999999995271,83
"vary_k",10000,82,10,"SVP BIC",0.0410000000001673,83
"vary_k",10000,82,10,"SVP BIC calibrated",0.0420000000001437,83
"vary_k",10000,82,10,"SVP BIC multiscale",0.0410000000001673,83
"vary_k",10000,83,1,"PELT",0.00199999999995271,84
"vary_k",10000,83,1,"SVP BIC",0.040000000000191,84
"vary_k",10000,83,1,"SVP BIC calibrated",0.0389999999999873,84
"vary_k",10000,83,1,"SVP BIC multiscale",0.0380000000000109,84
"vary_k",10000,83,2,"PELT",0.00199999999995271,84
"vary_k",10000,83,2,"SVP BIC",0.04099999999994,84
"vary_k",10000,83,2,"SVP BIC calibrated",0.0399999999999636,84
"vary_k",10000,83,2,"SVP BIC multiscale",0.0389999999999873,84
"vary_k",10000,83,3,"PELT",0.00199999999995271,84
"vary_k",10000,83,3,"SVP BIC",0.0410000000001673,84
"vary_k",10000,83,3,"SVP BIC calibrated",0.04099999999994,84
"vary_k",10000,83,3,"SVP BIC multiscale",0.0389999999999873,84
"vary_k",10000,83,4,"PELT",0.00199999999995271,84
"vary_k",10000,83,4,"SVP BIC",0.0389999999999873,84
"vary_k",10000,83,4,"SVP BIC calibrated",0.0399999999999636,84
"vary_k",10000,83,4,"SVP BIC multiscale",0.0380000000000109,84
"vary_k",10000,83,5,"PELT",0.00200000000018008,84
"vary_k",10000,83,5,"SVP BIC",0.0389999999999873,84
"vary_k",10000,83,5,"SVP BIC calibrated",0.04099999999994,84
"vary_k",10000,83,5,"SVP BIC multiscale",0.0380000000000109,84
"vary_k",10000,83,6,"PELT",0.00199999999995271,84
"vary_k",10000,83,6,"SVP BIC",0.0389999999999873,84
"vary_k",10000,83,6,"SVP BIC calibrated",0.04099999999994,84
"vary_k",10000,83,6,"SVP BIC multiscale",0.0389999999999873,84
"vary_k",10000,83,7,"PELT",0.00199999999995271,84
"vary_k",10000,83,7,"SVP BIC",0.0399999999999636,84
"vary_k",10000,83,7,"SVP BIC calibrated",0.0399999999999636,84
"vary_k",10000,83,7,"SVP BIC multiscale",0.0389999999999873,84
"vary_k",10000,83,8,"PELT",0.00199999999995271,84
"vary_k",10000,83,8,"SVP BIC",0.0399999999999636,84
"vary_k",10000,83,8,"SVP BIC calibrated",0.0399999999999636,84
"vary_k",10000,83,8,"SVP BIC multiscale",0.0380000000000109,84
"vary_k",10000,83,9,"PELT",0.00199999999995271,84
"vary_k",10000,83,9,"SVP BIC",0.040000000000191,84
"vary_k",10000,83,9,"SVP BIC calibrated",0.0399999999999636,84
"vary_k",10000,83,9,"SVP BIC multiscale",0.0389999999999873,84
"vary_k",10000,83,10,"PELT",0.00199999999995271,84
"vary_k",10000,83,10,"SVP BIC",0.04099999999994,84
"vary_k",10000,83,10,"SVP BIC calibrated",0.04099999999994,84
"vary_k",10000,83,10,"SVP BIC multiscale",0.0389999999999873,84
"vary_k",10000,84,1,"PELT",0.00199999999995271,86
"vary_k",10000,84,1,"SVP BIC",0.0399999999999636,85
"vary_k",10000,84,1,"SVP BIC calibrated",0.0399999999999636,85
"vary_k",10000,84,1,"SVP BIC multiscale",0.0389999999999873,85
"vary_k",10000,84,2,"PELT",0.00199999999995271,85
"vary_k",10000,84,2,"SVP BIC",0.0410000000001673,85
"vary_k",10000,84,2,"SVP BIC calibrated",0.0399999999999636,85
"vary_k",10000,84,2,"SVP BIC multiscale",0.0380000000000109,85
"vary_k",10000,84,3,"PELT",0.00299999999992906,85
"vary_k",10000,84,3,"SVP BIC",0.0389999999999873,85
"vary_k",10000,84,3,"SVP BIC calibrated",0.0389999999999873,85
"vary_k",10000,84,3,"SVP BIC multiscale",0.0370000000000346,85
"vary_k",10000,84,4,"PELT",0.00199999999995271,85
"vary_k",10000,84,4,"SVP BIC",0.0399999999999636,85
"vary_k",10000,84,4,"SVP BIC calibrated",0.0399999999999636,85
"vary_k",10000,84,4,"SVP BIC multiscale",0.0389999999999873,85
"vary_k",10000,84,5,"PELT",0.00299999999992906,85
"vary_k",10000,84,5,"SVP BIC",0.0399999999999636,85
"vary_k",10000,84,5,"SVP BIC calibrated",0.0399999999999636,85
"vary_k",10000,84,5,"SVP BIC multiscale",0.0380000000000109,85
"vary_k",10000,84,6,"PELT",0.00199999999995271,85
"vary_k",10000,84,6,"SVP BIC",0.0389999999999873,85
"vary_k",10000,84,6,"SVP BIC calibrated",0.0389999999999873,85
"vary_k",10000,84,6,"SVP BIC multiscale",0.0380000000000109,85
"vary_k",10000,84,7,"PELT",0.00199999999995271,85
"vary_k",10000,84,7,"SVP BIC",0.04099999999994,85
"vary_k",10000,84,7,"SVP BIC calibrated",0.0399999999999636,85
"vary_k",10000,84,7,"SVP BIC multiscale",0.0389999999999873,85
"vary_k",10000,84,8,"PELT",0.00199999999995271,85
"vary_k",10000,84,8,"SVP BIC",0.0399999999999636,85
"vary_k",10000,84,8,"SVP BIC calibrated",0.0410000000001673,85
"vary_k",10000,84,8,"SVP BIC multiscale",0.0380000000000109,85
"vary_k",10000,84,9,"PELT",0.00200000000018008,85
"vary_k",10000,84,9,"SVP BIC",0.0389999999999873,85
"vary_k",10000,84,9,"SVP BIC calibrated",0.0399999999999636,85
"vary_k",10000,84,9,"SVP BIC multiscale",0.0380000000000109,85
"vary_k",10000,84,10,"PELT",0.00199999999995271,85
"vary_k",10000,84,10,"SVP BIC",0.040000000000191,85
"vary_k",10000,84,10,"SVP BIC calibrated",0.0399999999999636,85
"vary_k",10000,84,10,"SVP BIC multiscale",0.0380000000000109,85
"vary_k",10000,85,1,"PELT",0.00199999999995271,86
"vary_k",10000,85,1,"SVP BIC",0.0380000000000109,86
"vary_k",10000,85,1,"SVP BIC calibrated",0.0389999999999873,86
"vary_k",10000,85,1,"SVP BIC multiscale",0.0379999999997835,86
"vary_k",10000,85,2,"PELT",0.00199999999995271,87
"vary_k",10000,85,2,"SVP BIC",0.0380000000000109,86
"vary_k",10000,85,2,"SVP BIC calibrated",0.0389999999999873,87
"vary_k",10000,85,2,"SVP BIC multiscale",0.0369999999998072,87
"vary_k",10000,85,3,"PELT",0.00299999999992906,86
"vary_k",10000,85,3,"SVP BIC",0.0389999999999873,86
"vary_k",10000,85,3,"SVP BIC calibrated",0.0389999999999873,86
"vary_k",10000,85,3,"SVP BIC multiscale",0.0370000000000346,86
"vary_k",10000,85,4,"PELT",0.00199999999995271,86
"vary_k",10000,85,4,"SVP BIC",0.0399999999999636,86
"vary_k",10000,85,4,"SVP BIC calibrated",0.0380000000000109,86
"vary_k",10000,85,4,"SVP BIC multiscale",0.0380000000000109,86
"vary_k",10000,85,5,"PELT",0.00200000000018008,86
"vary_k",10000,85,5,"SVP BIC",0.0389999999999873,86
"vary_k",10000,85,5,"SVP BIC calibrated",0.0389999999999873,86
"vary_k",10000,85,5,"SVP BIC multiscale",0.0380000000000109,86
"vary_k",10000,85,6,"PELT",0.00200000000018008,86
"vary_k",10000,85,6,"SVP BIC",0.0380000000000109,86
"vary_k",10000,85,6,"SVP BIC calibrated",0.0389999999999873,86
"vary_k",10000,85,6,"SVP BIC multiscale",0.0370000000000346,86
"vary_k",10000,85,7,"PELT",0.00200000000018008,86
"vary_k",10000,85,7,"SVP BIC",0.0389999999999873,86
"vary_k",10000,85,7,"SVP BIC calibrated",0.0380000000000109,86
"vary_k",10000,85,7,"SVP BIC multiscale",0.0369999999998072,86
"vary_k",10000,85,8,"PELT",0.00199999999995271,86
"vary_k",10000,85,8,"SVP BIC",0.0389999999999873,86
"vary_k",10000,85,8,"SVP BIC calibrated",0.0389999999999873,86
"vary_k",10000,85,8,"SVP BIC multiscale",0.0370000000000346,87
"vary_k",10000,85,9,"PELT",0.00199999999995271,86
"vary_k",10000,85,9,"SVP BIC",0.0380000000000109,86
"vary_k",10000,85,9,"SVP BIC calibrated",0.0389999999999873,86
"vary_k",10000,85,9,"SVP BIC multiscale",0.0380000000000109,86
"vary_k",10000,85,10,"PELT",0.00199999999995271,86
"vary_k",10000,85,10,"SVP BIC",0.0390000000002146,86
"vary_k",10000,85,10,"SVP BIC calibrated",0.0389999999999873,86
"vary_k",10000,85,10,"SVP BIC multiscale",0.0370000000000346,86
"vary_k",10000,86,1,"PELT",0.00200000000018008,87
"vary_k",10000,86,1,"SVP BIC",0.0389999999999873,87
"vary_k",10000,86,1,"SVP BIC calibrated",0.0380000000000109,87
"vary_k",10000,86,1,"SVP BIC multiscale",0.0369999999998072,87
"vary_k",10000,86,2,"PELT",0.00199999999995271,87
"vary_k",10000,86,2,"SVP BIC",0.0380000000000109,87
"vary_k",10000,86,2,"SVP BIC calibrated",0.0380000000000109,87
"vary_k",10000,86,2,"SVP BIC multiscale",0.0360000000000582,87
"vary_k",10000,86,3,"PELT",0.00200000000018008,87
"vary_k",10000,86,3,"SVP BIC",0.0380000000000109,87
"vary_k",10000,86,3,"SVP BIC calibrated",0.0380000000000109,87
"vary_k",10000,86,3,"SVP BIC multiscale",0.0370000000000346,88
"vary_k",10000,86,4,"PELT",0.00199999999995271,87
"vary_k",10000,86,4,"SVP BIC",0.0380000000000109,87
"vary_k",10000,86,4,"SVP BIC calibrated",0.0380000000000109,87
"vary_k",10000,86,4,"SVP BIC multiscale",0.0360000000000582,88
"vary_k",10000,86,5,"PELT",0.00199999999995271,88
"vary_k",10000,86,5,"SVP BIC",0.0380000000000109,87
"vary_k",10000,86,5,"SVP BIC calibrated",0.0380000000000109,87
"vary_k",10000,86,5,"SVP BIC multiscale",0.0370000000000346,87
"vary_k",10000,86,6,"PELT",0.00299999999992906,88
"vary_k",10000,86,6,"SVP BIC",0.0380000000000109,87
"vary_k",10000,86,6,"SVP BIC calibrated",0.0389999999999873,87
"vary_k",10000,86,6,"SVP BIC multiscale",0.0370000000000346,87
"vary_k",10000,86,7,"PELT",0.00199999999995271,87
"vary_k",10000,86,7,"SVP BIC",0.0380000000000109,87
"vary_k",10000,86,7,"SVP BIC calibrated",0.0389999999999873,87
"vary_k",10000,86,7,"SVP BIC multiscale",0.0370000000000346,87
"vary_k",10000,86,8,"PELT",0.00199999999995271,87
"vary_k",10000,86,8,"SVP BIC",0.0389999999999873,87
"vary_k",10000,86,8,"SVP BIC calibrated",0.0389999999999873,87
"vary_k",10000,86,8,"SVP BIC multiscale",0.0389999999999873,87
"vary_k",10000,86,9,"PELT",0.00299999999992906,87
"vary_k",10000,86,9,"SVP BIC",0.0399999999999636,87
"vary_k",10000,86,9,"SVP BIC calibrated",0.0389999999999873,87
"vary_k",10000,86,9,"SVP BIC multiscale",0.0380000000000109,87
"vary_k",10000,86,10,"PELT",0.00199999999995271,87
"vary_k",10000,86,10,"SVP BIC",0.0380000000000109,87
"vary_k",10000,86,10,"SVP BIC calibrated",0.0389999999999873,87
"vary_k",10000,86,10,"SVP BIC multiscale",0.0360000000000582,88
"vary_k",10000,87,1,"PELT",0.00199999999995271,88
"vary_k",10000,87,1,"SVP BIC",0.0399999999999636,88
"vary_k",10000,87,1,"SVP BIC calibrated",0.0389999999999873,88
"vary_k",10000,87,1,"SVP BIC multiscale",0.0380000000000109,88
"vary_k",10000,87,2,"PELT",0.00199999999995271,88
"vary_k",10000,87,2,"SVP BIC",0.0389999999999873,88
"vary_k",10000,87,2,"SVP BIC calibrated",0.0389999999999873,88
"vary_k",10000,87,2,"SVP BIC multiscale",0.0369999999998072,88
"vary_k",10000,87,3,"PELT",0.00199999999995271,88
"vary_k",10000,87,3,"SVP BIC",0.0380000000000109,88
"vary_k",10000,87,3,"SVP BIC calibrated",0.0380000000000109,88
"vary_k",10000,87,3,"SVP BIC multiscale",0.0360000000000582,88
"vary_k",10000,87,4,"PELT",0.00199999999995271,88
"vary_k",10000,87,4,"SVP BIC",0.0389999999999873,88
"vary_k",10000,87,4,"SVP BIC calibrated",0.0389999999999873,88
"vary_k",10000,87,4,"SVP BIC multiscale",0.0370000000000346,88
"vary_k",10000,87,5,"PELT",0.00199999999995271,88
"vary_k",10000,87,5,"SVP BIC",0.0389999999999873,88
"vary_k",10000,87,5,"SVP BIC calibrated",0.0380000000000109,88
"vary_k",10000,87,5,"SVP BIC multiscale",0.0370000000000346,88
"vary_k",10000,87,6,"PELT",0.00299999999992906,88
"vary_k",10000,87,6,"SVP BIC",0.0380000000000109,88
"vary_k",10000,87,6,"SVP BIC calibrated",0.0380000000000109,88
"vary_k",10000,87,6,"SVP BIC multiscale",0.0360000000000582,88
"vary_k",10000,87,7,"PELT",0.00199999999995271,88
"vary_k",10000,87,7,"SVP BIC",0.0389999999999873,88
"vary_k",10000,87,7,"SVP BIC calibrated",0.0389999999999873,88
"vary_k",10000,87,7,"SVP BIC multiscale",0.0360000000000582,88
"vary_k",10000,87,8,"PELT",0.00200000000018008,88
"vary_k",10000,87,8,"SVP BIC",0.0380000000000109,88
"vary_k",10000,87,8,"SVP BIC calibrated",0.0380000000000109,88
"vary_k",10000,87,8,"SVP BIC multiscale",0.0370000000000346,88
"vary_k",10000,87,9,"PELT",0.000999999999976353,88
"vary_k",10000,87,9,"SVP BIC",0.0380000000000109,88
"vary_k",10000,87,9,"SVP BIC calibrated",0.0380000000000109,88
"vary_k",10000,87,9,"SVP BIC multiscale",0.0360000000000582,88
"vary_k",10000,87,10,"PELT",0.00199999999995271,88
"vary_k",10000,87,10,"SVP BIC",0.0389999999999873,88
"vary_k",10000,87,10,"SVP BIC calibrated",0.0389999999999873,88
"vary_k",10000,87,10,"SVP BIC multiscale",0.0360000000000582,88
"vary_k",10000,88,1,"PELT",0.00199999999995271,89
"vary_k",10000,88,1,"SVP BIC",0.0389999999999873,89
"vary_k",10000,88,1,"SVP BIC calibrated",0.0380000000000109,89
"vary_k",10000,88,1,"SVP BIC multiscale",0.0359999999998308,89
"vary_k",10000,88,2,"PELT",0.00199999999995271,89
"vary_k",10000,88,2,"SVP BIC",0.0370000000000346,89
"vary_k",10000,88,2,"SVP BIC calibrated",0.0369999999998072,89
"vary_k",10000,88,2,"SVP BIC multiscale",0.0359999999998308,89
"vary_k",10000,88,3,"PELT",0.00199999999995271,89
"vary_k",10000,88,3,"SVP BIC",0.0370000000000346,89
"vary_k",10000,88,3,"SVP BIC calibrated",0.0370000000000346,89
"vary_k",10000,88,3,"SVP BIC multiscale",0.0360000000000582,90
"vary_k",10000,88,4,"PELT",0.00199999999995271,89
"vary_k",10000,88,4,"SVP BIC",0.0380000000000109,89
"vary_k",10000,88,4,"SVP BIC calibrated",0.0380000000000109,89
"vary_k",10000,88,4,"SVP BIC multiscale",0.0360000000000582,89
"vary_k",10000,88,5,"PELT",0.00199999999995271,89
"vary_k",10000,88,5,"SVP BIC",0.0380000000000109,89
"vary_k",10000,88,5,"SVP BIC calibrated",0.0370000000000346,89
"vary_k",10000,88,5,"SVP BIC multiscale",0.0360000000000582,89
"vary_k",10000,88,6,"PELT",0.00199999999995271,89
"vary_k",10000,88,6,"SVP BIC",0.0370000000000346,89
"vary_k",10000,88,6,"SVP BIC calibrated",0.0370000000000346,89
"vary_k",10000,88,6,"SVP BIC multiscale",0.0349999999998545,89
"vary_k",10000,88,7,"PELT",0.00200000000018008,89
"vary_k",10000,88,7,"SVP BIC",0.0370000000000346,89
"vary_k",10000,88,7,"SVP BIC calibrated",0.0380000000000109,89
"vary_k",10000,88,7,"SVP BIC multiscale",0.0359999999998308,89
"vary_k",10000,88,8,"PELT",0.00199999999995271,89
"vary_k",10000,88,8,"SVP BIC",0.0370000000000346,89
"vary_k",10000,88,8,"SVP BIC calibrated",0.0380000000000109,89
"vary_k",10000,88,8,"SVP BIC multiscale",0.0350000000000819,89
"vary_k",10000,88,9,"PELT",0.00200000000018008,89
"vary_k",10000,88,9,"SVP BIC",0.0380000000000109,89
"vary_k",10000,88,9,"SVP BIC calibrated",0.0380000000000109,90
"vary_k",10000,88,9,"SVP BIC multiscale",0.0410000000001673,90
"vary_k",10000,88,10,"PELT",0.00199999999995271,90
"vary_k",10000,88,10,"SVP BIC",0.0389999999999873,89
"vary_k",10000,88,10,"SVP BIC calibrated",0.0380000000000109,89
"vary_k",10000,88,10,"SVP BIC multiscale",0.0370000000000346,90
"vary_k",10000,89,1,"PELT",0.00199999999995271,90
"vary_k",10000,89,1,"SVP BIC",0.0380000000000109,90
"vary_k",10000,89,1,"SVP BIC calibrated",0.0380000000000109,90
"vary_k",10000,89,1,"SVP BIC multiscale",0.0360000000000582,90
"vary_k",10000,89,2,"PELT",0.00199999999995271,90
"vary_k",10000,89,2,"SVP BIC",0.0380000000000109,90
"vary_k",10000,89,2,"SVP BIC calibrated",0.0389999999999873,90
"vary_k",10000,89,2,"SVP BIC multiscale",0.0370000000000346,90
"vary_k",10000,89,3,"PELT",0.00199999999995271,91
"vary_k",10000,89,3,"SVP BIC",0.0389999999999873,90
"vary_k",10000,89,3,"SVP BIC calibrated",0.0380000000000109,90
"vary_k",10000,89,3,"SVP BIC multiscale",0.0359999999998308,90
"vary_k",10000,89,4,"PELT",0.00199999999995271,90
"vary_k",10000,89,4,"SVP BIC",0.0370000000000346,90
"vary_k",10000,89,4,"SVP BIC calibrated",0.0370000000000346,90
"vary_k",10000,89,4,"SVP BIC multiscale",0.0360000000000582,90
"vary_k",10000,89,5,"PELT",0.00200000000018008,91
"vary_k",10000,89,5,"SVP BIC",0.0389999999999873,90
"vary_k",10000,89,5,"SVP BIC calibrated",0.0389999999999873,90
"vary_k",10000,89,5,"SVP BIC multiscale",0.0379999999997835,91
"vary_k",10000,89,6,"PELT",0.00199999999995271,90
"vary_k",10000,89,6,"SVP BIC",0.0380000000000109,90
"vary_k",10000,89,6,"SVP BIC calibrated",0.0380000000000109,90
"vary_k",10000,89,6,"SVP BIC multiscale",0.0360000000000582,90
"vary_k",10000,89,7,"PELT",0.00199999999995271,90
"vary_k",10000,89,7,"SVP BIC",0.0389999999999873,90
"vary_k",10000,89,7,"SVP BIC calibrated",0.0370000000000346,90
"vary_k",10000,89,7,"SVP BIC multiscale",0.0370000000000346,90
"vary_k",10000,89,8,"PELT",0.00199999999995271,90
"vary_k",10000,89,8,"SVP BIC",0.0370000000000346,90
"vary_k",10000,89,8,"SVP BIC calibrated",0.0370000000000346,90
"vary_k",10000,89,8,"SVP BIC multiscale",0.0350000000000819,90
"vary_k",10000,89,9,"PELT",0.00100000000020373,90
"vary_k",10000,89,9,"SVP BIC",0.0370000000000346,90
"vary_k",10000,89,9,"SVP BIC calibrated",0.0380000000000109,90
"vary_k",10000,89,9,"SVP BIC multiscale",0.0360000000000582,90
"vary_k",10000,89,10,"PELT",0.00199999999995271,90
"vary_k",10000,89,10,"SVP BIC",0.0380000000000109,90
"vary_k",10000,89,10,"SVP BIC calibrated",0.0380000000000109,90
"vary_k",10000,89,10,"SVP BIC multiscale",0.0359999999998308,90
"vary_k",10000,90,1,"PELT",0.000999999999976353,91
"vary_k",10000,90,1,"SVP BIC",0.0370000000000346,91
"vary_k",10000,90,1,"SVP BIC calibrated",0.0389999999999873,91
"vary_k",10000,90,1,"SVP BIC multiscale",0.0370000000000346,91
"vary_k",10000,90,2,"PELT",0.00199999999995271,91
"vary_k",10000,90,2,"SVP BIC",0.0389999999999873,91
"vary_k",10000,90,2,"SVP BIC calibrated",0.0370000000000346,91
"vary_k",10000,90,2,"SVP BIC multiscale",0.0360000000000582,91
"vary_k",10000,90,3,"PELT",0.00200000000018008,91
"vary_k",10000,90,3,"SVP BIC",0.0380000000000109,91
"vary_k",10000,90,3,"SVP BIC calibrated",0.0399999999999636,91
"vary_k",10000,90,3,"SVP BIC multiscale",0.0359999999998308,91
"vary_k",10000,90,4,"PELT",0.00200000000018008,91
"vary_k",10000,90,4,"SVP BIC",0.0370000000000346,91
"vary_k",10000,90,4,"SVP BIC calibrated",0.0370000000000346,91
"vary_k",10000,90,4,"SVP BIC multiscale",0.0370000000000346,91
"vary_k",10000,90,5,"PELT",0.00199999999995271,92
"vary_k",10000,90,5,"SVP BIC",0.0370000000000346,91
"vary_k",10000,90,5,"SVP BIC calibrated",0.0370000000000346,91
"vary_k",10000,90,5,"SVP BIC multiscale",0.0350000000000819,92
"vary_k",10000,90,6,"PELT",0.00200000000018008,91
"vary_k",10000,90,6,"SVP BIC",0.0370000000000346,91
"vary_k",10000,90,6,"SVP BIC calibrated",0.0370000000000346,91
"vary_k",10000,90,6,"SVP BIC multiscale",0.0360000000000582,91
"vary_k",10000,90,7,"PELT",0.000999999999976353,91
"vary_k",10000,90,7,"SVP BIC",0.0369999999998072,91
"vary_k",10000,90,7,"SVP BIC calibrated",0.0369999999998072,91
"vary_k",10000,90,7,"SVP BIC multiscale",0.0359999999998308,91
"vary_k",10000,90,8,"PELT",0.00199999999995271,91
"vary_k",10000,90,8,"SVP BIC",0.0370000000000346,91
"vary_k",10000,90,8,"SVP BIC calibrated",0.0370000000000346,91
"vary_k",10000,90,8,"SVP BIC multiscale",0.0350000000000819,91
"vary_k",10000,90,9,"PELT",0.00200000000018008,91
"vary_k",10000,90,9,"SVP BIC",0.0370000000000346,91
"vary_k",10000,90,9,"SVP BIC calibrated",0.0360000000000582,91
"vary_k",10000,90,9,"SVP BIC multiscale",0.0360000000000582,91
"vary_k",10000,90,10,"PELT",0.00199999999995271,91
"vary_k",10000,90,10,"SVP BIC",0.0369999999998072,91
"vary_k",10000,90,10,"SVP BIC calibrated",0.0370000000000346,91
"vary_k",10000,90,10,"SVP BIC multiscale",0.0350000000000819,91
"vary_k",10000,91,1,"PELT",0.00299999999992906,92
"vary_k",10000,91,1,"SVP BIC",0.0370000000000346,92
"vary_k",10000,91,1,"SVP BIC calibrated",0.0359999999998308,92
"vary_k",10000,91,1,"SVP BIC multiscale",0.0349999999998545,92
"vary_k",10000,91,2,"PELT",0.00199999999995271,92
"vary_k",10000,91,2,"SVP BIC",0.0370000000000346,92
"vary_k",10000,91,2,"SVP BIC calibrated",0.0370000000000346,92
"vary_k",10000,91,2,"SVP BIC multiscale",0.0350000000000819,92
"vary_k",10000,91,3,"PELT",0.00199999999995271,92
"vary_k",10000,91,3,"SVP BIC",0.0359999999998308,92
"vary_k",10000,91,3,"SVP BIC calibrated",0.0360000000000582,92
"vary_k",10000,91,3,"SVP BIC multiscale",0.0350000000000819,92
"vary_k",10000,91,4,"PELT",0.00200000000018008,92
"vary_k",10000,91,4,"SVP BIC",0.0370000000000346,92
"vary_k",10000,91,4,"SVP BIC calibrated",0.0370000000000346,92
"vary_k",10000,91,4,"SVP BIC multiscale",0.0350000000000819,92
"vary_k",10000,91,5,"PELT",0.00199999999995271,92
"vary_k",10000,91,5,"SVP BIC",0.0370000000000346,92
"vary_k",10000,91,5,"SVP BIC calibrated",0.0370000000000346,92
"vary_k",10000,91,5,"SVP BIC multiscale",0.0350000000000819,92
"vary_k",10000,91,6,"PELT",0.00200000000018008,92
"vary_k",10000,91,6,"SVP BIC",0.0370000000000346,92
"vary_k",10000,91,6,"SVP BIC calibrated",0.0360000000000582,92
"vary_k",10000,91,6,"SVP BIC multiscale",0.0360000000000582,92
"vary_k",10000,91,7,"PELT",0.00200000000018008,92
"vary_k",10000,91,7,"SVP BIC",0.0380000000000109,92
"vary_k",10000,91,7,"SVP BIC calibrated",0.0380000000000109,92
"vary_k",10000,91,7,"SVP BIC multiscale",0.0389999999999873,93
"vary_k",10000,91,8,"PELT",0.00199999999995271,92
"vary_k",10000,91,8,"SVP BIC",0.0370000000000346,92
"vary_k",10000,91,8,"SVP BIC calibrated",0.0379999999997835,92
"vary_k",10000,91,8,"SVP BIC multiscale",0.0360000000000582,92
"vary_k",10000,91,9,"PELT",0.00199999999995271,92
"vary_k",10000,91,9,"SVP BIC",0.0389999999999873,92
"vary_k",10000,91,9,"SVP BIC calibrated",0.0379999999997835,92
"vary_k",10000,91,9,"SVP BIC multiscale",0.0399999999999636,92
"vary_k",10000,91,10,"PELT",0.00199999999995271,92
"vary_k",10000,91,10,"SVP BIC",0.0380000000000109,92
"vary_k",10000,91,10,"SVP BIC calibrated",0.0380000000000109,92
"vary_k",10000,91,10,"SVP BIC multiscale",0.0350000000000819,93
"vary_k",10000,92,1,"PELT",0.00199999999995271,93
"vary_k",10000,92,1,"SVP BIC",0.0369999999998072,93
"vary_k",10000,92,1,"SVP BIC calibrated",0.0369999999998072,93
"vary_k",10000,92,1,"SVP BIC multiscale",0.0379999999997835,93
"vary_k",10000,92,2,"PELT",0.00199999999995271,93
"vary_k",10000,92,2,"SVP BIC",0.0360000000000582,93
"vary_k",10000,92,2,"SVP BIC calibrated",0.0360000000000582,93
"vary_k",10000,92,2,"SVP BIC multiscale",0.0350000000000819,93
"vary_k",10000,92,3,"PELT",0.00199999999995271,93
"vary_k",10000,92,3,"SVP BIC",0.0370000000000346,93
"vary_k",10000,92,3,"SVP BIC calibrated",0.0370000000000346,93
"vary_k",10000,92,3,"SVP BIC multiscale",0.0349999999998545,93
"vary_k",10000,92,4,"PELT",0.00199999999995271,93
"vary_k",10000,92,4,"SVP BIC",0.0360000000000582,93
"vary_k",10000,92,4,"SVP BIC calibrated",0.0370000000000346,93
"vary_k",10000,92,4,"SVP BIC multiscale",0.0350000000000819,93
"vary_k",10000,92,5,"PELT",0.00200000000018008,93
"vary_k",10000,92,5,"SVP BIC",0.0380000000000109,93
"vary_k",10000,92,5,"SVP BIC calibrated",0.0380000000000109,93
"vary_k",10000,92,5,"SVP BIC multiscale",0.0360000000000582,93
"vary_k",10000,92,6,"PELT",0.00200000000018008,93
"vary_k",10000,92,6,"SVP BIC",0.0370000000000346,93
"vary_k",10000,92,6,"SVP BIC calibrated",0.0379999999997835,93
"vary_k",10000,92,6,"SVP BIC multiscale",0.0370000000000346,93
"vary_k",10000,92,7,"PELT",0.00199999999995271,93
"vary_k",10000,92,7,"SVP BIC",0.0369999999998072,93
"vary_k",10000,92,7,"SVP BIC calibrated",0.0359999999998308,93
"vary_k",10000,92,7,"SVP BIC multiscale",0.0360000000000582,94
"vary_k",10000,92,8,"PELT",0.00199999999995271,94
"vary_k",10000,92,8,"SVP BIC",0.0369999999998072,93
"vary_k",10000,92,8,"SVP BIC calibrated",0.0359999999998308,93
"vary_k",10000,92,8,"SVP BIC multiscale",0.0349999999998545,93
"vary_k",10000,92,9,"PELT",0.00199999999995271,93
"vary_k",10000,92,9,"SVP BIC",0.0370000000000346,93
"vary_k",10000,92,9,"SVP BIC calibrated",0.0360000000000582,93
"vary_k",10000,92,9,"SVP BIC multiscale",0.0370000000000346,93
"vary_k",10000,92,10,"PELT",0.00199999999995271,93
"vary_k",10000,92,10,"SVP BIC",0.0370000000000346,93
"vary_k",10000,92,10,"SVP BIC calibrated",0.0370000000000346,93
"vary_k",10000,92,10,"SVP BIC multiscale",0.0359999999998308,93
"vary_k",10000,93,1,"PELT",0.00199999999995271,94
"vary_k",10000,93,1,"SVP BIC",0.0370000000000346,94
"vary_k",10000,93,1,"SVP BIC calibrated",0.0370000000000346,94
"vary_k",10000,93,1,"SVP BIC multiscale",0.0350000000000819,94
"vary_k",10000,93,2,"PELT",0.00199999999995271,94
"vary_k",10000,93,2,"SVP BIC",0.0369999999998072,94
"vary_k",10000,93,2,"SVP BIC calibrated",0.0370000000000346,94
"vary_k",10000,93,2,"SVP BIC multiscale",0.0350000000000819,94
"vary_k",10000,93,3,"PELT",0.00200000000018008,94
"vary_k",10000,93,3,"SVP BIC",0.0380000000000109,94
"vary_k",10000,93,3,"SVP BIC calibrated",0.0370000000000346,94
"vary_k",10000,93,3,"SVP BIC multiscale",0.0350000000000819,94
"vary_k",10000,93,4,"PELT",0.00199999999995271,94
"vary_k",10000,93,4,"SVP BIC",0.0369999999998072,94
"vary_k",10000,93,4,"SVP BIC calibrated",0.0360000000000582,94
"vary_k",10000,93,4,"SVP BIC multiscale",0.0350000000000819,95
"vary_k",10000,93,5,"PELT",0.00299999999992906,94
"vary_k",10000,93,5,"SVP BIC",0.0359999999998308,94
"vary_k",10000,93,5,"SVP BIC calibrated",0.0360000000000582,94
"vary_k",10000,93,5,"SVP BIC multiscale",0.0360000000000582,94
"vary_k",10000,93,6,"PELT",0.00199999999995271,94
"vary_k",10000,93,6,"SVP BIC",0.0359999999998308,94
"vary_k",10000,93,6,"SVP BIC calibrated",0.0359999999998308,94
"vary_k",10000,93,6,"SVP BIC multiscale",0.0359999999998308,94
"vary_k",10000,93,7,"PELT",0.00199999999995271,94
"vary_k",10000,93,7,"SVP BIC",0.0360000000000582,94
"vary_k",10000,93,7,"SVP BIC calibrated",0.0380000000000109,94
"vary_k",10000,93,7,"SVP BIC multiscale",0.0360000000000582,94
"vary_k",10000,93,8,"PELT",0.00200000000018008,94
"vary_k",10000,93,8,"SVP BIC",0.04099999999994,94
"vary_k",10000,93,8,"SVP BIC calibrated",0.0380000000000109,94
"vary_k",10000,93,8,"SVP BIC multiscale",0.0360000000000582,94
"vary_k",10000,93,9,"PELT",0.00199999999995271,94
"vary_k",10000,93,9,"SVP BIC",0.0369999999998072,94
"vary_k",10000,93,9,"SVP BIC calibrated",0.0389999999999873,94
"vary_k",10000,93,9,"SVP BIC multiscale",0.0350000000000819,94
"vary_k",10000,93,10,"PELT",0.00199999999995271,94
"vary_k",10000,93,10,"SVP BIC",0.0370000000000346,94
"vary_k",10000,93,10,"SVP BIC calibrated",0.0369999999998072,94
"vary_k",10000,93,10,"SVP BIC multiscale",0.0349999999998545,94
"vary_k",10000,94,1,"PELT",0.00199999999995271,95
"vary_k",10000,94,1,"SVP BIC",0.0360000000000582,95
"vary_k",10000,94,1,"SVP BIC calibrated",0.0370000000000346,95
"vary_k",10000,94,1,"SVP BIC multiscale",0.0349999999998545,95
"vary_k",10000,94,2,"PELT",0.00199999999995271,95
"vary_k",10000,94,2,"SVP BIC",0.0380000000000109,95
"vary_k",10000,94,2,"SVP BIC calibrated",0.0370000000000346,95
"vary_k",10000,94,2,"SVP BIC multiscale",0.0370000000000346,95
"vary_k",10000,94,3,"PELT",0.00199999999995271,95
"vary_k",10000,94,3,"SVP BIC",0.0390000000002146,95
"vary_k",10000,94,3,"SVP BIC calibrated",0.0360000000000582,95
"vary_k",10000,94,3,"SVP BIC multiscale",0.0370000000000346,95
"vary_k",10000,94,4,"PELT",0.00199999999995271,95
"vary_k",10000,94,4,"SVP BIC",0.0359999999998308,95
"vary_k",10000,94,4,"SVP BIC calibrated",0.0370000000000346,95
"vary_k",10000,94,4,"SVP BIC multiscale",0.0350000000000819,95
"vary_k",10000,94,5,"PELT",0.00199999999995271,95
"vary_k",10000,94,5,"SVP BIC",0.0389999999999873,95
"vary_k",10000,94,5,"SVP BIC calibrated",0.0380000000000109,95
"vary_k",10000,94,5,"SVP BIC multiscale",0.0360000000000582,95
"vary_k",10000,94,6,"PELT",0.00200000000018008,95
"vary_k",10000,94,6,"SVP BIC",0.0370000000000346,95
"vary_k",10000,94,6,"SVP BIC calibrated",0.0370000000000346,95
"vary_k",10000,94,6,"SVP BIC multiscale",0.0380000000000109,95
"vary_k",10000,94,7,"PELT",0.00199999999995271,95
"vary_k",10000,94,7,"SVP BIC",0.0369999999998072,95
"vary_k",10000,94,7,"SVP BIC calibrated",0.0369999999998072,95
"vary_k",10000,94,7,"SVP BIC multiscale",0.0350000000000819,95
"vary_k",10000,94,8,"PELT",0.00199999999995271,95
"vary_k",10000,94,8,"SVP BIC",0.0370000000000346,95
"vary_k",10000,94,8,"SVP BIC calibrated",0.0360000000000582,95
"vary_k",10000,94,8,"SVP BIC multiscale",0.0339999999998781,95
"vary_k",10000,94,9,"PELT",0.00199999999995271,95
"vary_k",10000,94,9,"SVP BIC",0.0360000000000582,95
"vary_k",10000,94,9,"SVP BIC calibrated",0.0360000000000582,95
"vary_k",10000,94,9,"SVP BIC multiscale",0.0339999999998781,95
"vary_k",10000,94,10,"PELT",0.00200000000018008,95
"vary_k",10000,94,10,"SVP BIC",0.0370000000000346,95
"vary_k",10000,94,10,"SVP BIC calibrated",0.0370000000000346,95
"vary_k",10000,94,10,"SVP BIC multiscale",0.0340000000001055,97
"vary_k",10000,95,1,"PELT",0.000999999999976353,96
"vary_k",10000,95,1,"SVP BIC",0.0360000000000582,96
"vary_k",10000,95,1,"SVP BIC calibrated",0.0360000000000582,96
"vary_k",10000,95,1,"SVP BIC multiscale",0.0350000000000819,97
"vary_k",10000,95,2,"PELT",0.00399999999990541,96
"vary_k",10000,95,2,"SVP BIC",0.0370000000000346,96
"vary_k",10000,95,2,"SVP BIC calibrated",0.0380000000000109,96
"vary_k",10000,95,2,"SVP BIC multiscale",0.0359999999998308,96
"vary_k",10000,95,3,"PELT",0.00199999999995271,96
"vary_k",10000,95,3,"SVP BIC",0.0359999999998308,96
"vary_k",10000,95,3,"SVP BIC calibrated",0.0370000000000346,96
"vary_k",10000,95,3,"SVP BIC multiscale",0.0370000000000346,96
"vary_k",10000,95,4,"PELT",0.00199999999995271,96
"vary_k",10000,95,4,"SVP BIC",0.0360000000000582,96
"vary_k",10000,95,4,"SVP BIC calibrated",0.0370000000000346,96
"vary_k",10000,95,4,"SVP BIC multiscale",0.0340000000001055,96
"vary_k",10000,95,5,"PELT",0.00199999999995271,97
"vary_k",10000,95,5,"SVP BIC",0.0370000000000346,96
"vary_k",10000,95,5,"SVP BIC calibrated",0.0350000000000819,96
"vary_k",10000,95,5,"SVP BIC multiscale",0.0349999999998545,96
"vary_k",10000,95,6,"PELT",0.00199999999995271,96
"vary_k",10000,95,6,"SVP BIC",0.0350000000000819,96
"vary_k",10000,95,6,"SVP BIC calibrated",0.0350000000000819,96
"vary_k",10000,95,6,"SVP BIC multiscale",0.0349999999998545,96
"vary_k",10000,95,7,"PELT",0.00199999999995271,96
"vary_k",10000,95,7,"SVP BIC",0.0360000000000582,96
"vary_k",10000,95,7,"SVP BIC calibrated",0.0359999999998308,96
"vary_k",10000,95,7,"SVP BIC multiscale",0.0349999999998545,96
"vary_k",10000,95,8,"PELT",0.00199999999995271,96
"vary_k",10000,95,8,"SVP BIC",0.0349999999998545,96
"vary_k",10000,95,8,"SVP BIC calibrated",0.0349999999998545,96
"vary_k",10000,95,8,"SVP BIC multiscale",0.0349999999998545,96
"vary_k",10000,95,9,"PELT",0.00199999999995271,96
"vary_k",10000,95,9,"SVP BIC",0.0360000000000582,96
"vary_k",10000,95,9,"SVP BIC calibrated",0.0370000000000346,96
"vary_k",10000,95,9,"SVP BIC multiscale",0.0349999999998545,96
"vary_k",10000,95,10,"PELT",0.00199999999995271,96
"vary_k",10000,95,10,"SVP BIC",0.0370000000000346,96
"vary_k",10000,95,10,"SVP BIC calibrated",0.0399999999999636,96
"vary_k",10000,95,10,"SVP BIC multiscale",0.0360000000000582,96
"vary_k",10000,96,1,"PELT",0.00299999999992906,97
"vary_k",10000,96,1,"SVP BIC",0.0389999999999873,97
"vary_k",10000,96,1,"SVP BIC calibrated",0.0360000000000582,97
"vary_k",10000,96,1,"SVP BIC multiscale",0.0350000000000819,97
"vary_k",10000,96,2,"PELT",0.00199999999995271,97
"vary_k",10000,96,2,"SVP BIC",0.0370000000000346,97
"vary_k",10000,96,2,"SVP BIC calibrated",0.0360000000000582,97
"vary_k",10000,96,2,"SVP BIC multiscale",0.0349999999998545,97
"vary_k",10000,96,3,"PELT",0.00199999999995271,97
"vary_k",10000,96,3,"SVP BIC",0.0360000000000582,97
"vary_k",10000,96,3,"SVP BIC calibrated",0.0350000000000819,97
"vary_k",10000,96,3,"SVP BIC multiscale",0.0339999999998781,97
"vary_k",10000,96,4,"PELT",0.000999999999976353,97
"vary_k",10000,96,4,"SVP BIC",0.0369999999998072,97
"vary_k",10000,96,4,"SVP BIC calibrated",0.0370000000000346,97
"vary_k",10000,96,4,"SVP BIC multiscale",0.0359999999998308,97
"vary_k",10000,96,5,"PELT",0.00299999999992906,97
"vary_k",10000,96,5,"SVP BIC",0.0380000000000109,97
"vary_k",10000,96,5,"SVP BIC calibrated",0.0360000000000582,97
"vary_k",10000,96,5,"SVP BIC multiscale",0.0350000000000819,97
"vary_k",10000,96,6,"PELT",0.00200000000018008,97
"vary_k",10000,96,6,"SVP BIC",0.0360000000000582,97
"vary_k",10000,96,6,"SVP BIC calibrated",0.0380000000000109,97
"vary_k",10000,96,6,"SVP BIC multiscale",0.0359999999998308,97
"vary_k",10000,96,7,"PELT",0.00199999999995271,97
"vary_k",10000,96,7,"SVP BIC",0.0370000000000346,97
"vary_k",10000,96,7,"SVP BIC calibrated",0.0360000000000582,97
"vary_k",10000,96,7,"SVP BIC multiscale",0.0350000000000819,97
"vary_k",10000,96,8,"PELT",0.00199999999995271,97
"vary_k",10000,96,8,"SVP BIC",0.0360000000000582,97
"vary_k",10000,96,8,"SVP BIC calibrated",0.0389999999999873,97
"vary_k",10000,96,8,"SVP BIC multiscale",0.0360000000000582,97
"vary_k",10000,96,9,"PELT",0.00299999999992906,97
"vary_k",10000,96,9,"SVP BIC",0.0370000000000346,97
"vary_k",10000,96,9,"SVP BIC calibrated",0.0349999999998545,97
"vary_k",10000,96,9,"SVP BIC multiscale",0.0339999999998781,97
"vary_k",10000,96,10,"PELT",0.00200000000018008,97
"vary_k",10000,96,10,"SVP BIC",0.0360000000000582,97
"vary_k",10000,96,10,"SVP BIC calibrated",0.0389999999999873,97
"vary_k",10000,96,10,"SVP BIC multiscale",0.0340000000001055,97
"vary_k",10000,97,1,"PELT",0.000999999999976353,98
"vary_k",10000,97,1,"SVP BIC",0.0350000000000819,98
"vary_k",10000,97,1,"SVP BIC calibrated",0.0350000000000819,98
"vary_k",10000,97,1,"SVP BIC multiscale",0.0339999999998781,98
"vary_k",10000,97,2,"PELT",0.00199999999995271,98
"vary_k",10000,97,2,"SVP BIC",0.0360000000000582,98
"vary_k",10000,97,2,"SVP BIC calibrated",0.0360000000000582,99
"vary_k",10000,97,2,"SVP BIC multiscale",0.0350000000000819,100
"vary_k",10000,97,3,"PELT",0.00199999999995271,98
"vary_k",10000,97,3,"SVP BIC",0.0359999999998308,98
"vary_k",10000,97,3,"SVP BIC calibrated",0.0349999999998545,98
"vary_k",10000,97,3,"SVP BIC multiscale",0.0349999999998545,98
"vary_k",10000,97,4,"PELT",0.00199999999995271,98
"vary_k",10000,97,4,"SVP BIC",0.0360000000000582,98
"vary_k",10000,97,4,"SVP BIC calibrated",0.0359999999998308,98
"vary_k",10000,97,4,"SVP BIC multiscale",0.0349999999998545,98
"vary_k",10000,97,5,"PELT",0.00199999999995271,98
"vary_k",10000,97,5,"SVP BIC",0.0370000000000346,98
"vary_k",10000,97,5,"SVP BIC calibrated",0.0380000000000109,98
"vary_k",10000,97,5,"SVP BIC multiscale",0.0350000000000819,98
"vary_k",10000,97,6,"PELT",0.00199999999995271,98
"vary_k",10000,97,6,"SVP BIC",0.0350000000000819,98
"vary_k",10000,97,6,"SVP BIC calibrated",0.0360000000000582,98
"vary_k",10000,97,6,"SVP BIC multiscale",0.0360000000000582,98
"vary_k",10000,97,7,"PELT",0.00199999999995271,98
"vary_k",10000,97,7,"SVP BIC",0.0360000000000582,98
"vary_k",10000,97,7,"SVP BIC calibrated",0.0350000000000819,98
"vary_k",10000,97,7,"SVP BIC multiscale",0.0350000000000819,98
"vary_k",10000,97,8,"PELT",0.00199999999995271,98
"vary_k",10000,97,8,"SVP BIC",0.0350000000000819,98
"vary_k",10000,97,8,"SVP BIC calibrated",0.0350000000000819,98
"vary_k",10000,97,8,"SVP BIC multiscale",0.0340000000001055,98
"vary_k",10000,97,9,"PELT",0.00199999999995271,98
"vary_k",10000,97,9,"SVP BIC",0.0350000000000819,98
"vary_k",10000,97,9,"SVP BIC calibrated",0.0350000000000819,98
"vary_k",10000,97,9,"SVP BIC multiscale",0.0340000000001055,98
"vary_k",10000,97,10,"PELT",0.000999999999976353,98
"vary_k",10000,97,10,"SVP BIC",0.0360000000000582,98
"vary_k",10000,97,10,"SVP BIC calibrated",0.0350000000000819,98
"vary_k",10000,97,10,"SVP BIC multiscale",0.0329999999999018,98
"vary_k",10000,98,1,"PELT",0.00199999999995271,99
"vary_k",10000,98,1,"SVP BIC",0.0359999999998308,99
"vary_k",10000,98,1,"SVP BIC calibrated",0.0349999999998545,99
"vary_k",10000,98,1,"SVP BIC multiscale",0.0340000000001055,99
"vary_k",10000,98,2,"PELT",0.00199999999995271,99
"vary_k",10000,98,2,"SVP BIC",0.0359999999998308,99
"vary_k",10000,98,2,"SVP BIC calibrated",0.0349999999998545,99
"vary_k",10000,98,2,"SVP BIC multiscale",0.0329999999999018,99
"vary_k",10000,98,3,"PELT",0.00199999999995271,99
"vary_k",10000,98,3,"SVP BIC",0.0350000000000819,99
"vary_k",10000,98,3,"SVP BIC calibrated",0.0360000000000582,99
"vary_k",10000,98,3,"SVP BIC multiscale",0.0340000000001055,99
"vary_k",10000,98,4,"PELT",0.00199999999995271,99
"vary_k",10000,98,4,"SVP BIC",0.0349999999998545,99
"vary_k",10000,98,4,"SVP BIC calibrated",0.0350000000000819,99
"vary_k",10000,98,4,"SVP BIC multiscale",0.0340000000001055,99
"vary_k",10000,98,5,"PELT",0.00200000000018008,99
"vary_k",10000,98,5,"SVP BIC",0.0349999999998545,99
"vary_k",10000,98,5,"SVP BIC calibrated",0.0349999999998545,99
"vary_k",10000,98,5,"SVP BIC multiscale",0.0340000000001055,99
"vary_k",10000,98,6,"PELT",0.00199999999995271,99
"vary_k",10000,98,6,"SVP BIC",0.0349999999998545,99
"vary_k",10000,98,6,"SVP BIC calibrated",0.0339999999998781,99
"vary_k",10000,98,6,"SVP BIC multiscale",0.0329999999999018,99
"vary_k",10000,98,7,"PELT",0.00199999999995271,99
"vary_k",10000,98,7,"SVP BIC",0.0339999999998781,99
"vary_k",10000,98,7,"SVP BIC calibrated",0.0340000000001055,99
"vary_k",10000,98,7,"SVP BIC multiscale",0.0320000000001528,99
"vary_k",10000,98,8,"PELT",0.00199999999995271,99
"vary_k",10000,98,8,"SVP BIC",0.0340000000001055,99
"vary_k",10000,98,8,"SVP BIC calibrated",0.0340000000001055,99
"vary_k",10000,98,8,"SVP BIC multiscale",0.0330000000001291,99
"vary_k",10000,98,9,"PELT",0.00199999999995271,99
"vary_k",10000,98,9,"SVP BIC",0.0350000000000819,99
"vary_k",10000,98,9,"SVP BIC calibrated",0.0340000000001055,99
"vary_k",10000,98,9,"SVP BIC multiscale",0.0330000000001291,99
"vary_k",10000,98,10,"PELT",0.00200000000018008,99
"vary_k",10000,98,10,"SVP BIC",0.0370000000000346,99
"vary_k",10000,98,10,"SVP BIC calibrated",0.0360000000000582,99
"vary_k",10000,98,10,"SVP BIC multiscale",0.0350000000000819,99
"vary_k",10000,99,1,"PELT",0.00199999999995271,100
"vary_k",10000,99,1,"SVP BIC",0.0349999999998545,100
"vary_k",10000,99,1,"SVP BIC calibrated",0.0339999999998781,100
"vary_k",10000,99,1,"SVP BIC multiscale",0.0360000000000582,100
"vary_k",10000,99,2,"PELT",0.00199999999995271,100
"vary_k",10000,99,2,"SVP BIC",0.0350000000000819,100
"vary_k",10000,99,2,"SVP BIC calibrated",0.0350000000000819,100
"vary_k",10000,99,2,"SVP BIC multiscale",0.0329999999999018,101
"vary_k",10000,99,3,"PELT",0.00199999999995271,100
"vary_k",10000,99,3,"SVP BIC",0.0360000000000582,100
"vary_k",10000,99,3,"SVP BIC calibrated",0.0360000000000582,100
"vary_k",10000,99,3,"SVP BIC multiscale",0.0350000000000819,100
"vary_k",10000,99,4,"PELT",0.00199999999995271,100
"vary_k",10000,99,4,"SVP BIC",0.0359999999998308,100
"vary_k",10000,99,4,"SVP BIC calibrated",0.0370000000000346,100
"vary_k",10000,99,4,"SVP BIC multiscale",0.0339999999998781,100
"vary_k",10000,99,5,"PELT",0.00200000000018008,101
"vary_k",10000,99,5,"SVP BIC",0.0350000000000819,100
"vary_k",10000,99,5,"SVP BIC calibrated",0.0350000000000819,100
"vary_k",10000,99,5,"SVP BIC multiscale",0.0340000000001055,100
"vary_k",10000,99,6,"PELT",0.00199999999995271,100
"vary_k",10000,99,6,"SVP BIC",0.0370000000000346,100
"vary_k",10000,99,6,"SVP BIC calibrated",0.0350000000000819,100
"vary_k",10000,99,6,"SVP BIC multiscale",0.0330000000001291,100
"vary_k",10000,99,7,"PELT",0.00199999999995271,100
"vary_k",10000,99,7,"SVP BIC",0.0350000000000819,100
"vary_k",10000,99,7,"SVP BIC calibrated",0.0350000000000819,100
"vary_k",10000,99,7,"SVP BIC multiscale",0.0330000000001291,100
"vary_k",10000,99,8,"PELT",0.00200000000018008,100
"vary_k",10000,99,8,"SVP BIC",0.0349999999998545,100
"vary_k",10000,99,8,"SVP BIC calibrated",0.0349999999998545,100
"vary_k",10000,99,8,"SVP BIC multiscale",0.0349999999998545,100
"vary_k",10000,99,9,"PELT",0.00199999999995271,100
"vary_k",10000,99,9,"SVP BIC",0.0360000000000582,100
"vary_k",10000,99,9,"SVP BIC calibrated",0.0350000000000819,100
"vary_k",10000,99,9,"SVP BIC multiscale",0.0340000000001055,100
"vary_k",10000,99,10,"PELT",0.00199999999995271,100
"vary_k",10000,99,10,"SVP BIC",0.0350000000000819,100
"vary_k",10000,99,10,"SVP BIC calibrated",0.0360000000000582,100
"vary_k",10000,99,10,"SVP BIC multiscale",0.0340000000001055,100
"vary_k",10000,100,1,"PELT",0.00199999999995271,101
"vary_k",10000,100,1,"SVP BIC",0.0360000000000582,101
"vary_k",10000,100,1,"SVP BIC calibrated",0.0359999999998308,101
"vary_k",10000,100,1,"SVP BIC multiscale",0.0339999999998781,101
"vary_k",10000,100,2,"PELT",0.00199999999995271,101
"vary_k",10000,100,2,"SVP BIC",0.0339999999998781,101
"vary_k",10000,100,2,"SVP BIC calibrated",0.0340000000001055,101
"vary_k",10000,100,2,"SVP BIC multiscale",0.0340000000001055,101
"vary_k",10000,100,3,"PELT",0.00200000000018008,101
"vary_k",10000,100,3,"SVP BIC",0.0350000000000819,101
"vary_k",10000,100,3,"SVP BIC calibrated",0.0349999999998545,101
"vary_k",10000,100,3,"SVP BIC multiscale",0.0329999999999018,101
"vary_k",10000,100,4,"PELT",0.00199999999995271,101
"vary_k",10000,100,4,"SVP BIC",0.0339999999998781,101
"vary_k",10000,100,4,"SVP BIC calibrated",0.0350000000000819,101
"vary_k",10000,100,4,"SVP BIC multiscale",0.0330000000001291,101
"vary_k",10000,100,5,"PELT",0.000999999999976353,101
"vary_k",10000,100,5,"SVP BIC",0.0349999999998545,101
"vary_k",10000,100,5,"SVP BIC calibrated",0.0340000000001055,101
"vary_k",10000,100,5,"SVP BIC multiscale",0.0330000000001291,102
"vary_k",10000,100,6,"PELT",0.00199999999995271,101
"vary_k",10000,100,6,"SVP BIC",0.0360000000000582,101
"vary_k",10000,100,6,"SVP BIC calibrated",0.0360000000000582,101
"vary_k",10000,100,6,"SVP BIC multiscale",0.0329999999999018,101
"vary_k",10000,100,7,"PELT",0.00199999999995271,101
"vary_k",10000,100,7,"SVP BIC",0.0350000000000819,101
"vary_k",10000,100,7,"SVP BIC calibrated",0.0349999999998545,101
"vary_k",10000,100,7,"SVP BIC multiscale",0.0329999999999018,101
"vary_k",10000,100,8,"PELT",0.00199999999995271,101
"vary_k",10000,100,8,"SVP BIC",0.0350000000000819,101
"vary_k",10000,100,8,"SVP BIC calibrated",0.0339999999998781,101
"vary_k",10000,100,8,"SVP BIC multiscale",0.0339999999998781,101
"vary_k",10000,100,9,"PELT",0.000999999999976353,101
"vary_k",10000,100,9,"SVP BIC",0.0350000000000819,101
"vary_k",10000,100,9,"SVP BIC calibrated",0.0349999999998545,101
"vary_k",10000,100,9,"SVP BIC multiscale",0.0339999999998781,101
"vary_k",10000,100,10,"PELT",0.00199999999995271,101
"vary_k",10000,100,10,"SVP BIC",0.0340000000001055,101
"vary_k",10000,100,10,"SVP BIC calibrated",0.0350000000000819,101
"vary_k",10000,100,10,"SVP BIC multiscale",0.0330000000001291,101
