"pattern","jump","rep","algorithm","Precision","Recall","F1","CorrectNumCP","MSE","NumSegments"
"none",1,1,"PELT inflated",1,1,1,1,0.00643001845483999,1
"none",1,1,"PELT AR1 approximate",1,1,1,1,0.00643001845483999,1
"none",1,1,"SVP AR1Focus",1,1,1,1,0.00643001845483999,1
"none",1,1,"SVP AR1Focus TRUE/TRUE",1,1,1,1,0.00643001845483999,1
"up",1,1,"PELT inflated",1,0.375,0.545454545454545,0,0.713841585048801,3
"up",1,1,"PELT AR1 approximate",1,0.375,0.545454545454545,0,0.745822248957072,3
"up",1,1,"SVP AR1Focus",1,0.25,0.4,0,1.58375312962907,2
"up",1,1,"SVP AR1Focus TRUE/TRUE",1,0.25,0.4,0,1.58375312962907,2
"updown",1,1,"PELT inflated",1,0.125,0.222222222222222,0,0.252574340075909,1
"updown",1,1,"PELT AR1 approximate",1,0.125,0.222222222222222,0,0.252574340075909,1
"updown",1,1,"SVP AR1Focus",1,0.125,0.222222222222222,0,0.252574340075909,1
"updown",1,1,"SVP AR1Focus TRUE/TRUE",1,0.125,0.222222222222222,0,0.252574340075909,1
"rand1",1,1,"PELT inflated",1,0.125,0.222222222222222,0,0.403145792180556,1
"rand1",1,1,"PELT AR1 approximate",1,0.25,0.4,0,0.274480101765808,2
"rand1",1,1,"SVP AR1Focus",1,0.125,0.222222222222222,0,0.403145792180556,1
"rand1",1,1,"SVP AR1Focus TRUE/TRUE",1,0.125,0.222222222222222,0,0.403145792180556,1
"none",1.2,1,"PELT inflated",1,1,1,1,0.00144907355995094,1
"none",1.2,1,"PELT AR1 approximate",1,1,1,1,0.00144907355995094,1
"none",1.2,1,"SVP AR1Focus",1,1,1,1,0.00144907355995094,1
"none",1.2,1,"SVP AR1Focus TRUE/TRUE",1,1,1,1,0.00144907355995094,1
"up",1.2,1,"PELT inflated",0.75,0.375,0.5,0,0.618969727547946,4
"up",1.2,1,"PELT AR1 approximate",0.6,0.375,0.461538461538462,0,0.492562188139149,5
"up",1.2,1,"SVP AR1Focus",0.333333333333333,0.125,0.181818181818182,0,1.36739573382336,3
"up",1.2,1,"SVP AR1Focus TRUE/TRUE",0.333333333333333,0.125,0.181818181818182,0,1.36739573382336,3
"updown",1.2,1,"PELT inflated",1,0.125,0.222222222222222,0,0.390049080982661,1
"updown",1.2,1,"PELT AR1 approximate",1,0.375,0.545454545454545,0,0.432374491474141,3
"updown",1.2,1,"SVP AR1Focus",1,0.125,0.222222222222222,0,0.390049080982661,1
"updown",1.2,1,"SVP AR1Focus TRUE/TRUE",1,0.125,0.222222222222222,0,0.390049080982661,1
"rand1",1.2,1,"PELT inflated",0.666666666666667,0.25,0.363636363636364,0,0.44577292410111,3
"rand1",1.2,1,"PELT AR1 approximate",1,0.625,0.769230769230769,0,0.163199696892293,5
"rand1",1.2,1,"SVP AR1Focus",1,0.25,0.4,0,0.385568938687614,2
"rand1",1.2,1,"SVP AR1Focus TRUE/TRUE",1,0.25,0.4,0,0.385568938687614,2
"none",1.4,1,"PELT inflated",1,1,1,1,0.00860402381137947,1
"none",1.4,1,"PELT AR1 approximate",1,1,1,1,0.00860402381137947,1
"none",1.4,1,"SVP AR1Focus",1,1,1,1,0.00860402381137947,1
"none",1.4,1,"SVP AR1Focus TRUE/TRUE",1,1,1,1,0.00860402381137947,1
"up",1.4,1,"PELT inflated",0.75,0.375,0.5,0,0.685178463634347,4
"up",1.4,1,"PELT AR1 approximate",0.6,0.375,0.461538461538462,0,0.58459435418905,5
"up",1.4,1,"SVP AR1Focus",0.666666666666667,0.25,0.363636363636364,0,1.26938342773242,3
"up",1.4,1,"SVP AR1Focus TRUE/TRUE",0.666666666666667,0.25,0.363636363636364,0,1.26938342773242,3
"updown",1.4,1,"PELT inflated",1,0.125,0.222222222222222,0,0.49360821031832,1
"updown",1.4,1,"PELT AR1 approximate",1,0.125,0.222222222222222,0,0.49360821031832,1
"updown",1.4,1,"SVP AR1Focus",1,0.125,0.222222222222222,0,0.49360821031832,1
"updown",1.4,1,"SVP AR1Focus TRUE/TRUE",1,0.125,0.222222222222222,0,0.49360821031832,1
"rand1",1.4,1,"PELT inflated",1,0.125,0.222222222222222,0,0.773047106580172,1
"rand1",1.4,1,"PELT AR1 approximate",1,0.625,0.769230769230769,0,0.106369788092228,5
"rand1",1.4,1,"SVP AR1Focus",1,0.125,0.222222222222222,0,0.773047106580172,1
"rand1",1.4,1,"SVP AR1Focus TRUE/TRUE",1,0.125,0.222222222222222,0,0.773047106580172,1
"none",1.6,1,"PELT inflated",1,1,1,1,0.00394849748088222,1
"none",1.6,1,"PELT AR1 approximate",1,1,1,1,0.00394849748088222,1
"none",1.6,1,"SVP AR1Focus",1,1,1,1,0.00394849748088222,1
"none",1.6,1,"SVP AR1Focus TRUE/TRUE",1,1,1,1,0.00394849748088222,1
"up",1.6,1,"PELT inflated",0.75,0.375,0.5,0,0.77851146547723,4
"up",1.6,1,"PELT AR1 approximate",0.833333333333333,0.625,0.714285714285714,0,0.454382832527744,6
"up",1.6,1,"SVP AR1Focus",1,0.375,0.545454545454545,0,1.45897750562267,3
"up",1.6,1,"SVP AR1Focus TRUE/TRUE",1,0.375,0.545454545454545,0,1.45897750562267,3
"updown",1.6,1,"PELT inflated",1,0.125,0.222222222222222,0,0.644734431337587,1
"updown",1.6,1,"PELT AR1 approximate",1,0.125,0.222222222222222,0,0.644734431337587,1
"updown",1.6,1,"SVP AR1Focus",1,0.125,0.222222222222222,0,0.644734431337587,1
"updown",1.6,1,"SVP AR1Focus TRUE/TRUE",1,0.125,0.222222222222222,0,0.644734431337587,1
"rand1",1.6,1,"PELT inflated",0.666666666666667,0.25,0.363636363636364,0,0.394398381589929,3
"rand1",1.6,1,"PELT AR1 approximate",1,0.375,0.545454545454545,0,0.252377831719099,3
"rand1",1.6,1,"SVP AR1Focus",1,0.25,0.4,0,0.692063601558196,2
"rand1",1.6,1,"SVP AR1Focus TRUE/TRUE",1,0.25,0.4,0,0.692063601558196,2
"none",1.8,1,"PELT inflated",1,1,1,1,0.000640871352882204,1
"none",1.8,1,"PELT AR1 approximate",1,1,1,1,0.000640871352882204,1
"none",1.8,1,"SVP AR1Focus",1,1,1,1,0.000640871352882204,1
"none",1.8,1,"SVP AR1Focus TRUE/TRUE",1,1,1,1,0.000640871352882204,1
"up",1.8,1,"PELT inflated",0.8,0.5,0.615384615384615,0,0.708209806155278,5
"up",1.8,1,"PELT AR1 approximate",0.833333333333333,0.625,0.714285714285714,0,0.500166637434186,6
"up",1.8,1,"SVP AR1Focus",1,0.375,0.545454545454545,0,1.87774162842077,3
"up",1.8,1,"SVP AR1Focus TRUE/TRUE",1,0.375,0.545454545454545,0,1.87774162842077,3
"updown",1.8,1,"PELT inflated",1,0.125,0.222222222222222,0,0.811444097782352,1
"updown",1.8,1,"PELT AR1 approximate",1,0.375,0.545454545454545,0,0.641764688180595,3
"updown",1.8,1,"SVP AR1Focus",1,0.125,0.222222222222222,0,0.811444097782352,1
"updown",1.8,1,"SVP AR1Focus TRUE/TRUE",1,0.125,0.222222222222222,0,0.811444097782352,1
"rand1",1.8,1,"PELT inflated",1,0.375,0.545454545454545,0,0.408753973038852,3
"rand1",1.8,1,"PELT AR1 approximate",1,0.625,0.769230769230769,0,0.075780004117215,5
"rand1",1.8,1,"SVP AR1Focus",1,0.25,0.4,0,0.877798745278035,2
"rand1",1.8,1,"SVP AR1Focus TRUE/TRUE",0.666666666666667,0.25,0.363636363636364,0,0.759390423412487,3
"none",2,1,"PELT inflated",1,1,1,1,0.00338280702714586,1
"none",2,1,"PELT AR1 approximate",1,1,1,1,0.00338280702714586,1
"none",2,1,"SVP AR1Focus",1,1,1,1,0.00338280702714586,1
"none",2,1,"SVP AR1Focus TRUE/TRUE",1,1,1,1,0.00338280702714586,1
"up",2,1,"PELT inflated",0.5,0.375,0.428571428571429,0,0.767062521010033,6
"up",2,1,"PELT AR1 approximate",1,0.875,0.933333333333333,0,0.262759181145571,7
"up",2,1,"SVP AR1Focus",0.75,0.375,0.5,0,1.26696516606606,4
"up",2,1,"SVP AR1Focus TRUE/TRUE",0.75,0.375,0.5,0,1.26696516606606,4
"updown",2,1,"PELT inflated",1,0.125,0.222222222222222,0,1.00494592186338,1
"updown",2,1,"PELT AR1 approximate",1,0.75,0.857142857142857,0,0.414162343065809,6
"updown",2,1,"SVP AR1Focus",1,0.125,0.222222222222222,0,1.00494592186338,1
"updown",2,1,"SVP AR1Focus TRUE/TRUE",1,0.125,0.222222222222222,0,1.00494592186338,1
"rand1",2,1,"PELT inflated",1,0.375,0.545454545454545,0,0.403365030311845,3
"rand1",2,1,"PELT AR1 approximate",1,0.625,0.769230769230769,0,0.0734388002596025,5
"rand1",2,1,"SVP AR1Focus",1,0.5,0.666666666666667,0,0.336500598169221,4
"rand1",2,1,"SVP AR1Focus TRUE/TRUE",1,0.5,0.666666666666667,0,0.336500598169221,4
"none",2.2,1,"PELT inflated",1,1,1,1,0.0306683026185178,1
"none",2.2,1,"PELT AR1 approximate",1,1,1,1,0.0306683026185178,1
"none",2.2,1,"SVP AR1Focus",1,1,1,1,0.0306683026185178,1
"none",2.2,1,"SVP AR1Focus TRUE/TRUE",1,1,1,1,0.0306683026185178,1
"up",2.2,1,"PELT inflated",0.8,0.5,0.615384615384615,0,1.14512397323964,5
"up",2.2,1,"PELT AR1 approximate",0.857142857142857,0.75,0.8,0,0.687915102488545,7
"up",2.2,1,"SVP AR1Focus",0.8,0.5,0.615384615384615,0,1.14512397323964,5
"up",2.2,1,"SVP AR1Focus TRUE/TRUE",0.8,0.5,0.615384615384615,0,1.14512397323964,5
"updown",2.2,1,"PELT inflated",1,0.125,0.222222222222222,0,1.21426356737824,1
"updown",2.2,1,"PELT AR1 approximate",0.875,0.875,0.875,1,0.256556576514479,8
"updown",2.2,1,"SVP AR1Focus",1,0.125,0.222222222222222,0,1.21426356737824,1
"updown",2.2,1,"SVP AR1Focus TRUE/TRUE",1,0.125,0.222222222222222,0,1.21426356737824,1
"rand1",2.2,1,"PELT inflated",1,0.375,0.545454545454545,0,0.5577250606138,3
"rand1",2.2,1,"PELT AR1 approximate",1,0.625,0.769230769230769,0,0.217476730861662,5
"rand1",2.2,1,"SVP AR1Focus",1,0.5,0.666666666666667,0,0.468702909321128,4
"rand1",2.2,1,"SVP AR1Focus TRUE/TRUE",1,0.5,0.666666666666667,0,0.468702909321128,4
"none",2.4,1,"PELT inflated",1,1,1,1,0.019999747075605,1
"none",2.4,1,"PELT AR1 approximate",1,1,1,1,0.019999747075605,1
"none",2.4,1,"SVP AR1Focus",1,1,1,1,0.019999747075605,1
"none",2.4,1,"SVP AR1Focus TRUE/TRUE",1,1,1,1,0.019999747075605,1
"up",2.4,1,"PELT inflated",1,0.875,0.933333333333333,0,0.378691745975889,7
"up",2.4,1,"PELT AR1 approximate",1,1,1,1,0.0230296125801663,8
"up",2.4,1,"SVP AR1Focus",1,0.5,0.666666666666667,0,1.47470255955219,4
"up",2.4,1,"SVP AR1Focus TRUE/TRUE",0.8,0.5,0.615384615384615,0,1.42438220694937,5
"updown",2.4,1,"PELT inflated",1,0.125,0.222222222222222,0,1.4402241666712,1
"updown",2.4,1,"PELT AR1 approximate",1,1,1,1,0.151632307024643,8
"updown",2.4,1,"SVP AR1Focus",1,0.125,0.222222222222222,0,1.4402241666712,1
"updown",2.4,1,"SVP AR1Focus TRUE/TRUE",1,0.125,0.222222222222222,0,1.4402241666712,1
"rand1",2.4,1,"PELT inflated",1,0.375,0.545454545454545,0,0.880159430738177,3
"rand1",2.4,1,"PELT AR1 approximate",1,0.625,0.769230769230769,0,0.245184661525881,5
"rand1",2.4,1,"SVP AR1Focus",0.666666666666667,0.25,0.363636363636364,0,1.4329864893373,3
"rand1",2.4,1,"SVP AR1Focus TRUE/TRUE",0.666666666666667,0.25,0.363636363636364,0,1.56233544321601,3
"none",2.6,1,"PELT inflated",1,1,1,1,0.00164464151547576,1
"none",2.6,1,"PELT AR1 approximate",1,1,1,1,0.00164464151547576,1
"none",2.6,1,"SVP AR1Focus",1,1,1,1,0.00164464151547576,1
"none",2.6,1,"SVP AR1Focus TRUE/TRUE",1,1,1,1,0.00164464151547576,1
"up",2.6,1,"PELT inflated",0.875,0.875,0.875,1,0.190674180528847,8
"up",2.6,1,"PELT AR1 approximate",1,1,1,1,0.0631405495234649,8
"up",2.6,1,"SVP AR1Focus",0.2,0.125,0.153846153846154,0,2.20975739752214,5
"up",2.6,1,"SVP AR1Focus TRUE/TRUE",0.2,0.125,0.153846153846154,0,2.19031369425446,5
"updown",2.6,1,"PELT inflated",1,0.25,0.4,0,1.49694010259904,2
"updown",2.6,1,"PELT AR1 approximate",1,1,1,1,0.104076958100743,8
"updown",2.6,1,"SVP AR1Focus",1,0.25,0.4,0,1.62804860996372,2
"updown",2.6,1,"SVP AR1Focus TRUE/TRUE",1,0.375,0.545454545454545,0,1.48202679627326,3
"rand1",2.6,1,"PELT inflated",1,0.625,0.769230769230769,0,0.108250579788131,5
"rand1",2.6,1,"PELT AR1 approximate",1,0.625,0.769230769230769,0,0.108250579788131,5
"rand1",2.6,1,"SVP AR1Focus",0.75,0.375,0.5,0,0.991071093612856,4
"rand1",2.6,1,"SVP AR1Focus TRUE/TRUE",1,0.625,0.769230769230769,0,0.108250579788131,5
"none",2.8,1,"PELT inflated",1,1,1,1,0.00254155866092961,1
"none",2.8,1,"PELT AR1 approximate",1,1,1,1,0.00254155866092961,1
"none",2.8,1,"SVP AR1Focus",1,1,1,1,0.00254155866092961,1
"none",2.8,1,"SVP AR1Focus TRUE/TRUE",1,1,1,1,0.00254155866092961,1
"up",2.8,1,"PELT inflated",0.857142857142857,0.75,0.8,0,0.668225278578036,7
"up",2.8,1,"PELT AR1 approximate",1,1,1,1,0.122762427739203,8
"up",2.8,1,"SVP AR1Focus",0.8,0.5,0.615384615384615,0,1.65083793640601,5
"up",2.8,1,"SVP AR1Focus TRUE/TRUE",0.6,0.375,0.461538461538462,0,1.76286864007131,5
"updown",2.8,1,"PELT inflated",0.6,0.375,0.461538461538462,0,1.47051238875711,5
"updown",2.8,1,"PELT AR1 approximate",1,1,1,1,0.146674023450749,8
"updown",2.8,1,"SVP AR1Focus",0.5,0.125,0.2,0,1.86768721776463,2
"updown",2.8,1,"SVP AR1Focus TRUE/TRUE",0.666666666666667,0.25,0.363636363636364,0,1.76575957034208,3
"rand1",2.8,1,"PELT inflated",0.75,0.375,0.5,0,0.981805010082211,4
"rand1",2.8,1,"PELT AR1 approximate",1,0.625,0.769230769230769,0,0.230352217241911,5
"rand1",2.8,1,"SVP AR1Focus",1,0.625,0.769230769230769,0,0.230352217241911,5
"rand1",2.8,1,"SVP AR1Focus TRUE/TRUE",1,0.625,0.769230769230769,0,0.230352217241911,5
"none",3,1,"PELT inflated",1,1,1,1,0.00358860844368724,1
"none",3,1,"PELT AR1 approximate",1,1,1,1,0.00358860844368724,1
"none",3,1,"SVP AR1Focus",1,1,1,1,0.00358860844368724,1
"none",3,1,"SVP AR1Focus TRUE/TRUE",1,1,1,1,0.00358860844368724,1
"up",3,1,"PELT inflated",1,0.875,0.933333333333333,0,0.681589452364983,7
"up",3,1,"PELT AR1 approximate",1,1,1,1,0.0667842407965551,8
"up",3,1,"SVP AR1Focus",1,0.75,0.857142857142857,0,1.27740283095285,6
"up",3,1,"SVP AR1Focus TRUE/TRUE",1,0.75,0.857142857142857,0,1.38244888938075,6
"updown",3,1,"PELT inflated",0.75,0.375,0.5,0,1.50620562672681,4
"updown",3,1,"PELT AR1 approximate",1,1,1,1,0.164427961315171,8
"updown",3,1,"SVP AR1Focus",0.5,0.125,0.2,0,2.08832503540362,2
"updown",3,1,"SVP AR1Focus TRUE/TRUE",1,0.625,0.769230769230769,0,1.4409169544521,5
"rand1",3,1,"PELT inflated",1,0.625,0.769230769230769,0,0.214829401076835,5
"rand1",3,1,"PELT AR1 approximate",1,0.625,0.769230769230769,0,0.214829401076835,5
"rand1",3,1,"SVP AR1Focus",1,0.625,0.769230769230769,0,0.214829401076835,5
"rand1",3,1,"SVP AR1Focus TRUE/TRUE",1,0.625,0.769230769230769,0,0.214829401076835,5
"none",1,2,"PELT inflated",1,1,1,1,0.000286848449562444,1
"none",1,2,"PELT AR1 approximate",1,1,1,1,0.000286848449562444,1
"none",1,2,"SVP AR1Focus",1,1,1,1,0.000286848449562444,1
"none",1,2,"SVP AR1Focus TRUE/TRUE",1,1,1,1,0.000286848449562444,1
"up",1,2,"PELT inflated",0.333333333333333,0.125,0.181818181818182,0,0.68747803008287,3
"up",1,2,"PELT AR1 approximate",0.75,0.375,0.5,0,0.374697732334506,4
"up",1,2,"SVP AR1Focus",0.5,0.125,0.2,0,1.50016349448944,2
"up",1,2,"SVP AR1Focus TRUE/TRUE",0.5,0.125,0.2,0,1.32436264729208,2
"updown",1,2,"PELT inflated",1,0.125,0.222222222222222,0,0.254825273714742,1
"updown",1,2,"PELT AR1 approximate",1,0.125,0.222222222222222,0,0.254825273714742,1
"updown",1,2,"SVP AR1Focus",1,0.125,0.222222222222222,0,0.254825273714742,1
"updown",1,2,"SVP AR1Focus TRUE/TRUE",1,0.125,0.222222222222222,0,0.254825273714742,1
"rand1",1,2,"PELT inflated",0.5,0.125,0.2,0,0.345905899398382,2
"rand1",1,2,"PELT AR1 approximate",1,0.25,0.4,0,0.333538247213691,2
"rand1",1,2,"SVP AR1Focus",1,0.125,0.222222222222222,0,0.406328489694088,1
"rand1",1,2,"SVP AR1Focus TRUE/TRUE",1,0.125,0.222222222222222,0,0.406328489694088,1
"none",1.2,2,"PELT inflated",1,1,1,1,0.00509365974440943,1
"none",1.2,2,"PELT AR1 approximate",1,1,1,1,0.00509365974440943,1
"none",1.2,2,"SVP AR1Focus",1,1,1,1,0.00509365974440943,1
"none",1.2,2,"SVP AR1Focus TRUE/TRUE",1,1,1,1,0.00509365974440943,1
"up",1.2,2,"PELT inflated",0.75,0.375,0.5,0,0.547691797377859,4
"up",1.2,2,"PELT AR1 approximate",0.75,0.375,0.5,0,0.612967515306307,4
"up",1.2,2,"SVP AR1Focus",1,0.375,0.545454545454545,0,0.959109640305765,3
"up",1.2,2,"SVP AR1Focus TRUE/TRUE",1,0.375,0.545454545454545,0,0.959109640305765,3
"updown",1.2,2,"PELT inflated",1,0.125,0.222222222222222,0,0.364020846767114,1
"updown",1.2,2,"PELT AR1 approximate",1,0.125,0.222222222222222,0,0.364020846767114,1
"updown",1.2,2,"SVP AR1Focus",1,0.125,0.222222222222222,0,0.364020846767114,1
"updown",1.2,2,"SVP AR1Focus TRUE/TRUE",1,0.125,0.222222222222222,0,0.364020846767114,1
"rand1",1.2,2,"PELT inflated",1,0.125,0.222222222222222,0,0.6264815729221,1
"rand1",1.2,2,"PELT AR1 approximate",1,0.375,0.545454545454545,0,0.210614080543206,3
"rand1",1.2,2,"SVP AR1Focus",1,0.125,0.222222222222222,0,0.6264815729221,1
"rand1",1.2,2,"SVP AR1Focus TRUE/TRUE",1,0.125,0.222222222222222,0,0.6264815729221,1
"none",1.4,2,"PELT inflated",1,1,1,1,0.0117935575378213,1
"none",1.4,2,"PELT AR1 approximate",1,1,1,1,0.0117935575378213,1
"none",1.4,2,"SVP AR1Focus",1,1,1,1,0.0117935575378213,1
"none",1.4,2,"SVP AR1Focus TRUE/TRUE",1,1,1,1,0.0117935575378213,1
"up",1.4,2,"PELT inflated",0.25,0.125,0.166666666666667,0,0.764088024048252,4
"up",1.4,2,"PELT AR1 approximate",0.6,0.375,0.461538461538462,0,0.548284384065003,5
"up",1.4,2,"SVP AR1Focus",0.666666666666667,0.25,0.363636363636364,0,1.41260799769983,3
"up",1.4,2,"SVP AR1Focus TRUE/TRUE",0.666666666666667,0.25,0.363636363636364,0,1.41260799769983,3
"updown",1.4,2,"PELT inflated",1,0.125,0.222222222222222,0,0.516068998631708,1
"updown",1.4,2,"PELT AR1 approximate",1,0.125,0.222222222222222,0,0.516068998631708,1
"updown",1.4,2,"SVP AR1Focus",1,0.125,0.222222222222222,0,0.516068998631708,1
"updown",1.4,2,"SVP AR1Focus TRUE/TRUE",1,0.125,0.222222222222222,0,0.516068998631708,1
"rand1",1.4,2,"PELT inflated",1,0.25,0.4,0,0.518006223378919,2
"rand1",1.4,2,"PELT AR1 approximate",1,0.625,0.769230769230769,0,0.0745192941307097,5
"rand1",1.4,2,"SVP AR1Focus",1,0.25,0.4,0,0.518006223378919,2
"rand1",1.4,2,"SVP AR1Focus TRUE/TRUE",1,0.25,0.4,0,0.518006223378919,2
"none",1.6,2,"PELT inflated",1,1,1,1,0.00202294844582728,1
"none",1.6,2,"PELT AR1 approximate",1,1,1,1,0.00202294844582728,1
"none",1.6,2,"SVP AR1Focus",1,1,1,1,0.00202294844582728,1
"none",1.6,2,"SVP AR1Focus TRUE/TRUE",1,1,1,1,0.00202294844582728,1
"up",1.6,2,"PELT inflated",0.2,0.125,0.153846153846154,0,0.762302875140567,5
"up",1.6,2,"PELT AR1 approximate",0.666666666666667,0.5,0.571428571428572,0,0.454168303008194,6
"up",1.6,2,"SVP AR1Focus",0.333333333333333,0.125,0.181818181818182,0,1.74671495851551,3
"up",1.6,2,"SVP AR1Focus TRUE/TRUE",0.333333333333333,0.125,0.181818181818182,0,1.74671495851551,3
"updown",1.6,2,"PELT inflated",1,0.125,0.222222222222222,0,0.640709138114974,1
"updown",1.6,2,"PELT AR1 approximate",0.833333333333333,0.625,0.714285714285714,0,0.421841617257734,6
"updown",1.6,2,"SVP AR1Focus",1,0.125,0.222222222222222,0,0.640709138114974,1
"updown",1.6,2,"SVP AR1Focus TRUE/TRUE",1,0.125,0.222222222222222,0,0.640709138114974,1
"rand1",1.6,2,"PELT inflated",1,0.25,0.4,0,0.607204216749721,2
"rand1",1.6,2,"PELT AR1 approximate",1,0.375,0.545454545454545,0,0.267977225943123,3
"rand1",1.6,2,"SVP AR1Focus",1,0.25,0.4,0,0.607204216749721,2
"rand1",1.6,2,"SVP AR1Focus TRUE/TRUE",1,0.25,0.4,0,0.607204216749721,2
"none",1.8,2,"PELT inflated",1,1,1,1,0.000104898626537737,1
"none",1.8,2,"PELT AR1 approximate",1,1,1,1,0.000104898626537737,1
"none",1.8,2,"SVP AR1Focus",1,1,1,1,0.000104898626537737,1
"none",1.8,2,"SVP AR1Focus TRUE/TRUE",1,1,1,1,0.000104898626537737,1
"up",1.8,2,"PELT inflated",0.8,0.5,0.615384615384615,0,0.836711958960437,5
"up",1.8,2,"PELT AR1 approximate",1,0.875,0.933333333333333,0,0.321859946095347,7
"up",1.8,2,"SVP AR1Focus",0.666666666666667,0.25,0.363636363636364,0,2.12218140223864,3
"up",1.8,2,"SVP AR1Focus TRUE/TRUE",0.666666666666667,0.25,0.363636363636364,0,2.12218140223864,3
"updown",1.8,2,"PELT inflated",1,0.25,0.4,0,0.838856861979233,2
"updown",1.8,2,"PELT AR1 approximate",1,0.75,0.857142857142857,0,0.512691535387795,6
"updown",1.8,2,"SVP AR1Focus",0.5,0.125,0.2,0,0.843448010411222,2
"updown",1.8,2,"SVP AR1Focus TRUE/TRUE",0.5,0.125,0.2,0,0.855468623922641,2
"rand1",1.8,2,"PELT inflated",1,0.625,0.769230769230769,0,0.266391694584364,5
"rand1",1.8,2,"PELT AR1 approximate",1,0.625,0.769230769230769,0,0.226732549801973,5
"rand1",1.8,2,"SVP AR1Focus",0.666666666666667,0.25,0.363636363636364,0,0.799293020644567,3
"rand1",1.8,2,"SVP AR1Focus TRUE/TRUE",0.5,0.25,0.333333333333333,0,0.436486127173397,4
"none",2,2,"PELT inflated",1,1,1,1,0.0092778332376064,1
"none",2,2,"PELT AR1 approximate",1,1,1,1,0.0092778332376064,1
"none",2,2,"SVP AR1Focus",1,1,1,1,0.0092778332376064,1
"none",2,2,"SVP AR1Focus TRUE/TRUE",1,1,1,1,0.0092778332376064,1
"up",2,2,"PELT inflated",0.8,0.5,0.615384615384615,0,0.890177622471974,5
"up",2,2,"PELT AR1 approximate",1,0.75,0.857142857142857,0,0.551092970689833,6
"up",2,2,"SVP AR1Focus",1,0.5,0.666666666666667,0,1.09444412504468,4
"up",2,2,"SVP AR1Focus TRUE/TRUE",1,0.5,0.666666666666667,0,1.09444412504468,4
"updown",2,2,"PELT inflated",1,0.125,0.222222222222222,0,1.01727044468829,1
"updown",2,2,"PELT AR1 approximate",1,0.5,0.666666666666667,0,0.762240567415158,4
"updown",2,2,"SVP AR1Focus",1,0.125,0.222222222222222,0,1.01727044468829,1
"updown",2,2,"SVP AR1Focus TRUE/TRUE",1,0.125,0.222222222222222,0,1.01727044468829,1
"rand1",2,2,"PELT inflated",1,0.25,0.4,0,1.09717490303926,2
"rand1",2,2,"PELT AR1 approximate",1,0.5,0.666666666666667,0,0.411707479932146,4
"rand1",2,2,"SVP AR1Focus",1,0.25,0.4,0,1.09717490303926,2
"rand1",2,2,"SVP AR1Focus TRUE/TRUE",1,0.25,0.4,0,1.09717490303926,2
"none",2.2,2,"PELT inflated",1,1,1,1,0.0188446465563262,1
"none",2.2,2,"PELT AR1 approximate",1,1,1,1,0.0188446465563262,1
"none",2.2,2,"SVP AR1Focus",1,1,1,1,0.0188446465563262,1
"none",2.2,2,"SVP AR1Focus TRUE/TRUE",1,1,1,1,0.0188446465563262,1
"up",2.2,2,"PELT inflated",0.833333333333333,0.625,0.714285714285714,0,0.751208479569306,6
"up",2.2,2,"PELT AR1 approximate",1,1,1,1,0.0569514215033153,8
"up",2.2,2,"SVP AR1Focus",0.75,0.375,0.5,0,1.41819012543602,4
"up",2.2,2,"SVP AR1Focus TRUE/TRUE",0.75,0.375,0.5,0,1.41819012543602,4
"updown",2.2,2,"PELT inflated",1,0.125,0.222222222222222,0,1.21421788215412,1
"updown",2.2,2,"PELT AR1 approximate",1,0.375,0.545454545454545,0,0.954262031977289,3
"updown",2.2,2,"SVP AR1Focus",1,0.125,0.222222222222222,0,1.21421788215412,1
"updown",2.2,2,"SVP AR1Focus TRUE/TRUE",1,0.125,0.222222222222222,0,1.21421788215412,1
"rand1",2.2,2,"PELT inflated",1,0.375,0.545454545454545,0,0.49143767812909,3
"rand1",2.2,2,"PELT AR1 approximate",1,0.625,0.769230769230769,0,0.127268309385904,5
"rand1",2.2,2,"SVP AR1Focus",1,0.375,0.545454545454545,0,0.49143767812909,3
"rand1",2.2,2,"SVP AR1Focus TRUE/TRUE",1,0.375,0.545454545454545,0,0.49143767812909,3
"none",2.4,2,"PELT inflated",1,1,1,1,0.0395052333089675,1
"none",2.4,2,"PELT AR1 approximate",1,1,1,1,0.0395052333089675,1
"none",2.4,2,"SVP AR1Focus",1,1,1,1,0.0395052333089675,1
"none",2.4,2,"SVP AR1Focus TRUE/TRUE",1,1,1,1,0.0395052333089675,1
"up",2.4,2,"PELT inflated",0.666666666666667,0.5,0.571428571428572,0,1.06369532758729,6
"up",2.4,2,"PELT AR1 approximate",1,0.875,0.933333333333333,0,0.39434100873829,7
"up",2.4,2,"SVP AR1Focus",0.75,0.375,0.5,0,2.40179145058292,4
"up",2.4,2,"SVP AR1Focus TRUE/TRUE",0.75,0.375,0.5,0,2.40179145058292,4
"updown",2.4,2,"PELT inflated",0.666666666666667,0.25,0.363636363636364,0,1.3940073235606,3
"updown",2.4,2,"PELT AR1 approximate",1,1,1,1,0.133977999354916,8
"updown",2.4,2,"SVP AR1Focus",0.5,0.125,0.2,0,1.2989118163299,2
"updown",2.4,2,"SVP AR1Focus TRUE/TRUE",0.333333333333333,0.125,0.181818181818182,0,1.46694210651674,3
"rand1",2.4,2,"PELT inflated",1,0.375,0.545454545454545,0,0.634684250885773,3
"rand1",2.4,2,"PELT AR1 approximate",1,0.625,0.769230769230769,0,0.171686568595441,5
"rand1",2.4,2,"SVP AR1Focus",1,0.5,0.666666666666667,0,0.548111051525751,4
"rand1",2.4,2,"SVP AR1Focus TRUE/TRUE",1,0.5,0.666666666666667,0,0.548111051525751,4
"none",2.6,2,"PELT inflated",1,1,1,1,0.000655642324980355,1
"none",2.6,2,"PELT AR1 approximate",1,1,1,1,0.000655642324980355,1
"none",2.6,2,"SVP AR1Focus",1,1,1,1,0.000655642324980355,1
"none",2.6,2,"SVP AR1Focus TRUE/TRUE",1,1,1,1,0.000655642324980355,1
"up",2.6,2,"PELT inflated",1,0.875,0.933333333333333,0,0.45104584123318,7
"up",2.6,2,"PELT AR1 approximate",1,1,1,1,0.119203316585596,8
"up",2.6,2,"SVP AR1Focus",1,0.5,0.666666666666667,0,1.70029413822426,4
"up",2.6,2,"SVP AR1Focus TRUE/TRUE",1,0.625,0.769230769230769,0,1.27823947340054,5
"updown",2.6,2,"PELT inflated",1,0.125,0.222222222222222,0,1.69945782982387,1
"updown",2.6,2,"PELT AR1 approximate",1,1,1,1,0.0777946266148463,8
"updown",2.6,2,"SVP AR1Focus",1,0.125,0.222222222222222,0,1.69945782982387,1
"updown",2.6,2,"SVP AR1Focus TRUE/TRUE",1,0.125,0.222222222222222,0,1.69945782982387,1
"rand1",2.6,2,"PELT inflated",1,0.625,0.769230769230769,0,0.243017184848303,5
"rand1",2.6,2,"PELT AR1 approximate",1,0.625,0.769230769230769,0,0.198400442950021,5
"rand1",2.6,2,"SVP AR1Focus",1,0.625,0.769230769230769,0,0.243017184848303,5
"rand1",2.6,2,"SVP AR1Focus TRUE/TRUE",1,0.625,0.769230769230769,0,0.243017184848303,5
"none",2.8,2,"PELT inflated",1,1,1,1,9.15895393186679e-05,1
"none",2.8,2,"PELT AR1 approximate",1,1,1,1,9.15895393186679e-05,1
"none",2.8,2,"SVP AR1Focus",1,1,1,1,9.15895393186679e-05,1
"none",2.8,2,"SVP AR1Focus TRUE/TRUE",1,1,1,1,9.15895393186679e-05,1
"up",2.8,2,"PELT inflated",0.75,0.75,0.75,1,0.417812912033076,8
"up",2.8,2,"PELT AR1 approximate",0.875,0.875,0.875,1,0.290927909159034,8
"up",2.8,2,"SVP AR1Focus",0.75,0.375,0.5,0,2.43309786235276,4
"up",2.8,2,"SVP AR1Focus TRUE/TRUE",0.8,0.5,0.615384615384615,0,1.75016046856952,5
"updown",2.8,2,"PELT inflated",1,0.125,0.222222222222222,0,1.96052682569978,1
"updown",2.8,2,"PELT AR1 approximate",1,1,1,1,0.0726869951625875,8
"updown",2.8,2,"SVP AR1Focus",1,0.125,0.222222222222222,0,1.96052682569978,1
"updown",2.8,2,"SVP AR1Focus TRUE/TRUE",1,0.125,0.222222222222222,0,1.96052682569978,1
"rand1",2.8,2,"PELT inflated",1,0.375,0.545454545454545,0,0.751047431831245,3
"rand1",2.8,2,"PELT AR1 approximate",1,0.625,0.769230769230769,0,0.0883969829645596,5
"rand1",2.8,2,"SVP AR1Focus",0.75,0.375,0.5,0,0.654898042424942,4
"rand1",2.8,2,"SVP AR1Focus TRUE/TRUE",0.75,0.375,0.5,0,0.719047199337181,4
"none",3,2,"PELT inflated",1,1,1,1,0.0002032653260523,1
"none",3,2,"PELT AR1 approximate",1,1,1,1,0.0002032653260523,1
"none",3,2,"SVP AR1Focus",1,1,1,1,0.0002032653260523,1
"none",3,2,"SVP AR1Focus TRUE/TRUE",1,1,1,1,0.0002032653260523,1
"up",3,2,"PELT inflated",0.714285714285714,0.625,0.666666666666667,0,0.844886154156499,7
"up",3,2,"PELT AR1 approximate",1,1,1,1,0.124542769240269,8
"up",3,2,"SVP AR1Focus",0.8,0.5,0.615384615384615,0,1.9529693109122,5
"up",3,2,"SVP AR1Focus TRUE/TRUE",0.6,0.375,0.461538461538462,0,2.01799583670734,5
"updown",3,2,"PELT inflated",1,0.75,0.857142857142857,0,0.813885345384258,6
"updown",3,2,"PELT AR1 approximate",1,1,1,1,0.0645938789224689,8
"updown",3,2,"SVP AR1Focus",0.333333333333333,0.125,0.181818181818182,0,2.04795409086163,3
"updown",3,2,"SVP AR1Focus TRUE/TRUE",0.2,0.125,0.153846153846154,0,2.12126351006654,5
"rand1",3,2,"PELT inflated",1,0.625,0.769230769230769,0,0.119059183122898,5
"rand1",3,2,"PELT AR1 approximate",1,0.625,0.769230769230769,0,0.119059183122898,5
"rand1",3,2,"SVP AR1Focus",1,0.625,0.769230769230769,0,0.119059183122898,5
"rand1",3,2,"SVP AR1Focus TRUE/TRUE",1,0.625,0.769230769230769,0,0.119059183122898,5
"none",1,3,"PELT inflated",1,1,1,1,0.00581566767711161,1
"none",1,3,"PELT AR1 approximate",1,1,1,1,0.00581566767711161,1
"none",1,3,"SVP AR1Focus",1,1,1,1,0.00581566767711161,1
"none",1,3,"SVP AR1Focus TRUE/TRUE",1,1,1,1,0.00581566767711161,1
"up",1,3,"PELT inflated",0.75,0.375,0.5,0,0.511381359614049,4
"up",1,3,"PELT AR1 approximate",0.75,0.375,0.5,0,0.511664320178733,4
"up",1,3,"SVP AR1Focus",0.5,0.125,0.2,0,1.62512604320073,2
"up",1,3,"SVP AR1Focus TRUE/TRUE",0.5,0.125,0.2,0,1.62512604320073,2
"updown",1,3,"PELT inflated",1,0.125,0.222222222222222,0,0.255941310228212,1
"updown",1,3,"PELT AR1 approximate",1,0.25,0.4,0,0.282452512227792,2
"updown",1,3,"SVP AR1Focus",1,0.125,0.222222222222222,0,0.255941310228212,1
"updown",1,3,"SVP AR1Focus TRUE/TRUE",1,0.125,0.222222222222222,0,0.255941310228212,1
"rand1",1,3,"PELT inflated",1,0.125,0.222222222222222,0,0.419824235736724,1
"rand1",1,3,"PELT AR1 approximate",1,0.125,0.222222222222222,0,0.419824235736724,1
"rand1",1,3,"SVP AR1Focus",1,0.125,0.222222222222222,0,0.419824235736724,1
"rand1",1,3,"SVP AR1Focus TRUE/TRUE",1,0.125,0.222222222222222,0,0.419824235736724,1
"none",1.2,3,"PELT inflated",1,1,1,1,0.000214438694108966,1
"none",1.2,3,"PELT AR1 approximate",1,1,1,1,0.000214438694108966,1
"none",1.2,3,"SVP AR1Focus",1,1,1,1,0.000214438694108966,1
"none",1.2,3,"SVP AR1Focus TRUE/TRUE",1,1,1,1,0.000214438694108966,1
"up",1.2,3,"PELT inflated",1,0.375,0.545454545454545,0,0.837919804722405,3
"up",1.2,3,"PELT AR1 approximate",0.75,0.375,0.5,0,0.592401501616001,4
"up",1.2,3,"SVP AR1Focus",0.5,0.125,0.2,0,1.99061823704675,2
"up",1.2,3,"SVP AR1Focus TRUE/TRUE",0.5,0.125,0.2,0,1.99061823704675,2
"updown",1.2,3,"PELT inflated",1,0.125,0.222222222222222,0,0.360017329832579,1
"updown",1.2,3,"PELT AR1 approximate",1,0.125,0.222222222222222,0,0.360017329832579,1
"updown",1.2,3,"SVP AR1Focus",1,0.125,0.222222222222222,0,0.360017329832579,1
"updown",1.2,3,"SVP AR1Focus TRUE/TRUE",1,0.125,0.222222222222222,0,0.360017329832579,1
"rand1",1.2,3,"PELT inflated",1,0.125,0.222222222222222,0,0.570058498159088,1
"rand1",1.2,3,"PELT AR1 approximate",1,0.125,0.222222222222222,0,0.570058498159088,1
"rand1",1.2,3,"SVP AR1Focus",1,0.125,0.222222222222222,0,0.570058498159088,1
"rand1",1.2,3,"SVP AR1Focus TRUE/TRUE",1,0.125,0.222222222222222,0,0.570058498159088,1
"none",1.4,3,"PELT inflated",1,1,1,1,0.000134711542476062,1
"none",1.4,3,"PELT AR1 approximate",1,1,1,1,0.000134711542476062,1
"none",1.4,3,"SVP AR1Focus",1,1,1,1,0.000134711542476062,1
"none",1.4,3,"SVP AR1Focus TRUE/TRUE",1,1,1,1,0.000134711542476062,1
"up",1.4,3,"PELT inflated",0.75,0.375,0.5,0,0.952505410861177,4
"up",1.4,3,"PELT AR1 approximate",0.5,0.25,0.333333333333333,0,0.915218784887928,4
"up",1.4,3,"SVP AR1Focus",1,0.375,0.545454545454545,0,1.19309672851863,3
"up",1.4,3,"SVP AR1Focus TRUE/TRUE",1,0.375,0.545454545454545,0,1.19309672851863,3
"updown",1.4,3,"PELT inflated",1,0.125,0.222222222222222,0,0.490434511186216,1
"updown",1.4,3,"PELT AR1 approximate",1,0.125,0.222222222222222,0,0.490434511186216,1
"updown",1.4,3,"SVP AR1Focus",1,0.125,0.222222222222222,0,0.490434511186216,1
"updown",1.4,3,"SVP AR1Focus TRUE/TRUE",1,0.125,0.222222222222222,0,0.490434511186216,1
"rand1",1.4,3,"PELT inflated",1,0.375,0.545454545454545,0,0.249916379422927,3
"rand1",1.4,3,"PELT AR1 approximate",1,0.375,0.545454545454545,0,0.239123422567497,3
"rand1",1.4,3,"SVP AR1Focus",0.5,0.125,0.2,0,0.548373271551115,2
"rand1",1.4,3,"SVP AR1Focus TRUE/TRUE",0.5,0.125,0.2,0,0.51531733117886,2
"none",1.6,3,"PELT inflated",1,1,1,1,0.0296099307127909,1
"none",1.6,3,"PELT AR1 approximate",1,1,1,1,0.0296099307127909,1
"none",1.6,3,"SVP AR1Focus",1,1,1,1,0.0296099307127909,1
"none",1.6,3,"SVP AR1Focus TRUE/TRUE",1,1,1,1,0.0296099307127909,1
"up",1.6,3,"PELT inflated",0.5,0.25,0.333333333333333,0,1.15431550080436,4
"up",1.6,3,"PELT AR1 approximate",0.833333333333333,0.625,0.714285714285714,0,0.539259910231772,6
"up",1.6,3,"SVP AR1Focus",0.333333333333333,0.125,0.181818181818182,0,1.84174197264254,3
"up",1.6,3,"SVP AR1Focus TRUE/TRUE",0.333333333333333,0.125,0.181818181818182,0,1.84174197264254,3
"updown",1.6,3,"PELT inflated",1,0.125,0.222222222222222,0,0.646275320373639,1
"updown",1.6,3,"PELT AR1 approximate",1,0.125,0.222222222222222,0,0.646275320373639,1
"updown",1.6,3,"SVP AR1Focus",1,0.125,0.222222222222222,0,0.646275320373639,1
"updown",1.6,3,"SVP AR1Focus TRUE/TRUE",1,0.125,0.222222222222222,0,0.646275320373639,1
"rand1",1.6,3,"PELT inflated",1,0.375,0.545454545454545,0,0.250579269332074,3
"rand1",1.6,3,"PELT AR1 approximate",1,0.375,0.545454545454545,0,0.250579269332074,3
"rand1",1.6,3,"SVP AR1Focus",0.5,0.125,0.2,0,0.632070415110814,2
"rand1",1.6,3,"SVP AR1Focus TRUE/TRUE",0.5,0.125,0.2,0,0.632070415110814,2
"none",1.8,3,"PELT inflated",1,1,1,1,0.0163713459028826,1
"none",1.8,3,"PELT AR1 approximate",1,1,1,1,0.0163713459028826,1
"none",1.8,3,"SVP AR1Focus",1,1,1,1,0.0163713459028826,1
"none",1.8,3,"SVP AR1Focus TRUE/TRUE",1,1,1,1,0.0163713459028826,1
"up",1.8,3,"PELT inflated",0.8,0.5,0.615384615384615,0,1.06465840193722,5
"up",1.8,3,"PELT AR1 approximate",0.8,0.5,0.615384615384615,0,1.05816401421317,5
"up",1.8,3,"SVP AR1Focus",1,0.375,0.545454545454545,0,1.91615146553229,3
"up",1.8,3,"SVP AR1Focus TRUE/TRUE",1,0.375,0.545454545454545,0,1.91615146553229,3
"updown",1.8,3,"PELT inflated",1,0.125,0.222222222222222,0,0.823232080075063,1
"updown",1.8,3,"PELT AR1 approximate",0.75,0.375,0.5,0,0.610077745742487,4
"updown",1.8,3,"SVP AR1Focus",1,0.125,0.222222222222222,0,0.823232080075063,1
"updown",1.8,3,"SVP AR1Focus TRUE/TRUE",1,0.125,0.222222222222222,0,0.823232080075063,1
"rand1",1.8,3,"PELT inflated",1,0.375,0.545454545454545,0,0.33242751183417,3
"rand1",1.8,3,"PELT AR1 approximate",1,0.625,0.769230769230769,0,0.0567488103913081,5
"rand1",1.8,3,"SVP AR1Focus",1,0.25,0.4,0,0.775966513060391,2
"rand1",1.8,3,"SVP AR1Focus TRUE/TRUE",1,0.25,0.4,0,0.775966513060391,2
"none",2,3,"PELT inflated",1,1,1,1,0.0142075714636834,1
"none",2,3,"PELT AR1 approximate",1,1,1,1,0.0142075714636834,1
"none",2,3,"SVP AR1Focus",1,1,1,1,0.0142075714636834,1
"none",2,3,"SVP AR1Focus TRUE/TRUE",1,1,1,1,0.0142075714636834,1
"up",2,3,"PELT inflated",0.5,0.375,0.428571428571429,0,0.921062712707242,6
"up",2,3,"PELT AR1 approximate",0.833333333333333,0.625,0.714285714285714,0,0.712821913642469,6
"up",2,3,"SVP AR1Focus",0.75,0.375,0.5,0,1.25057729507635,4
"up",2,3,"SVP AR1Focus TRUE/TRUE",0.75,0.375,0.5,0,1.25057729507635,4
"updown",2,3,"PELT inflated",1,0.125,0.222222222222222,0,1.00248527849784,1
"updown",2,3,"PELT AR1 approximate",1,0.5,0.666666666666667,0,0.676888819279345,4
"updown",2,3,"SVP AR1Focus",1,0.125,0.222222222222222,0,1.00248527849784,1
"updown",2,3,"SVP AR1Focus TRUE/TRUE",1,0.125,0.222222222222222,0,1.00248527849784,1
"rand1",2,3,"PELT inflated",1,0.375,0.545454545454545,0,0.455033935888782,3
"rand1",2,3,"PELT AR1 approximate",1,0.625,0.769230769230769,0,0.208416286002232,5
"rand1",2,3,"SVP AR1Focus",0.5,0.125,0.2,0,1.20933623394906,2
"rand1",2,3,"SVP AR1Focus TRUE/TRUE",1,0.375,0.545454545454545,0,0.455033935888782,3
"none",2.2,3,"PELT inflated",1,1,1,1,2.29470119067394e-05,1
"none",2.2,3,"PELT AR1 approximate",1,1,1,1,2.29470119067394e-05,1
"none",2.2,3,"SVP AR1Focus",1,1,1,1,2.29470119067394e-05,1
"none",2.2,3,"SVP AR1Focus TRUE/TRUE",1,1,1,1,2.29470119067394e-05,1
"up",2.2,3,"PELT inflated",0.833333333333333,0.625,0.714285714285714,0,0.807723543173503,6
"up",2.2,3,"PELT AR1 approximate",0.833333333333333,0.625,0.714285714285714,0,0.802893321873865,6
"up",2.2,3,"SVP AR1Focus",1,0.5,0.666666666666667,0,1.94084483553924,4
"up",2.2,3,"SVP AR1Focus TRUE/TRUE",1,0.5,0.666666666666667,0,1.94084483553924,4
"updown",2.2,3,"PELT inflated",1,0.125,0.222222222222222,0,1.21124227935978,1
"updown",2.2,3,"PELT AR1 approximate",1,0.75,0.857142857142857,0,0.509136814867473,6
"updown",2.2,3,"SVP AR1Focus",0.5,0.125,0.2,0,1.21034943395844,2
"updown",2.2,3,"SVP AR1Focus TRUE/TRUE",0.5,0.125,0.2,0,1.21163799851066,2
"rand1",2.2,3,"PELT inflated",1,0.375,0.545454545454545,0,0.552232789938849,3
"rand1",2.2,3,"PELT AR1 approximate",1,0.625,0.769230769230769,0,0.160207035105578,5
"rand1",2.2,3,"SVP AR1Focus",0.666666666666667,0.25,0.363636363636364,0,1.25903592157807,3
"rand1",2.2,3,"SVP AR1Focus TRUE/TRUE",1,0.5,0.666666666666667,0,0.540847204578005,4
"none",2.4,3,"PELT inflated",1,1,1,1,0.0140443946626004,1
"none",2.4,3,"PELT AR1 approximate",1,1,1,1,0.0140443946626004,1
"none",2.4,3,"SVP AR1Focus",1,1,1,1,0.0140443946626004,1
"none",2.4,3,"SVP AR1Focus TRUE/TRUE",1,1,1,1,0.0140443946626004,1
"up",2.4,3,"PELT inflated",0.8,0.5,0.615384615384615,0,1.23535214182682,5
"up",2.4,3,"PELT AR1 approximate",1,0.875,0.933333333333333,0,0.453434615476332,7
"up",2.4,3,"SVP AR1Focus",0.5,0.25,0.333333333333333,0,2.26280544418438,4
"up",2.4,3,"SVP AR1Focus TRUE/TRUE",0.8,0.5,0.615384615384615,0,1.23535214182682,5
"updown",2.4,3,"PELT inflated",1,0.5,0.666666666666667,0,0.930605452765602,4
"updown",2.4,3,"PELT AR1 approximate",1,1,1,1,0.0893541371258489,8
"updown",2.4,3,"SVP AR1Focus",1,0.125,0.222222222222222,0,1.44029446396569,1
"updown",2.4,3,"SVP AR1Focus TRUE/TRUE",1,0.125,0.222222222222222,0,1.44029446396569,1
"rand1",2.4,3,"PELT inflated",1,0.375,0.545454545454545,0,0.672462834510694,3
"rand1",2.4,3,"PELT AR1 approximate",1,0.625,0.769230769230769,0,0.216498734370093,5
"rand1",2.4,3,"SVP AR1Focus",0.75,0.375,0.5,0,1.10330856348378,4
"rand1",2.4,3,"SVP AR1Focus TRUE/TRUE",1,0.625,0.769230769230769,0,0.216498734370093,5
"none",2.6,3,"PELT inflated",1,1,1,1,0.0205675382012654,1
"none",2.6,3,"PELT AR1 approximate",1,1,1,1,0.0205675382012654,1
"none",2.6,3,"SVP AR1Focus",1,1,1,1,0.0205675382012654,1
"none",2.6,3,"SVP AR1Focus TRUE/TRUE",1,1,1,1,0.0205675382012654,1
"up",2.6,3,"PELT inflated",0.714285714285714,0.625,0.666666666666667,0,0.648717178122478,7
"up",2.6,3,"PELT AR1 approximate",0.875,0.875,0.875,1,0.225945997978008,8
"up",2.6,3,"SVP AR1Focus",0.75,0.375,0.5,0,2.1899890709454,4
"up",2.6,3,"SVP AR1Focus TRUE/TRUE",0.8,0.5,0.615384615384615,0,1.44611750265159,5
"updown",2.6,3,"PELT inflated",1,0.125,0.222222222222222,0,1.7095601656611,1
"updown",2.6,3,"PELT AR1 approximate",1,1,1,1,0.102974859735929,8
"updown",2.6,3,"SVP AR1Focus",0.5,0.125,0.2,0,1.65631988981444,2
"updown",2.6,3,"SVP AR1Focus TRUE/TRUE",0.5,0.125,0.2,0,1.65631988981444,2
"rand1",2.6,3,"PELT inflated",1,0.375,0.545454545454545,0,0.722698836074993,3
"rand1",2.6,3,"PELT AR1 approximate",1,0.625,0.769230769230769,0,0.197264827992774,5
"rand1",2.6,3,"SVP AR1Focus",0.75,0.375,0.5,0,0.714354010789975,4
"rand1",2.6,3,"SVP AR1Focus TRUE/TRUE",0.75,0.375,0.5,0,0.639177718171623,4
"none",2.8,3,"PELT inflated",1,1,1,1,0.00240233023330777,1
"none",2.8,3,"PELT AR1 approximate",1,1,1,1,0.00240233023330777,1
"none",2.8,3,"SVP AR1Focus",1,1,1,1,0.00240233023330777,1
"none",2.8,3,"SVP AR1Focus TRUE/TRUE",1,1,1,1,0.00240233023330777,1
"up",2.8,3,"PELT inflated",0.857142857142857,0.75,0.8,0,0.73404729807156,7
"up",2.8,3,"PELT AR1 approximate",1,1,1,1,0.0702967740534721,8
"up",2.8,3,"SVP AR1Focus",0.8,0.5,0.615384615384615,0,1.71780781775695,5
"up",2.8,3,"SVP AR1Focus TRUE/TRUE",0.6,0.375,0.461538461538462,0,1.82003336449984,5
"updown",2.8,3,"PELT inflated",1,0.25,0.4,0,1.76675339391466,2
"updown",2.8,3,"PELT AR1 approximate",0.875,0.875,0.875,1,0.144481187266622,8
"updown",2.8,3,"SVP AR1Focus",0.5,0.125,0.2,0,1.72385223770319,2
"updown",2.8,3,"SVP AR1Focus TRUE/TRUE",0.6,0.375,0.461538461538462,0,1.38681900887803,5
"rand1",2.8,3,"PELT inflated",1,0.625,0.769230769230769,0,0.111186615308908,5
"rand1",2.8,3,"PELT AR1 approximate",1,0.625,0.769230769230769,0,0.111186615308908,5
"rand1",2.8,3,"SVP AR1Focus",1,0.625,0.769230769230769,0,0.111186615308908,5
"rand1",2.8,3,"SVP AR1Focus TRUE/TRUE",1,0.625,0.769230769230769,0,0.111186615308908,5
"none",3,3,"PELT inflated",1,1,1,1,0.0132820400000711,1
"none",3,3,"PELT AR1 approximate",1,1,1,1,0.0132820400000711,1
"none",3,3,"SVP AR1Focus",1,1,1,1,0.0132820400000711,1
"none",3,3,"SVP AR1Focus TRUE/TRUE",1,1,1,1,0.0132820400000711,1
"up",3,3,"PELT inflated",0.875,0.875,0.875,1,0.2105828237534,8
"up",3,3,"PELT AR1 approximate",1,1,1,1,0.104828319617769,8
"up",3,3,"SVP AR1Focus",0.666666666666667,0.5,0.571428571428572,0,1.47058856391601,6
"up",3,3,"SVP AR1Focus TRUE/TRUE",0.666666666666667,0.5,0.571428571428572,0,1.47058856391601,6
"updown",3,3,"PELT inflated",1,0.75,0.857142857142857,0,0.780485246061975,6
"updown",3,3,"PELT AR1 approximate",1,1,1,1,0.0853733176744576,8
"updown",3,3,"SVP AR1Focus",1,0.375,0.545454545454545,0,1.69240657566605,3
"updown",3,3,"SVP AR1Focus TRUE/TRUE",1,0.625,0.769230769230769,0,1.40326709883481,5
"rand1",3,3,"PELT inflated",1,0.625,0.769230769230769,0,0.261045039309563,5
"rand1",3,3,"PELT AR1 approximate",1,0.625,0.769230769230769,0,0.261045039309563,5
"rand1",3,3,"SVP AR1Focus",1,0.625,0.769230769230769,0,0.261045039309563,5
"rand1",3,3,"SVP AR1Focus TRUE/TRUE",1,0.625,0.769230769230769,0,0.261045039309563,5
"none",1,4,"PELT inflated",1,1,1,1,0.0535541861643363,1
"none",1,4,"PELT AR1 approximate",1,1,1,1,0.0535541861643363,1
"none",1,4,"SVP AR1Focus",1,1,1,1,0.0535541861643363,1
"none",1,4,"SVP AR1Focus TRUE/TRUE",1,1,1,1,0.0535541861643363,1
"up",1,4,"PELT inflated",1,0.5,0.666666666666667,0,0.450494012283521,4
"up",1,4,"PELT AR1 approximate",0.75,0.375,0.5,0,0.454535730325372,4
"up",1,4,"SVP AR1Focus",1,0.25,0.4,0,1.50789852782266,2
"up",1,4,"SVP AR1Focus TRUE/TRUE",1,0.25,0.4,0,1.50789852782266,2
"updown",1,4,"PELT inflated",1,0.125,0.222222222222222,0,0.250077060339662,1
"updown",1,4,"PELT AR1 approximate",1,0.125,0.222222222222222,0,0.250077060339662,1
"updown",1,4,"SVP AR1Focus",1,0.125,0.222222222222222,0,0.250077060339662,1
"updown",1,4,"SVP AR1Focus TRUE/TRUE",1,0.125,0.222222222222222,0,0.250077060339662,1
"rand1",1,4,"PELT inflated",1,0.125,0.222222222222222,0,0.416279797639857,1
"rand1",1,4,"PELT AR1 approximate",1,0.125,0.222222222222222,0,0.416279797639857,1
"rand1",1,4,"SVP AR1Focus",1,0.125,0.222222222222222,0,0.416279797639857,1
"rand1",1,4,"SVP AR1Focus TRUE/TRUE",1,0.125,0.222222222222222,0,0.416279797639857,1
"none",1.2,4,"PELT inflated",1,1,1,1,0.0217605598534155,1
"none",1.2,4,"PELT AR1 approximate",1,1,1,1,0.0217605598534155,1
"none",1.2,4,"SVP AR1Focus",1,1,1,1,0.0217605598534155,1
"none",1.2,4,"SVP AR1Focus TRUE/TRUE",1,1,1,1,0.0217605598534155,1
"up",1.2,4,"PELT inflated",0.5,0.25,0.333333333333333,0,0.55546046458258,4
"up",1.2,4,"PELT AR1 approximate",0.4,0.25,0.307692307692308,0,0.406256756856445,5
"up",1.2,4,"SVP AR1Focus",0.333333333333333,0.125,0.181818181818182,0,0.910498952499309,3
"up",1.2,4,"SVP AR1Focus TRUE/TRUE",0.333333333333333,0.125,0.181818181818182,0,0.910498952499309,3
"updown",1.2,4,"PELT inflated",1,0.125,0.222222222222222,0,0.393607210199894,1
"updown",1.2,4,"PELT AR1 approximate",1,0.125,0.222222222222222,0,0.393607210199894,1
"updown",1.2,4,"SVP AR1Focus",1,0.125,0.222222222222222,0,0.393607210199894,1
"updown",1.2,4,"SVP AR1Focus TRUE/TRUE",1,0.125,0.222222222222222,0,0.393607210199894,1
"rand1",1.2,4,"PELT inflated",0.5,0.125,0.2,0,0.413483768711463,2
"rand1",1.2,4,"PELT AR1 approximate",1,0.375,0.545454545454545,0,0.190818340285903,3
"rand1",1.2,4,"SVP AR1Focus",0.5,0.125,0.2,0,0.413483768711463,2
"rand1",1.2,4,"SVP AR1Focus TRUE/TRUE",0.5,0.125,0.2,0,0.413483768711463,2
"none",1.4,4,"PELT inflated",1,1,1,1,0.0500673125646224,1
"none",1.4,4,"PELT AR1 approximate",1,1,1,1,0.0500673125646224,1
"none",1.4,4,"SVP AR1Focus",1,1,1,1,0.0500673125646224,1
"none",1.4,4,"SVP AR1Focus TRUE/TRUE",1,1,1,1,0.0500673125646224,1
"up",1.4,4,"PELT inflated",0.4,0.25,0.307692307692308,0,0.523280763360852,5
"up",1.4,4,"PELT AR1 approximate",0.4,0.25,0.307692307692308,0,0.511944299957417,5
"up",1.4,4,"SVP AR1Focus",0.333333333333333,0.125,0.181818181818182,0,1.29627830187905,3
"up",1.4,4,"SVP AR1Focus TRUE/TRUE",0.333333333333333,0.125,0.181818181818182,0,1.29627830187905,3
"updown",1.4,4,"PELT inflated",1,0.125,0.222222222222222,0,0.490693107911339,1
"updown",1.4,4,"PELT AR1 approximate",1,0.125,0.222222222222222,0,0.490693107911339,1
"updown",1.4,4,"SVP AR1Focus",1,0.125,0.222222222222222,0,0.490693107911339,1
"updown",1.4,4,"SVP AR1Focus TRUE/TRUE",1,0.125,0.222222222222222,0,0.490693107911339,1
"rand1",1.4,4,"PELT inflated",1,0.375,0.545454545454545,0,0.220685956374906,3
"rand1",1.4,4,"PELT AR1 approximate",1,0.375,0.545454545454545,0,0.220685956374906,3
"rand1",1.4,4,"SVP AR1Focus",1,0.25,0.4,0,0.50212360019113,2
"rand1",1.4,4,"SVP AR1Focus TRUE/TRUE",1,0.25,0.4,0,0.50212360019113,2
"none",1.6,4,"PELT inflated",1,1,1,1,0.00948772518186524,1
"none",1.6,4,"PELT AR1 approximate",1,1,1,1,0.00948772518186524,1
"none",1.6,4,"SVP AR1Focus",1,1,1,1,0.00948772518186524,1
"none",1.6,4,"SVP AR1Focus TRUE/TRUE",1,1,1,1,0.00948772518186524,1
"up",1.6,4,"PELT inflated",0.6,0.375,0.461538461538462,0,0.631175913583353,5
"up",1.6,4,"PELT AR1 approximate",0.8,0.5,0.615384615384615,0,0.567682881692119,5
"up",1.6,4,"SVP AR1Focus",0.666666666666667,0.25,0.363636363636364,0,1.5377521580516,3
"up",1.6,4,"SVP AR1Focus TRUE/TRUE",0.666666666666667,0.25,0.363636363636364,0,1.5377521580516,3
"updown",1.6,4,"PELT inflated",1,0.125,0.222222222222222,0,0.641017842633991,1
"updown",1.6,4,"PELT AR1 approximate",1,0.25,0.4,0,0.601234297762037,2
"updown",1.6,4,"SVP AR1Focus",1,0.125,0.222222222222222,0,0.641017842633991,1
"updown",1.6,4,"SVP AR1Focus TRUE/TRUE",1,0.125,0.222222222222222,0,0.641017842633991,1
"rand1",1.6,4,"PELT inflated",1,0.125,0.222222222222222,0,1.01144070336909,1
"rand1",1.6,4,"PELT AR1 approximate",1,0.375,0.545454545454545,0,0.307501577643814,3
"rand1",1.6,4,"SVP AR1Focus",1,0.25,0.4,0,0.63832066194283,2
"rand1",1.6,4,"SVP AR1Focus TRUE/TRUE",1,0.25,0.4,0,0.63832066194283,2
"none",1.8,4,"PELT inflated",1,1,1,1,0.0164460935227688,1
"none",1.8,4,"PELT AR1 approximate",1,1,1,1,0.0164460935227688,1
"none",1.8,4,"SVP AR1Focus",1,1,1,1,0.0164460935227688,1
"none",1.8,4,"SVP AR1Focus TRUE/TRUE",1,1,1,1,0.0164460935227688,1
"up",1.8,4,"PELT inflated",0.666666666666667,0.5,0.571428571428572,0,0.632217970448957,6
"up",1.8,4,"PELT AR1 approximate",0.666666666666667,0.5,0.571428571428572,0,0.643134336804645,6
"up",1.8,4,"SVP AR1Focus",0.333333333333333,0.125,0.181818181818182,0,2.22640361122928,3
"up",1.8,4,"SVP AR1Focus TRUE/TRUE",0.333333333333333,0.125,0.181818181818182,0,2.22640361122928,3
"updown",1.8,4,"PELT inflated",1,0.125,0.222222222222222,0,0.81090213473114,1
"updown",1.8,4,"PELT AR1 approximate",1,0.5,0.666666666666667,0,0.5697278585046,4
"updown",1.8,4,"SVP AR1Focus",1,0.125,0.222222222222222,0,0.81090213473114,1
"updown",1.8,4,"SVP AR1Focus TRUE/TRUE",1,0.125,0.222222222222222,0,0.81090213473114,1
"rand1",1.8,4,"PELT inflated",1,0.375,0.545454545454545,0,0.325865204918169,3
"rand1",1.8,4,"PELT AR1 approximate",1,0.375,0.545454545454545,0,0.325865204918169,3
"rand1",1.8,4,"SVP AR1Focus",1,0.25,0.4,0,0.779353958418502,2
"rand1",1.8,4,"SVP AR1Focus TRUE/TRUE",1,0.25,0.4,0,0.779353958418502,2
"none",2,4,"PELT inflated",1,1,1,1,0.00163500667273391,1
"none",2,4,"PELT AR1 approximate",1,1,1,1,0.00163500667273391,1
"none",2,4,"SVP AR1Focus",1,1,1,1,0.00163500667273391,1
"none",2,4,"SVP AR1Focus TRUE/TRUE",1,1,1,1,0.00163500667273391,1
"up",2,4,"PELT inflated",0.6,0.375,0.461538461538462,0,1.09952115172056,5
"up",2,4,"PELT AR1 approximate",0.833333333333333,0.625,0.714285714285714,0,0.632363230767136,6
"up",2,4,"SVP AR1Focus",0.75,0.375,0.5,0,1.28715393192366,4
"up",2,4,"SVP AR1Focus TRUE/TRUE",0.75,0.375,0.5,0,1.28715393192366,4
"updown",2,4,"PELT inflated",1,0.125,0.222222222222222,0,1.00448674750405,1
"updown",2,4,"PELT AR1 approximate",1,0.5,0.666666666666667,0,0.74959725065448,4
"updown",2,4,"SVP AR1Focus",1,0.125,0.222222222222222,0,1.00448674750405,1
"updown",2,4,"SVP AR1Focus TRUE/TRUE",1,0.125,0.222222222222222,0,1.00448674750405,1
"rand1",2,4,"PELT inflated",1,0.375,0.545454545454545,0,0.438264493258353,3
"rand1",2,4,"PELT AR1 approximate",1,0.625,0.769230769230769,0,0.10784225207898,5
"rand1",2,4,"SVP AR1Focus",1,0.375,0.545454545454545,0,0.438264493258353,3
"rand1",2,4,"SVP AR1Focus TRUE/TRUE",1,0.375,0.545454545454545,0,0.438264493258353,3
"none",2.2,4,"PELT inflated",1,1,1,1,0.0812936128940303,1
"none",2.2,4,"PELT AR1 approximate",1,1,1,1,0.0812936128940303,1
"none",2.2,4,"SVP AR1Focus",1,1,1,1,0.0812936128940303,1
"none",2.2,4,"SVP AR1Focus TRUE/TRUE",1,1,1,1,0.0812936128940303,1
"up",2.2,4,"PELT inflated",0.833333333333333,0.625,0.714285714285714,0,0.71408533639789,6
"up",2.2,4,"PELT AR1 approximate",1,1,1,1,0.109052589861144,8
"up",2.2,4,"SVP AR1Focus",0.5,0.25,0.333333333333333,0,1.9818741669638,4
"up",2.2,4,"SVP AR1Focus TRUE/TRUE",0.5,0.25,0.333333333333333,0,2.32022104042695,4
"updown",2.2,4,"PELT inflated",1,0.125,0.222222222222222,0,1.2140817610794,1
"updown",2.2,4,"PELT AR1 approximate",1,0.875,0.933333333333333,0,0.364802122033548,7
"updown",2.2,4,"SVP AR1Focus",1,0.125,0.222222222222222,0,1.2140817610794,1
"updown",2.2,4,"SVP AR1Focus TRUE/TRUE",1,0.125,0.222222222222222,0,1.2140817610794,1
"rand1",2.2,4,"PELT inflated",1,0.375,0.545454545454545,0,0.575725066542047,3
"rand1",2.2,4,"PELT AR1 approximate",1,0.625,0.769230769230769,0,0.134205769516561,5
"rand1",2.2,4,"SVP AR1Focus",1,0.5,0.666666666666667,0,0.488224899084289,4
"rand1",2.2,4,"SVP AR1Focus TRUE/TRUE",1,0.5,0.666666666666667,0,0.488224899084289,4
"none",2.4,4,"PELT inflated",1,1,1,1,0.00225804979769844,1
"none",2.4,4,"PELT AR1 approximate",1,1,1,1,0.00225804979769844,1
"none",2.4,4,"SVP AR1Focus",1,1,1,1,0.00225804979769844,1
"none",2.4,4,"SVP AR1Focus TRUE/TRUE",1,1,1,1,0.00225804979769844,1
"up",2.4,4,"PELT inflated",1,0.875,0.933333333333333,0,0.409913330253531,7
"up",2.4,4,"PELT AR1 approximate",1,1,1,1,0.0889418778662096,8
"up",2.4,4,"SVP AR1Focus",0.75,0.375,0.5,0,1.98185054074539,4
"up",2.4,4,"SVP AR1Focus TRUE/TRUE",0.75,0.375,0.5,0,1.98185054074539,4
"updown",2.4,4,"PELT inflated",1,0.375,0.545454545454545,0,1.21785829953492,3
"updown",2.4,4,"PELT AR1 approximate",0.875,0.875,0.875,1,0.432824198994846,8
"updown",2.4,4,"SVP AR1Focus",1,0.25,0.4,0,1.32435492457415,2
"updown",2.4,4,"SVP AR1Focus TRUE/TRUE",1,0.375,0.545454545454545,0,1.21785829953492,3
"rand1",2.4,4,"PELT inflated",1,0.375,0.545454545454545,0,0.57163579749457,3
"rand1",2.4,4,"PELT AR1 approximate",1,0.625,0.769230769230769,0,0.114204653407905,5
"rand1",2.4,4,"SVP AR1Focus",1,0.375,0.545454545454545,0,0.57163579749457,3
"rand1",2.4,4,"SVP AR1Focus TRUE/TRUE",1,0.375,0.545454545454545,0,0.57163579749457,3
"none",2.6,4,"PELT inflated",1,1,1,1,0.000600624767533041,1
"none",2.6,4,"PELT AR1 approximate",1,1,1,1,0.000600624767533041,1
"none",2.6,4,"SVP AR1Focus",1,1,1,1,0.000600624767533041,1
"none",2.6,4,"SVP AR1Focus TRUE/TRUE",1,1,1,1,0.000600624767533041,1
"up",2.6,4,"PELT inflated",0.857142857142857,0.75,0.8,0,0.613857244883436,7
"up",2.6,4,"PELT AR1 approximate",1,1,1,1,0.10627051290476,8
"up",2.6,4,"SVP AR1Focus",0.25,0.125,0.166666666666667,0,2.91141193220677,4
"up",2.6,4,"SVP AR1Focus TRUE/TRUE",0.8,0.5,0.615384615384615,0,1.48645446634081,5
"updown",2.6,4,"PELT inflated",1,0.125,0.222222222222222,0,1.69980163070815,1
"updown",2.6,4,"PELT AR1 approximate",1,1,1,1,0.0707679385416853,8
"updown",2.6,4,"SVP AR1Focus",1,0.25,0.4,0,1.45842125075742,2
"updown",2.6,4,"SVP AR1Focus TRUE/TRUE",1,0.25,0.4,0,1.60068993436518,2
"rand1",2.6,4,"PELT inflated",1,0.625,0.769230769230769,0,0.15000202517461,5
"rand1",2.6,4,"PELT AR1 approximate",1,0.625,0.769230769230769,0,0.15000202517461,5
"rand1",2.6,4,"SVP AR1Focus",1,0.625,0.769230769230769,0,0.15000202517461,5
"rand1",2.6,4,"SVP AR1Focus TRUE/TRUE",1,0.625,0.769230769230769,0,0.15000202517461,5
"none",2.8,4,"PELT inflated",1,1,1,1,0.00800636781807082,1
"none",2.8,4,"PELT AR1 approximate",1,1,1,1,0.00800636781807082,1
"none",2.8,4,"SVP AR1Focus",1,1,1,1,0.00800636781807082,1
"none",2.8,4,"SVP AR1Focus TRUE/TRUE",1,1,1,1,0.00800636781807082,1
"up",2.8,4,"PELT inflated",0.833333333333333,0.625,0.714285714285714,0,1.20822137617105,6
"up",2.8,4,"PELT AR1 approximate",1,1,1,1,0.145729442301452,8
"up",2.8,4,"SVP AR1Focus",0.833333333333333,0.625,0.714285714285714,0,1.20822137617105,6
"up",2.8,4,"SVP AR1Focus TRUE/TRUE",0.833333333333333,0.625,0.714285714285714,0,1.20822137617105,6
"updown",2.8,4,"PELT inflated",1,0.25,0.4,0,1.73439906108249,2
"updown",2.8,4,"PELT AR1 approximate",1,1,1,1,0.029916658770117,8
"updown",2.8,4,"SVP AR1Focus",1,0.125,0.222222222222222,0,1.96425947394587,1
"updown",2.8,4,"SVP AR1Focus TRUE/TRUE",1,0.125,0.222222222222222,0,1.96425947394587,1
"rand1",2.8,4,"PELT inflated",1,0.375,0.545454545454545,0,0.775244754237067,3
"rand1",2.8,4,"PELT AR1 approximate",1,0.625,0.769230769230769,0,0.125071609720566,5
"rand1",2.8,4,"SVP AR1Focus",1,0.625,0.769230769230769,0,0.125071609720566,5
"rand1",2.8,4,"SVP AR1Focus TRUE/TRUE",1,0.625,0.769230769230769,0,0.125071609720566,5
"none",3,4,"PELT inflated",1,1,1,1,0.00582711106965066,1
"none",3,4,"PELT AR1 approximate",1,1,1,1,0.00582711106965066,1
"none",3,4,"SVP AR1Focus",1,1,1,1,0.00582711106965066,1
"none",3,4,"SVP AR1Focus TRUE/TRUE",1,1,1,1,0.00582711106965066,1
"up",3,4,"PELT inflated",1,1,1,1,0.123507026041675,8
"up",3,4,"PELT AR1 approximate",1,1,1,1,0.0389089963457613,8
"up",3,4,"SVP AR1Focus",0.833333333333333,0.625,0.714285714285714,0,1.33265136472145,6
"up",3,4,"SVP AR1Focus TRUE/TRUE",0.833333333333333,0.625,0.714285714285714,0,1.53031454330518,6
"updown",3,4,"PELT inflated",1,0.75,0.857142857142857,0,0.88542779614259,6
"updown",3,4,"PELT AR1 approximate",1,1,1,1,0.0598669981521841,8
"updown",3,4,"SVP AR1Focus",0.666666666666667,0.25,0.363636363636364,0,2.15532096310778,3
"updown",3,4,"SVP AR1Focus TRUE/TRUE",0.8,0.5,0.615384615384615,0,1.5555624772112,5
"rand1",3,4,"PELT inflated",1,0.625,0.769230769230769,0,0.138799854515852,5
"rand1",3,4,"PELT AR1 approximate",1,0.625,0.769230769230769,0,0.138799854515852,5
"rand1",3,4,"SVP AR1Focus",1,0.625,0.769230769230769,0,0.138799854515852,5
"rand1",3,4,"SVP AR1Focus TRUE/TRUE",1,0.625,0.769230769230769,0,0.138799854515852,5
"none",1,5,"PELT inflated",1,1,1,1,0.0363077567821708,1
"none",1,5,"PELT AR1 approximate",1,1,1,1,0.0363077567821708,1
"none",1,5,"SVP AR1Focus",1,1,1,1,0.0363077567821708,1
"none",1,5,"SVP AR1Focus TRUE/TRUE",1,1,1,1,0.0363077567821708,1
"up",1,5,"PELT inflated",0.666666666666667,0.25,0.363636363636364,0,0.646946226806123,3
"up",1,5,"PELT AR1 approximate",0.666666666666667,0.25,0.363636363636364,0,0.652035493832128,3
"up",1,5,"SVP AR1Focus",1,0.25,0.4,0,1.50062750838892,2
"up",1,5,"SVP AR1Focus TRUE/TRUE",1,0.25,0.4,0,1.50062750838892,2
"updown",1,5,"PELT inflated",1,0.125,0.222222222222222,0,0.261746194813972,1
"updown",1,5,"PELT AR1 approximate",1,0.125,0.222222222222222,0,0.261746194813972,1
"updown",1,5,"SVP AR1Focus",1,0.125,0.222222222222222,0,0.261746194813972,1
"updown",1,5,"SVP AR1Focus TRUE/TRUE",1,0.125,0.222222222222222,0,0.261746194813972,1
"rand1",1,5,"PELT inflated",1,0.125,0.222222222222222,0,0.446078829738643,1
"rand1",1,5,"PELT AR1 approximate",1,0.25,0.4,0,0.314788588739766,2
"rand1",1,5,"SVP AR1Focus",1,0.125,0.222222222222222,0,0.446078829738643,1
"rand1",1,5,"SVP AR1Focus TRUE/TRUE",1,0.125,0.222222222222222,0,0.446078829738643,1
"none",1.2,5,"PELT inflated",1,1,1,1,0.00210260917932378,1
"none",1.2,5,"PELT AR1 approximate",1,1,1,1,0.00210260917932378,1
"none",1.2,5,"SVP AR1Focus",1,1,1,1,0.00210260917932378,1
"none",1.2,5,"SVP AR1Focus TRUE/TRUE",1,1,1,1,0.00210260917932378,1
"up",1.2,5,"PELT inflated",0.25,0.125,0.166666666666667,0,0.522922934116344,4
"up",1.2,5,"PELT AR1 approximate",0.8,0.5,0.615384615384615,0,0.349746054194725,5
"up",1.2,5,"SVP AR1Focus",0.666666666666667,0.25,0.363636363636364,0,0.869164525120447,3
"up",1.2,5,"SVP AR1Focus TRUE/TRUE",0.666666666666667,0.25,0.363636363636364,0,0.869164525120447,3
"updown",1.2,5,"PELT inflated",1,0.125,0.222222222222222,0,0.361679254302772,1
"updown",1.2,5,"PELT AR1 approximate",1,0.125,0.222222222222222,0,0.361679254302772,1
"updown",1.2,5,"SVP AR1Focus",1,0.125,0.222222222222222,0,0.361679254302772,1
"updown",1.2,5,"SVP AR1Focus TRUE/TRUE",1,0.125,0.222222222222222,0,0.361679254302772,1
"rand1",1.2,5,"PELT inflated",1,0.125,0.222222222222222,0,0.566669856872336,1
"rand1",1.2,5,"PELT AR1 approximate",1,0.25,0.4,0,0.338216165967215,2
"rand1",1.2,5,"SVP AR1Focus",1,0.125,0.222222222222222,0,0.566669856872336,1
"rand1",1.2,5,"SVP AR1Focus TRUE/TRUE",1,0.125,0.222222222222222,0,0.566669856872336,1
"none",1.4,5,"PELT inflated",1,1,1,1,0.0236462533349171,1
"none",1.4,5,"PELT AR1 approximate",1,1,1,1,0.0236462533349171,1
"none",1.4,5,"SVP AR1Focus",1,1,1,1,0.0236462533349171,1
"none",1.4,5,"SVP AR1Focus TRUE/TRUE",1,1,1,1,0.0236462533349171,1
"up",1.4,5,"PELT inflated",1,0.5,0.666666666666667,0,0.59626036584046,4
"up",1.4,5,"PELT AR1 approximate",0.833333333333333,0.625,0.714285714285714,0,0.356150596105484,6
"up",1.4,5,"SVP AR1Focus",0.333333333333333,0.125,0.181818181818182,0,1.3783290294514,3
"up",1.4,5,"SVP AR1Focus TRUE/TRUE",0.333333333333333,0.125,0.181818181818182,0,1.3783290294514,3
"updown",1.4,5,"PELT inflated",1,0.125,0.222222222222222,0,0.506246182460337,1
"updown",1.4,5,"PELT AR1 approximate",1,0.25,0.4,0,0.44974265004658,2
"updown",1.4,5,"SVP AR1Focus",1,0.125,0.222222222222222,0,0.506246182460337,1
"updown",1.4,5,"SVP AR1Focus TRUE/TRUE",1,0.125,0.222222222222222,0,0.506246182460337,1
"rand1",1.4,5,"PELT inflated",1,0.375,0.545454545454545,0,0.264169582197169,3
"rand1",1.4,5,"PELT AR1 approximate",1,0.375,0.545454545454545,0,0.264169582197169,3
"rand1",1.4,5,"SVP AR1Focus",1,0.25,0.4,0,0.530960197641253,2
"rand1",1.4,5,"SVP AR1Focus TRUE/TRUE",1,0.25,0.4,0,0.530960197641253,2
"none",1.6,5,"PELT inflated",1,1,1,1,0.0435963971347146,1
"none",1.6,5,"PELT AR1 approximate",1,1,1,1,0.0435963971347146,1
"none",1.6,5,"SVP AR1Focus",1,1,1,1,0.0435963971347146,1
"none",1.6,5,"SVP AR1Focus TRUE/TRUE",1,1,1,1,0.0435963971347146,1
"up",1.6,5,"PELT inflated",0.8,0.5,0.615384615384615,0,0.558794865824152,5
"up",1.6,5,"PELT AR1 approximate",1,0.625,0.769230769230769,0,0.525074232231184,5
"up",1.6,5,"SVP AR1Focus",0.333333333333333,0.125,0.181818181818182,0,1.78244162517951,3
"up",1.6,5,"SVP AR1Focus TRUE/TRUE",0.333333333333333,0.125,0.181818181818182,0,1.78244162517951,3
"updown",1.6,5,"PELT inflated",1,0.125,0.222222222222222,0,0.641383520947892,1
"updown",1.6,5,"PELT AR1 approximate",1,0.125,0.222222222222222,0,0.641383520947892,1
"updown",1.6,5,"SVP AR1Focus",1,0.125,0.222222222222222,0,0.641383520947892,1
"updown",1.6,5,"SVP AR1Focus TRUE/TRUE",1,0.125,0.222222222222222,0,0.641383520947892,1
"rand1",1.6,5,"PELT inflated",1,0.375,0.545454545454545,0,0.294153277039513,3
"rand1",1.6,5,"PELT AR1 approximate",1,0.625,0.769230769230769,0,0.0745485738380462,5
"rand1",1.6,5,"SVP AR1Focus",1,0.25,0.4,0,0.673117520759235,2
"rand1",1.6,5,"SVP AR1Focus TRUE/TRUE",1,0.375,0.545454545454545,0,0.294153277039513,3
"none",1.8,5,"PELT inflated",1,1,1,1,0.0331295731711065,1
"none",1.8,5,"PELT AR1 approximate",1,1,1,1,0.0331295731711065,1
"none",1.8,5,"SVP AR1Focus",1,1,1,1,0.0331295731711065,1
"none",1.8,5,"SVP AR1Focus TRUE/TRUE",1,1,1,1,0.0331295731711065,1
"up",1.8,5,"PELT inflated",1,0.625,0.769230769230769,0,0.708601142122409,5
"up",1.8,5,"PELT AR1 approximate",1,0.625,0.769230769230769,0,0.708601142122409,5
"up",1.8,5,"SVP AR1Focus",0.666666666666667,0.25,0.363636363636364,0,1.96399543590723,3
"up",1.8,5,"SVP AR1Focus TRUE/TRUE",0.666666666666667,0.25,0.363636363636364,0,1.96399543590723,3
"updown",1.8,5,"PELT inflated",0.5,0.125,0.2,0,0.806734242208525,2
"updown",1.8,5,"PELT AR1 approximate",0.75,0.375,0.5,0,0.674675118753467,4
"updown",1.8,5,"SVP AR1Focus",1,0.125,0.222222222222222,0,0.812199277170341,1
"updown",1.8,5,"SVP AR1Focus TRUE/TRUE",1,0.125,0.222222222222222,0,0.812199277170341,1
"rand1",1.8,5,"PELT inflated",1,0.375,0.545454545454545,0,0.398920118057226,3
"rand1",1.8,5,"PELT AR1 approximate",1,0.5,0.666666666666667,0,0.29283800220623,4
"rand1",1.8,5,"SVP AR1Focus",1,0.25,0.4,0,0.808299854275113,2
"rand1",1.8,5,"SVP AR1Focus TRUE/TRUE",1,0.25,0.4,0,0.808299854275113,2
"none",2,5,"PELT inflated",1,1,1,1,0.0324037352444151,1
"none",2,5,"PELT AR1 approximate",1,1,1,1,0.0324037352444151,1
"none",2,5,"SVP AR1Focus",1,1,1,1,0.0324037352444151,1
"none",2,5,"SVP AR1Focus TRUE/TRUE",1,1,1,1,0.0324037352444151,1
"up",2,5,"PELT inflated",0.8,0.5,0.615384615384615,0,0.883304348445947,5
"up",2,5,"PELT AR1 approximate",1,0.875,0.933333333333333,0,0.310983746609015,7
"up",2,5,"SVP AR1Focus",0.75,0.375,0.5,0,1.19471366513987,4
"up",2,5,"SVP AR1Focus TRUE/TRUE",0.75,0.375,0.5,0,1.19471366513987,4
"updown",2,5,"PELT inflated",1,0.125,0.222222222222222,0,1.00054376672996,1
"updown",2,5,"PELT AR1 approximate",1,0.5,0.666666666666667,0,0.643226624778221,4
"updown",2,5,"SVP AR1Focus",0.5,0.125,0.2,0,0.934335488282661,2
"updown",2,5,"SVP AR1Focus TRUE/TRUE",0.5,0.125,0.2,0,0.934335488282661,2
"rand1",2,5,"PELT inflated",1,0.375,0.545454545454545,0,0.394625936234907,3
"rand1",2,5,"PELT AR1 approximate",1,0.625,0.769230769230769,0,0.0554916767095785,5
"rand1",2,5,"SVP AR1Focus",1,0.375,0.545454545454545,0,0.868044936587333,3
"rand1",2,5,"SVP AR1Focus TRUE/TRUE",1,0.375,0.545454545454545,0,0.868044936587333,3
"none",2.2,5,"PELT inflated",1,1,1,1,0.00773398795576283,1
"none",2.2,5,"PELT AR1 approximate",1,1,1,1,0.00773398795576283,1
"none",2.2,5,"SVP AR1Focus",1,1,1,1,0.00773398795576283,1
"none",2.2,5,"SVP AR1Focus TRUE/TRUE",1,1,1,1,0.00773398795576283,1
"up",2.2,5,"PELT inflated",0.5,0.375,0.428571428571429,0,1.01243086661647,6
"up",2.2,5,"PELT AR1 approximate",0.714285714285714,0.625,0.666666666666667,0,0.582800992703082,7
"up",2.2,5,"SVP AR1Focus",0.25,0.125,0.166666666666667,0,2.35554610926121,4
"up",2.2,5,"SVP AR1Focus TRUE/TRUE",0.6,0.375,0.461538461538462,0,1.24608215250991,5
"updown",2.2,5,"PELT inflated",1,0.125,0.222222222222222,0,1.21639442367509,1
"updown",2.2,5,"PELT AR1 approximate",0.857142857142857,0.75,0.8,0,0.548642370407535,7
"updown",2.2,5,"SVP AR1Focus",1,0.125,0.222222222222222,0,1.21639442367509,1
"updown",2.2,5,"SVP AR1Focus TRUE/TRUE",1,0.125,0.222222222222222,0,1.21639442367509,1
"rand1",2.2,5,"PELT inflated",1,0.375,0.545454545454545,0,0.570581103150223,3
"rand1",2.2,5,"PELT AR1 approximate",1,0.625,0.769230769230769,0,0.169684455653001,5
"rand1",2.2,5,"SVP AR1Focus",1,0.25,0.4,0,1.19677988826983,2
"rand1",2.2,5,"SVP AR1Focus TRUE/TRUE",1,0.25,0.4,0,1.19677988826983,2
"none",2.4,5,"PELT inflated",1,1,1,1,0.0722113262459982,1
"none",2.4,5,"PELT AR1 approximate",1,1,1,1,0.0722113262459982,1
"none",2.4,5,"SVP AR1Focus",1,1,1,1,0.0722113262459982,1
"none",2.4,5,"SVP AR1Focus TRUE/TRUE",1,1,1,1,0.0722113262459982,1
"up",2.4,5,"PELT inflated",0.666666666666667,0.5,0.571428571428572,0,1.02683687946033,6
"up",2.4,5,"PELT AR1 approximate",1,1,1,1,0.161662414509912,8
"up",2.4,5,"SVP AR1Focus",0.5,0.25,0.333333333333333,0,2.35847954292162,4
"up",2.4,5,"SVP AR1Focus TRUE/TRUE",0.5,0.25,0.333333333333333,0,2.35847954292162,4
"updown",2.4,5,"PELT inflated",1,0.125,0.222222222222222,0,1.48542659216248,1
"updown",2.4,5,"PELT AR1 approximate",1,1,1,1,0.159111074825127,8
"updown",2.4,5,"SVP AR1Focus",1,0.125,0.222222222222222,0,1.48542659216248,1
"updown",2.4,5,"SVP AR1Focus TRUE/TRUE",1,0.125,0.222222222222222,0,1.48542659216248,1
"rand1",2.4,5,"PELT inflated",1,0.375,0.545454545454545,0,0.6400885512989,3
"rand1",2.4,5,"PELT AR1 approximate",1,0.625,0.769230769230769,0,0.147887416548587,5
"rand1",2.4,5,"SVP AR1Focus",0.666666666666667,0.25,0.363636363636364,0,1.31972932163757,3
"rand1",2.4,5,"SVP AR1Focus TRUE/TRUE",0.666666666666667,0.25,0.363636363636364,0,1.31972932163757,3
"none",2.6,5,"PELT inflated",1,1,1,1,0.000919166331494007,1
"none",2.6,5,"PELT AR1 approximate",1,1,1,1,0.000919166331494007,1
"none",2.6,5,"SVP AR1Focus",1,1,1,1,0.000919166331494007,1
"none",2.6,5,"SVP AR1Focus TRUE/TRUE",1,1,1,1,0.000919166331494007,1
"up",2.6,5,"PELT inflated",0.714285714285714,0.625,0.666666666666667,0,0.627187381644966,7
"up",2.6,5,"PELT AR1 approximate",1,1,1,1,0.18465945645773,8
"up",2.6,5,"SVP AR1Focus",1,0.5,0.666666666666667,0,1.75443737636094,4
"up",2.6,5,"SVP AR1Focus TRUE/TRUE",1,0.5,0.666666666666667,0,1.75443737636094,4
"updown",2.6,5,"PELT inflated",1,0.125,0.222222222222222,0,1.69230559401049,1
"updown",2.6,5,"PELT AR1 approximate",1,1,1,1,0.0700350873995179,8
"updown",2.6,5,"SVP AR1Focus",0.5,0.125,0.2,0,1.52345234283758,2
"updown",2.6,5,"SVP AR1Focus TRUE/TRUE",0.666666666666667,0.25,0.363636363636364,0,1.57969224230012,3
"rand1",2.6,5,"PELT inflated",1,0.375,0.545454545454545,0,0.687907818695916,3
"rand1",2.6,5,"PELT AR1 approximate",1,0.625,0.769230769230769,0,0.138317701838567,5
"rand1",2.6,5,"SVP AR1Focus",0.75,0.375,0.5,0,0.608939673618525,4
"rand1",2.6,5,"SVP AR1Focus TRUE/TRUE",1,0.625,0.769230769230769,0,0.138317701838567,5
"none",2.8,5,"PELT inflated",1,1,1,1,0.0348040525851716,1
"none",2.8,5,"PELT AR1 approximate",1,1,1,1,0.0348040525851716,1
"none",2.8,5,"SVP AR1Focus",1,1,1,1,0.0348040525851716,1
"none",2.8,5,"SVP AR1Focus TRUE/TRUE",1,1,1,1,0.0348040525851716,1
"up",2.8,5,"PELT inflated",1,1,1,1,0.0878519403192094,8
"up",2.8,5,"PELT AR1 approximate",1,1,1,1,0.0747646558457513,8
"up",2.8,5,"SVP AR1Focus",1,0.75,0.857142857142857,0,1.08774576015152,6
"up",2.8,5,"SVP AR1Focus TRUE/TRUE",1,0.75,0.857142857142857,0,1.08774576015152,6
"updown",2.8,5,"PELT inflated",1,1,1,1,0.107756367054738,8
"updown",2.8,5,"PELT AR1 approximate",1,1,1,1,0.0923335659738381,8
"updown",2.8,5,"SVP AR1Focus",0.666666666666667,0.25,0.363636363636364,0,1.84083226280248,3
"updown",2.8,5,"SVP AR1Focus TRUE/TRUE",0.5,0.375,0.428571428571429,0,1.20510538808691,6
"rand1",2.8,5,"PELT inflated",1,0.625,0.769230769230769,0,0.122598169064368,5
"rand1",2.8,5,"PELT AR1 approximate",1,0.625,0.769230769230769,0,0.122598169064368,5
"rand1",2.8,5,"SVP AR1Focus",1,0.625,0.769230769230769,0,0.122598169064368,5
"rand1",2.8,5,"SVP AR1Focus TRUE/TRUE",1,0.625,0.769230769230769,0,0.122598169064368,5
"none",3,5,"PELT inflated",1,1,1,1,0.000133263313794952,1
"none",3,5,"PELT AR1 approximate",1,1,1,1,0.000133263313794952,1
"none",3,5,"SVP AR1Focus",1,1,1,1,0.000133263313794952,1
"none",3,5,"SVP AR1Focus TRUE/TRUE",1,1,1,1,0.000133263313794952,1
"up",3,5,"PELT inflated",0.857142857142857,0.75,0.8,0,0.692635758782822,7
"up",3,5,"PELT AR1 approximate",1,1,1,1,0.153936051157629,8
"up",3,5,"SVP AR1Focus",0.6,0.375,0.461538461538462,0,2.02750423530489,5
"up",3,5,"SVP AR1Focus TRUE/TRUE",0.833333333333333,0.625,0.714285714285714,0,1.22600098479676,6
"updown",3,5,"PELT inflated",1,0.625,0.769230769230769,0,1.27607864494325,5
"updown",3,5,"PELT AR1 approximate",1,1,1,1,0.213540728064039,8
"updown",3,5,"SVP AR1Focus",0.666666666666667,0.25,0.363636363636364,0,2.04613308214334,3
"updown",3,5,"SVP AR1Focus TRUE/TRUE",1,0.5,0.666666666666667,0,1.48751977543505,4
"rand1",3,5,"PELT inflated",1,0.625,0.769230769230769,0,0.0945187754885265,5
"rand1",3,5,"PELT AR1 approximate",1,0.625,0.769230769230769,0,0.0945187754885265,5
"rand1",3,5,"SVP AR1Focus",1,0.625,0.769230769230769,0,0.0945187754885265,5
"rand1",3,5,"SVP AR1Focus TRUE/TRUE",1,0.625,0.769230769230769,0,0.0945187754885265,5
"none",1,6,"PELT inflated",1,1,1,1,7.17122007951744e-06,1
"none",1,6,"PELT AR1 approximate",1,1,1,1,7.17122007951744e-06,1
"none",1,6,"SVP AR1Focus",1,1,1,1,7.17122007951744e-06,1
"none",1,6,"SVP AR1Focus TRUE/TRUE",1,1,1,1,7.17122007951744e-06,1
"up",1,6,"PELT inflated",0.666666666666667,0.25,0.363636363636364,0,0.685368035656795,3
"up",1,6,"PELT AR1 approximate",0.25,0.125,0.166666666666667,0,0.512481832234724,4
"up",1,6,"SVP AR1Focus",0.5,0.125,0.2,0,1.44630321070571,2
"up",1,6,"SVP AR1Focus TRUE/TRUE",0.5,0.125,0.2,0,1.44630321070571,2
"updown",1,6,"PELT inflated",1,0.125,0.222222222222222,0,0.250520905422495,1
"updown",1,6,"PELT AR1 approximate",1,0.125,0.222222222222222,0,0.250520905422495,1
"updown",1,6,"SVP AR1Focus",1,0.125,0.222222222222222,0,0.250520905422495,1
"updown",1,6,"SVP AR1Focus TRUE/TRUE",1,0.125,0.222222222222222,0,0.250520905422495,1
"rand1",1,6,"PELT inflated",1,0.125,0.222222222222222,0,0.394369652809189,1
"rand1",1,6,"PELT AR1 approximate",1,0.125,0.222222222222222,0,0.394369652809189,1
"rand1",1,6,"SVP AR1Focus",1,0.125,0.222222222222222,0,0.394369652809189,1
"rand1",1,6,"SVP AR1Focus TRUE/TRUE",1,0.125,0.222222222222222,0,0.394369652809189,1
"none",1.2,6,"PELT inflated",1,1,1,1,0.00128651453811676,1
"none",1.2,6,"PELT AR1 approximate",1,1,1,1,0.00128651453811676,1
"none",1.2,6,"SVP AR1Focus",1,1,1,1,0.00128651453811676,1
"none",1.2,6,"SVP AR1Focus TRUE/TRUE",1,1,1,1,0.00128651453811676,1
"up",1.2,6,"PELT inflated",0.5,0.25,0.333333333333333,0,0.652359902338608,4
"up",1.2,6,"PELT AR1 approximate",0.25,0.125,0.166666666666667,0,0.691208213438049,4
"up",1.2,6,"SVP AR1Focus",1,0.375,0.545454545454545,0,0.882439932826919,3
"up",1.2,6,"SVP AR1Focus TRUE/TRUE",1,0.375,0.545454545454545,0,0.882439932826919,3
"updown",1.2,6,"PELT inflated",1,0.125,0.222222222222222,0,0.398349026714977,1
"updown",1.2,6,"PELT AR1 approximate",1,0.125,0.222222222222222,0,0.398349026714977,1
"updown",1.2,6,"SVP AR1Focus",1,0.125,0.222222222222222,0,0.398349026714977,1
"updown",1.2,6,"SVP AR1Focus TRUE/TRUE",1,0.125,0.222222222222222,0,0.398349026714977,1
"rand1",1.2,6,"PELT inflated",1,0.25,0.4,0,0.384999540387934,2
"rand1",1.2,6,"PELT AR1 approximate",1,0.25,0.4,0,0.525981914131402,2
"rand1",1.2,6,"SVP AR1Focus",1,0.125,0.222222222222222,0,0.584494104665676,1
"rand1",1.2,6,"SVP AR1Focus TRUE/TRUE",1,0.125,0.222222222222222,0,0.584494104665676,1
"none",1.4,6,"PELT inflated",1,1,1,1,0.0074475981096883,1
"none",1.4,6,"PELT AR1 approximate",1,1,1,1,0.0074475981096883,1
"none",1.4,6,"SVP AR1Focus",1,1,1,1,0.0074475981096883,1
"none",1.4,6,"SVP AR1Focus TRUE/TRUE",1,1,1,1,0.0074475981096883,1
"up",1.4,6,"PELT inflated",0.5,0.25,0.333333333333333,0,0.94993759690767,4
"up",1.4,6,"PELT AR1 approximate",0.4,0.25,0.307692307692308,0,0.700053350757345,5
"up",1.4,6,"SVP AR1Focus",0.333333333333333,0.125,0.181818181818182,0,1.33693824305831,3
"up",1.4,6,"SVP AR1Focus TRUE/TRUE",0.333333333333333,0.125,0.181818181818182,0,1.33693824305831,3
"updown",1.4,6,"PELT inflated",1,0.125,0.222222222222222,0,0.490029060748399,1
"updown",1.4,6,"PELT AR1 approximate",1,0.125,0.222222222222222,0,0.490029060748399,1
"updown",1.4,6,"SVP AR1Focus",1,0.125,0.222222222222222,0,0.490029060748399,1
"updown",1.4,6,"SVP AR1Focus TRUE/TRUE",1,0.125,0.222222222222222,0,0.490029060748399,1
"rand1",1.4,6,"PELT inflated",1,0.25,0.4,0,0.486569623344392,2
"rand1",1.4,6,"PELT AR1 approximate",1,0.375,0.545454545454545,0,0.215986988352123,3
"rand1",1.4,6,"SVP AR1Focus",1,0.25,0.4,0,0.486569623344392,2
"rand1",1.4,6,"SVP AR1Focus TRUE/TRUE",1,0.25,0.4,0,0.486569623344392,2
"none",1.6,6,"PELT inflated",1,1,1,1,0.0104655341158212,1
"none",1.6,6,"PELT AR1 approximate",1,1,1,1,0.0104655341158212,1
"none",1.6,6,"SVP AR1Focus",1,1,1,1,0.0104655341158212,1
"none",1.6,6,"SVP AR1Focus TRUE/TRUE",1,1,1,1,0.0104655341158212,1
"up",1.6,6,"PELT inflated",0.6,0.375,0.461538461538462,0,0.917139961151351,5
"up",1.6,6,"PELT AR1 approximate",0.8,0.5,0.615384615384615,0,0.721807812587795,5
"up",1.6,6,"SVP AR1Focus",0.333333333333333,0.125,0.181818181818182,0,1.88060155430143,3
"up",1.6,6,"SVP AR1Focus TRUE/TRUE",0.25,0.125,0.166666666666667,0,1.30632149877103,4
"updown",1.6,6,"PELT inflated",1,0.125,0.222222222222222,0,0.732431191368887,1
"updown",1.6,6,"PELT AR1 approximate",1,0.125,0.222222222222222,0,0.732431191368887,1
"updown",1.6,6,"SVP AR1Focus",1,0.125,0.222222222222222,0,0.732431191368887,1
"updown",1.6,6,"SVP AR1Focus TRUE/TRUE",1,0.125,0.222222222222222,0,0.732431191368887,1
"rand1",1.6,6,"PELT inflated",1,0.375,0.545454545454545,0,0.37393894448046,3
"rand1",1.6,6,"PELT AR1 approximate",1,0.625,0.769230769230769,0,0.195993621014381,5
"rand1",1.6,6,"SVP AR1Focus",0.5,0.125,0.2,0,0.960828478514931,2
"rand1",1.6,6,"SVP AR1Focus TRUE/TRUE",1,0.375,0.545454545454545,0,0.37393894448046,3
"none",1.8,6,"PELT inflated",1,1,1,1,0.0145747795308827,1
"none",1.8,6,"PELT AR1 approximate",1,1,1,1,0.0145747795308827,1
"none",1.8,6,"SVP AR1Focus",1,1,1,1,0.0145747795308827,1
"none",1.8,6,"SVP AR1Focus TRUE/TRUE",1,1,1,1,0.0145747795308827,1
"up",1.8,6,"PELT inflated",0.75,0.375,0.5,0,0.959250780722848,4
"up",1.8,6,"PELT AR1 approximate",0.833333333333333,0.625,0.714285714285714,0,0.485290406387202,6
"up",1.8,6,"SVP AR1Focus",0.666666666666667,0.25,0.363636363636364,0,2.04006337648444,3
"up",1.8,6,"SVP AR1Focus TRUE/TRUE",1,0.375,0.545454545454545,0,1.86755782499087,3
"updown",1.8,6,"PELT inflated",1,0.125,0.222222222222222,0,0.819266647425809,1
"updown",1.8,6,"PELT AR1 approximate",1,0.125,0.222222222222222,0,0.819266647425809,1
"updown",1.8,6,"SVP AR1Focus",1,0.125,0.222222222222222,0,0.819266647425809,1
"updown",1.8,6,"SVP AR1Focus TRUE/TRUE",1,0.125,0.222222222222222,0,0.819266647425809,1
"rand1",1.8,6,"PELT inflated",1,0.375,0.545454545454545,0,0.333069397523649,3
"rand1",1.8,6,"PELT AR1 approximate",1,0.625,0.769230769230769,0,0.101871258923542,5
"rand1",1.8,6,"SVP AR1Focus",1,0.25,0.4,0,0.789082288069926,2
"rand1",1.8,6,"SVP AR1Focus TRUE/TRUE",0.5,0.125,0.2,0,0.991493072576084,2
"none",2,6,"PELT inflated",1,1,1,1,0.00153020757584875,1
"none",2,6,"PELT AR1 approximate",1,1,1,1,0.00153020757584875,1
"none",2,6,"SVP AR1Focus",1,1,1,1,0.00153020757584875,1
"none",2,6,"SVP AR1Focus TRUE/TRUE",1,1,1,1,0.00153020757584875,1
"up",2,6,"PELT inflated",0.5,0.25,0.333333333333333,0,1.30788696210941,4
"up",2,6,"PELT AR1 approximate",1,0.75,0.857142857142857,0,0.56116757088018,6
"up",2,6,"SVP AR1Focus",0.5,0.25,0.333333333333333,0,1.30788696210941,4
"up",2,6,"SVP AR1Focus TRUE/TRUE",0.5,0.25,0.333333333333333,0,1.30788696210941,4
"updown",2,6,"PELT inflated",1,0.125,0.222222222222222,0,1.00116408646897,1
"updown",2,6,"PELT AR1 approximate",1,0.5,0.666666666666667,0,0.687605964490333,4
"updown",2,6,"SVP AR1Focus",1,0.125,0.222222222222222,0,1.00116408646897,1
"updown",2,6,"SVP AR1Focus TRUE/TRUE",1,0.125,0.222222222222222,0,1.00116408646897,1
"rand1",2,6,"PELT inflated",1,0.625,0.769230769230769,0,0.0949890806065169,5
"rand1",2,6,"PELT AR1 approximate",1,0.625,0.769230769230769,0,0.0949890806065169,5
"rand1",2,6,"SVP AR1Focus",0.666666666666667,0.25,0.363636363636364,0,0.999389204759227,3
"rand1",2,6,"SVP AR1Focus TRUE/TRUE",1,0.5,0.666666666666667,0,0.353507182476408,4
"none",2.2,6,"PELT inflated",1,1,1,1,0.00270804835338988,1
"none",2.2,6,"PELT AR1 approximate",1,1,1,1,0.00270804835338988,1
"none",2.2,6,"SVP AR1Focus",1,1,1,1,0.00270804835338988,1
"none",2.2,6,"SVP AR1Focus TRUE/TRUE",1,1,1,1,0.00270804835338988,1
"up",2.2,6,"PELT inflated",0.8,0.5,0.615384615384615,0,1.07191896145097,5
"up",2.2,6,"PELT AR1 approximate",1,0.875,0.933333333333333,0,0.375763173352364,7
"up",2.2,6,"SVP AR1Focus",1,0.5,0.666666666666667,0,1.25146774783538,4
"up",2.2,6,"SVP AR1Focus TRUE/TRUE",0.5,0.25,0.333333333333333,0,1.82242534117342,4
"updown",2.2,6,"PELT inflated",1,0.125,0.222222222222222,0,1.25074776363918,1
"updown",2.2,6,"PELT AR1 approximate",1,0.375,0.545454545454545,0,0.952879443998431,3
"updown",2.2,6,"SVP AR1Focus",1,0.125,0.222222222222222,0,1.25074776363918,1
"updown",2.2,6,"SVP AR1Focus TRUE/TRUE",1,0.125,0.222222222222222,0,1.25074776363918,1
"rand1",2.2,6,"PELT inflated",1,0.625,0.769230769230769,0,0.235473832553875,5
"rand1",2.2,6,"PELT AR1 approximate",1,0.625,0.769230769230769,0,0.210259586140166,5
"rand1",2.2,6,"SVP AR1Focus",1,0.625,0.769230769230769,0,0.235473832553875,5
"rand1",2.2,6,"SVP AR1Focus TRUE/TRUE",1,0.625,0.769230769230769,0,0.235473832553875,5
"none",2.4,6,"PELT inflated",1,1,1,1,0.00337859947749856,1
"none",2.4,6,"PELT AR1 approximate",1,1,1,1,0.00337859947749856,1
"none",2.4,6,"SVP AR1Focus",1,1,1,1,0.00337859947749856,1
"none",2.4,6,"SVP AR1Focus TRUE/TRUE",1,1,1,1,0.00337859947749856,1
"up",2.4,6,"PELT inflated",0.6,0.375,0.461538461538462,0,1.34397711139471,5
"up",2.4,6,"PELT AR1 approximate",1,1,1,1,0.192319386522525,8
"up",2.4,6,"SVP AR1Focus",0.75,0.375,0.5,0,1.69988935282414,4
"up",2.4,6,"SVP AR1Focus TRUE/TRUE",0.75,0.375,0.5,0,1.69988935282414,4
"updown",2.4,6,"PELT inflated",1,0.25,0.4,0,1.28031715667069,2
"updown",2.4,6,"PELT AR1 approximate",1,1,1,1,0.112264080654434,8
"updown",2.4,6,"SVP AR1Focus",0.5,0.125,0.2,0,1.30393960509319,2
"updown",2.4,6,"SVP AR1Focus TRUE/TRUE",0.666666666666667,0.25,0.363636363636364,0,1.19500448909229,3
"rand1",2.4,6,"PELT inflated",1,0.625,0.769230769230769,0,0.231945764813814,5
"rand1",2.4,6,"PELT AR1 approximate",1,0.625,0.769230769230769,0,0.130111112855013,5
"rand1",2.4,6,"SVP AR1Focus",0.666666666666667,0.25,0.363636363636364,0,1.32844232839828,3
"rand1",2.4,6,"SVP AR1Focus TRUE/TRUE",1,0.5,0.666666666666667,0,0.545215961891557,4
"none",2.6,6,"PELT inflated",1,1,1,1,0.0100786108504486,1
"none",2.6,6,"PELT AR1 approximate",1,1,1,1,0.0100786108504486,1
"none",2.6,6,"SVP AR1Focus",1,1,1,1,0.0100786108504486,1
"none",2.6,6,"SVP AR1Focus TRUE/TRUE",1,1,1,1,0.0100786108504486,1
"up",2.6,6,"PELT inflated",0.714285714285714,0.625,0.666666666666667,0,0.832222512697144,7
"up",2.6,6,"PELT AR1 approximate",1,1,1,1,0.0952076901794459,8
"up",2.6,6,"SVP AR1Focus",1,0.625,0.769230769230769,0,1.37043289394987,5
"up",2.6,6,"SVP AR1Focus TRUE/TRUE",1,0.625,0.769230769230769,0,1.37043289394987,5
"updown",2.6,6,"PELT inflated",1,0.125,0.222222222222222,0,1.69212907786102,1
"updown",2.6,6,"PELT AR1 approximate",1,1,1,1,0.0723699159399542,8
"updown",2.6,6,"SVP AR1Focus",1,0.125,0.222222222222222,0,1.69212907786102,1
"updown",2.6,6,"SVP AR1Focus TRUE/TRUE",1,0.125,0.222222222222222,0,1.69212907786102,1
"rand1",2.6,6,"PELT inflated",1,0.625,0.769230769230769,0,0.190119883545075,5
"rand1",2.6,6,"PELT AR1 approximate",1,0.625,0.769230769230769,0,0.118620902173735,5
"rand1",2.6,6,"SVP AR1Focus",1,0.625,0.769230769230769,0,0.190119883545075,5
"rand1",2.6,6,"SVP AR1Focus TRUE/TRUE",1,0.625,0.769230769230769,0,0.190119883545075,5
"none",2.8,6,"PELT inflated",1,1,1,1,0.0272258972031129,1
"none",2.8,6,"PELT AR1 approximate",1,1,1,1,0.0272258972031129,1
"none",2.8,6,"SVP AR1Focus",1,1,1,1,0.0272258972031129,1
"none",2.8,6,"SVP AR1Focus TRUE/TRUE",1,1,1,1,0.0272258972031129,1
"up",2.8,6,"PELT inflated",1,1,1,1,0.100733135793895,8
"up",2.8,6,"PELT AR1 approximate",1,1,1,1,0.0850132265970967,8
"up",2.8,6,"SVP AR1Focus",0.8,0.5,0.615384615384615,0,1.72340122989603,5
"up",2.8,6,"SVP AR1Focus TRUE/TRUE",0.8,0.5,0.615384615384615,0,1.72340122989603,5
"updown",2.8,6,"PELT inflated",0.5,0.125,0.2,0,1.820550353119,2
"updown",2.8,6,"PELT AR1 approximate",1,1,1,1,0.0847331229551899,8
"updown",2.8,6,"SVP AR1Focus",0.5,0.125,0.2,0,1.89746885252989,2
"updown",2.8,6,"SVP AR1Focus TRUE/TRUE",0.75,0.375,0.5,0,1.43829848085746,4
"rand1",2.8,6,"PELT inflated",1,0.625,0.769230769230769,0,0.123121712024226,5
"rand1",2.8,6,"PELT AR1 approximate",1,0.625,0.769230769230769,0,0.123121712024226,5
"rand1",2.8,6,"SVP AR1Focus",1,0.625,0.769230769230769,0,0.123121712024226,5
"rand1",2.8,6,"SVP AR1Focus TRUE/TRUE",1,0.625,0.769230769230769,0,0.123121712024226,5
"none",3,6,"PELT inflated",1,1,1,1,0.0101185306871678,1
"none",3,6,"PELT AR1 approximate",1,1,1,1,0.0101185306871678,1
"none",3,6,"SVP AR1Focus",1,1,1,1,0.0101185306871678,1
"none",3,6,"SVP AR1Focus TRUE/TRUE",1,1,1,1,0.0101185306871678,1
"up",3,6,"PELT inflated",1,1,1,1,0.133673298584778,8
"up",3,6,"PELT AR1 approximate",1,1,1,1,0.102202717621167,8
"up",3,6,"SVP AR1Focus",0.833333333333333,0.625,0.714285714285714,0,1.27607763043488,6
"up",3,6,"SVP AR1Focus TRUE/TRUE",0.833333333333333,0.625,0.714285714285714,0,1.27607763043488,6
"updown",3,6,"PELT inflated",1,0.25,0.4,0,1.94120232565722,2
"updown",3,6,"PELT AR1 approximate",1,1,1,1,0.0720684248868941,8
"updown",3,6,"SVP AR1Focus",0.5,0.125,0.2,0,2.09566717451124,2
"updown",3,6,"SVP AR1Focus TRUE/TRUE",0.857142857142857,0.75,0.8,0,0.728992652657044,7
"rand1",3,6,"PELT inflated",1,0.625,0.769230769230769,0,0.0974544865288827,5
"rand1",3,6,"PELT AR1 approximate",1,0.625,0.769230769230769,0,0.0974544865288827,5
"rand1",3,6,"SVP AR1Focus",1,0.625,0.769230769230769,0,0.0974544865288827,5
"rand1",3,6,"SVP AR1Focus TRUE/TRUE",1,0.625,0.769230769230769,0,0.0974544865288827,5
"none",1,7,"PELT inflated",1,1,1,1,0.00260908405160763,1
"none",1,7,"PELT AR1 approximate",1,1,1,1,0.00260908405160763,1
"none",1,7,"SVP AR1Focus",1,1,1,1,0.00260908405160763,1
"none",1,7,"SVP AR1Focus TRUE/TRUE",1,1,1,1,0.00260908405160763,1
"up",1,7,"PELT inflated",0.75,0.375,0.5,0,0.399454583382981,4
"up",1,7,"PELT AR1 approximate",0.75,0.375,0.5,0,0.401582273272345,4
"up",1,7,"SVP AR1Focus",0.5,0.125,0.2,0,1.47659231123843,2
"up",1,7,"SVP AR1Focus TRUE/TRUE",0.5,0.125,0.2,0,1.47659231123843,2
"updown",1,7,"PELT inflated",1,0.125,0.222222222222222,0,0.276433842573042,1
"updown",1,7,"PELT AR1 approximate",1,0.25,0.4,0,0.334251334755167,2
"updown",1,7,"SVP AR1Focus",1,0.125,0.222222222222222,0,0.276433842573042,1
"updown",1,7,"SVP AR1Focus TRUE/TRUE",1,0.125,0.222222222222222,0,0.276433842573042,1
"rand1",1,7,"PELT inflated",0.5,0.125,0.2,0,0.356015314104735,2
"rand1",1,7,"PELT AR1 approximate",0.666666666666667,0.25,0.363636363636364,0,0.277045730983981,3
"rand1",1,7,"SVP AR1Focus",0.5,0.125,0.2,0,0.356015314104735,2
"rand1",1,7,"SVP AR1Focus TRUE/TRUE",0.5,0.125,0.2,0,0.356015314104735,2
"none",1.2,7,"PELT inflated",1,1,1,1,0.0211351143962949,1
"none",1.2,7,"PELT AR1 approximate",1,1,1,1,0.0211351143962949,1
"none",1.2,7,"SVP AR1Focus",1,1,1,1,0.0211351143962949,1
"none",1.2,7,"SVP AR1Focus TRUE/TRUE",1,1,1,1,0.0211351143962949,1
"up",1.2,7,"PELT inflated",0.4,0.25,0.307692307692308,0,0.377350759268143,5
"up",1.2,7,"PELT AR1 approximate",0.4,0.25,0.307692307692308,0,0.377921760626958,5
"up",1.2,7,"SVP AR1Focus",0.666666666666667,0.25,0.363636363636364,0,0.872395472466578,3
"up",1.2,7,"SVP AR1Focus TRUE/TRUE",0.666666666666667,0.25,0.363636363636364,0,0.872395472466578,3
"updown",1.2,7,"PELT inflated",1,0.125,0.222222222222222,0,0.366693231769848,1
"updown",1.2,7,"PELT AR1 approximate",1,0.125,0.222222222222222,0,0.366693231769848,1
"updown",1.2,7,"SVP AR1Focus",1,0.125,0.222222222222222,0,0.366693231769848,1
"updown",1.2,7,"SVP AR1Focus TRUE/TRUE",1,0.125,0.222222222222222,0,0.366693231769848,1
"rand1",1.2,7,"PELT inflated",1,0.25,0.4,0,0.349327970416452,2
"rand1",1.2,7,"PELT AR1 approximate",1,0.25,0.4,0,0.349327970416452,2
"rand1",1.2,7,"SVP AR1Focus",1,0.125,0.222222222222222,0,0.565920928088245,1
"rand1",1.2,7,"SVP AR1Focus TRUE/TRUE",1,0.125,0.222222222222222,0,0.565920928088245,1
"none",1.4,7,"PELT inflated",1,1,1,1,0.00790855088486367,1
"none",1.4,7,"PELT AR1 approximate",1,1,1,1,0.00790855088486367,1
"none",1.4,7,"SVP AR1Focus",1,1,1,1,0.00790855088486367,1
"none",1.4,7,"SVP AR1Focus TRUE/TRUE",1,1,1,1,0.00790855088486367,1
"up",1.4,7,"PELT inflated",0.5,0.25,0.333333333333333,0,0.827567707293795,4
"up",1.4,7,"PELT AR1 approximate",1,0.625,0.769230769230769,0,0.444973063808902,5
"up",1.4,7,"SVP AR1Focus",1,0.375,0.545454545454545,0,1.1735208882911,3
"up",1.4,7,"SVP AR1Focus TRUE/TRUE",1,0.375,0.545454545454545,0,1.1735208882911,3
"updown",1.4,7,"PELT inflated",1,0.125,0.222222222222222,0,0.490777138685756,1
"updown",1.4,7,"PELT AR1 approximate",1,0.125,0.222222222222222,0,0.490777138685756,1
"updown",1.4,7,"SVP AR1Focus",1,0.125,0.222222222222222,0,0.490777138685756,1
"updown",1.4,7,"SVP AR1Focus TRUE/TRUE",1,0.125,0.222222222222222,0,0.490777138685756,1
"rand1",1.4,7,"PELT inflated",1,0.125,0.222222222222222,0,0.774925725063862,1
"rand1",1.4,7,"PELT AR1 approximate",1,0.375,0.545454545454545,0,0.225275339541805,3
"rand1",1.4,7,"SVP AR1Focus",1,0.25,0.4,0,0.521804877929823,2
"rand1",1.4,7,"SVP AR1Focus TRUE/TRUE",1,0.25,0.4,0,0.521804877929823,2
"none",1.6,7,"PELT inflated",1,1,1,1,0.0121422105058461,1
"none",1.6,7,"PELT AR1 approximate",1,1,1,1,0.0121422105058461,1
"none",1.6,7,"SVP AR1Focus",1,1,1,1,0.0121422105058461,1
"none",1.6,7,"SVP AR1Focus TRUE/TRUE",1,1,1,1,0.0121422105058461,1
"up",1.6,7,"PELT inflated",0.5,0.25,0.333333333333333,0,0.862657712799571,4
"up",1.6,7,"PELT AR1 approximate",1,0.625,0.769230769230769,0,0.536866846019384,5
"up",1.6,7,"SVP AR1Focus",0.333333333333333,0.125,0.181818181818182,0,1.64155754834619,3
"up",1.6,7,"SVP AR1Focus TRUE/TRUE",0.333333333333333,0.125,0.181818181818182,0,1.64155754834619,3
"updown",1.6,7,"PELT inflated",1,0.125,0.222222222222222,0,0.640193394434754,1
"updown",1.6,7,"PELT AR1 approximate",1,0.125,0.222222222222222,0,0.640193394434754,1
"updown",1.6,7,"SVP AR1Focus",1,0.125,0.222222222222222,0,0.640193394434754,1
"updown",1.6,7,"SVP AR1Focus TRUE/TRUE",1,0.125,0.222222222222222,0,0.640193394434754,1
"rand1",1.6,7,"PELT inflated",1,0.375,0.545454545454545,0,0.31440873498413,3
"rand1",1.6,7,"PELT AR1 approximate",1,0.625,0.769230769230769,0,0.108937244791772,5
"rand1",1.6,7,"SVP AR1Focus",1,0.25,0.4,0,0.641151225430695,2
"rand1",1.6,7,"SVP AR1Focus TRUE/TRUE",1,0.25,0.4,0,0.641151225430695,2
"none",1.8,7,"PELT inflated",1,1,1,1,0.00460363049956849,1
"none",1.8,7,"PELT AR1 approximate",1,1,1,1,0.00460363049956849,1
"none",1.8,7,"SVP AR1Focus",1,1,1,1,0.00460363049956849,1
"none",1.8,7,"SVP AR1Focus TRUE/TRUE",1,1,1,1,0.00460363049956849,1
"up",1.8,7,"PELT inflated",0.4,0.25,0.307692307692308,0,0.923757906377503,5
"up",1.8,7,"PELT AR1 approximate",0.833333333333333,0.625,0.714285714285714,0,0.498750526440458,6
"up",1.8,7,"SVP AR1Focus",0.25,0.125,0.166666666666667,0,1.16000164978121,4
"up",1.8,7,"SVP AR1Focus TRUE/TRUE",0.25,0.125,0.166666666666667,0,1.16000164978121,4
"updown",1.8,7,"PELT inflated",0.5,0.125,0.2,0,0.816811042662875,2
"updown",1.8,7,"PELT AR1 approximate",0.666666666666667,0.25,0.363636363636364,0,0.71850918950517,3
"updown",1.8,7,"SVP AR1Focus",1,0.125,0.222222222222222,0,0.816425472348131,1
"updown",1.8,7,"SVP AR1Focus TRUE/TRUE",1,0.125,0.222222222222222,0,0.816425472348131,1
"rand1",1.8,7,"PELT inflated",1,0.375,0.545454545454545,0,0.331594501207684,3
"rand1",1.8,7,"PELT AR1 approximate",1,0.625,0.769230769230769,0,0.0587109587145504,5
"rand1",1.8,7,"SVP AR1Focus",1,0.25,0.4,0,0.841438472661253,2
"rand1",1.8,7,"SVP AR1Focus TRUE/TRUE",1,0.25,0.4,0,0.841438472661253,2
"none",2,7,"PELT inflated",1,1,1,1,0.00774219499398765,1
"none",2,7,"PELT AR1 approximate",1,1,1,1,0.00774219499398765,1
"none",2,7,"SVP AR1Focus",1,1,1,1,0.00774219499398765,1
"none",2,7,"SVP AR1Focus TRUE/TRUE",1,1,1,1,0.00774219499398765,1
"up",2,7,"PELT inflated",0.666666666666667,0.5,0.571428571428572,0,0.683878949527301,6
"up",2,7,"PELT AR1 approximate",1,0.875,0.933333333333333,0,0.311081731728511,7
"up",2,7,"SVP AR1Focus",0.666666666666667,0.25,0.363636363636364,0,2.48186290899809,3
"up",2,7,"SVP AR1Focus TRUE/TRUE",0.666666666666667,0.25,0.363636363636364,0,2.48186290899809,3
"updown",2,7,"PELT inflated",1,0.125,0.222222222222222,0,1.00535370192058,1
"updown",2,7,"PELT AR1 approximate",1,0.5,0.666666666666667,0,0.639481272256943,4
"updown",2,7,"SVP AR1Focus",1,0.125,0.222222222222222,0,1.00535370192058,1
"updown",2,7,"SVP AR1Focus TRUE/TRUE",1,0.125,0.222222222222222,0,1.00535370192058,1
"rand1",2,7,"PELT inflated",1,0.375,0.545454545454545,0,0.415324498145242,3
"rand1",2,7,"PELT AR1 approximate",1,0.625,0.769230769230769,0,0.08245215775201,5
"rand1",2,7,"SVP AR1Focus",1,0.5,0.666666666666667,0,0.51297261577623,4
"rand1",2,7,"SVP AR1Focus TRUE/TRUE",1,0.5,0.666666666666667,0,0.345758786671239,4
"none",2.2,7,"PELT inflated",1,1,1,1,0.0108228217908325,1
"none",2.2,7,"PELT AR1 approximate",1,1,1,1,0.0108228217908325,1
"none",2.2,7,"SVP AR1Focus",1,1,1,1,0.0108228217908325,1
"none",2.2,7,"SVP AR1Focus TRUE/TRUE",1,1,1,1,0.0108228217908325,1
"up",2.2,7,"PELT inflated",0.6,0.375,0.461538461538462,0,1.23910651121274,5
"up",2.2,7,"PELT AR1 approximate",0.714285714285714,0.625,0.666666666666667,0,0.700234478602042,7
"up",2.2,7,"SVP AR1Focus",0.75,0.375,0.5,0,1.92964144433232,4
"up",2.2,7,"SVP AR1Focus TRUE/TRUE",0.75,0.375,0.5,0,1.92964144433232,4
"updown",2.2,7,"PELT inflated",1,0.125,0.222222222222222,0,1.2100505688415,1
"updown",2.2,7,"PELT AR1 approximate",1,0.75,0.857142857142857,0,0.436894464801452,6
"updown",2.2,7,"SVP AR1Focus",1,0.125,0.222222222222222,0,1.2100505688415,1
"updown",2.2,7,"SVP AR1Focus TRUE/TRUE",1,0.125,0.222222222222222,0,1.2100505688415,1
"rand1",2.2,7,"PELT inflated",1,0.375,0.545454545454545,0,0.661191564389883,3
"rand1",2.2,7,"PELT AR1 approximate",1,0.625,0.769230769230769,0,0.256093723431638,5
"rand1",2.2,7,"SVP AR1Focus",1,0.375,0.545454545454545,0,1.21359713485481,3
"rand1",2.2,7,"SVP AR1Focus TRUE/TRUE",1,0.375,0.545454545454545,0,1.21359713485481,3
"none",2.4,7,"PELT inflated",1,1,1,1,5.67632537230863e-07,1
"none",2.4,7,"PELT AR1 approximate",1,1,1,1,5.67632537230863e-07,1
"none",2.4,7,"SVP AR1Focus",1,1,1,1,5.67632537230863e-07,1
"none",2.4,7,"SVP AR1Focus TRUE/TRUE",1,1,1,1,5.67632537230863e-07,1
"up",2.4,7,"PELT inflated",0.714285714285714,0.625,0.666666666666667,0,0.611827551003516,7
"up",2.4,7,"PELT AR1 approximate",1,1,1,1,0.083522478092394,8
"up",2.4,7,"SVP AR1Focus",0.75,0.375,0.5,0,1.89409103344263,4
"up",2.4,7,"SVP AR1Focus TRUE/TRUE",1,0.625,0.769230769230769,0,1.18217776408161,5
"updown",2.4,7,"PELT inflated",1,0.125,0.222222222222222,0,1.44566292310204,1
"updown",2.4,7,"PELT AR1 approximate",0.875,0.875,0.875,1,0.104505077675398,8
"updown",2.4,7,"SVP AR1Focus",1,0.125,0.222222222222222,0,1.44566292310204,1
"updown",2.4,7,"SVP AR1Focus TRUE/TRUE",1,0.125,0.222222222222222,0,1.44566292310204,1
"rand1",2.4,7,"PELT inflated",1,0.375,0.545454545454545,0,0.562580841376048,3
"rand1",2.4,7,"PELT AR1 approximate",1,0.625,0.769230769230769,0,0.108814585648903,5
"rand1",2.4,7,"SVP AR1Focus",1,0.5,0.666666666666667,0,0.464855900295065,4
"rand1",2.4,7,"SVP AR1Focus TRUE/TRUE",1,0.5,0.666666666666667,0,0.464855900295065,4
"none",2.6,7,"PELT inflated",1,1,1,1,0.00344702236903121,1
"none",2.6,7,"PELT AR1 approximate",1,1,1,1,0.00344702236903121,1
"none",2.6,7,"SVP AR1Focus",1,1,1,1,0.00344702236903121,1
"none",2.6,7,"SVP AR1Focus TRUE/TRUE",1,1,1,1,0.00344702236903121,1
"up",2.6,7,"PELT inflated",1,0.875,0.933333333333333,0,0.545349304015963,7
"up",2.6,7,"PELT AR1 approximate",1,1,1,1,0.100257233257248,8
"up",2.6,7,"SVP AR1Focus",1,0.625,0.769230769230769,0,1.403989621265,5
"up",2.6,7,"SVP AR1Focus TRUE/TRUE",1,0.625,0.769230769230769,0,1.403989621265,5
"updown",2.6,7,"PELT inflated",1,0.25,0.4,0,1.48913531648335,2
"updown",2.6,7,"PELT AR1 approximate",1,1,1,1,0.0915964458895659,8
"updown",2.6,7,"SVP AR1Focus",0.5,0.125,0.2,0,1.53709497795796,2
"updown",2.6,7,"SVP AR1Focus TRUE/TRUE",0.5,0.25,0.333333333333333,0,1.4091304074854,4
"rand1",2.6,7,"PELT inflated",1,0.625,0.769230769230769,0,0.11390552570938,5
"rand1",2.6,7,"PELT AR1 approximate",1,0.625,0.769230769230769,0,0.11390552570938,5
"rand1",2.6,7,"SVP AR1Focus",0.75,0.375,0.5,0,0.633402108185078,4
"rand1",2.6,7,"SVP AR1Focus TRUE/TRUE",1,0.625,0.769230769230769,0,0.11390552570938,5
"none",2.8,7,"PELT inflated",1,1,1,1,0.0517495238374232,1
"none",2.8,7,"PELT AR1 approximate",1,1,1,1,0.0517495238374232,1
"none",2.8,7,"SVP AR1Focus",1,1,1,1,0.0517495238374232,1
"none",2.8,7,"SVP AR1Focus TRUE/TRUE",1,1,1,1,0.0517495238374232,1
"up",2.8,7,"PELT inflated",0.875,0.875,0.875,1,0.251202038388997,8
"up",2.8,7,"PELT AR1 approximate",1,1,1,1,0.0332061318559898,8
"up",2.8,7,"SVP AR1Focus",0.75,0.375,0.5,0,2.26697536880875,4
"up",2.8,7,"SVP AR1Focus TRUE/TRUE",0.8,0.5,0.615384615384615,0,1.66712875111391,5
"updown",2.8,7,"PELT inflated",0.833333333333333,0.625,0.714285714285714,0,0.809809369454208,6
"updown",2.8,7,"PELT AR1 approximate",1,1,1,1,0.0843729503175027,8
"updown",2.8,7,"SVP AR1Focus",1,0.125,0.222222222222222,0,2.00700063124189,1
"updown",2.8,7,"SVP AR1Focus TRUE/TRUE",1,0.125,0.222222222222222,0,2.00700063124189,1
"rand1",2.8,7,"PELT inflated",1,0.625,0.769230769230769,0,0.0902539682369601,5
"rand1",2.8,7,"PELT AR1 approximate",1,0.625,0.769230769230769,0,0.0902539682369601,5
"rand1",2.8,7,"SVP AR1Focus",1,0.625,0.769230769230769,0,0.0902539682369601,5
"rand1",2.8,7,"SVP AR1Focus TRUE/TRUE",1,0.625,0.769230769230769,0,0.0902539682369601,5
"none",3,7,"PELT inflated",1,1,1,1,0.00183609223514963,1
"none",3,7,"PELT AR1 approximate",1,1,1,1,0.00183609223514963,1
"none",3,7,"SVP AR1Focus",1,1,1,1,0.00183609223514963,1
"none",3,7,"SVP AR1Focus TRUE/TRUE",1,1,1,1,0.00183609223514963,1
"up",3,7,"PELT inflated",0.875,0.875,0.875,1,0.18639741381396,8
"up",3,7,"PELT AR1 approximate",1,1,1,1,0.0851142898719909,8
"up",3,7,"SVP AR1Focus",0.833333333333333,0.625,0.714285714285714,0,1.37141239165487,6
"up",3,7,"SVP AR1Focus TRUE/TRUE",0.666666666666667,0.5,0.571428571428572,0,1.5031715264483,6
"updown",3,7,"PELT inflated",0.833333333333333,0.625,0.714285714285714,0,0.886508568124436,6
"updown",3,7,"PELT AR1 approximate",1,1,1,1,0.0507862238894053,8
"updown",3,7,"SVP AR1Focus",0.8,0.5,0.615384615384615,0,1.19308321924229,5
"updown",3,7,"SVP AR1Focus TRUE/TRUE",1,0.625,0.769230769230769,0,1.13879920564747,5
"rand1",3,7,"PELT inflated",1,0.625,0.769230769230769,0,0.1807912091655,5
"rand1",3,7,"PELT AR1 approximate",1,0.625,0.769230769230769,0,0.1807912091655,5
"rand1",3,7,"SVP AR1Focus",1,0.625,0.769230769230769,0,0.1807912091655,5
"rand1",3,7,"SVP AR1Focus TRUE/TRUE",1,0.625,0.769230769230769,0,0.1807912091655,5
"none",1,8,"PELT inflated",1,1,1,1,0.000157841130838855,1
"none",1,8,"PELT AR1 approximate",1,1,1,1,0.000157841130838855,1
"none",1,8,"SVP AR1Focus",1,1,1,1,0.000157841130838855,1
"none",1,8,"SVP AR1Focus TRUE/TRUE",1,1,1,1,0.000157841130838855,1
"up",1,8,"PELT inflated",0.5,0.25,0.333333333333333,0,0.571950617547991,4
"up",1,8,"PELT AR1 approximate",0.6,0.375,0.461538461538462,0,0.371231644843745,5
"up",1,8,"SVP AR1Focus",1,0.25,0.4,0,1.25205169202797,2
"up",1,8,"SVP AR1Focus TRUE/TRUE",1,0.25,0.4,0,1.25205169202797,2
"updown",1,8,"PELT inflated",1,0.125,0.222222222222222,0,0.254614484008734,1
"updown",1,8,"PELT AR1 approximate",1,0.125,0.222222222222222,0,0.254614484008734,1
"updown",1,8,"SVP AR1Focus",1,0.125,0.222222222222222,0,0.254614484008734,1
"updown",1,8,"SVP AR1Focus TRUE/TRUE",1,0.125,0.222222222222222,0,0.254614484008734,1
"rand1",1,8,"PELT inflated",1,0.125,0.222222222222222,0,0.39503279070059,1
"rand1",1,8,"PELT AR1 approximate",1,0.375,0.545454545454545,0,0.135656661859161,3
"rand1",1,8,"SVP AR1Focus",1,0.125,0.222222222222222,0,0.39503279070059,1
"rand1",1,8,"SVP AR1Focus TRUE/TRUE",1,0.125,0.222222222222222,0,0.39503279070059,1
"none",1.2,8,"PELT inflated",1,1,1,1,0.0279079520768488,1
"none",1.2,8,"PELT AR1 approximate",1,1,1,1,0.0279079520768488,1
"none",1.2,8,"SVP AR1Focus",1,1,1,1,0.0279079520768488,1
"none",1.2,8,"SVP AR1Focus TRUE/TRUE",1,1,1,1,0.0279079520768488,1
"up",1.2,8,"PELT inflated",0.5,0.25,0.333333333333333,0,0.644742869090676,4
"up",1.2,8,"PELT AR1 approximate",0.8,0.5,0.615384615384615,0,0.389976963899276,5
"up",1.2,8,"SVP AR1Focus",0.666666666666667,0.25,0.363636363636364,0,0.905180466883492,3
"up",1.2,8,"SVP AR1Focus TRUE/TRUE",0.666666666666667,0.25,0.363636363636364,0,0.905180466883492,3
"updown",1.2,8,"PELT inflated",1,0.125,0.222222222222222,0,0.380663575113492,1
"updown",1.2,8,"PELT AR1 approximate",1,0.125,0.222222222222222,0,0.380663575113492,1
"updown",1.2,8,"SVP AR1Focus",1,0.125,0.222222222222222,0,0.380663575113492,1
"updown",1.2,8,"SVP AR1Focus TRUE/TRUE",1,0.125,0.222222222222222,0,0.380663575113492,1
"rand1",1.2,8,"PELT inflated",0.666666666666667,0.25,0.363636363636364,0,0.269143821504149,3
"rand1",1.2,8,"PELT AR1 approximate",1,0.375,0.545454545454545,0,0.175392759894207,3
"rand1",1.2,8,"SVP AR1Focus",1,0.25,0.4,0,0.420866872462537,2
"rand1",1.2,8,"SVP AR1Focus TRUE/TRUE",1,0.25,0.4,0,0.420866872462537,2
"none",1.4,8,"PELT inflated",1,1,1,1,0.00285890873990284,1
"none",1.4,8,"PELT AR1 approximate",1,1,1,1,0.00285890873990284,1
"none",1.4,8,"SVP AR1Focus",1,1,1,1,0.00285890873990284,1
"none",1.4,8,"SVP AR1Focus TRUE/TRUE",1,1,1,1,0.00285890873990284,1
"up",1.4,8,"PELT inflated",0.5,0.25,0.333333333333333,0,0.893731150544983,4
"up",1.4,8,"PELT AR1 approximate",0.666666666666667,0.5,0.571428571428572,0,0.508329761890615,6
"up",1.4,8,"SVP AR1Focus",0.666666666666667,0.25,0.363636363636364,0,1.50866088777233,3
"up",1.4,8,"SVP AR1Focus TRUE/TRUE",0.666666666666667,0.25,0.363636363636364,0,1.50866088777233,3
"updown",1.4,8,"PELT inflated",1,0.125,0.222222222222222,0,0.491317273325923,1
"updown",1.4,8,"PELT AR1 approximate",1,0.125,0.222222222222222,0,0.491317273325923,1
"updown",1.4,8,"SVP AR1Focus",1,0.125,0.222222222222222,0,0.491317273325923,1
"updown",1.4,8,"SVP AR1Focus TRUE/TRUE",1,0.125,0.222222222222222,0,0.491317273325923,1
"rand1",1.4,8,"PELT inflated",1,0.25,0.4,0,0.460188485100026,2
"rand1",1.4,8,"PELT AR1 approximate",0.75,0.375,0.5,0,0.272227634448378,4
"rand1",1.4,8,"SVP AR1Focus",1,0.125,0.222222222222222,0,0.771061200456701,1
"rand1",1.4,8,"SVP AR1Focus TRUE/TRUE",1,0.125,0.222222222222222,0,0.771061200456701,1
"none",1.6,8,"PELT inflated",1,1,1,1,0.00353681743447414,1
"none",1.6,8,"PELT AR1 approximate",1,1,1,1,0.00353681743447414,1
"none",1.6,8,"SVP AR1Focus",1,1,1,1,0.00353681743447414,1
"none",1.6,8,"SVP AR1Focus TRUE/TRUE",1,1,1,1,0.00353681743447414,1
"up",1.6,8,"PELT inflated",0.8,0.5,0.615384615384615,0,0.582207703997802,5
"up",1.6,8,"PELT AR1 approximate",1,0.875,0.933333333333333,0,0.232801280241857,7
"up",1.6,8,"SVP AR1Focus",0.666666666666667,0.25,0.363636363636364,0,1.54373503541868,3
"up",1.6,8,"SVP AR1Focus TRUE/TRUE",0.666666666666667,0.25,0.363636363636364,0,1.54373503541868,3
"updown",1.6,8,"PELT inflated",1,0.125,0.222222222222222,0,0.670540951709625,1
"updown",1.6,8,"PELT AR1 approximate",1,0.375,0.545454545454545,0,0.560286169329414,3
"updown",1.6,8,"SVP AR1Focus",1,0.125,0.222222222222222,0,0.670540951709625,1
"updown",1.6,8,"SVP AR1Focus TRUE/TRUE",1,0.125,0.222222222222222,0,0.670540951709625,1
"rand1",1.6,8,"PELT inflated",1,0.375,0.545454545454545,0,0.260725260674786,3
"rand1",1.6,8,"PELT AR1 approximate",1,0.375,0.545454545454545,0,0.260725260674786,3
"rand1",1.6,8,"SVP AR1Focus",1,0.25,0.4,0,0.608036039650171,2
"rand1",1.6,8,"SVP AR1Focus TRUE/TRUE",1,0.25,0.4,0,0.608036039650171,2
"none",1.8,8,"PELT inflated",1,1,1,1,0.0239270586609673,1
"none",1.8,8,"PELT AR1 approximate",1,1,1,1,0.0239270586609673,1
"none",1.8,8,"SVP AR1Focus",1,1,1,1,0.0239270586609673,1
"none",1.8,8,"SVP AR1Focus TRUE/TRUE",1,1,1,1,0.0239270586609673,1
"up",1.8,8,"PELT inflated",0.5,0.25,0.333333333333333,0,1.32194621005388,4
"up",1.8,8,"PELT AR1 approximate",0.833333333333333,0.625,0.714285714285714,0,0.70152584673911,6
"up",1.8,8,"SVP AR1Focus",0.5,0.25,0.333333333333333,0,1.32194621005388,4
"up",1.8,8,"SVP AR1Focus TRUE/TRUE",0.5,0.25,0.333333333333333,0,1.32194621005388,4
"updown",1.8,8,"PELT inflated",1,0.125,0.222222222222222,0,0.812486012332288,1
"updown",1.8,8,"PELT AR1 approximate",1,0.125,0.222222222222222,0,0.812486012332288,1
"updown",1.8,8,"SVP AR1Focus",1,0.125,0.222222222222222,0,0.812486012332288,1
"updown",1.8,8,"SVP AR1Focus TRUE/TRUE",1,0.125,0.222222222222222,0,0.812486012332288,1
"rand1",1.8,8,"PELT inflated",1,0.375,0.545454545454545,0,0.357545604036634,3
"rand1",1.8,8,"PELT AR1 approximate",1,0.625,0.769230769230769,0,0.0583937952672118,5
"rand1",1.8,8,"SVP AR1Focus",1,0.25,0.4,0,0.764762188620695,2
"rand1",1.8,8,"SVP AR1Focus TRUE/TRUE",1,0.25,0.4,0,0.764762188620695,2
"none",2,8,"PELT inflated",1,1,1,1,0.00179106326525249,1
"none",2,8,"PELT AR1 approximate",1,1,1,1,0.00179106326525249,1
"none",2,8,"SVP AR1Focus",1,1,1,1,0.00179106326525249,1
"none",2,8,"SVP AR1Focus TRUE/TRUE",1,1,1,1,0.00179106326525249,1
"up",2,8,"PELT inflated",0.8,0.5,0.615384615384615,0,0.924926105948818,5
"up",2,8,"PELT AR1 approximate",0.833333333333333,0.625,0.714285714285714,0,0.624994328241116,6
"up",2,8,"SVP AR1Focus",0.333333333333333,0.125,0.181818181818182,0,2.52230114776319,3
"up",2,8,"SVP AR1Focus TRUE/TRUE",0.333333333333333,0.125,0.181818181818182,0,2.5615554653642,3
"updown",2,8,"PELT inflated",1,0.25,0.4,0,0.939527086600886,2
"updown",2,8,"PELT AR1 approximate",1,0.5,0.666666666666667,0,0.674272732956459,4
"updown",2,8,"SVP AR1Focus",1,0.125,0.222222222222222,0,1.00823342942184,1
"updown",2,8,"SVP AR1Focus TRUE/TRUE",1,0.125,0.222222222222222,0,1.00823342942184,1
"rand1",2,8,"PELT inflated",0.666666666666667,0.25,0.363636363636364,0,0.529354159106781,3
"rand1",2,8,"PELT AR1 approximate",1,0.625,0.769230769230769,0,0.0703916587521643,5
"rand1",2,8,"SVP AR1Focus",1,0.375,0.545454545454545,0,0.899652173352145,3
"rand1",2,8,"SVP AR1Focus TRUE/TRUE",1,0.375,0.545454545454545,0,0.899652173352145,3
"none",2.2,8,"PELT inflated",1,1,1,1,0.0122206722969994,1
"none",2.2,8,"PELT AR1 approximate",1,1,1,1,0.0122206722969994,1
"none",2.2,8,"SVP AR1Focus",1,1,1,1,0.0122206722969994,1
"none",2.2,8,"SVP AR1Focus TRUE/TRUE",1,1,1,1,0.0122206722969994,1
"up",2.2,8,"PELT inflated",1,0.625,0.769230769230769,0,0.990621033179573,5
"up",2.2,8,"PELT AR1 approximate",0.857142857142857,0.75,0.8,0,0.833074554991169,7
"up",2.2,8,"SVP AR1Focus",0.75,0.375,0.5,0,2.01405834018307,4
"up",2.2,8,"SVP AR1Focus TRUE/TRUE",0.75,0.375,0.5,0,2.01405834018307,4
"updown",2.2,8,"PELT inflated",1,0.125,0.222222222222222,0,1.24297666410596,1
"updown",2.2,8,"PELT AR1 approximate",1,1,1,1,0.154868901914262,8
"updown",2.2,8,"SVP AR1Focus",1,0.125,0.222222222222222,0,1.24297666410596,1
"updown",2.2,8,"SVP AR1Focus TRUE/TRUE",1,0.125,0.222222222222222,0,1.24297666410596,1
"rand1",2.2,8,"PELT inflated",1,0.625,0.769230769230769,0,0.233806443642192,5
"rand1",2.2,8,"PELT AR1 approximate",1,0.625,0.769230769230769,0,0.233806443642192,5
"rand1",2.2,8,"SVP AR1Focus",0.333333333333333,0.125,0.181818181818182,0,1.28706562461765,3
"rand1",2.2,8,"SVP AR1Focus TRUE/TRUE",0.75,0.375,0.5,0,0.581274829145138,4
"none",2.4,8,"PELT inflated",1,1,1,1,0.00677747532778119,1
"none",2.4,8,"PELT AR1 approximate",1,1,1,1,0.00677747532778119,1
"none",2.4,8,"SVP AR1Focus",1,1,1,1,0.00677747532778119,1
"none",2.4,8,"SVP AR1Focus TRUE/TRUE",1,1,1,1,0.00677747532778119,1
"up",2.4,8,"PELT inflated",0.8,0.5,0.615384615384615,0,1.24358248207909,5
"up",2.4,8,"PELT AR1 approximate",1,0.875,0.933333333333333,0,0.456138349205252,7
"up",2.4,8,"SVP AR1Focus",0.5,0.25,0.333333333333333,0,2.21729677375968,4
"up",2.4,8,"SVP AR1Focus TRUE/TRUE",0.5,0.25,0.333333333333333,0,2.21729677375968,4
"updown",2.4,8,"PELT inflated",1,0.125,0.222222222222222,0,1.44737971762002,1
"updown",2.4,8,"PELT AR1 approximate",1,1,1,1,0.107473587831989,8
"updown",2.4,8,"SVP AR1Focus",1,0.125,0.222222222222222,0,1.44737971762002,1
"updown",2.4,8,"SVP AR1Focus TRUE/TRUE",1,0.125,0.222222222222222,0,1.44737971762002,1
"rand1",2.4,8,"PELT inflated",1,0.375,0.545454545454545,0,0.579535233039244,3
"rand1",2.4,8,"PELT AR1 approximate",1,0.625,0.769230769230769,0,0.142287201762472,5
"rand1",2.4,8,"SVP AR1Focus",1,0.375,0.545454545454545,0,0.579535233039244,3
"rand1",2.4,8,"SVP AR1Focus TRUE/TRUE",1,0.375,0.545454545454545,0,0.579535233039244,3
"none",2.6,8,"PELT inflated",1,1,1,1,0.0124010375649283,1
"none",2.6,8,"PELT AR1 approximate",1,1,1,1,0.0124010375649283,1
"none",2.6,8,"SVP AR1Focus",1,1,1,1,0.0124010375649283,1
"none",2.6,8,"SVP AR1Focus TRUE/TRUE",1,1,1,1,0.0124010375649283,1
"up",2.6,8,"PELT inflated",0.857142857142857,0.75,0.8,0,0.642115302909795,7
"up",2.6,8,"PELT AR1 approximate",0.875,0.875,0.875,1,0.258049840769011,8
"up",2.6,8,"SVP AR1Focus",1,0.5,0.666666666666667,0,1.7319697006107,4
"up",2.6,8,"SVP AR1Focus TRUE/TRUE",1,0.5,0.666666666666667,0,1.7319697006107,4
"updown",2.6,8,"PELT inflated",1,0.125,0.222222222222222,0,1.69580640279446,1
"updown",2.6,8,"PELT AR1 approximate",1,1,1,1,0.058664811318267,8
"updown",2.6,8,"SVP AR1Focus",1,0.125,0.222222222222222,0,1.69580640279446,1
"updown",2.6,8,"SVP AR1Focus TRUE/TRUE",1,0.125,0.222222222222222,0,1.69580640279446,1
"rand1",2.6,8,"PELT inflated",1,0.375,0.545454545454545,0,0.700114928407982,3
"rand1",2.6,8,"PELT AR1 approximate",1,0.625,0.769230769230769,0,0.144718466230019,5
"rand1",2.6,8,"SVP AR1Focus",1,0.5,0.666666666666667,0,0.582206216165487,4
"rand1",2.6,8,"SVP AR1Focus TRUE/TRUE",1,0.5,0.666666666666667,0,0.582206216165487,4
"none",2.8,8,"PELT inflated",1,1,1,1,0.0164389420011913,1
"none",2.8,8,"PELT AR1 approximate",1,1,1,1,0.0164389420011913,1
"none",2.8,8,"SVP AR1Focus",1,1,1,1,0.0164389420011913,1
"none",2.8,8,"SVP AR1Focus TRUE/TRUE",1,1,1,1,0.0164389420011913,1
"up",2.8,8,"PELT inflated",0.714285714285714,0.625,0.666666666666667,0,0.907494687354857,7
"up",2.8,8,"PELT AR1 approximate",1,1,1,1,0.141335588889642,8
"up",2.8,8,"SVP AR1Focus",0.8,0.5,0.615384615384615,0,1.79247633476029,5
"up",2.8,8,"SVP AR1Focus TRUE/TRUE",0.666666666666667,0.5,0.571428571428572,0,1.33404495542799,6
"updown",2.8,8,"PELT inflated",0.75,0.375,0.5,0,1.34936379357214,4
"updown",2.8,8,"PELT AR1 approximate",0.875,0.875,0.875,1,0.351025268743145,8
"updown",2.8,8,"SVP AR1Focus",1,0.25,0.4,0,1.7206127268277,2
"updown",2.8,8,"SVP AR1Focus TRUE/TRUE",1,0.25,0.4,0,1.7206127268277,2
"rand1",2.8,8,"PELT inflated",1,0.625,0.769230769230769,0,0.201267715254167,5
"rand1",2.8,8,"PELT AR1 approximate",1,0.625,0.769230769230769,0,0.201267715254167,5
"rand1",2.8,8,"SVP AR1Focus",1,0.625,0.769230769230769,0,0.201267715254167,5
"rand1",2.8,8,"SVP AR1Focus TRUE/TRUE",1,0.625,0.769230769230769,0,0.201267715254167,5
"none",3,8,"PELT inflated",1,1,1,1,1.90258000972598e-05,1
"none",3,8,"PELT AR1 approximate",1,1,1,1,1.90258000972598e-05,1
"none",3,8,"SVP AR1Focus",1,1,1,1,1.90258000972598e-05,1
"none",3,8,"SVP AR1Focus TRUE/TRUE",1,1,1,1,1.90258000972598e-05,1
"up",3,8,"PELT inflated",0.875,0.875,0.875,1,0.390618097012606,8
"up",3,8,"PELT AR1 approximate",1,1,1,1,0.0644353034888962,8
"up",3,8,"SVP AR1Focus",0.6,0.375,0.461538461538462,0,2.50603180410884,5
"up",3,8,"SVP AR1Focus TRUE/TRUE",0.833333333333333,0.625,0.714285714285714,0,1.45371867796437,6
"updown",3,8,"PELT inflated",1,0.5,0.666666666666667,0,1.64252588037112,4
"updown",3,8,"PELT AR1 approximate",1,1,1,1,0.220346587865606,8
"updown",3,8,"SVP AR1Focus",1,0.25,0.4,0,2.2404327629165,2
"updown",3,8,"SVP AR1Focus TRUE/TRUE",1,0.25,0.4,0,2.2404327629165,2
"rand1",3,8,"PELT inflated",1,0.625,0.769230769230769,0,0.129217703204578,5
"rand1",3,8,"PELT AR1 approximate",1,0.625,0.769230769230769,0,0.129217703204578,5
"rand1",3,8,"SVP AR1Focus",1,0.625,0.769230769230769,0,0.129217703204578,5
"rand1",3,8,"SVP AR1Focus TRUE/TRUE",1,0.625,0.769230769230769,0,0.129217703204578,5
"none",1,9,"PELT inflated",1,1,1,1,0.000433371353155605,1
"none",1,9,"PELT AR1 approximate",1,1,1,1,0.000433371353155605,1
"none",1,9,"SVP AR1Focus",1,1,1,1,0.000433371353155605,1
"none",1,9,"SVP AR1Focus TRUE/TRUE",1,1,1,1,0.000433371353155605,1
"up",1,9,"PELT inflated",0.75,0.375,0.5,0,0.580737264011914,4
"up",1,9,"PELT AR1 approximate",0.75,0.375,0.5,0,0.574105126126279,4
"up",1,9,"SVP AR1Focus",0.666666666666667,0.25,0.363636363636364,0,0.649535486320694,3
"up",1,9,"SVP AR1Focus TRUE/TRUE",0.666666666666667,0.25,0.363636363636364,0,0.649535486320694,3
"updown",1,9,"PELT inflated",1,0.125,0.222222222222222,0,0.266012334071418,1
"updown",1,9,"PELT AR1 approximate",1,0.25,0.4,0,0.244065143977128,2
"updown",1,9,"SVP AR1Focus",1,0.125,0.222222222222222,0,0.266012334071418,1
"updown",1,9,"SVP AR1Focus TRUE/TRUE",1,0.125,0.222222222222222,0,0.266012334071418,1
"rand1",1,9,"PELT inflated",1,0.25,0.4,0,0.294812890539387,2
"rand1",1,9,"PELT AR1 approximate",1,0.25,0.4,0,0.294812890539387,2
"rand1",1,9,"SVP AR1Focus",1,0.25,0.4,0,0.294812890539387,2
"rand1",1,9,"SVP AR1Focus TRUE/TRUE",1,0.25,0.4,0,0.294812890539387,2
"none",1.2,9,"PELT inflated",1,1,1,1,0.0033096275005993,1
"none",1.2,9,"PELT AR1 approximate",1,1,1,1,0.0033096275005993,1
"none",1.2,9,"SVP AR1Focus",1,1,1,1,0.0033096275005993,1
"none",1.2,9,"SVP AR1Focus TRUE/TRUE",1,1,1,1,0.0033096275005993,1
"up",1.2,9,"PELT inflated",0.75,0.375,0.5,0,0.576076529857823,4
"up",1.2,9,"PELT AR1 approximate",0.75,0.375,0.5,0,0.576076529857823,4
"up",1.2,9,"SVP AR1Focus",0.666666666666667,0.25,0.363636363636364,0,0.878781987366203,3
"up",1.2,9,"SVP AR1Focus TRUE/TRUE",0.666666666666667,0.25,0.363636363636364,0,0.878781987366203,3
"updown",1.2,9,"PELT inflated",1,0.125,0.222222222222222,0,0.360979345128449,1
"updown",1.2,9,"PELT AR1 approximate",1,0.25,0.4,0,0.361410364898908,2
"updown",1.2,9,"SVP AR1Focus",1,0.125,0.222222222222222,0,0.360979345128449,1
"updown",1.2,9,"SVP AR1Focus TRUE/TRUE",1,0.125,0.222222222222222,0,0.360979345128449,1
"rand1",1.2,9,"PELT inflated",1,0.125,0.222222222222222,0,0.566579389265748,1
"rand1",1.2,9,"PELT AR1 approximate",1,0.25,0.4,0,0.377312756433556,2
"rand1",1.2,9,"SVP AR1Focus",1,0.125,0.222222222222222,0,0.566579389265748,1
"rand1",1.2,9,"SVP AR1Focus TRUE/TRUE",1,0.125,0.222222222222222,0,0.566579389265748,1
"none",1.4,9,"PELT inflated",1,1,1,1,0.0176710743947568,1
"none",1.4,9,"PELT AR1 approximate",1,1,1,1,0.0176710743947568,1
"none",1.4,9,"SVP AR1Focus",1,1,1,1,0.0176710743947568,1
"none",1.4,9,"SVP AR1Focus TRUE/TRUE",1,1,1,1,0.0176710743947568,1
"up",1.4,9,"PELT inflated",0.5,0.25,0.333333333333333,0,0.856133107315164,4
"up",1.4,9,"PELT AR1 approximate",0.8,0.5,0.615384615384615,0,0.47146959915253,5
"up",1.4,9,"SVP AR1Focus",1,0.375,0.545454545454545,0,1.17488964019264,3
"up",1.4,9,"SVP AR1Focus TRUE/TRUE",1,0.375,0.545454545454545,0,1.17488964019264,3
"updown",1.4,9,"PELT inflated",1,0.125,0.222222222222222,0,0.493677419046564,1
"updown",1.4,9,"PELT AR1 approximate",1,0.125,0.222222222222222,0,0.493677419046564,1
"updown",1.4,9,"SVP AR1Focus",1,0.125,0.222222222222222,0,0.493677419046564,1
"updown",1.4,9,"SVP AR1Focus TRUE/TRUE",1,0.125,0.222222222222222,0,0.493677419046564,1
"rand1",1.4,9,"PELT inflated",1,0.375,0.545454545454545,0,0.190398303195571,3
"rand1",1.4,9,"PELT AR1 approximate",1,0.375,0.545454545454545,0,0.190398303195571,3
"rand1",1.4,9,"SVP AR1Focus",1,0.25,0.4,0,0.460962273566049,2
"rand1",1.4,9,"SVP AR1Focus TRUE/TRUE",1,0.25,0.4,0,0.460962273566049,2
"none",1.6,9,"PELT inflated",1,1,1,1,0.0107223257615826,1
"none",1.6,9,"PELT AR1 approximate",1,1,1,1,0.0107223257615826,1
"none",1.6,9,"SVP AR1Focus",1,1,1,1,0.0107223257615826,1
"none",1.6,9,"SVP AR1Focus TRUE/TRUE",1,1,1,1,0.0107223257615826,1
"up",1.6,9,"PELT inflated",0.8,0.5,0.615384615384615,0,0.695097438023205,5
"up",1.6,9,"PELT AR1 approximate",0.8,0.5,0.615384615384615,0,0.720812655540843,5
"up",1.6,9,"SVP AR1Focus",1,0.375,0.545454545454545,0,1.57102862965318,3
"up",1.6,9,"SVP AR1Focus TRUE/TRUE",1,0.375,0.545454545454545,0,1.57102862965318,3
"updown",1.6,9,"PELT inflated",1,0.125,0.222222222222222,0,0.642091569365546,1
"updown",1.6,9,"PELT AR1 approximate",1,0.125,0.222222222222222,0,0.642091569365546,1
"updown",1.6,9,"SVP AR1Focus",1,0.125,0.222222222222222,0,0.642091569365546,1
"updown",1.6,9,"SVP AR1Focus TRUE/TRUE",1,0.125,0.222222222222222,0,0.642091569365546,1
"rand1",1.6,9,"PELT inflated",1,0.375,0.545454545454545,0,0.311210202143265,3
"rand1",1.6,9,"PELT AR1 approximate",1,0.625,0.769230769230769,0,0.176422996653293,5
"rand1",1.6,9,"SVP AR1Focus",0.5,0.125,0.2,0,0.713776711600245,2
"rand1",1.6,9,"SVP AR1Focus TRUE/TRUE",0.333333333333333,0.125,0.181818181818182,0,0.795255191420339,3
"none",1.8,9,"PELT inflated",1,1,1,1,0.00243338815905937,1
"none",1.8,9,"PELT AR1 approximate",1,1,1,1,0.00243338815905937,1
"none",1.8,9,"SVP AR1Focus",1,1,1,1,0.00243338815905937,1
"none",1.8,9,"SVP AR1Focus TRUE/TRUE",1,1,1,1,0.00243338815905937,1
"up",1.8,9,"PELT inflated",0.6,0.375,0.461538461538462,0,0.889226500234591,5
"up",1.8,9,"PELT AR1 approximate",0.833333333333333,0.625,0.714285714285714,0,0.568989322067929,6
"up",1.8,9,"SVP AR1Focus",0.5,0.25,0.333333333333333,0,1.38037985953047,4
"up",1.8,9,"SVP AR1Focus TRUE/TRUE",0.5,0.25,0.333333333333333,0,1.38037985953047,4
"updown",1.8,9,"PELT inflated",1,0.125,0.222222222222222,0,0.810333128219124,1
"updown",1.8,9,"PELT AR1 approximate",1,0.125,0.222222222222222,0,0.810333128219124,1
"updown",1.8,9,"SVP AR1Focus",1,0.125,0.222222222222222,0,0.810333128219124,1
"updown",1.8,9,"SVP AR1Focus TRUE/TRUE",1,0.125,0.222222222222222,0,0.810333128219124,1
"rand1",1.8,9,"PELT inflated",0.666666666666667,0.25,0.363636363636364,0,0.457352169409382,3
"rand1",1.8,9,"PELT AR1 approximate",1,0.625,0.769230769230769,0,0.0658007308177099,5
"rand1",1.8,9,"SVP AR1Focus",0.5,0.125,0.2,0,0.838950995972114,2
"rand1",1.8,9,"SVP AR1Focus TRUE/TRUE",0.5,0.125,0.2,0,0.995091984979447,2
"none",2,9,"PELT inflated",1,1,1,1,0.0110059341093592,1
"none",2,9,"PELT AR1 approximate",1,1,1,1,0.0110059341093592,1
"none",2,9,"SVP AR1Focus",1,1,1,1,0.0110059341093592,1
"none",2,9,"SVP AR1Focus TRUE/TRUE",1,1,1,1,0.0110059341093592,1
"up",2,9,"PELT inflated",0.75,0.375,0.5,0,1.13712790246212,4
"up",2,9,"PELT AR1 approximate",1,1,1,1,0.0278113176270584,8
"up",2,9,"SVP AR1Focus",0.75,0.375,0.5,0,1.13712790246212,4
"up",2,9,"SVP AR1Focus TRUE/TRUE",0.75,0.375,0.5,0,1.13712790246212,4
"updown",2,9,"PELT inflated",1,0.125,0.222222222222222,0,1.00481696511334,1
"updown",2,9,"PELT AR1 approximate",1,0.5,0.666666666666667,0,0.674373616104793,4
"updown",2,9,"SVP AR1Focus",1,0.125,0.222222222222222,0,1.00481696511334,1
"updown",2,9,"SVP AR1Focus TRUE/TRUE",1,0.125,0.222222222222222,0,1.00481696511334,1
"rand1",2,9,"PELT inflated",1,0.375,0.545454545454545,0,0.43274874810132,3
"rand1",2,9,"PELT AR1 approximate",1,0.625,0.769230769230769,0,0.0990613851591629,5
"rand1",2,9,"SVP AR1Focus",1,0.375,0.545454545454545,0,0.43274874810132,3
"rand1",2,9,"SVP AR1Focus TRUE/TRUE",1,0.375,0.545454545454545,0,0.43274874810132,3
"none",2.2,9,"PELT inflated",1,1,1,1,0.0160324900186907,1
"none",2.2,9,"PELT AR1 approximate",1,1,1,1,0.0160324900186907,1
"none",2.2,9,"SVP AR1Focus",1,1,1,1,0.0160324900186907,1
"none",2.2,9,"SVP AR1Focus TRUE/TRUE",1,1,1,1,0.0160324900186907,1
"up",2.2,9,"PELT inflated",0.833333333333333,0.625,0.714285714285714,0,0.775097331998023,6
"up",2.2,9,"PELT AR1 approximate",0.857142857142857,0.75,0.8,0,0.456185762751784,7
"up",2.2,9,"SVP AR1Focus",1,0.5,0.666666666666667,0,1.37418121603254,4
"up",2.2,9,"SVP AR1Focus TRUE/TRUE",1,0.5,0.666666666666667,0,1.37418121603254,4
"updown",2.2,9,"PELT inflated",1,0.25,0.4,0,1.10297236283341,2
"updown",2.2,9,"PELT AR1 approximate",1,0.75,0.857142857142857,0,0.499812742605832,6
"updown",2.2,9,"SVP AR1Focus",1,0.125,0.222222222222222,0,1.22233699796624,1
"updown",2.2,9,"SVP AR1Focus TRUE/TRUE",1,0.125,0.222222222222222,0,1.22233699796624,1
"rand1",2.2,9,"PELT inflated",1,0.375,0.545454545454545,0,0.460757981921534,3
"rand1",2.2,9,"PELT AR1 approximate",1,0.625,0.769230769230769,0,0.13767350590767,5
"rand1",2.2,9,"SVP AR1Focus",0.5,0.125,0.2,0,1.46226904368643,2
"rand1",2.2,9,"SVP AR1Focus TRUE/TRUE",1,0.375,0.545454545454545,0,0.460757981921534,3
"none",2.4,9,"PELT inflated",1,1,1,1,0.0147793182437692,1
"none",2.4,9,"PELT AR1 approximate",1,1,1,1,0.0147793182437692,1
"none",2.4,9,"SVP AR1Focus",1,1,1,1,0.0147793182437692,1
"none",2.4,9,"SVP AR1Focus TRUE/TRUE",1,1,1,1,0.0147793182437692,1
"up",2.4,9,"PELT inflated",0.857142857142857,0.75,0.8,0,0.544846984648774,7
"up",2.4,9,"PELT AR1 approximate",1,1,1,1,0.0883842773162274,8
"up",2.4,9,"SVP AR1Focus",0.5,0.25,0.333333333333333,0,2.50125621588143,4
"up",2.4,9,"SVP AR1Focus TRUE/TRUE",0.8,0.5,0.615384615384615,0,1.24540945171837,5
"updown",2.4,9,"PELT inflated",1,1,1,1,0.175610853682323,8
"updown",2.4,9,"PELT AR1 approximate",1,1,1,1,0.175610853682323,8
"updown",2.4,9,"SVP AR1Focus",1,0.375,0.545454545454545,0,1.34632388346209,3
"updown",2.4,9,"SVP AR1Focus TRUE/TRUE",0.75,0.375,0.5,0,1.35070722429946,4
"rand1",2.4,9,"PELT inflated",1,0.625,0.769230769230769,0,0.113123174652315,5
"rand1",2.4,9,"PELT AR1 approximate",0.833333333333333,0.625,0.714285714285714,0,0.118798147388689,6
"rand1",2.4,9,"SVP AR1Focus",1,0.625,0.769230769230769,0,0.113123174652315,5
"rand1",2.4,9,"SVP AR1Focus TRUE/TRUE",1,0.625,0.769230769230769,0,0.113123174652315,5
"none",2.6,9,"PELT inflated",1,1,1,1,0.00486680637246606,1
"none",2.6,9,"PELT AR1 approximate",1,1,1,1,0.00486680637246606,1
"none",2.6,9,"SVP AR1Focus",1,1,1,1,0.00486680637246606,1
"none",2.6,9,"SVP AR1Focus TRUE/TRUE",1,1,1,1,0.00486680637246606,1
"up",2.6,9,"PELT inflated",1,1,1,1,0.121374184625774,8
"up",2.6,9,"PELT AR1 approximate",1,1,1,1,0.121374184625774,8
"up",2.6,9,"SVP AR1Focus",0.6,0.375,0.461538461538462,0,1.61819638060458,5
"up",2.6,9,"SVP AR1Focus TRUE/TRUE",0.6,0.375,0.461538461538462,0,1.61819638060458,5
"updown",2.6,9,"PELT inflated",1,0.125,0.222222222222222,0,1.69189112510751,1
"updown",2.6,9,"PELT AR1 approximate",1,1,1,1,0.05789344181804,8
"updown",2.6,9,"SVP AR1Focus",1,0.125,0.222222222222222,0,1.69189112510751,1
"updown",2.6,9,"SVP AR1Focus TRUE/TRUE",1,0.125,0.222222222222222,0,1.69189112510751,1
"rand1",2.6,9,"PELT inflated",1,0.75,0.857142857142857,0,0.252503958162021,6
"rand1",2.6,9,"PELT AR1 approximate",1,0.75,0.857142857142857,0,0.254315924859263,6
"rand1",2.6,9,"SVP AR1Focus",1,0.625,0.769230769230769,0,0.168411332359431,5
"rand1",2.6,9,"SVP AR1Focus TRUE/TRUE",1,0.625,0.769230769230769,0,0.168411332359431,5
"none",2.8,9,"PELT inflated",1,1,1,1,0.00760201011585016,1
"none",2.8,9,"PELT AR1 approximate",1,1,1,1,0.00760201011585016,1
"none",2.8,9,"SVP AR1Focus",1,1,1,1,0.00760201011585016,1
"none",2.8,9,"SVP AR1Focus TRUE/TRUE",1,1,1,1,0.00760201011585016,1
"up",2.8,9,"PELT inflated",1,0.875,0.933333333333333,0,0.592598660949033,7
"up",2.8,9,"PELT AR1 approximate",1,1,1,1,0.122828803770063,8
"up",2.8,9,"SVP AR1Focus",0.6,0.375,0.461538461538462,0,1.98554423759856,5
"up",2.8,9,"SVP AR1Focus TRUE/TRUE",1,0.75,0.857142857142857,0,1.07385353143352,6
"updown",2.8,9,"PELT inflated",1,0.375,0.545454545454545,0,1.67685309352955,3
"updown",2.8,9,"PELT AR1 approximate",1,1,1,1,0.189425809568893,8
"updown",2.8,9,"SVP AR1Focus",0.5,0.125,0.2,0,1.8170262248377,2
"updown",2.8,9,"SVP AR1Focus TRUE/TRUE",0.5,0.25,0.333333333333333,0,1.78197080818545,4
"rand1",2.8,9,"PELT inflated",1,0.375,0.545454545454545,0,0.754736422809267,3
"rand1",2.8,9,"PELT AR1 approximate",0.833333333333333,0.625,0.714285714285714,0,0.178840436522628,6
"rand1",2.8,9,"SVP AR1Focus",1,0.625,0.769230769230769,0,0.0960755604355756,5
"rand1",2.8,9,"SVP AR1Focus TRUE/TRUE",1,0.625,0.769230769230769,0,0.0960755604355756,5
"none",3,9,"PELT inflated",1,1,1,1,0.0017625006112707,1
"none",3,9,"PELT AR1 approximate",1,1,1,1,0.0017625006112707,1
"none",3,9,"SVP AR1Focus",1,1,1,1,0.0017625006112707,1
"none",3,9,"SVP AR1Focus TRUE/TRUE",1,1,1,1,0.0017625006112707,1
"up",3,9,"PELT inflated",0.875,0.875,0.875,1,0.219169912045208,8
"up",3,9,"PELT AR1 approximate",1,1,1,1,0.0605319966532343,8
"up",3,9,"SVP AR1Focus",0.833333333333333,0.625,0.714285714285714,0,1.28376269999459,6
"up",3,9,"SVP AR1Focus TRUE/TRUE",0.833333333333333,0.625,0.714285714285714,0,1.28376269999459,6
"updown",3,9,"PELT inflated",1,0.5,0.666666666666667,0,1.38918952368484,4
"updown",3,9,"PELT AR1 approximate",1,1,1,1,0.0751580338670793,8
"updown",3,9,"SVP AR1Focus",1,0.25,0.4,0,1.96347132400139,2
"updown",3,9,"SVP AR1Focus TRUE/TRUE",1,0.25,0.4,0,1.96347132400139,2
"rand1",3,9,"PELT inflated",0.833333333333333,0.625,0.714285714285714,0,0.168066406298563,6
"rand1",3,9,"PELT AR1 approximate",0.833333333333333,0.625,0.714285714285714,0,0.162461799613734,6
"rand1",3,9,"SVP AR1Focus",1,0.625,0.769230769230769,0,0.103492648291604,5
"rand1",3,9,"SVP AR1Focus TRUE/TRUE",1,0.625,0.769230769230769,0,0.103492648291604,5
"none",1,10,"PELT inflated",1,1,1,1,0.0373919767595338,1
"none",1,10,"PELT AR1 approximate",1,1,1,1,0.0373919767595338,1
"none",1,10,"SVP AR1Focus",1,1,1,1,0.0373919767595338,1
"none",1,10,"SVP AR1Focus TRUE/TRUE",1,1,1,1,0.0373919767595338,1
"up",1,10,"PELT inflated",0.333333333333333,0.125,0.181818181818182,0,0.650755953542633,3
"up",1,10,"PELT AR1 approximate",0.333333333333333,0.125,0.181818181818182,0,0.651928069496359,3
"up",1,10,"SVP AR1Focus",0.5,0.125,0.2,0,1.42761602046494,2
"up",1,10,"SVP AR1Focus TRUE/TRUE",0.5,0.125,0.2,0,1.42761602046494,2
"updown",1,10,"PELT inflated",1,0.125,0.222222222222222,0,0.250802424524864,1
"updown",1,10,"PELT AR1 approximate",1,0.125,0.222222222222222,0,0.250802424524864,1
"updown",1,10,"SVP AR1Focus",1,0.125,0.222222222222222,0,0.250802424524864,1
"updown",1,10,"SVP AR1Focus TRUE/TRUE",1,0.125,0.222222222222222,0,0.250802424524864,1
"rand1",1,10,"PELT inflated",1,0.125,0.222222222222222,0,0.405742660285521,1
"rand1",1,10,"PELT AR1 approximate",1,0.125,0.222222222222222,0,0.405742660285521,1
"rand1",1,10,"SVP AR1Focus",1,0.125,0.222222222222222,0,0.405742660285521,1
"rand1",1,10,"SVP AR1Focus TRUE/TRUE",1,0.125,0.222222222222222,0,0.405742660285521,1
"none",1.2,10,"PELT inflated",1,1,1,1,0.000116614463780649,1
"none",1.2,10,"PELT AR1 approximate",1,1,1,1,0.000116614463780649,1
"none",1.2,10,"SVP AR1Focus",1,1,1,1,0.000116614463780649,1
"none",1.2,10,"SVP AR1Focus TRUE/TRUE",1,1,1,1,0.000116614463780649,1
"up",1.2,10,"PELT inflated",0.5,0.25,0.333333333333333,0,0.842667153590622,4
"up",1.2,10,"PELT AR1 approximate",0.25,0.125,0.166666666666667,0,0.736891314632243,4
"up",1.2,10,"SVP AR1Focus",0.333333333333333,0.125,0.181818181818182,0,1.01158805634803,3
"up",1.2,10,"SVP AR1Focus TRUE/TRUE",0.333333333333333,0.125,0.181818181818182,0,1.01158805634803,3
"updown",1.2,10,"PELT inflated",1,0.125,0.222222222222222,0,0.36033719958248,1
"updown",1.2,10,"PELT AR1 approximate",0.5,0.125,0.2,0,0.35061897062709,2
"updown",1.2,10,"SVP AR1Focus",1,0.125,0.222222222222222,0,0.36033719958248,1
"updown",1.2,10,"SVP AR1Focus TRUE/TRUE",1,0.125,0.222222222222222,0,0.36033719958248,1
"rand1",1.2,10,"PELT inflated",1,0.25,0.4,0,0.390921946124882,2
"rand1",1.2,10,"PELT AR1 approximate",1,0.375,0.545454545454545,0,0.192810440877701,3
"rand1",1.2,10,"SVP AR1Focus",1,0.25,0.4,0,0.390921946124882,2
"rand1",1.2,10,"SVP AR1Focus TRUE/TRUE",1,0.25,0.4,0,0.390921946124882,2
"none",1.4,10,"PELT inflated",1,1,1,1,0.00434956415620726,1
"none",1.4,10,"PELT AR1 approximate",1,1,1,1,0.00434956415620726,1
"none",1.4,10,"SVP AR1Focus",1,1,1,1,0.00434956415620726,1
"none",1.4,10,"SVP AR1Focus TRUE/TRUE",1,1,1,1,0.00434956415620726,1
"up",1.4,10,"PELT inflated",0.75,0.375,0.5,0,0.814015174551354,4
"up",1.4,10,"PELT AR1 approximate",1,0.5,0.666666666666667,0,0.505245114438595,4
"up",1.4,10,"SVP AR1Focus",1,0.375,0.545454545454545,0,1.13063243918369,3
"up",1.4,10,"SVP AR1Focus TRUE/TRUE",1,0.375,0.545454545454545,0,1.13063243918369,3
"updown",1.4,10,"PELT inflated",1,0.125,0.222222222222222,0,0.502290917539482,1
"updown",1.4,10,"PELT AR1 approximate",1,0.125,0.222222222222222,0,0.502290917539482,1
"updown",1.4,10,"SVP AR1Focus",1,0.125,0.222222222222222,0,0.502290917539482,1
"updown",1.4,10,"SVP AR1Focus TRUE/TRUE",1,0.125,0.222222222222222,0,0.502290917539482,1
"rand1",1.4,10,"PELT inflated",0.666666666666667,0.25,0.363636363636364,0,0.328027702217098,3
"rand1",1.4,10,"PELT AR1 approximate",1,0.375,0.545454545454545,0,0.191058451643001,3
"rand1",1.4,10,"SVP AR1Focus",0.5,0.125,0.2,0,0.485304855255508,2
"rand1",1.4,10,"SVP AR1Focus TRUE/TRUE",0.5,0.125,0.2,0,0.485304855255508,2
"none",1.6,10,"PELT inflated",1,1,1,1,0.026221378082578,1
"none",1.6,10,"PELT AR1 approximate",1,1,1,1,0.026221378082578,1
"none",1.6,10,"SVP AR1Focus",1,1,1,1,0.026221378082578,1
"none",1.6,10,"SVP AR1Focus TRUE/TRUE",1,1,1,1,0.026221378082578,1
"up",1.6,10,"PELT inflated",0.6,0.375,0.461538461538462,0,0.625039054543186,5
"up",1.6,10,"PELT AR1 approximate",0.5,0.375,0.428571428571429,0,0.47339615500772,6
"up",1.6,10,"SVP AR1Focus",0.666666666666667,0.25,0.363636363636364,0,1.58687327361048,3
"up",1.6,10,"SVP AR1Focus TRUE/TRUE",1,0.375,0.545454545454545,0,1.55673257523625,3
"updown",1.6,10,"PELT inflated",1,0.125,0.222222222222222,0,0.640339677655294,1
"updown",1.6,10,"PELT AR1 approximate",1,0.125,0.222222222222222,0,0.640339677655294,1
"updown",1.6,10,"SVP AR1Focus",1,0.125,0.222222222222222,0,0.640339677655294,1
"updown",1.6,10,"SVP AR1Focus TRUE/TRUE",1,0.125,0.222222222222222,0,0.640339677655294,1
"rand1",1.6,10,"PELT inflated",0.666666666666667,0.25,0.363636363636364,0,0.365330204517322,3
"rand1",1.6,10,"PELT AR1 approximate",0.666666666666667,0.25,0.363636363636364,0,0.477638950234523,3
"rand1",1.6,10,"SVP AR1Focus",1,0.25,0.4,0,0.600282698042879,2
"rand1",1.6,10,"SVP AR1Focus TRUE/TRUE",1,0.25,0.4,0,0.600282698042879,2
"none",1.8,10,"PELT inflated",1,1,1,1,0.00869770835766293,1
"none",1.8,10,"PELT AR1 approximate",1,1,1,1,0.00869770835766293,1
"none",1.8,10,"SVP AR1Focus",1,1,1,1,0.00869770835766293,1
"none",1.8,10,"SVP AR1Focus TRUE/TRUE",1,1,1,1,0.00869770835766293,1
"up",1.8,10,"PELT inflated",0.666666666666667,0.5,0.571428571428572,0,0.734516188583028,6
"up",1.8,10,"PELT AR1 approximate",0.714285714285714,0.625,0.666666666666667,0,0.524770664975512,7
"up",1.8,10,"SVP AR1Focus",0.75,0.375,0.5,0,1.11037820568267,4
"up",1.8,10,"SVP AR1Focus TRUE/TRUE",0.75,0.375,0.5,0,1.11037820568267,4
"updown",1.8,10,"PELT inflated",1,0.125,0.222222222222222,0,0.814940645587026,1
"updown",1.8,10,"PELT AR1 approximate",0.75,0.375,0.5,0,0.659524263125266,4
"updown",1.8,10,"SVP AR1Focus",1,0.125,0.222222222222222,0,0.814940645587026,1
"updown",1.8,10,"SVP AR1Focus TRUE/TRUE",1,0.125,0.222222222222222,0,0.814940645587026,1
"rand1",1.8,10,"PELT inflated",1,0.375,0.545454545454545,0,0.347231927119505,3
"rand1",1.8,10,"PELT AR1 approximate",1,0.5,0.666666666666667,0,0.305433206843931,4
"rand1",1.8,10,"SVP AR1Focus",1,0.25,0.4,0,0.869889906121768,2
"rand1",1.8,10,"SVP AR1Focus TRUE/TRUE",1,0.375,0.545454545454545,0,0.347231927119505,3
"none",2,10,"PELT inflated",1,1,1,1,0.0153148860146046,1
"none",2,10,"PELT AR1 approximate",1,1,1,1,0.0153148860146046,1
"none",2,10,"SVP AR1Focus",1,1,1,1,0.0153148860146046,1
"none",2,10,"SVP AR1Focus TRUE/TRUE",1,1,1,1,0.0153148860146046,1
"up",2,10,"PELT inflated",0.666666666666667,0.5,0.571428571428572,0,0.74143321011778,6
"up",2,10,"PELT AR1 approximate",1,0.875,0.933333333333333,0,0.360039831906534,7
"up",2,10,"SVP AR1Focus",0.5,0.25,0.333333333333333,0,1.83165505269727,4
"up",2,10,"SVP AR1Focus TRUE/TRUE",0.5,0.25,0.333333333333333,0,1.83165505269727,4
"updown",2,10,"PELT inflated",1,0.125,0.222222222222222,0,1.00195076052756,1
"updown",2,10,"PELT AR1 approximate",1,0.25,0.4,0,0.878802442794045,2
"updown",2,10,"SVP AR1Focus",1,0.125,0.222222222222222,0,1.00195076052756,1
"updown",2,10,"SVP AR1Focus TRUE/TRUE",1,0.125,0.222222222222222,0,1.00195076052756,1
"rand1",2,10,"PELT inflated",1,0.375,0.545454545454545,0,0.469671108268615,3
"rand1",2,10,"PELT AR1 approximate",1,0.625,0.769230769230769,0,0.0917599804691213,5
"rand1",2,10,"SVP AR1Focus",0.5,0.125,0.2,0,1.00897922684397,2
"rand1",2,10,"SVP AR1Focus TRUE/TRUE",0.5,0.125,0.2,0,1.00897922684397,2
"none",2.2,10,"PELT inflated",1,1,1,1,0.0178440432253334,1
"none",2.2,10,"PELT AR1 approximate",1,1,1,1,0.0178440432253334,1
"none",2.2,10,"SVP AR1Focus",1,1,1,1,0.0178440432253334,1
"none",2.2,10,"SVP AR1Focus TRUE/TRUE",1,1,1,1,0.0178440432253334,1
"up",2.2,10,"PELT inflated",0.833333333333333,0.625,0.714285714285714,0,0.769077232383433,6
"up",2.2,10,"PELT AR1 approximate",1,0.875,0.933333333333333,0,0.408344933630785,7
"up",2.2,10,"SVP AR1Focus",1,0.5,0.666666666666667,0,1.27753116357038,4
"up",2.2,10,"SVP AR1Focus TRUE/TRUE",1,0.5,0.666666666666667,0,1.27753116357038,4
"updown",2.2,10,"PELT inflated",1,0.125,0.222222222222222,0,1.21126279819016,1
"updown",2.2,10,"PELT AR1 approximate",0.875,0.875,0.875,1,0.275250772406786,8
"updown",2.2,10,"SVP AR1Focus",1,0.125,0.222222222222222,0,1.21126279819016,1
"updown",2.2,10,"SVP AR1Focus TRUE/TRUE",1,0.125,0.222222222222222,0,1.21126279819016,1
"rand1",2.2,10,"PELT inflated",1,0.625,0.769230769230769,0,0.0888583242523563,5
"rand1",2.2,10,"PELT AR1 approximate",1,0.625,0.769230769230769,0,0.0721052139281222,5
"rand1",2.2,10,"SVP AR1Focus",0.666666666666667,0.25,0.363636363636364,0,1.17640073413462,3
"rand1",2.2,10,"SVP AR1Focus TRUE/TRUE",1,0.375,0.545454545454545,0,1.0978878612065,3
"none",2.4,10,"PELT inflated",1,1,1,1,0.00435204855906247,1
"none",2.4,10,"PELT AR1 approximate",1,1,1,1,0.00435204855906247,1
"none",2.4,10,"SVP AR1Focus",1,1,1,1,0.00435204855906247,1
"none",2.4,10,"SVP AR1Focus TRUE/TRUE",1,1,1,1,0.00435204855906247,1
"up",2.4,10,"PELT inflated",0.666666666666667,0.5,0.571428571428572,0,0.914523108056805,6
"up",2.4,10,"PELT AR1 approximate",1,1,1,1,0.0768108714538703,8
"up",2.4,10,"SVP AR1Focus",0.75,0.375,0.5,0,1.61907986877659,4
"up",2.4,10,"SVP AR1Focus TRUE/TRUE",0.75,0.375,0.5,0,1.61907986877659,4
"updown",2.4,10,"PELT inflated",1,0.5,0.666666666666667,0,1.07344714902904,4
"updown",2.4,10,"PELT AR1 approximate",1,0.75,0.857142857142857,0,0.597023050664309,6
"updown",2.4,10,"SVP AR1Focus",0.5,0.125,0.2,0,1.36174251964606,2
"updown",2.4,10,"SVP AR1Focus TRUE/TRUE",0.333333333333333,0.125,0.181818181818182,0,1.4446210926733,3
"rand1",2.4,10,"PELT inflated",1,0.375,0.545454545454545,0,0.557508739572248,3
"rand1",2.4,10,"PELT AR1 approximate",1,0.625,0.769230769230769,0,0.0696227537797475,5
"rand1",2.4,10,"SVP AR1Focus",1,0.5,0.666666666666667,0,0.446938414774992,4
"rand1",2.4,10,"SVP AR1Focus TRUE/TRUE",1,0.5,0.666666666666667,0,0.446938414774992,4
"none",2.6,10,"PELT inflated",1,1,1,1,0.00252028424424258,1
"none",2.6,10,"PELT AR1 approximate",1,1,1,1,0.00252028424424258,1
"none",2.6,10,"SVP AR1Focus",1,1,1,1,0.00252028424424258,1
"none",2.6,10,"SVP AR1Focus TRUE/TRUE",1,1,1,1,0.00252028424424258,1
"up",2.6,10,"PELT inflated",0.875,0.875,0.875,1,0.147446906775747,8
"up",2.6,10,"PELT AR1 approximate",1,1,1,1,0.0266201762219619,8
"up",2.6,10,"SVP AR1Focus",0.8,0.5,0.615384615384615,0,1.35554594402279,5
"up",2.6,10,"SVP AR1Focus TRUE/TRUE",0.8,0.5,0.615384615384615,0,1.39935349453033,5
"updown",2.6,10,"PELT inflated",1,0.25,0.4,0,1.48144997895996,2
"updown",2.6,10,"PELT AR1 approximate",1,1,1,1,0.125492177066014,8
"updown",2.6,10,"SVP AR1Focus",0.75,0.375,0.5,0,1.21037997317733,4
"updown",2.6,10,"SVP AR1Focus TRUE/TRUE",0.75,0.375,0.5,0,1.21037997317733,4
"rand1",2.6,10,"PELT inflated",1,0.625,0.769230769230769,0,0.162291545706414,5
"rand1",2.6,10,"PELT AR1 approximate",1,0.625,0.769230769230769,0,0.162291545706414,5
"rand1",2.6,10,"SVP AR1Focus",0.75,0.375,0.5,0,0.744930075503187,4
"rand1",2.6,10,"SVP AR1Focus TRUE/TRUE",1,0.5,0.666666666666667,0,0.732446627379865,4
"none",2.8,10,"PELT inflated",1,1,1,1,0.000147569345794786,1
"none",2.8,10,"PELT AR1 approximate",1,1,1,1,0.000147569345794786,1
"none",2.8,10,"SVP AR1Focus",1,1,1,1,0.000147569345794786,1
"none",2.8,10,"SVP AR1Focus TRUE/TRUE",1,1,1,1,0.000147569345794786,1
"up",2.8,10,"PELT inflated",0.571428571428571,0.5,0.533333333333333,0,1.01786826611206,7
"up",2.8,10,"PELT AR1 approximate",0.875,0.875,0.875,1,0.445698626689579,8
"up",2.8,10,"SVP AR1Focus",0.666666666666667,0.5,0.571428571428572,0,1.42373611419206,6
"up",2.8,10,"SVP AR1Focus TRUE/TRUE",0.666666666666667,0.5,0.571428571428572,0,1.42373611419206,6
"updown",2.8,10,"PELT inflated",1,0.5,0.666666666666667,0,1.18664621808848,4
"updown",2.8,10,"PELT AR1 approximate",1,1,1,1,0.0637146162746002,8
"updown",2.8,10,"SVP AR1Focus",0.666666666666667,0.25,0.363636363636364,0,1.688933380664,3
"updown",2.8,10,"SVP AR1Focus TRUE/TRUE",1,0.75,0.857142857142857,0,0.716851348422843,6
"rand1",2.8,10,"PELT inflated",1,0.375,0.545454545454545,0,0.790350695577499,3
"rand1",2.8,10,"PELT AR1 approximate",1,0.625,0.769230769230769,0,0.131210132050427,5
"rand1",2.8,10,"SVP AR1Focus",1,0.5,0.666666666666667,0,0.674819953417753,4
"rand1",2.8,10,"SVP AR1Focus TRUE/TRUE",1,0.5,0.666666666666667,0,0.658954286802498,4
"none",3,10,"PELT inflated",1,1,1,1,0.044287446467503,1
"none",3,10,"PELT AR1 approximate",1,1,1,1,0.044287446467503,1
"none",3,10,"SVP AR1Focus",1,1,1,1,0.044287446467503,1
"none",3,10,"SVP AR1Focus TRUE/TRUE",1,1,1,1,0.044287446467503,1
"up",3,10,"PELT inflated",1,0.875,0.933333333333333,0,0.621554131784536,7
"up",3,10,"PELT AR1 approximate",1,1,1,1,0.137242865082264,8
"up",3,10,"SVP AR1Focus",1,0.75,0.857142857142857,0,1.21031405228333,6
"up",3,10,"SVP AR1Focus TRUE/TRUE",1,0.875,0.933333333333333,0,0.621554131784536,7
"updown",3,10,"PELT inflated",0.666666666666667,0.25,0.363636363636364,0,1.83282371554286,3
"updown",3,10,"PELT AR1 approximate",0.875,0.875,0.875,1,0.268289936203067,8
"updown",3,10,"SVP AR1Focus",0.666666666666667,0.25,0.363636363636364,0,1.83282371554286,3
"updown",3,10,"SVP AR1Focus TRUE/TRUE",0.8,0.5,0.615384615384615,0,1.47626090041472,5
"rand1",3,10,"PELT inflated",1,0.625,0.769230769230769,0,0.117488015379391,5
"rand1",3,10,"PELT AR1 approximate",1,0.625,0.769230769230769,0,0.117488015379391,5
"rand1",3,10,"SVP AR1Focus",1,0.625,0.769230769230769,0,0.117488015379391,5
"rand1",3,10,"SVP AR1Focus TRUE/TRUE",1,0.625,0.769230769230769,0,0.117488015379391,5
"none",1,11,"PELT inflated",1,1,1,1,0.00313375825516851,1
"none",1,11,"PELT AR1 approximate",1,1,1,1,0.00313375825516851,1
"none",1,11,"SVP AR1Focus",1,1,1,1,0.00313375825516851,1
"none",1,11,"SVP AR1Focus TRUE/TRUE",1,1,1,1,0.00313375825516851,1
"up",1,11,"PELT inflated",0.333333333333333,0.125,0.181818181818182,0,0.722078650181349,3
"up",1,11,"PELT AR1 approximate",0.75,0.375,0.5,0,0.540964928556764,4
"up",1,11,"SVP AR1Focus",1,0.25,0.4,0,1.32060454316554,2
"up",1,11,"SVP AR1Focus TRUE/TRUE",1,0.25,0.4,0,1.32060454316554,2
"updown",1,11,"PELT inflated",1,0.125,0.222222222222222,0,0.251450675658686,1
"updown",1,11,"PELT AR1 approximate",1,0.25,0.4,0,0.296694313296238,2
"updown",1,11,"SVP AR1Focus",1,0.125,0.222222222222222,0,0.251450675658686,1
"updown",1,11,"SVP AR1Focus TRUE/TRUE",1,0.125,0.222222222222222,0,0.251450675658686,1
"rand1",1,11,"PELT inflated",1,0.125,0.222222222222222,0,0.408132298254782,1
"rand1",1,11,"PELT AR1 approximate",0.5,0.125,0.2,0,0.319018758234415,2
"rand1",1,11,"SVP AR1Focus",1,0.125,0.222222222222222,0,0.408132298254782,1
"rand1",1,11,"SVP AR1Focus TRUE/TRUE",1,0.125,0.222222222222222,0,0.408132298254782,1
"none",1.2,11,"PELT inflated",1,1,1,1,0.000763384904887932,1
"none",1.2,11,"PELT AR1 approximate",1,1,1,1,0.000763384904887932,1
"none",1.2,11,"SVP AR1Focus",1,1,1,1,0.000763384904887932,1
"none",1.2,11,"SVP AR1Focus TRUE/TRUE",1,1,1,1,0.000763384904887932,1
"up",1.2,11,"PELT inflated",0.5,0.25,0.333333333333333,0,0.836672813509734,4
"up",1.2,11,"PELT AR1 approximate",0.5,0.25,0.333333333333333,0,0.788365042190587,4
"up",1.2,11,"SVP AR1Focus",0.666666666666667,0.25,0.363636363636364,0,1.47903385881154,3
"up",1.2,11,"SVP AR1Focus TRUE/TRUE",0.666666666666667,0.25,0.363636363636364,0,1.47903385881154,3
"updown",1.2,11,"PELT inflated",1,0.125,0.222222222222222,0,0.360634919696232,1
"updown",1.2,11,"PELT AR1 approximate",1,0.125,0.222222222222222,0,0.360634919696232,1
"updown",1.2,11,"SVP AR1Focus",1,0.125,0.222222222222222,0,0.360634919696232,1
"updown",1.2,11,"SVP AR1Focus TRUE/TRUE",1,0.125,0.222222222222222,0,0.360634919696232,1
"rand1",1.2,11,"PELT inflated",1,0.25,0.4,0,0.401098278413571,2
"rand1",1.2,11,"PELT AR1 approximate",1,0.25,0.4,0,0.34793844744374,2
"rand1",1.2,11,"SVP AR1Focus",1,0.125,0.222222222222222,0,0.576228928828038,1
"rand1",1.2,11,"SVP AR1Focus TRUE/TRUE",1,0.125,0.222222222222222,0,0.576228928828038,1
"none",1.4,11,"PELT inflated",1,1,1,1,0.115132887313362,1
"none",1.4,11,"PELT AR1 approximate",1,1,1,1,0.115132887313362,1
"none",1.4,11,"SVP AR1Focus",1,1,1,1,0.115132887313362,1
"none",1.4,11,"SVP AR1Focus TRUE/TRUE",1,1,1,1,0.115132887313362,1
"up",1.4,11,"PELT inflated",0.5,0.25,0.333333333333333,0,0.699755943142986,4
"up",1.4,11,"PELT AR1 approximate",0.75,0.375,0.5,0,0.62379877205809,4
"up",1.4,11,"SVP AR1Focus",0.666666666666667,0.25,0.363636363636364,0,1.31571341894966,3
"up",1.4,11,"SVP AR1Focus TRUE/TRUE",0.666666666666667,0.25,0.363636363636364,0,1.31571341894966,3
"updown",1.4,11,"PELT inflated",1,0.125,0.222222222222222,0,0.510333442242451,1
"updown",1.4,11,"PELT AR1 approximate",1,0.25,0.4,0,0.468012538493086,2
"updown",1.4,11,"SVP AR1Focus",1,0.125,0.222222222222222,0,0.510333442242451,1
"updown",1.4,11,"SVP AR1Focus TRUE/TRUE",1,0.125,0.222222222222222,0,0.510333442242451,1
"rand1",1.4,11,"PELT inflated",1,0.125,0.222222222222222,0,0.788668893369252,1
"rand1",1.4,11,"PELT AR1 approximate",1,0.625,0.769230769230769,0,0.10216811773696,5
"rand1",1.4,11,"SVP AR1Focus",1,0.25,0.4,0,0.525534109172363,2
"rand1",1.4,11,"SVP AR1Focus TRUE/TRUE",1,0.25,0.4,0,0.525534109172363,2
"none",1.6,11,"PELT inflated",1,1,1,1,0.065124090789001,1
"none",1.6,11,"PELT AR1 approximate",1,1,1,1,0.065124090789001,1
"none",1.6,11,"SVP AR1Focus",1,1,1,1,0.065124090789001,1
"none",1.6,11,"SVP AR1Focus TRUE/TRUE",1,1,1,1,0.065124090789001,1
"up",1.6,11,"PELT inflated",0.5,0.25,0.333333333333333,0,0.91556197608473,4
"up",1.6,11,"PELT AR1 approximate",0.8,0.5,0.615384615384615,0,0.661623829664456,5
"up",1.6,11,"SVP AR1Focus",1,0.375,0.545454545454545,0,1.49037941311241,3
"up",1.6,11,"SVP AR1Focus TRUE/TRUE",1,0.375,0.545454545454545,0,1.49037941311241,3
"updown",1.6,11,"PELT inflated",1,0.125,0.222222222222222,0,0.642443863519315,1
"updown",1.6,11,"PELT AR1 approximate",0.666666666666667,0.25,0.363636363636364,0,0.606314706983815,3
"updown",1.6,11,"SVP AR1Focus",1,0.125,0.222222222222222,0,0.642443863519315,1
"updown",1.6,11,"SVP AR1Focus TRUE/TRUE",1,0.125,0.222222222222222,0,0.642443863519315,1
"rand1",1.6,11,"PELT inflated",1,0.25,0.4,0,0.654731110991517,2
"rand1",1.6,11,"PELT AR1 approximate",1,0.625,0.769230769230769,0,0.0895941459755117,5
"rand1",1.6,11,"SVP AR1Focus",1,0.25,0.4,0,0.654731110991517,2
"rand1",1.6,11,"SVP AR1Focus TRUE/TRUE",1,0.25,0.4,0,0.654731110991517,2
"none",1.8,11,"PELT inflated",1,1,1,1,5.17329044709522e-05,1
"none",1.8,11,"PELT AR1 approximate",1,1,1,1,5.17329044709522e-05,1
"none",1.8,11,"SVP AR1Focus",1,1,1,1,5.17329044709522e-05,1
"none",1.8,11,"SVP AR1Focus TRUE/TRUE",1,1,1,1,5.17329044709522e-05,1
"up",1.8,11,"PELT inflated",0.4,0.25,0.307692307692308,0,1.16823407206107,5
"up",1.8,11,"PELT AR1 approximate",0.666666666666667,0.5,0.571428571428572,0,0.858937449085747,6
"up",1.8,11,"SVP AR1Focus",0.25,0.125,0.166666666666667,0,1.47813659474023,4
"up",1.8,11,"SVP AR1Focus TRUE/TRUE",0.25,0.125,0.166666666666667,0,1.47813659474023,4
"updown",1.8,11,"PELT inflated",1,0.125,0.222222222222222,0,0.823108730732413,1
"updown",1.8,11,"PELT AR1 approximate",0.75,0.375,0.5,0,0.612881013241499,4
"updown",1.8,11,"SVP AR1Focus",1,0.125,0.222222222222222,0,0.823108730732413,1
"updown",1.8,11,"SVP AR1Focus TRUE/TRUE",1,0.125,0.222222222222222,0,0.823108730732413,1
"rand1",1.8,11,"PELT inflated",1,0.375,0.545454545454545,0,0.363958218838066,3
"rand1",1.8,11,"PELT AR1 approximate",1,0.625,0.769230769230769,0,0.114623828398483,5
"rand1",1.8,11,"SVP AR1Focus",1,0.25,0.4,0,0.846147434573921,2
"rand1",1.8,11,"SVP AR1Focus TRUE/TRUE",0.666666666666667,0.25,0.363636363636364,0,0.908097895686611,3
"none",2,11,"PELT inflated",1,1,1,1,0.000195320396549389,1
"none",2,11,"PELT AR1 approximate",1,1,1,1,0.000195320396549389,1
"none",2,11,"SVP AR1Focus",1,1,1,1,0.000195320396549389,1
"none",2,11,"SVP AR1Focus TRUE/TRUE",1,1,1,1,0.000195320396549389,1
"up",2,11,"PELT inflated",0.4,0.25,0.307692307692308,0,1.0793105004629,5
"up",2,11,"PELT AR1 approximate",0.857142857142857,0.75,0.8,0,0.373548531666316,7
"up",2,11,"SVP AR1Focus",0.75,0.375,0.5,0,1.3003637095751,4
"up",2,11,"SVP AR1Focus TRUE/TRUE",0.75,0.375,0.5,0,1.3003637095751,4
"updown",2,11,"PELT inflated",1,0.125,0.222222222222222,0,1.09182313002609,1
"updown",2,11,"PELT AR1 approximate",0.875,0.875,0.875,1,0.305856344146111,8
"updown",2,11,"SVP AR1Focus",0.5,0.125,0.2,0,1.00624809603891,2
"updown",2,11,"SVP AR1Focus TRUE/TRUE",1,0.25,0.4,0,0.976621501167949,2
"rand1",2,11,"PELT inflated",1,0.375,0.545454545454545,0,0.38077023887195,3
"rand1",2,11,"PELT AR1 approximate",1,0.625,0.769230769230769,0,0.0431940889444011,5
"rand1",2,11,"SVP AR1Focus",1,0.375,0.545454545454545,0,0.38077023887195,3
"rand1",2,11,"SVP AR1Focus TRUE/TRUE",1,0.375,0.545454545454545,0,0.38077023887195,3
"none",2.2,11,"PELT inflated",1,1,1,1,0.000250932449600451,1
"none",2.2,11,"PELT AR1 approximate",1,1,1,1,0.000250932449600451,1
"none",2.2,11,"SVP AR1Focus",1,1,1,1,0.000250932449600451,1
"none",2.2,11,"SVP AR1Focus TRUE/TRUE",1,1,1,1,0.000250932449600451,1
"up",2.2,11,"PELT inflated",0.8,0.5,0.615384615384615,0,1.05315133925333,5
"up",2.2,11,"PELT AR1 approximate",0.857142857142857,0.75,0.8,0,0.472387864363726,7
"up",2.2,11,"SVP AR1Focus",0.75,0.375,0.5,0,1.7247522669497,4
"up",2.2,11,"SVP AR1Focus TRUE/TRUE",0.75,0.375,0.5,0,1.7247522669497,4
"updown",2.2,11,"PELT inflated",1,0.125,0.222222222222222,0,1.25219958778155,1
"updown",2.2,11,"PELT AR1 approximate",1,0.625,0.769230769230769,0,0.75895732913704,5
"updown",2.2,11,"SVP AR1Focus",1,0.125,0.222222222222222,0,1.25219958778155,1
"updown",2.2,11,"SVP AR1Focus TRUE/TRUE",1,0.125,0.222222222222222,0,1.25219958778155,1
"rand1",2.2,11,"PELT inflated",1,0.375,0.545454545454545,0,0.525206189304844,3
"rand1",2.2,11,"PELT AR1 approximate",1,0.625,0.769230769230769,0,0.117132911287011,5
"rand1",2.2,11,"SVP AR1Focus",1,0.5,0.666666666666667,0,0.4346778803543,4
"rand1",2.2,11,"SVP AR1Focus TRUE/TRUE",1,0.5,0.666666666666667,0,0.4346778803543,4
"none",2.4,11,"PELT inflated",1,1,1,1,0.00375082649063014,1
"none",2.4,11,"PELT AR1 approximate",1,1,1,1,0.00375082649063014,1
"none",2.4,11,"SVP AR1Focus",1,1,1,1,0.00375082649063014,1
"none",2.4,11,"SVP AR1Focus TRUE/TRUE",1,1,1,1,0.00375082649063014,1
"up",2.4,11,"PELT inflated",1,0.625,0.769230769230769,0,1.11393162785244,5
"up",2.4,11,"PELT AR1 approximate",1,1,1,1,0.182426545005387,8
"up",2.4,11,"SVP AR1Focus",0.75,0.375,0.5,0,2.04359069473059,4
"up",2.4,11,"SVP AR1Focus TRUE/TRUE",0.75,0.375,0.5,0,2.07921471209077,4
"updown",2.4,11,"PELT inflated",1,0.5,0.666666666666667,0,1.10674514284261,4
"updown",2.4,11,"PELT AR1 approximate",0.875,0.875,0.875,1,0.349907837479344,8
"updown",2.4,11,"SVP AR1Focus",1,0.25,0.4,0,1.40962003164911,2
"updown",2.4,11,"SVP AR1Focus TRUE/TRUE",1,0.25,0.4,0,1.40962003164911,2
"rand1",2.4,11,"PELT inflated",0.8,0.5,0.615384615384615,0,0.290190585284612,5
"rand1",2.4,11,"PELT AR1 approximate",1,0.625,0.769230769230769,0,0.140470389910054,5
"rand1",2.4,11,"SVP AR1Focus",1,0.625,0.769230769230769,0,0.140470389910054,5
"rand1",2.4,11,"SVP AR1Focus TRUE/TRUE",1,0.625,0.769230769230769,0,0.140470389910054,5
"none",2.6,11,"PELT inflated",1,1,1,1,4.0814822140161e-05,1
"none",2.6,11,"PELT AR1 approximate",1,1,1,1,4.0814822140161e-05,1
"none",2.6,11,"SVP AR1Focus",1,1,1,1,4.0814822140161e-05,1
"none",2.6,11,"SVP AR1Focus TRUE/TRUE",1,1,1,1,4.0814822140161e-05,1
"up",2.6,11,"PELT inflated",0.666666666666667,0.5,0.571428571428572,0,1.15887701386383,6
"up",2.6,11,"PELT AR1 approximate",1,1,1,1,0.104524038450721,8
"up",2.6,11,"SVP AR1Focus",0.8,0.5,0.615384615384615,0,1.76081293620355,5
"up",2.6,11,"SVP AR1Focus TRUE/TRUE",0.6,0.375,0.461538461538462,0,2.28130249805928,5
"updown",2.6,11,"PELT inflated",1,0.5,0.666666666666667,0,1.05094890247006,4
"updown",2.6,11,"PELT AR1 approximate",1,1,1,1,0.0554199242756254,8
"updown",2.6,11,"SVP AR1Focus",1,0.25,0.4,0,1.44939625117767,2
"updown",2.6,11,"SVP AR1Focus TRUE/TRUE",0.666666666666667,0.25,0.363636363636364,0,1.32899434065572,3
"rand1",2.6,11,"PELT inflated",1,0.625,0.769230769230769,0,0.168427166545826,5
"rand1",2.6,11,"PELT AR1 approximate",1,0.625,0.769230769230769,0,0.168427166545826,5
"rand1",2.6,11,"SVP AR1Focus",1,0.625,0.769230769230769,0,0.168427166545826,5
"rand1",2.6,11,"SVP AR1Focus TRUE/TRUE",1,0.625,0.769230769230769,0,0.168427166545826,5
"none",2.8,11,"PELT inflated",1,1,1,1,0.00086926476572771,1
"none",2.8,11,"PELT AR1 approximate",1,1,1,1,0.00086926476572771,1
"none",2.8,11,"SVP AR1Focus",1,1,1,1,0.00086926476572771,1
"none",2.8,11,"SVP AR1Focus TRUE/TRUE",1,1,1,1,0.00086926476572771,1
"up",2.8,11,"PELT inflated",1,0.875,0.933333333333333,0,0.626511315759014,7
"up",2.8,11,"PELT AR1 approximate",1,1,1,1,0.127899221305581,8
"up",2.8,11,"SVP AR1Focus",0.8,0.5,0.615384615384615,0,1.70245732988226,5
"up",2.8,11,"SVP AR1Focus TRUE/TRUE",0.8,0.5,0.615384615384615,0,1.70245732988226,5
"updown",2.8,11,"PELT inflated",1,0.25,0.4,0,1.7367103834645,2
"updown",2.8,11,"PELT AR1 approximate",1,1,1,1,0.137697127008785,8
"updown",2.8,11,"SVP AR1Focus",1,0.25,0.4,0,1.7367103834645,2
"updown",2.8,11,"SVP AR1Focus TRUE/TRUE",1,0.625,0.769230769230769,0,1.05881247527467,5
"rand1",2.8,11,"PELT inflated",1,0.375,0.545454545454545,0,0.753528771877721,3
"rand1",2.8,11,"PELT AR1 approximate",1,0.625,0.769230769230769,0,0.098772204890271,5
"rand1",2.8,11,"SVP AR1Focus",1,0.625,0.769230769230769,0,0.098772204890271,5
"rand1",2.8,11,"SVP AR1Focus TRUE/TRUE",1,0.625,0.769230769230769,0,0.098772204890271,5
"none",3,11,"PELT inflated",1,1,1,1,0.0151289001432282,1
"none",3,11,"PELT AR1 approximate",1,1,1,1,0.0151289001432282,1
"none",3,11,"SVP AR1Focus",1,1,1,1,0.0151289001432282,1
"none",3,11,"SVP AR1Focus TRUE/TRUE",1,1,1,1,0.0151289001432282,1
"up",3,11,"PELT inflated",1,0.875,0.933333333333333,0,0.681547422466156,7
"up",3,11,"PELT AR1 approximate",1,1,1,1,0.17818021716707,8
"up",3,11,"SVP AR1Focus",1,0.625,0.769230769230769,0,1.8199667181568,5
"up",3,11,"SVP AR1Focus TRUE/TRUE",1,0.625,0.769230769230769,0,1.8492721597568,5
"updown",3,11,"PELT inflated",1,0.5,0.666666666666667,0,1.40849497348276,4
"updown",3,11,"PELT AR1 approximate",1,1,1,1,0.0536874127856619,8
"updown",3,11,"SVP AR1Focus",0.666666666666667,0.25,0.363636363636364,0,2.07649279008085,3
"updown",3,11,"SVP AR1Focus TRUE/TRUE",0.75,0.375,0.5,0,1.82446963734286,4
"rand1",3,11,"PELT inflated",1,0.625,0.769230769230769,0,0.141065236533166,5
"rand1",3,11,"PELT AR1 approximate",1,0.625,0.769230769230769,0,0.141065236533166,5
"rand1",3,11,"SVP AR1Focus",1,0.625,0.769230769230769,0,0.141065236533166,5
"rand1",3,11,"SVP AR1Focus TRUE/TRUE",1,0.625,0.769230769230769,0,0.141065236533166,5
"none",1,12,"PELT inflated",1,1,1,1,0.000151064642612273,1
"none",1,12,"PELT AR1 approximate",1,1,1,1,0.000151064642612273,1
"none",1,12,"SVP AR1Focus",1,1,1,1,0.000151064642612273,1
"none",1,12,"SVP AR1Focus TRUE/TRUE",1,1,1,1,0.000151064642612273,1
"up",1,12,"PELT inflated",0.333333333333333,0.125,0.181818181818182,0,0.757388615739931,3
"up",1,12,"PELT AR1 approximate",0.75,0.375,0.5,0,0.566207963570751,4
"up",1,12,"SVP AR1Focus",0.5,0.125,0.2,0,1.39184687548218,2
"up",1,12,"SVP AR1Focus TRUE/TRUE",0.5,0.125,0.2,0,1.39184687548218,2
"updown",1,12,"PELT inflated",1,0.125,0.222222222222222,0,0.253182578505567,1
"updown",1,12,"PELT AR1 approximate",1,0.125,0.222222222222222,0,0.253182578505567,1
"updown",1,12,"SVP AR1Focus",1,0.125,0.222222222222222,0,0.253182578505567,1
"updown",1,12,"SVP AR1Focus TRUE/TRUE",1,0.125,0.222222222222222,0,0.253182578505567,1
"rand1",1,12,"PELT inflated",1,0.125,0.222222222222222,0,0.395822712078173,1
"rand1",1,12,"PELT AR1 approximate",1,0.375,0.545454545454545,0,0.11260644634971,3
"rand1",1,12,"SVP AR1Focus",1,0.125,0.222222222222222,0,0.395822712078173,1
"rand1",1,12,"SVP AR1Focus TRUE/TRUE",1,0.125,0.222222222222222,0,0.395822712078173,1
"none",1.2,12,"PELT inflated",1,1,1,1,1.58770498681163e-05,1
"none",1.2,12,"PELT AR1 approximate",1,1,1,1,1.58770498681163e-05,1
"none",1.2,12,"SVP AR1Focus",1,1,1,1,1.58770498681163e-05,1
"none",1.2,12,"SVP AR1Focus TRUE/TRUE",1,1,1,1,1.58770498681163e-05,1
"up",1.2,12,"PELT inflated",0.6,0.375,0.461538461538462,0,0.428359122297531,5
"up",1.2,12,"PELT AR1 approximate",0.8,0.5,0.615384615384615,0,0.430174322743124,5
"up",1.2,12,"SVP AR1Focus",0.333333333333333,0.125,0.181818181818182,0,1.20705853293919,3
"up",1.2,12,"SVP AR1Focus TRUE/TRUE",0.333333333333333,0.125,0.181818181818182,0,1.20705853293919,3
"updown",1.2,12,"PELT inflated",1,0.125,0.222222222222222,0,0.424276825652499,1
"updown",1.2,12,"PELT AR1 approximate",1,0.125,0.222222222222222,0,0.424276825652499,1
"updown",1.2,12,"SVP AR1Focus",1,0.125,0.222222222222222,0,0.424276825652499,1
"updown",1.2,12,"SVP AR1Focus TRUE/TRUE",1,0.125,0.222222222222222,0,0.424276825652499,1
"rand1",1.2,12,"PELT inflated",1,0.125,0.222222222222222,0,0.576070307933662,1
"rand1",1.2,12,"PELT AR1 approximate",1,0.25,0.4,0,0.347783102646817,2
"rand1",1.2,12,"SVP AR1Focus",1,0.125,0.222222222222222,0,0.576070307933662,1
"rand1",1.2,12,"SVP AR1Focus TRUE/TRUE",1,0.125,0.222222222222222,0,0.576070307933662,1
"none",1.4,12,"PELT inflated",1,1,1,1,3.74403936773836e-05,1
"none",1.4,12,"PELT AR1 approximate",1,1,1,1,3.74403936773836e-05,1
"none",1.4,12,"SVP AR1Focus",1,1,1,1,3.74403936773836e-05,1
"none",1.4,12,"SVP AR1Focus TRUE/TRUE",1,1,1,1,3.74403936773836e-05,1
"up",1.4,12,"PELT inflated",0.75,0.375,0.5,0,0.545498722751575,4
"up",1.4,12,"PELT AR1 approximate",0.75,0.375,0.5,0,0.545498722751575,4
"up",1.4,12,"SVP AR1Focus",1,0.375,0.545454545454545,0,1.1304910042354,3
"up",1.4,12,"SVP AR1Focus TRUE/TRUE",1,0.375,0.545454545454545,0,1.1304910042354,3
"updown",1.4,12,"PELT inflated",1,0.125,0.222222222222222,0,0.496124788023361,1
"updown",1.4,12,"PELT AR1 approximate",1,0.25,0.4,0,0.439568291527426,2
"updown",1.4,12,"SVP AR1Focus",1,0.125,0.222222222222222,0,0.496124788023361,1
"updown",1.4,12,"SVP AR1Focus TRUE/TRUE",1,0.125,0.222222222222222,0,0.496124788023361,1
"rand1",1.4,12,"PELT inflated",0.5,0.125,0.2,0,0.546440603373007,2
"rand1",1.4,12,"PELT AR1 approximate",1,0.375,0.545454545454545,0,0.234628436762776,3
"rand1",1.4,12,"SVP AR1Focus",0.5,0.125,0.2,0,0.546440603373007,2
"rand1",1.4,12,"SVP AR1Focus TRUE/TRUE",0.5,0.125,0.2,0,0.546440603373007,2
"none",1.6,12,"PELT inflated",1,1,1,1,0.00827296342748107,1
"none",1.6,12,"PELT AR1 approximate",1,1,1,1,0.00827296342748107,1
"none",1.6,12,"SVP AR1Focus",1,1,1,1,0.00827296342748107,1
"none",1.6,12,"SVP AR1Focus TRUE/TRUE",1,1,1,1,0.00827296342748107,1
"up",1.6,12,"PELT inflated",0.75,0.375,0.5,0,1.08211699858824,4
"up",1.6,12,"PELT AR1 approximate",0.833333333333333,0.625,0.714285714285714,0,0.47533873059599,6
"up",1.6,12,"SVP AR1Focus",1,0.375,0.545454545454545,0,1.53013880444599,3
"up",1.6,12,"SVP AR1Focus TRUE/TRUE",0.666666666666667,0.25,0.363636363636364,0,1.58888843117471,3
"updown",1.6,12,"PELT inflated",1,0.125,0.222222222222222,0,0.644436623104246,1
"updown",1.6,12,"PELT AR1 approximate",1,0.125,0.222222222222222,0,0.644436623104246,1
"updown",1.6,12,"SVP AR1Focus",1,0.125,0.222222222222222,0,0.644436623104246,1
"updown",1.6,12,"SVP AR1Focus TRUE/TRUE",1,0.125,0.222222222222222,0,0.644436623104246,1
"rand1",1.6,12,"PELT inflated",1,0.125,0.222222222222222,0,1.00695803113436,1
"rand1",1.6,12,"PELT AR1 approximate",1,0.375,0.545454545454545,0,0.264892394248193,3
"rand1",1.6,12,"SVP AR1Focus",1,0.25,0.4,0,0.624730008180352,2
"rand1",1.6,12,"SVP AR1Focus TRUE/TRUE",1,0.25,0.4,0,0.624730008180352,2
"none",1.8,12,"PELT inflated",1,1,1,1,0.0176369642804593,1
"none",1.8,12,"PELT AR1 approximate",1,1,1,1,0.0176369642804593,1
"none",1.8,12,"SVP AR1Focus",1,1,1,1,0.0176369642804593,1
"none",1.8,12,"SVP AR1Focus TRUE/TRUE",1,1,1,1,0.0176369642804593,1
"up",1.8,12,"PELT inflated",1,0.5,0.666666666666667,0,0.825526715092728,4
"up",1.8,12,"PELT AR1 approximate",0.857142857142857,0.75,0.8,0,0.35034928923361,7
"up",1.8,12,"SVP AR1Focus",1,0.5,0.666666666666667,0,0.825526715092728,4
"up",1.8,12,"SVP AR1Focus TRUE/TRUE",1,0.5,0.666666666666667,0,0.825526715092728,4
"updown",1.8,12,"PELT inflated",1,0.125,0.222222222222222,0,0.812273647929211,1
"updown",1.8,12,"PELT AR1 approximate",1,0.5,0.666666666666667,0,0.518104433917127,4
"updown",1.8,12,"SVP AR1Focus",1,0.125,0.222222222222222,0,0.812273647929211,1
"updown",1.8,12,"SVP AR1Focus TRUE/TRUE",1,0.125,0.222222222222222,0,0.812273647929211,1
"rand1",1.8,12,"PELT inflated",1,0.375,0.545454545454545,0,0.342063129398173,3
"rand1",1.8,12,"PELT AR1 approximate",1,0.5,0.666666666666667,0,0.25593172095862,4
"rand1",1.8,12,"SVP AR1Focus",0.5,0.125,0.2,0,0.806060698851158,2
"rand1",1.8,12,"SVP AR1Focus TRUE/TRUE",0.5,0.125,0.2,0,0.806060698851158,2
"none",2,12,"PELT inflated",1,1,1,1,0.0179725254518444,1
"none",2,12,"PELT AR1 approximate",1,1,1,1,0.0179725254518444,1
"none",2,12,"SVP AR1Focus",1,1,1,1,0.0179725254518444,1
"none",2,12,"SVP AR1Focus TRUE/TRUE",1,1,1,1,0.0179725254518444,1
"up",2,12,"PELT inflated",0.6,0.375,0.461538461538462,0,1.1626443635314,5
"up",2,12,"PELT AR1 approximate",0.857142857142857,0.75,0.8,0,0.369958428248912,7
"up",2,12,"SVP AR1Focus",1,0.5,0.666666666666667,0,1.13953308747654,4
"up",2,12,"SVP AR1Focus TRUE/TRUE",1,0.5,0.666666666666667,0,1.13953308747654,4
"updown",2,12,"PELT inflated",1,0.125,0.222222222222222,0,1.0136752157956,1
"updown",2,12,"PELT AR1 approximate",1,0.375,0.545454545454545,0,0.814199803130722,3
"updown",2,12,"SVP AR1Focus",1,0.125,0.222222222222222,0,1.0136752157956,1
"updown",2,12,"SVP AR1Focus TRUE/TRUE",1,0.125,0.222222222222222,0,1.0136752157956,1
"rand1",2,12,"PELT inflated",1,0.25,0.4,0,0.961258152238749,2
"rand1",2,12,"PELT AR1 approximate",1,0.625,0.769230769230769,0,0.15530703662799,5
"rand1",2,12,"SVP AR1Focus",1,0.25,0.4,0,0.961258152238749,2
"rand1",2,12,"SVP AR1Focus TRUE/TRUE",1,0.25,0.4,0,0.961258152238749,2
"none",2.2,12,"PELT inflated",1,1,1,1,0.00516809782845632,1
"none",2.2,12,"PELT AR1 approximate",1,1,1,1,0.00516809782845632,1
"none",2.2,12,"SVP AR1Focus",1,1,1,1,0.00516809782845632,1
"none",2.2,12,"SVP AR1Focus TRUE/TRUE",1,1,1,1,0.00516809782845632,1
"up",2.2,12,"PELT inflated",0.833333333333333,0.625,0.714285714285714,0,0.752794997896193,6
"up",2.2,12,"PELT AR1 approximate",1,1,1,1,0.0923293245086698,8
"up",2.2,12,"SVP AR1Focus",0.75,0.375,0.5,0,1.38219624568952,4
"up",2.2,12,"SVP AR1Focus TRUE/TRUE",0.75,0.375,0.5,0,1.38219624568952,4
"updown",2.2,12,"PELT inflated",1,0.25,0.4,0,1.09157807916004,2
"updown",2.2,12,"PELT AR1 approximate",1,1,1,1,0.132949120785349,8
"updown",2.2,12,"SVP AR1Focus",1,0.125,0.222222222222222,0,1.21527916664757,1
"updown",2.2,12,"SVP AR1Focus TRUE/TRUE",1,0.125,0.222222222222222,0,1.21527916664757,1
"rand1",2.2,12,"PELT inflated",1,0.625,0.769230769230769,0,0.0774909668167883,5
"rand1",2.2,12,"PELT AR1 approximate",1,0.625,0.769230769230769,0,0.0774909668167883,5
"rand1",2.2,12,"SVP AR1Focus",0.75,0.375,0.5,0,0.410554250459903,4
"rand1",2.2,12,"SVP AR1Focus TRUE/TRUE",1,0.5,0.666666666666667,0,0.416237521799319,4
"none",2.4,12,"PELT inflated",1,1,1,1,0.00288316341626569,1
"none",2.4,12,"PELT AR1 approximate",1,1,1,1,0.00288316341626569,1
"none",2.4,12,"SVP AR1Focus",1,1,1,1,0.00288316341626569,1
"none",2.4,12,"SVP AR1Focus TRUE/TRUE",1,1,1,1,0.00288316341626569,1
"up",2.4,12,"PELT inflated",0.833333333333333,0.625,0.714285714285714,0,0.993214727202811,6
"up",2.4,12,"PELT AR1 approximate",1,1,1,1,0.0849880282220064,8
"up",2.4,12,"SVP AR1Focus",1,0.5,0.666666666666667,0,1.57521870367765,4
"up",2.4,12,"SVP AR1Focus TRUE/TRUE",1,0.5,0.666666666666667,0,1.57521870367765,4
"updown",2.4,12,"PELT inflated",1,0.5,0.666666666666667,0,0.981876551732599,4
"updown",2.4,12,"PELT AR1 approximate",1,1,1,1,0.139722397280858,8
"updown",2.4,12,"SVP AR1Focus",1,0.25,0.4,0,1.30711954749856,2
"updown",2.4,12,"SVP AR1Focus TRUE/TRUE",1,0.5,0.666666666666667,0,1.09409926701873,4
"rand1",2.4,12,"PELT inflated",1,0.375,0.545454545454545,0,0.586750057960476,3
"rand1",2.4,12,"PELT AR1 approximate",1,0.625,0.769230769230769,0,0.137356461542444,5
"rand1",2.4,12,"SVP AR1Focus",1,0.375,0.545454545454545,0,0.586750057960476,3
"rand1",2.4,12,"SVP AR1Focus TRUE/TRUE",1,0.375,0.545454545454545,0,0.586750057960476,3
"none",2.6,12,"PELT inflated",1,1,1,1,0.00361242230964622,1
"none",2.6,12,"PELT AR1 approximate",1,1,1,1,0.00361242230964622,1
"none",2.6,12,"SVP AR1Focus",1,1,1,1,0.00361242230964622,1
"none",2.6,12,"SVP AR1Focus TRUE/TRUE",1,1,1,1,0.00361242230964622,1
"up",2.6,12,"PELT inflated",0.875,0.875,0.875,1,0.225174291775108,8
"up",2.6,12,"PELT AR1 approximate",1,1,1,1,0.100744223591573,8
"up",2.6,12,"SVP AR1Focus",0.75,0.375,0.5,0,2.18967954104334,4
"up",2.6,12,"SVP AR1Focus TRUE/TRUE",0.75,0.375,0.5,0,2.20971832922384,4
"updown",2.6,12,"PELT inflated",1,0.5,0.666666666666667,0,1.0774422380067,4
"updown",2.6,12,"PELT AR1 approximate",0.875,0.875,0.875,1,0.209302630191063,8
"updown",2.6,12,"SVP AR1Focus",1,0.125,0.222222222222222,0,1.70092430219333,1
"updown",2.6,12,"SVP AR1Focus TRUE/TRUE",1,0.125,0.222222222222222,0,1.70092430219333,1
"rand1",2.6,12,"PELT inflated",1,0.375,0.545454545454545,0,0.719150545410585,3
"rand1",2.6,12,"PELT AR1 approximate",1,0.625,0.769230769230769,0,0.146868090556661,5
"rand1",2.6,12,"SVP AR1Focus",0.75,0.375,0.5,0,0.625567756771844,4
"rand1",2.6,12,"SVP AR1Focus TRUE/TRUE",0.75,0.375,0.5,0,0.702441063098629,4
"none",2.8,12,"PELT inflated",1,1,1,1,3.84853695790827e-05,1
"none",2.8,12,"PELT AR1 approximate",1,1,1,1,3.84853695790827e-05,1
"none",2.8,12,"SVP AR1Focus",1,1,1,1,3.84853695790827e-05,1
"none",2.8,12,"SVP AR1Focus TRUE/TRUE",1,1,1,1,3.84853695790827e-05,1
"up",2.8,12,"PELT inflated",1,0.75,0.857142857142857,0,1.21465178170282,6
"up",2.8,12,"PELT AR1 approximate",0.875,0.875,0.875,1,0.265846163221032,8
"up",2.8,12,"SVP AR1Focus",0.8,0.5,0.615384615384615,0,2.0220458461853,5
"up",2.8,12,"SVP AR1Focus TRUE/TRUE",1,0.75,0.857142857142857,0,1.21465178170282,6
"updown",2.8,12,"PELT inflated",1,0.75,0.857142857142857,0,0.707557166331718,6
"updown",2.8,12,"PELT AR1 approximate",1,1,1,1,0.058851513940164,8
"updown",2.8,12,"SVP AR1Focus",0.333333333333333,0.125,0.181818181818182,0,1.68382295947087,3
"updown",2.8,12,"SVP AR1Focus TRUE/TRUE",0.666666666666667,0.5,0.571428571428572,0,1.04011597235748,6
"rand1",2.8,12,"PELT inflated",1,0.375,0.545454545454545,0,0.771357480071569,3
"rand1",2.8,12,"PELT AR1 approximate",1,0.625,0.769230769230769,0,0.131245876661843,5
"rand1",2.8,12,"SVP AR1Focus",0.75,0.375,0.5,0,0.708316719180886,4
"rand1",2.8,12,"SVP AR1Focus TRUE/TRUE",0.75,0.375,0.5,0,0.716567134279639,4
"none",3,12,"PELT inflated",1,1,1,1,4.06345641113379e-06,1
"none",3,12,"PELT AR1 approximate",1,1,1,1,4.06345641113379e-06,1
"none",3,12,"SVP AR1Focus",1,1,1,1,4.06345641113379e-06,1
"none",3,12,"SVP AR1Focus TRUE/TRUE",1,1,1,1,4.06345641113379e-06,1
"up",3,12,"PELT inflated",0.875,0.875,0.875,1,0.175195126466548,8
"up",3,12,"PELT AR1 approximate",0.875,0.875,0.875,1,0.157552387480252,8
"up",3,12,"SVP AR1Focus",1,0.625,0.769230769230769,0,1.8664465797201,5
"up",3,12,"SVP AR1Focus TRUE/TRUE",1,0.625,0.769230769230769,0,1.8664465797201,5
"updown",3,12,"PELT inflated",1,1,1,1,0.116769900039782,8
"updown",3,12,"PELT AR1 approximate",1,1,1,1,0.0760403783748037,8
"updown",3,12,"SVP AR1Focus",0.666666666666667,0.25,0.363636363636364,0,1.95710302422665,3
"updown",3,12,"SVP AR1Focus TRUE/TRUE",0.8,0.5,0.615384615384615,0,1.46276000994782,5
"rand1",3,12,"PELT inflated",1,0.375,0.545454545454545,0,0.866493856375014,3
"rand1",3,12,"PELT AR1 approximate",1,0.625,0.769230769230769,0,0.167787346222268,5
"rand1",3,12,"SVP AR1Focus",1,0.5,0.666666666666667,0,0.693707079086303,4
"rand1",3,12,"SVP AR1Focus TRUE/TRUE",1,0.5,0.666666666666667,0,0.693707079086303,4
"none",1,13,"PELT inflated",1,1,1,1,0.000293109580932852,1
"none",1,13,"PELT AR1 approximate",1,1,1,1,0.000293109580932852,1
"none",1,13,"SVP AR1Focus",1,1,1,1,0.000293109580932852,1
"none",1,13,"SVP AR1Focus TRUE/TRUE",1,1,1,1,0.000293109580932852,1
"up",1,13,"PELT inflated",0.333333333333333,0.125,0.181818181818182,0,0.705361009151946,3
"up",1,13,"PELT AR1 approximate",0.75,0.375,0.5,0,0.502168946025739,4
"up",1,13,"SVP AR1Focus",0.333333333333333,0.125,0.181818181818182,0,0.705361009151946,3
"up",1,13,"SVP AR1Focus TRUE/TRUE",0.333333333333333,0.125,0.181818181818182,0,0.705361009151946,3
"updown",1,13,"PELT inflated",1,0.125,0.222222222222222,0,0.250534501356409,1
"updown",1,13,"PELT AR1 approximate",1,0.125,0.222222222222222,0,0.250534501356409,1
"updown",1,13,"SVP AR1Focus",1,0.125,0.222222222222222,0,0.250534501356409,1
"updown",1,13,"SVP AR1Focus TRUE/TRUE",1,0.125,0.222222222222222,0,0.250534501356409,1
"rand1",1,13,"PELT inflated",1,0.125,0.222222222222222,0,0.422227270715696,1
"rand1",1,13,"PELT AR1 approximate",0.666666666666667,0.25,0.363636363636364,0,0.194905214337171,3
"rand1",1,13,"SVP AR1Focus",1,0.125,0.222222222222222,0,0.422227270715696,1
"rand1",1,13,"SVP AR1Focus TRUE/TRUE",1,0.125,0.222222222222222,0,0.422227270715696,1
"none",1.2,13,"PELT inflated",1,1,1,1,0.0176026643634752,1
"none",1.2,13,"PELT AR1 approximate",1,1,1,1,0.0176026643634752,1
"none",1.2,13,"SVP AR1Focus",1,1,1,1,0.0176026643634752,1
"none",1.2,13,"SVP AR1Focus TRUE/TRUE",1,1,1,1,0.0176026643634752,1
"up",1.2,13,"PELT inflated",0.5,0.25,0.333333333333333,0,0.849305025628156,4
"up",1.2,13,"PELT AR1 approximate",0.6,0.375,0.461538461538462,0,0.460816799677112,5
"up",1.2,13,"SVP AR1Focus",0.666666666666667,0.25,0.363636363636364,0,0.983102401053403,3
"up",1.2,13,"SVP AR1Focus TRUE/TRUE",0.666666666666667,0.25,0.363636363636364,0,0.983102401053403,3
"updown",1.2,13,"PELT inflated",1,0.125,0.222222222222222,0,0.375252188646083,1
"updown",1.2,13,"PELT AR1 approximate",1,0.125,0.222222222222222,0,0.375252188646083,1
"updown",1.2,13,"SVP AR1Focus",1,0.125,0.222222222222222,0,0.375252188646083,1
"updown",1.2,13,"SVP AR1Focus TRUE/TRUE",1,0.125,0.222222222222222,0,0.375252188646083,1
"rand1",1.2,13,"PELT inflated",1,0.125,0.222222222222222,0,0.56773826808771,1
"rand1",1.2,13,"PELT AR1 approximate",0.666666666666667,0.25,0.363636363636364,0,0.311709130310283,3
"rand1",1.2,13,"SVP AR1Focus",1,0.125,0.222222222222222,0,0.56773826808771,1
"rand1",1.2,13,"SVP AR1Focus TRUE/TRUE",1,0.125,0.222222222222222,0,0.56773826808771,1
"none",1.4,13,"PELT inflated",1,1,1,1,0.046253207091386,1
"none",1.4,13,"PELT AR1 approximate",1,1,1,1,0.046253207091386,1
"none",1.4,13,"SVP AR1Focus",1,1,1,1,0.046253207091386,1
"none",1.4,13,"SVP AR1Focus TRUE/TRUE",1,1,1,1,0.046253207091386,1
"up",1.4,13,"PELT inflated",0.75,0.375,0.5,0,0.661064371416625,4
"up",1.4,13,"PELT AR1 approximate",0.6,0.375,0.461538461538462,0,0.523285544748042,5
"up",1.4,13,"SVP AR1Focus",0.666666666666667,0.25,0.363636363636364,0,1.36962324716843,3
"up",1.4,13,"SVP AR1Focus TRUE/TRUE",0.666666666666667,0.25,0.363636363636364,0,1.36962324716843,3
"updown",1.4,13,"PELT inflated",1,0.125,0.222222222222222,0,0.493355437986771,1
"updown",1.4,13,"PELT AR1 approximate",1,0.25,0.4,0,0.43104047484581,2
"updown",1.4,13,"SVP AR1Focus",1,0.125,0.222222222222222,0,0.493355437986771,1
"updown",1.4,13,"SVP AR1Focus TRUE/TRUE",1,0.125,0.222222222222222,0,0.493355437986771,1
"rand1",1.4,13,"PELT inflated",0.666666666666667,0.25,0.363636363636364,0,0.314170040781608,3
"rand1",1.4,13,"PELT AR1 approximate",1,0.625,0.769230769230769,0,0.0739721940220474,5
"rand1",1.4,13,"SVP AR1Focus",0.5,0.125,0.2,0,0.49800906962547,2
"rand1",1.4,13,"SVP AR1Focus TRUE/TRUE",0.5,0.125,0.2,0,0.49800906962547,2
"none",1.6,13,"PELT inflated",1,1,1,1,0.0371560823415198,1
"none",1.6,13,"PELT AR1 approximate",1,1,1,1,0.0371560823415198,1
"none",1.6,13,"SVP AR1Focus",1,1,1,1,0.0371560823415198,1
"none",1.6,13,"SVP AR1Focus TRUE/TRUE",1,1,1,1,0.0371560823415198,1
"up",1.6,13,"PELT inflated",0.5,0.25,0.333333333333333,0,1.124898485408,4
"up",1.6,13,"PELT AR1 approximate",0.8,0.5,0.615384615384615,0,0.657487575321534,5
"up",1.6,13,"SVP AR1Focus",0.5,0.25,0.333333333333333,0,1.124898485408,4
"up",1.6,13,"SVP AR1Focus TRUE/TRUE",0.5,0.25,0.333333333333333,0,1.124898485408,4
"updown",1.6,13,"PELT inflated",1,0.125,0.222222222222222,0,0.659136747702913,1
"updown",1.6,13,"PELT AR1 approximate",1,0.25,0.4,0,0.568693816789417,2
"updown",1.6,13,"SVP AR1Focus",1,0.125,0.222222222222222,0,0.659136747702913,1
"updown",1.6,13,"SVP AR1Focus TRUE/TRUE",1,0.125,0.222222222222222,0,0.659136747702913,1
"rand1",1.6,13,"PELT inflated",0.666666666666667,0.25,0.363636363636364,0,0.362567633848415,3
"rand1",1.6,13,"PELT AR1 approximate",0.75,0.375,0.5,0,0.318590960026514,4
"rand1",1.6,13,"SVP AR1Focus",0.5,0.125,0.2,0,0.749624326314959,2
"rand1",1.6,13,"SVP AR1Focus TRUE/TRUE",0.5,0.125,0.2,0,0.749624326314959,2
"none",1.8,13,"PELT inflated",1,1,1,1,0.000341588875372365,1
"none",1.8,13,"PELT AR1 approximate",1,1,1,1,0.000341588875372365,1
"none",1.8,13,"SVP AR1Focus",1,1,1,1,0.000341588875372365,1
"none",1.8,13,"SVP AR1Focus TRUE/TRUE",1,1,1,1,0.000341588875372365,1
"up",1.8,13,"PELT inflated",0.8,0.5,0.615384615384615,0,0.740208660683941,5
"up",1.8,13,"PELT AR1 approximate",0.833333333333333,0.625,0.714285714285714,0,0.472473268349607,6
"up",1.8,13,"SVP AR1Focus",0.5,0.25,0.333333333333333,0,1.34658465378219,4
"up",1.8,13,"SVP AR1Focus TRUE/TRUE",0.5,0.25,0.333333333333333,0,1.34658465378219,4
"updown",1.8,13,"PELT inflated",1,0.125,0.222222222222222,0,0.847493976571245,1
"updown",1.8,13,"PELT AR1 approximate",1,0.125,0.222222222222222,0,0.847493976571245,1
"updown",1.8,13,"SVP AR1Focus",1,0.125,0.222222222222222,0,0.847493976571245,1
"updown",1.8,13,"SVP AR1Focus TRUE/TRUE",1,0.125,0.222222222222222,0,0.847493976571245,1
"rand1",1.8,13,"PELT inflated",1,0.375,0.545454545454545,0,0.344896798535106,3
"rand1",1.8,13,"PELT AR1 approximate",1,0.5,0.666666666666667,0,0.270763291065026,4
"rand1",1.8,13,"SVP AR1Focus",1,0.25,0.4,0,0.781595128844282,2
"rand1",1.8,13,"SVP AR1Focus TRUE/TRUE",1,0.25,0.4,0,0.781595128844282,2
"none",2,13,"PELT inflated",1,1,1,1,0.00208406199643654,1
"none",2,13,"PELT AR1 approximate",1,1,1,1,0.00208406199643654,1
"none",2,13,"SVP AR1Focus",1,1,1,1,0.00208406199643654,1
"none",2,13,"SVP AR1Focus TRUE/TRUE",1,1,1,1,0.00208406199643654,1
"up",2,13,"PELT inflated",0.6,0.375,0.461538461538462,0,0.969851620190097,5
"up",2,13,"PELT AR1 approximate",0.857142857142857,0.75,0.8,0,0.360515937668724,7
"up",2,13,"SVP AR1Focus",0.666666666666667,0.25,0.363636363636364,0,2.40542936170359,3
"up",2,13,"SVP AR1Focus TRUE/TRUE",0.666666666666667,0.25,0.363636363636364,0,2.40542936170359,3
"updown",2,13,"PELT inflated",1,0.125,0.222222222222222,0,1.00900374004003,1
"updown",2,13,"PELT AR1 approximate",1,0.75,0.857142857142857,0,0.403220681034054,6
"updown",2,13,"SVP AR1Focus",1,0.125,0.222222222222222,0,1.00900374004003,1
"updown",2,13,"SVP AR1Focus TRUE/TRUE",1,0.125,0.222222222222222,0,1.00900374004003,1
"rand1",2,13,"PELT inflated",1,0.375,0.545454545454545,0,0.462233645720432,3
"rand1",2,13,"PELT AR1 approximate",1,0.625,0.769230769230769,0,0.138564072436828,5
"rand1",2,13,"SVP AR1Focus",0.5,0.125,0.2,0,1.08611588076416,2
"rand1",2,13,"SVP AR1Focus TRUE/TRUE",1,0.375,0.545454545454545,0,0.462233645720432,3
"none",2.2,13,"PELT inflated",1,1,1,1,3.61214754238904e-05,1
"none",2.2,13,"PELT AR1 approximate",1,1,1,1,3.61214754238904e-05,1
"none",2.2,13,"SVP AR1Focus",1,1,1,1,3.61214754238904e-05,1
"none",2.2,13,"SVP AR1Focus TRUE/TRUE",1,1,1,1,3.61214754238904e-05,1
"up",2.2,13,"PELT inflated",0.6,0.375,0.461538461538462,0,1.10793874102342,5
"up",2.2,13,"PELT AR1 approximate",1,1,1,1,0.144439347844002,8
"up",2.2,13,"SVP AR1Focus",1,0.5,0.666666666666667,0,1.31328644236364,4
"up",2.2,13,"SVP AR1Focus TRUE/TRUE",1,0.5,0.666666666666667,0,1.31328644236364,4
"updown",2.2,13,"PELT inflated",1,0.25,0.4,0,1.12942861359625,2
"updown",2.2,13,"PELT AR1 approximate",1,1,1,1,0.181245144202783,8
"updown",2.2,13,"SVP AR1Focus",1,0.125,0.222222222222222,0,1.21512462561725,1
"updown",2.2,13,"SVP AR1Focus TRUE/TRUE",1,0.125,0.222222222222222,0,1.21512462561725,1
"rand1",2.2,13,"PELT inflated",1,0.625,0.769230769230769,0,0.178175352544488,5
"rand1",2.2,13,"PELT AR1 approximate",1,0.625,0.769230769230769,0,0.129305580628206,5
"rand1",2.2,13,"SVP AR1Focus",0.75,0.375,0.5,0,0.455873855237366,4
"rand1",2.2,13,"SVP AR1Focus TRUE/TRUE",1,0.5,0.666666666666667,0,0.438090871726184,4
"none",2.4,13,"PELT inflated",1,1,1,1,0.0370787322621043,1
"none",2.4,13,"PELT AR1 approximate",1,1,1,1,0.0370787322621043,1
"none",2.4,13,"SVP AR1Focus",1,1,1,1,0.0370787322621043,1
"none",2.4,13,"SVP AR1Focus TRUE/TRUE",1,1,1,1,0.0370787322621043,1
"up",2.4,13,"PELT inflated",0.833333333333333,0.625,0.714285714285714,0,0.88697068916232,6
"up",2.4,13,"PELT AR1 approximate",1,1,1,1,0.0926766267439453,8
"up",2.4,13,"SVP AR1Focus",0.8,0.5,0.615384615384615,0,1.22466322115321,5
"up",2.4,13,"SVP AR1Focus TRUE/TRUE",0.8,0.5,0.615384615384615,0,1.22466322115321,5
"updown",2.4,13,"PELT inflated",1,0.125,0.222222222222222,0,1.44369601477746,1
"updown",2.4,13,"PELT AR1 approximate",0.875,0.875,0.875,1,0.433898087073547,8
"updown",2.4,13,"SVP AR1Focus",1,0.125,0.222222222222222,0,1.44369601477746,1
"updown",2.4,13,"SVP AR1Focus TRUE/TRUE",1,0.125,0.222222222222222,0,1.44369601477746,1
"rand1",2.4,13,"PELT inflated",1,0.375,0.545454545454545,0,0.552841602270011,3
"rand1",2.4,13,"PELT AR1 approximate",1,0.625,0.769230769230769,0,0.075885908539245,5
"rand1",2.4,13,"SVP AR1Focus",0.75,0.375,0.5,0,0.50712544292632,4
"rand1",2.4,13,"SVP AR1Focus TRUE/TRUE",1,0.625,0.769230769230769,0,0.075885908539245,5
"none",2.6,13,"PELT inflated",1,1,1,1,0.00396346144129973,1
"none",2.6,13,"PELT AR1 approximate",1,1,1,1,0.00396346144129973,1
"none",2.6,13,"SVP AR1Focus",1,1,1,1,0.00396346144129973,1
"none",2.6,13,"SVP AR1Focus TRUE/TRUE",1,1,1,1,0.00396346144129973,1
"up",2.6,13,"PELT inflated",0.875,0.875,0.875,1,0.28667075920313,8
"up",2.6,13,"PELT AR1 approximate",1,1,1,1,0.13610248965699,8
"up",2.6,13,"SVP AR1Focus",1,0.625,0.769230769230769,0,1.53349636172134,5
"up",2.6,13,"SVP AR1Focus TRUE/TRUE",1,0.625,0.769230769230769,0,1.53349636172134,5
"updown",2.6,13,"PELT inflated",1,0.125,0.222222222222222,0,1.69006502450122,1
"updown",2.6,13,"PELT AR1 approximate",1,1,1,1,0.0606509458474313,8
"updown",2.6,13,"SVP AR1Focus",0.666666666666667,0.25,0.363636363636364,0,1.58176452788864,3
"updown",2.6,13,"SVP AR1Focus TRUE/TRUE",0.75,0.375,0.5,0,1.39944780623044,4
"rand1",2.6,13,"PELT inflated",1,0.375,0.545454545454545,0,0.647824209222952,3
"rand1",2.6,13,"PELT AR1 approximate",1,0.625,0.769230769230769,0,0.124751230164983,5
"rand1",2.6,13,"SVP AR1Focus",1,0.5,0.666666666666667,0,0.569286274185256,4
"rand1",2.6,13,"SVP AR1Focus TRUE/TRUE",1,0.5,0.666666666666667,0,0.569286274185256,4
"none",2.8,13,"PELT inflated",1,1,1,1,0.0129572702952288,1
"none",2.8,13,"PELT AR1 approximate",1,1,1,1,0.0129572702952288,1
"none",2.8,13,"SVP AR1Focus",1,1,1,1,0.0129572702952288,1
"none",2.8,13,"SVP AR1Focus TRUE/TRUE",1,1,1,1,0.0129572702952288,1
"up",2.8,13,"PELT inflated",0.875,0.875,0.875,1,0.304215954618475,8
"up",2.8,13,"PELT AR1 approximate",1,1,1,1,0.136848631850404,8
"up",2.8,13,"SVP AR1Focus",1,0.625,0.769230769230769,0,1.55566052084543,5
"up",2.8,13,"SVP AR1Focus TRUE/TRUE",1,0.625,0.769230769230769,0,1.55566052084543,5
"updown",2.8,13,"PELT inflated",1,0.25,0.4,0,1.69393407781649,2
"updown",2.8,13,"PELT AR1 approximate",0.833333333333333,0.625,0.714285714285714,0,0.899734577292093,6
"updown",2.8,13,"SVP AR1Focus",1,0.25,0.4,0,1.69393407781649,2
"updown",2.8,13,"SVP AR1Focus TRUE/TRUE",1,0.25,0.4,0,1.69393407781649,2
"rand1",2.8,13,"PELT inflated",1,0.625,0.769230769230769,0,0.13266649822774,5
"rand1",2.8,13,"PELT AR1 approximate",1,0.625,0.769230769230769,0,0.13266649822774,5
"rand1",2.8,13,"SVP AR1Focus",1,0.625,0.769230769230769,0,0.13266649822774,5
"rand1",2.8,13,"SVP AR1Focus TRUE/TRUE",1,0.625,0.769230769230769,0,0.13266649822774,5
"none",3,13,"PELT inflated",1,1,1,1,0.0023269894556263,1
"none",3,13,"PELT AR1 approximate",1,1,1,1,0.0023269894556263,1
"none",3,13,"SVP AR1Focus",1,1,1,1,0.0023269894556263,1
"none",3,13,"SVP AR1Focus TRUE/TRUE",1,1,1,1,0.0023269894556263,1
"up",3,13,"PELT inflated",0.75,0.75,0.75,1,0.432672313261116,8
"up",3,13,"PELT AR1 approximate",1,1,1,1,0.157583692182833,8
"up",3,13,"SVP AR1Focus",0.4,0.25,0.307692307692308,0,2.41330470201123,5
"up",3,13,"SVP AR1Focus TRUE/TRUE",0.666666666666667,0.5,0.571428571428572,0,1.50265649245327,6
"updown",3,13,"PELT inflated",1,0.5,0.666666666666667,0,1.38964177437307,4
"updown",3,13,"PELT AR1 approximate",1,1,1,1,0.121790245303861,8
"updown",3,13,"SVP AR1Focus",1,0.375,0.545454545454545,0,1.70880521935806,3
"updown",3,13,"SVP AR1Focus TRUE/TRUE",0.6,0.375,0.461538461538462,0,1.26726170219549,5
"rand1",3,13,"PELT inflated",1,0.625,0.769230769230769,0,0.206623294448104,5
"rand1",3,13,"PELT AR1 approximate",1,0.625,0.769230769230769,0,0.206623294448104,5
"rand1",3,13,"SVP AR1Focus",1,0.625,0.769230769230769,0,0.206623294448104,5
"rand1",3,13,"SVP AR1Focus TRUE/TRUE",1,0.625,0.769230769230769,0,0.206623294448104,5
"none",1,14,"PELT inflated",1,1,1,1,0.0495463855104534,1
"none",1,14,"PELT AR1 approximate",1,1,1,1,0.0495463855104534,1
"none",1,14,"SVP AR1Focus",1,1,1,1,0.0495463855104534,1
"none",1,14,"SVP AR1Focus TRUE/TRUE",1,1,1,1,0.0495463855104534,1
"up",1,14,"PELT inflated",1,0.375,0.545454545454545,0,0.634922306161898,3
"up",1,14,"PELT AR1 approximate",0.75,0.375,0.5,0,0.453630591392958,4
"up",1,14,"SVP AR1Focus",0.5,0.125,0.2,0,1.34946489570642,2
"up",1,14,"SVP AR1Focus TRUE/TRUE",0.5,0.125,0.2,0,1.34946489570642,2
"updown",1,14,"PELT inflated",1,0.125,0.222222222222222,0,0.257505907452206,1
"updown",1,14,"PELT AR1 approximate",1,0.125,0.222222222222222,0,0.257505907452206,1
"updown",1,14,"SVP AR1Focus",1,0.125,0.222222222222222,0,0.257505907452206,1
"updown",1,14,"SVP AR1Focus TRUE/TRUE",1,0.125,0.222222222222222,0,0.257505907452206,1
"rand1",1,14,"PELT inflated",1,0.125,0.222222222222222,0,0.404415986050644,1
"rand1",1,14,"PELT AR1 approximate",0.666666666666667,0.25,0.363636363636364,0,0.166589939452978,3
"rand1",1,14,"SVP AR1Focus",1,0.125,0.222222222222222,0,0.404415986050644,1
"rand1",1,14,"SVP AR1Focus TRUE/TRUE",1,0.125,0.222222222222222,0,0.404415986050644,1
"none",1.2,14,"PELT inflated",1,1,1,1,0.00416046076211885,1
"none",1.2,14,"PELT AR1 approximate",1,1,1,1,0.00416046076211885,1
"none",1.2,14,"SVP AR1Focus",1,1,1,1,0.00416046076211885,1
"none",1.2,14,"SVP AR1Focus TRUE/TRUE",1,1,1,1,0.00416046076211885,1
"up",1.2,14,"PELT inflated",0.75,0.375,0.5,0,0.501667491012924,4
"up",1.2,14,"PELT AR1 approximate",0.5,0.25,0.333333333333333,0,0.610043440906808,4
"up",1.2,14,"SVP AR1Focus",0.666666666666667,0.25,0.363636363636364,0,0.883599536427621,3
"up",1.2,14,"SVP AR1Focus TRUE/TRUE",0.666666666666667,0.25,0.363636363636364,0,0.883599536427621,3
"updown",1.2,14,"PELT inflated",1,0.125,0.222222222222222,0,0.361633578386219,1
"updown",1.2,14,"PELT AR1 approximate",1,0.125,0.222222222222222,0,0.361633578386219,1
"updown",1.2,14,"SVP AR1Focus",1,0.125,0.222222222222222,0,0.361633578386219,1
"updown",1.2,14,"SVP AR1Focus TRUE/TRUE",1,0.125,0.222222222222222,0,0.361633578386219,1
"rand1",1.2,14,"PELT inflated",0.666666666666667,0.25,0.363636363636364,0,0.511882560137131,3
"rand1",1.2,14,"PELT AR1 approximate",0.666666666666667,0.25,0.363636363636364,0,0.596522829863111,3
"rand1",1.2,14,"SVP AR1Focus",1,0.125,0.222222222222222,0,0.580585228799818,1
"rand1",1.2,14,"SVP AR1Focus TRUE/TRUE",1,0.125,0.222222222222222,0,0.580585228799818,1
"none",1.4,14,"PELT inflated",1,1,1,1,0.00728286452686936,1
"none",1.4,14,"PELT AR1 approximate",1,1,1,1,0.00728286452686936,1
"none",1.4,14,"SVP AR1Focus",1,1,1,1,0.00728286452686936,1
"none",1.4,14,"SVP AR1Focus TRUE/TRUE",1,1,1,1,0.00728286452686936,1
"up",1.4,14,"PELT inflated",0.5,0.25,0.333333333333333,0,0.792734597387587,4
"up",1.4,14,"PELT AR1 approximate",0.6,0.375,0.461538461538462,0,0.517087303288691,5
"up",1.4,14,"SVP AR1Focus",0.333333333333333,0.125,0.181818181818182,0,1.28776444772211,3
"up",1.4,14,"SVP AR1Focus TRUE/TRUE",0.333333333333333,0.125,0.181818181818182,0,1.28776444772211,3
"updown",1.4,14,"PELT inflated",1,0.125,0.222222222222222,0,0.490948014028919,1
"updown",1.4,14,"PELT AR1 approximate",1,0.125,0.222222222222222,0,0.490948014028919,1
"updown",1.4,14,"SVP AR1Focus",1,0.125,0.222222222222222,0,0.490948014028919,1
"updown",1.4,14,"SVP AR1Focus TRUE/TRUE",1,0.125,0.222222222222222,0,0.490948014028919,1
"rand1",1.4,14,"PELT inflated",1,0.25,0.4,0,0.607772286529082,2
"rand1",1.4,14,"PELT AR1 approximate",1,0.375,0.545454545454545,0,0.224328642098432,3
"rand1",1.4,14,"SVP AR1Focus",1,0.25,0.4,0,0.607772286529082,2
"rand1",1.4,14,"SVP AR1Focus TRUE/TRUE",1,0.25,0.4,0,0.488188747423918,2
"none",1.6,14,"PELT inflated",1,1,1,1,0.0101118907931029,1
"none",1.6,14,"PELT AR1 approximate",0.5,1,0.666666666666667,0,0.114987555803064,2
"none",1.6,14,"SVP AR1Focus",1,1,1,1,0.0101118907931029,1
"none",1.6,14,"SVP AR1Focus TRUE/TRUE",1,1,1,1,0.0101118907931029,1
"up",1.6,14,"PELT inflated",0.6,0.375,0.461538461538462,0,0.625981904895498,5
"up",1.6,14,"PELT AR1 approximate",0.6,0.375,0.461538461538462,0,0.644357603870363,5
"up",1.6,14,"SVP AR1Focus",0.75,0.375,0.5,0,1.05286478614088,4
"up",1.6,14,"SVP AR1Focus TRUE/TRUE",0.75,0.375,0.5,0,1.05286478614088,4
"updown",1.6,14,"PELT inflated",1,0.125,0.222222222222222,0,0.641241232652191,1
"updown",1.6,14,"PELT AR1 approximate",1,0.5,0.666666666666667,0,0.464516631023644,4
"updown",1.6,14,"SVP AR1Focus",1,0.125,0.222222222222222,0,0.641241232652191,1
"updown",1.6,14,"SVP AR1Focus TRUE/TRUE",1,0.125,0.222222222222222,0,0.641241232652191,1
"rand1",1.6,14,"PELT inflated",1,0.25,0.4,0,0.705860953894807,2
"rand1",1.6,14,"PELT AR1 approximate",1,0.375,0.545454545454545,0,0.562708583223611,3
"rand1",1.6,14,"SVP AR1Focus",1,0.25,0.4,0,0.705860953894807,2
"rand1",1.6,14,"SVP AR1Focus TRUE/TRUE",1,0.25,0.4,0,0.705860953894807,2
"none",1.8,14,"PELT inflated",1,1,1,1,0.00470847383591118,1
"none",1.8,14,"PELT AR1 approximate",1,1,1,1,0.00470847383591118,1
"none",1.8,14,"SVP AR1Focus",1,1,1,1,0.00470847383591118,1
"none",1.8,14,"SVP AR1Focus TRUE/TRUE",1,1,1,1,0.00470847383591118,1
"up",1.8,14,"PELT inflated",0.833333333333333,0.625,0.714285714285714,0,0.479486393097308,6
"up",1.8,14,"PELT AR1 approximate",0.833333333333333,0.625,0.714285714285714,0,0.503291890781572,6
"up",1.8,14,"SVP AR1Focus",1,0.375,0.545454545454545,0,1.87047304790866,3
"up",1.8,14,"SVP AR1Focus TRUE/TRUE",1,0.375,0.545454545454545,0,1.87047304790866,3
"updown",1.8,14,"PELT inflated",1,0.125,0.222222222222222,0,0.810643401196816,1
"updown",1.8,14,"PELT AR1 approximate",1,0.125,0.222222222222222,0,0.810643401196816,1
"updown",1.8,14,"SVP AR1Focus",1,0.125,0.222222222222222,0,0.810643401196816,1
"updown",1.8,14,"SVP AR1Focus TRUE/TRUE",1,0.125,0.222222222222222,0,0.810643401196816,1
"rand1",1.8,14,"PELT inflated",1,0.125,0.222222222222222,0,1.27824032628587,1
"rand1",1.8,14,"PELT AR1 approximate",1,0.625,0.769230769230769,0,0.160248101293582,5
"rand1",1.8,14,"SVP AR1Focus",0.5,0.125,0.2,0,0.919614285883843,2
"rand1",1.8,14,"SVP AR1Focus TRUE/TRUE",0.666666666666667,0.25,0.363636363636364,0,0.478635129739028,3
"none",2,14,"PELT inflated",1,1,1,1,0.00298033540029732,1
"none",2,14,"PELT AR1 approximate",1,1,1,1,0.00298033540029732,1
"none",2,14,"SVP AR1Focus",1,1,1,1,0.00298033540029732,1
"none",2,14,"SVP AR1Focus TRUE/TRUE",1,1,1,1,0.00298033540029732,1
"up",2,14,"PELT inflated",0.75,0.375,0.5,0,1.27217581346959,4
"up",2,14,"PELT AR1 approximate",0.8,0.5,0.615384615384615,0,0.868031983468964,5
"up",2,14,"SVP AR1Focus",0.75,0.375,0.5,0,1.27217581346959,4
"up",2,14,"SVP AR1Focus TRUE/TRUE",0.75,0.375,0.5,0,1.27217581346959,4
"updown",2,14,"PELT inflated",1,0.125,0.222222222222222,0,1.00044476478038,1
"updown",2,14,"PELT AR1 approximate",1,0.125,0.222222222222222,0,1.00044476478038,1
"updown",2,14,"SVP AR1Focus",1,0.125,0.222222222222222,0,1.00044476478038,1
"updown",2,14,"SVP AR1Focus TRUE/TRUE",1,0.125,0.222222222222222,0,1.00044476478038,1
"rand1",2,14,"PELT inflated",1,0.375,0.545454545454545,0,0.408793312997075,3
"rand1",2,14,"PELT AR1 approximate",1,0.625,0.769230769230769,0,0.0670748164171384,5
"rand1",2,14,"SVP AR1Focus",1,0.375,0.545454545454545,0,0.855330895604614,3
"rand1",2,14,"SVP AR1Focus TRUE/TRUE",1,0.5,0.666666666666667,0,0.35686754805855,4
"none",2.2,14,"PELT inflated",1,1,1,1,0.00262228408628344,1
"none",2.2,14,"PELT AR1 approximate",1,1,1,1,0.00262228408628344,1
"none",2.2,14,"SVP AR1Focus",1,1,1,1,0.00262228408628344,1
"none",2.2,14,"SVP AR1Focus TRUE/TRUE",1,1,1,1,0.00262228408628344,1
"up",2.2,14,"PELT inflated",1,0.625,0.769230769230769,0,0.923004016913559,5
"up",2.2,14,"PELT AR1 approximate",1,1,1,1,0.0562537886509019,8
"up",2.2,14,"SVP AR1Focus",1,0.5,0.666666666666667,0,1.23896117250014,4
"up",2.2,14,"SVP AR1Focus TRUE/TRUE",1,0.5,0.666666666666667,0,1.23896117250014,4
"updown",2.2,14,"PELT inflated",1,0.125,0.222222222222222,0,1.21295283318169,1
"updown",2.2,14,"PELT AR1 approximate",1,0.25,0.4,0,1.0418432027139,2
"updown",2.2,14,"SVP AR1Focus",1,0.125,0.222222222222222,0,1.21295283318169,1
"updown",2.2,14,"SVP AR1Focus TRUE/TRUE",1,0.125,0.222222222222222,0,1.21295283318169,1
"rand1",2.2,14,"PELT inflated",0.666666666666667,0.25,0.363636363636364,0,0.647508546529831,3
"rand1",2.2,14,"PELT AR1 approximate",1,0.625,0.769230769230769,0,0.117163154847506,5
"rand1",2.2,14,"SVP AR1Focus",1,0.25,0.4,0,1.25564801708536,2
"rand1",2.2,14,"SVP AR1Focus TRUE/TRUE",0.666666666666667,0.25,0.363636363636364,0,1.17798515985062,3
"none",2.4,14,"PELT inflated",1,1,1,1,0.0275131108973613,1
"none",2.4,14,"PELT AR1 approximate",1,1,1,1,0.0275131108973613,1
"none",2.4,14,"SVP AR1Focus",1,1,1,1,0.0275131108973613,1
"none",2.4,14,"SVP AR1Focus TRUE/TRUE",1,1,1,1,0.0275131108973613,1
"up",2.4,14,"PELT inflated",1,0.75,0.857142857142857,0,0.812586734552402,6
"up",2.4,14,"PELT AR1 approximate",0.857142857142857,0.75,0.8,0,0.500813072410734,7
"up",2.4,14,"SVP AR1Focus",0.75,0.375,0.5,0,1.59646152226309,4
"up",2.4,14,"SVP AR1Focus TRUE/TRUE",0.75,0.375,0.5,0,1.59646152226309,4
"updown",2.4,14,"PELT inflated",1,0.125,0.222222222222222,0,1.46775664757313,1
"updown",2.4,14,"PELT AR1 approximate",0.875,0.875,0.875,1,0.265265152128224,8
"updown",2.4,14,"SVP AR1Focus",1,0.125,0.222222222222222,0,1.46775664757313,1
"updown",2.4,14,"SVP AR1Focus TRUE/TRUE",1,0.125,0.222222222222222,0,1.46775664757313,1
"rand1",2.4,14,"PELT inflated",1,0.625,0.769230769230769,0,0.1682562923698,5
"rand1",2.4,14,"PELT AR1 approximate",1,0.625,0.769230769230769,0,0.1682562923698,5
"rand1",2.4,14,"SVP AR1Focus",0.75,0.375,0.5,0,0.641891482652025,4
"rand1",2.4,14,"SVP AR1Focus TRUE/TRUE",0.75,0.375,0.5,0,0.641891482652025,4
"none",2.6,14,"PELT inflated",1,1,1,1,0.0778876643928412,1
"none",2.6,14,"PELT AR1 approximate",1,1,1,1,0.0778876643928412,1
"none",2.6,14,"SVP AR1Focus",1,1,1,1,0.0778876643928412,1
"none",2.6,14,"SVP AR1Focus TRUE/TRUE",1,1,1,1,0.0778876643928412,1
"up",2.6,14,"PELT inflated",0.833333333333333,0.625,0.714285714285714,0,1.13401396602207,6
"up",2.6,14,"PELT AR1 approximate",1,1,1,1,0.192660901104516,8
"up",2.6,14,"SVP AR1Focus",0.6,0.375,0.461538461538462,0,1.79293877467461,5
"up",2.6,14,"SVP AR1Focus TRUE/TRUE",0.6,0.375,0.461538461538462,0,1.79293877467461,5
"updown",2.6,14,"PELT inflated",1,0.25,0.4,0,1.53659750732493,2
"updown",2.6,14,"PELT AR1 approximate",1,1,1,1,0.171072725978487,8
"updown",2.6,14,"SVP AR1Focus",1,0.25,0.4,0,1.53659750732493,2
"updown",2.6,14,"SVP AR1Focus TRUE/TRUE",1,0.25,0.4,0,1.53659750732493,2
"rand1",2.6,14,"PELT inflated",1,0.625,0.769230769230769,0,0.17945663200528,5
"rand1",2.6,14,"PELT AR1 approximate",1,0.625,0.769230769230769,0,0.120657203720493,5
"rand1",2.6,14,"SVP AR1Focus",1,0.5,0.666666666666667,0,0.575817438006355,4
"rand1",2.6,14,"SVP AR1Focus TRUE/TRUE",1,0.5,0.666666666666667,0,0.575817438006355,4
"none",2.8,14,"PELT inflated",1,1,1,1,0.00683781388484582,1
"none",2.8,14,"PELT AR1 approximate",1,1,1,1,0.00683781388484582,1
"none",2.8,14,"SVP AR1Focus",1,1,1,1,0.00683781388484582,1
"none",2.8,14,"SVP AR1Focus TRUE/TRUE",1,1,1,1,0.00683781388484582,1
"up",2.8,14,"PELT inflated",0.857142857142857,0.75,0.8,0,0.66394447105112,7
"up",2.8,14,"PELT AR1 approximate",1,1,1,1,0.0821093762385066,8
"up",2.8,14,"SVP AR1Focus",0.6,0.375,0.461538461538462,0,1.65293858328657,5
"up",2.8,14,"SVP AR1Focus TRUE/TRUE",0.6,0.375,0.461538461538462,0,1.73965652904654,5
"updown",2.8,14,"PELT inflated",0.857142857142857,0.75,0.8,0,0.955483933908865,7
"updown",2.8,14,"PELT AR1 approximate",1,1,1,1,0.364667473159974,8
"updown",2.8,14,"SVP AR1Focus",0.666666666666667,0.25,0.363636363636364,0,1.68180598937066,3
"updown",2.8,14,"SVP AR1Focus TRUE/TRUE",0.4,0.25,0.307692307692308,0,1.74490630122698,5
"rand1",2.8,14,"PELT inflated",1,0.625,0.769230769230769,0,0.206066066718818,5
"rand1",2.8,14,"PELT AR1 approximate",1,0.625,0.769230769230769,0,0.206066066718818,5
"rand1",2.8,14,"SVP AR1Focus",0.75,0.375,0.5,0,0.818169200160506,4
"rand1",2.8,14,"SVP AR1Focus TRUE/TRUE",1,0.625,0.769230769230769,0,0.206066066718818,5
"none",3,14,"PELT inflated",1,1,1,1,0.000695922401826267,1
"none",3,14,"PELT AR1 approximate",1,1,1,1,0.000695922401826267,1
"none",3,14,"SVP AR1Focus",1,1,1,1,0.000695922401826267,1
"none",3,14,"SVP AR1Focus TRUE/TRUE",1,1,1,1,0.000695922401826267,1
"up",3,14,"PELT inflated",1,0.875,0.933333333333333,0,0.670970706769736,7
"up",3,14,"PELT AR1 approximate",1,1,1,1,0.17129996083412,8
"up",3,14,"SVP AR1Focus",0.8,0.5,0.615384615384615,0,1.93015891644326,5
"up",3,14,"SVP AR1Focus TRUE/TRUE",1,0.75,0.857142857142857,0,1.19073902076406,6
"updown",3,14,"PELT inflated",1,0.75,0.857142857142857,0,0.794478840465918,6
"updown",3,14,"PELT AR1 approximate",1,1,1,1,0.0691991433080329,8
"updown",3,14,"SVP AR1Focus",0.333333333333333,0.125,0.181818181818182,0,1.90336687764851,3
"updown",3,14,"SVP AR1Focus TRUE/TRUE",0.666666666666667,0.5,0.571428571428572,0,1.31333363972343,6
"rand1",3,14,"PELT inflated",1,0.625,0.769230769230769,0,0.140673465906148,5
"rand1",3,14,"PELT AR1 approximate",1,0.625,0.769230769230769,0,0.140673465906148,5
"rand1",3,14,"SVP AR1Focus",1,0.625,0.769230769230769,0,0.140673465906148,5
"rand1",3,14,"SVP AR1Focus TRUE/TRUE",1,0.625,0.769230769230769,0,0.140673465906148,5
"none",1,15,"PELT inflated",1,1,1,1,0.0137488071819468,1
"none",1,15,"PELT AR1 approximate",1,1,1,1,0.0137488071819468,1
"none",1,15,"SVP AR1Focus",1,1,1,1,0.0137488071819468,1
"none",1,15,"SVP AR1Focus TRUE/TRUE",1,1,1,1,0.0137488071819468,1
"up",1,15,"PELT inflated",0.75,0.375,0.5,0,0.405452394469694,4
"up",1,15,"PELT AR1 approximate",0.8,0.5,0.615384615384615,0,0.237887813947934,5
"up",1,15,"SVP AR1Focus",1,0.25,0.4,0,1.25043888437784,2
"up",1,15,"SVP AR1Focus TRUE/TRUE",1,0.25,0.4,0,1.25043888437784,2
"updown",1,15,"PELT inflated",1,0.125,0.222222222222222,0,0.266868450755252,1
"updown",1,15,"PELT AR1 approximate",1,0.125,0.222222222222222,0,0.266868450755252,1
"updown",1,15,"SVP AR1Focus",1,0.125,0.222222222222222,0,0.266868450755252,1
"updown",1,15,"SVP AR1Focus TRUE/TRUE",1,0.125,0.222222222222222,0,0.266868450755252,1
"rand1",1,15,"PELT inflated",1,0.125,0.222222222222222,0,0.393079873625252,1
"rand1",1,15,"PELT AR1 approximate",1,0.125,0.222222222222222,0,0.393079873625252,1
"rand1",1,15,"SVP AR1Focus",1,0.125,0.222222222222222,0,0.393079873625252,1
"rand1",1,15,"SVP AR1Focus TRUE/TRUE",1,0.125,0.222222222222222,0,0.393079873625252,1
"none",1.2,15,"PELT inflated",1,1,1,1,0.000801978820689978,1
"none",1.2,15,"PELT AR1 approximate",1,1,1,1,0.000801978820689978,1
"none",1.2,15,"SVP AR1Focus",1,1,1,1,0.000801978820689978,1
"none",1.2,15,"SVP AR1Focus TRUE/TRUE",1,1,1,1,0.000801978820689978,1
"up",1.2,15,"PELT inflated",0.75,0.375,0.5,0,0.532598256189138,4
"up",1.2,15,"PELT AR1 approximate",0.75,0.375,0.5,0,0.532598256189138,4
"up",1.2,15,"SVP AR1Focus",0.666666666666667,0.25,0.363636363636364,0,1.13032313379844,3
"up",1.2,15,"SVP AR1Focus TRUE/TRUE",0.666666666666667,0.25,0.363636363636364,0,1.13032313379844,3
"updown",1.2,15,"PELT inflated",1,0.125,0.222222222222222,0,0.36200736292064,1
"updown",1.2,15,"PELT AR1 approximate",1,0.125,0.222222222222222,0,0.36200736292064,1
"updown",1.2,15,"SVP AR1Focus",1,0.125,0.222222222222222,0,0.36200736292064,1
"updown",1.2,15,"SVP AR1Focus TRUE/TRUE",1,0.125,0.222222222222222,0,0.36200736292064,1
"rand1",1.2,15,"PELT inflated",1,0.125,0.222222222222222,0,0.57457249161566,1
"rand1",1.2,15,"PELT AR1 approximate",1,0.25,0.4,0,0.379759947557023,2
"rand1",1.2,15,"SVP AR1Focus",1,0.125,0.222222222222222,0,0.57457249161566,1
"rand1",1.2,15,"SVP AR1Focus TRUE/TRUE",1,0.125,0.222222222222222,0,0.57457249161566,1
"none",1.4,15,"PELT inflated",1,1,1,1,0.0218977645125266,1
"none",1.4,15,"PELT AR1 approximate",1,1,1,1,0.0218977645125266,1
"none",1.4,15,"SVP AR1Focus",1,1,1,1,0.0218977645125266,1
"none",1.4,15,"SVP AR1Focus TRUE/TRUE",1,1,1,1,0.0218977645125266,1
"up",1.4,15,"PELT inflated",0.4,0.25,0.307692307692308,0,0.597324145111202,5
"up",1.4,15,"PELT AR1 approximate",0.6,0.375,0.461538461538462,0,0.578389118490321,5
"up",1.4,15,"SVP AR1Focus",0.333333333333333,0.125,0.181818181818182,0,1.38534855226414,3
"up",1.4,15,"SVP AR1Focus TRUE/TRUE",0.333333333333333,0.125,0.181818181818182,0,1.38534855226414,3
"updown",1.4,15,"PELT inflated",1,0.125,0.222222222222222,0,0.496800899303845,1
"updown",1.4,15,"PELT AR1 approximate",1,0.125,0.222222222222222,0,0.496800899303845,1
"updown",1.4,15,"SVP AR1Focus",1,0.125,0.222222222222222,0,0.496800899303845,1
"updown",1.4,15,"SVP AR1Focus TRUE/TRUE",1,0.125,0.222222222222222,0,0.496800899303845,1
"rand1",1.4,15,"PELT inflated",1,0.375,0.545454545454545,0,0.249464109355653,3
"rand1",1.4,15,"PELT AR1 approximate",1,0.625,0.769230769230769,0,0.0882238294067006,5
"rand1",1.4,15,"SVP AR1Focus",1,0.25,0.4,0,0.510840411205876,2
"rand1",1.4,15,"SVP AR1Focus TRUE/TRUE",1,0.25,0.4,0,0.510840411205876,2
"none",1.6,15,"PELT inflated",1,1,1,1,0.011196325116293,1
"none",1.6,15,"PELT AR1 approximate",1,1,1,1,0.011196325116293,1
"none",1.6,15,"SVP AR1Focus",1,1,1,1,0.011196325116293,1
"none",1.6,15,"SVP AR1Focus TRUE/TRUE",1,1,1,1,0.011196325116293,1
"up",1.6,15,"PELT inflated",0.75,0.375,0.5,0,0.734909016377856,4
"up",1.6,15,"PELT AR1 approximate",1,0.5,0.666666666666667,0,0.652068967791764,4
"up",1.6,15,"SVP AR1Focus",0.666666666666667,0.25,0.363636363636364,0,1.54801346839597,3
"up",1.6,15,"SVP AR1Focus TRUE/TRUE",0.666666666666667,0.25,0.363636363636364,0,1.54801346839597,3
"updown",1.6,15,"PELT inflated",1,0.125,0.222222222222222,0,0.640088340684433,1
"updown",1.6,15,"PELT AR1 approximate",1,0.25,0.4,0,0.557926686844087,2
"updown",1.6,15,"SVP AR1Focus",1,0.125,0.222222222222222,0,0.640088340684433,1
"updown",1.6,15,"SVP AR1Focus TRUE/TRUE",1,0.125,0.222222222222222,0,0.640088340684433,1
"rand1",1.6,15,"PELT inflated",0.666666666666667,0.25,0.363636363636364,0,0.350712443330086,3
"rand1",1.6,15,"PELT AR1 approximate",1,0.625,0.769230769230769,0,0.0904715384217388,5
"rand1",1.6,15,"SVP AR1Focus",0.5,0.125,0.2,0,0.6571807715035,2
"rand1",1.6,15,"SVP AR1Focus TRUE/TRUE",0.5,0.125,0.2,0,0.807318984242558,2
"none",1.8,15,"PELT inflated",1,1,1,1,0.0116320314290734,1
"none",1.8,15,"PELT AR1 approximate",1,1,1,1,0.0116320314290734,1
"none",1.8,15,"SVP AR1Focus",1,1,1,1,0.0116320314290734,1
"none",1.8,15,"SVP AR1Focus TRUE/TRUE",1,1,1,1,0.0116320314290734,1
"up",1.8,15,"PELT inflated",0.5,0.25,0.333333333333333,0,1.03864966196229,4
"up",1.8,15,"PELT AR1 approximate",1,0.75,0.857142857142857,0,0.450704777050377,6
"up",1.8,15,"SVP AR1Focus",0.333333333333333,0.125,0.181818181818182,0,2.02226309394699,3
"up",1.8,15,"SVP AR1Focus TRUE/TRUE",0.333333333333333,0.125,0.181818181818182,0,1.98487845540904,3
"updown",1.8,15,"PELT inflated",1,0.125,0.222222222222222,0,0.821849719995338,1
"updown",1.8,15,"PELT AR1 approximate",1,0.125,0.222222222222222,0,0.821849719995338,1
"updown",1.8,15,"SVP AR1Focus",1,0.125,0.222222222222222,0,0.821849719995338,1
"updown",1.8,15,"SVP AR1Focus TRUE/TRUE",1,0.125,0.222222222222222,0,0.821849719995338,1
"rand1",1.8,15,"PELT inflated",1,0.375,0.545454545454545,0,0.362171036235083,3
"rand1",1.8,15,"PELT AR1 approximate",1,0.625,0.769230769230769,0,0.0947765956587992,5
"rand1",1.8,15,"SVP AR1Focus",0.5,0.125,0.2,0,0.928686491228705,2
"rand1",1.8,15,"SVP AR1Focus TRUE/TRUE",1,0.375,0.545454545454545,0,0.362171036235083,3
"none",2,15,"PELT inflated",1,1,1,1,0.0381907170935247,1
"none",2,15,"PELT AR1 approximate",1,1,1,1,0.0381907170935247,1
"none",2,15,"SVP AR1Focus",1,1,1,1,0.0381907170935247,1
"none",2,15,"SVP AR1Focus TRUE/TRUE",1,1,1,1,0.0381907170935247,1
"up",2,15,"PELT inflated",0.8,0.5,0.615384615384615,0,0.847775232214557,5
"up",2,15,"PELT AR1 approximate",1,0.75,0.857142857142857,0,0.561011012559467,6
"up",2,15,"SVP AR1Focus",1,0.5,0.666666666666667,0,1.56048875614345,4
"up",2,15,"SVP AR1Focus TRUE/TRUE",1,0.5,0.666666666666667,0,1.56048875614345,4
"updown",2,15,"PELT inflated",1,0.125,0.222222222222222,0,1.0000600336555,1
"updown",2,15,"PELT AR1 approximate",1,0.125,0.222222222222222,0,1.0000600336555,1
"updown",2,15,"SVP AR1Focus",1,0.125,0.222222222222222,0,1.0000600336555,1
"updown",2,15,"SVP AR1Focus TRUE/TRUE",1,0.125,0.222222222222222,0,1.0000600336555,1
"rand1",2,15,"PELT inflated",1,0.375,0.545454545454545,0,0.404242576870856,3
"rand1",2,15,"PELT AR1 approximate",1,0.625,0.769230769230769,0,0.0752597154341761,5
"rand1",2,15,"SVP AR1Focus",0.5,0.125,0.2,0,1.08197669200059,2
"rand1",2,15,"SVP AR1Focus TRUE/TRUE",1,0.375,0.545454545454545,0,0.404242576870856,3
"none",2.2,15,"PELT inflated",1,1,1,1,0.0026469369964721,1
"none",2.2,15,"PELT AR1 approximate",1,1,1,1,0.0026469369964721,1
"none",2.2,15,"SVP AR1Focus",1,1,1,1,0.0026469369964721,1
"none",2.2,15,"SVP AR1Focus TRUE/TRUE",1,1,1,1,0.0026469369964721,1
"up",2.2,15,"PELT inflated",0.5,0.375,0.428571428571429,0,1.08346547871054,6
"up",2.2,15,"PELT AR1 approximate",0.714285714285714,0.625,0.666666666666667,0,0.565024359024488,7
"up",2.2,15,"SVP AR1Focus",0.75,0.375,0.5,0,1.4609326485967,4
"up",2.2,15,"SVP AR1Focus TRUE/TRUE",0.75,0.375,0.5,0,1.4609326485967,4
"updown",2.2,15,"PELT inflated",1,0.25,0.4,0,1.11603551914548,2
"updown",2.2,15,"PELT AR1 approximate",0.666666666666667,0.5,0.571428571428572,0,0.668391324647263,6
"updown",2.2,15,"SVP AR1Focus",1,0.25,0.4,0,1.11603551914548,2
"updown",2.2,15,"SVP AR1Focus TRUE/TRUE",1,0.25,0.4,0,1.11603551914548,2
"rand1",2.2,15,"PELT inflated",0.666666666666667,0.25,0.363636363636364,0,0.61837758114106,3
"rand1",2.2,15,"PELT AR1 approximate",1,0.625,0.769230769230769,0,0.0936865275862884,5
"rand1",2.2,15,"SVP AR1Focus",0.666666666666667,0.25,0.363636363636364,0,1.08623957462932,3
"rand1",2.2,15,"SVP AR1Focus TRUE/TRUE",0.75,0.375,0.5,0,0.530901897204027,4
"none",2.4,15,"PELT inflated",1,1,1,1,1.65136873871822e-05,1
"none",2.4,15,"PELT AR1 approximate",1,1,1,1,1.65136873871822e-05,1
"none",2.4,15,"SVP AR1Focus",1,1,1,1,1.65136873871822e-05,1
"none",2.4,15,"SVP AR1Focus TRUE/TRUE",1,1,1,1,1.65136873871822e-05,1
"up",2.4,15,"PELT inflated",1,0.75,0.857142857142857,0,0.839611381804597,6
"up",2.4,15,"PELT AR1 approximate",1,0.875,0.933333333333333,0,0.471475780309912,7
"up",2.4,15,"SVP AR1Focus",0.5,0.25,0.333333333333333,0,1.94847518120292,4
"up",2.4,15,"SVP AR1Focus TRUE/TRUE",1,0.625,0.769230769230769,0,1.20730674066491,5
"updown",2.4,15,"PELT inflated",1,0.25,0.4,0,1.26031961405453,2
"updown",2.4,15,"PELT AR1 approximate",1,1,1,1,0.0593538116606695,8
"updown",2.4,15,"SVP AR1Focus",1,0.125,0.222222222222222,0,1.44020515223104,1
"updown",2.4,15,"SVP AR1Focus TRUE/TRUE",1,0.125,0.222222222222222,0,1.44020515223104,1
"rand1",2.4,15,"PELT inflated",1,0.375,0.545454545454545,0,0.573806294811062,3
"rand1",2.4,15,"PELT AR1 approximate",1,0.625,0.769230769230769,0,0.0887839227135782,5
"rand1",2.4,15,"SVP AR1Focus",0.75,0.375,0.5,0,0.508468655569971,4
"rand1",2.4,15,"SVP AR1Focus TRUE/TRUE",1,0.5,0.666666666666667,0,0.495375918472929,4
"none",2.6,15,"PELT inflated",1,1,1,1,0.00315268352244986,1
"none",2.6,15,"PELT AR1 approximate",1,1,1,1,0.00315268352244986,1
"none",2.6,15,"SVP AR1Focus",1,1,1,1,0.00315268352244986,1
"none",2.6,15,"SVP AR1Focus TRUE/TRUE",1,1,1,1,0.00315268352244986,1
"up",2.6,15,"PELT inflated",1,0.875,0.933333333333333,0,0.599935295086628,7
"up",2.6,15,"PELT AR1 approximate",1,1,1,1,0.163865464859127,8
"up",2.6,15,"SVP AR1Focus",1,0.625,0.769230769230769,0,1.43296742253097,5
"up",2.6,15,"SVP AR1Focus TRUE/TRUE",0.8,0.5,0.615384615384615,0,1.73273072781084,5
"updown",2.6,15,"PELT inflated",1,0.5,0.666666666666667,0,1.20321288382779,4
"updown",2.6,15,"PELT AR1 approximate",1,1,1,1,0.0990982035274338,8
"updown",2.6,15,"SVP AR1Focus",1,0.375,0.545454545454545,0,1.47926420160896,3
"updown",2.6,15,"SVP AR1Focus TRUE/TRUE",1,0.375,0.545454545454545,0,1.47926420160896,3
"rand1",2.6,15,"PELT inflated",1,0.375,0.545454545454545,0,0.670998885335611,3
"rand1",2.6,15,"PELT AR1 approximate",1,0.625,0.769230769230769,0,0.0988141023426173,5
"rand1",2.6,15,"SVP AR1Focus",0.75,0.375,0.5,0,0.607528423538551,4
"rand1",2.6,15,"SVP AR1Focus TRUE/TRUE",1,0.5,0.666666666666667,0,0.541358954353041,4
"none",2.8,15,"PELT inflated",1,1,1,1,0.00698524936682384,1
"none",2.8,15,"PELT AR1 approximate",1,1,1,1,0.00698524936682384,1
"none",2.8,15,"SVP AR1Focus",1,1,1,1,0.00698524936682384,1
"none",2.8,15,"SVP AR1Focus TRUE/TRUE",1,1,1,1,0.00698524936682384,1
"up",2.8,15,"PELT inflated",1,0.875,0.933333333333333,0,0.671208659603522,7
"up",2.8,15,"PELT AR1 approximate",1,1,1,1,0.169743243324234,8
"up",2.8,15,"SVP AR1Focus",1,0.75,0.857142857142857,0,1.14050111040257,6
"up",2.8,15,"SVP AR1Focus TRUE/TRUE",1,0.75,0.857142857142857,0,1.14050111040257,6
"updown",2.8,15,"PELT inflated",0.75,0.375,0.5,0,1.37728438795867,4
"updown",2.8,15,"PELT AR1 approximate",1,1,1,1,0.159405486863286,8
"updown",2.8,15,"SVP AR1Focus",0.666666666666667,0.25,0.363636363636364,0,1.6243700858303,3
"updown",2.8,15,"SVP AR1Focus TRUE/TRUE",1,0.625,0.769230769230769,0,1.11658623485837,5
"rand1",2.8,15,"PELT inflated",1,0.375,0.545454545454545,0,0.811849104127438,3
"rand1",2.8,15,"PELT AR1 approximate",1,0.625,0.769230769230769,0,0.177512276126373,5
"rand1",2.8,15,"SVP AR1Focus",1,0.5,0.666666666666667,0,0.663982132547282,4
"rand1",2.8,15,"SVP AR1Focus TRUE/TRUE",1,0.5,0.666666666666667,0,0.663982132547282,4
"none",3,15,"PELT inflated",1,1,1,1,0.00241094925461438,1
"none",3,15,"PELT AR1 approximate",1,1,1,1,0.00241094925461438,1
"none",3,15,"SVP AR1Focus",1,1,1,1,0.00241094925461438,1
"none",3,15,"SVP AR1Focus TRUE/TRUE",1,1,1,1,0.00241094925461438,1
"up",3,15,"PELT inflated",0.857142857142857,0.75,0.8,0,0.974821061148364,7
"up",3,15,"PELT AR1 approximate",1,1,1,1,0.120275506637669,8
"up",3,15,"SVP AR1Focus",0.8,0.5,0.615384615384615,0,2.03917621845388,5
"up",3,15,"SVP AR1Focus TRUE/TRUE",0.8,0.5,0.615384615384615,0,2.03917621845388,5
"updown",3,15,"PELT inflated",1,1,1,1,0.0629556768100468,8
"updown",3,15,"PELT AR1 approximate",1,1,1,1,0.0629556768100468,8
"updown",3,15,"SVP AR1Focus",0.75,0.375,0.5,0,1.79431156722426,4
"updown",3,15,"SVP AR1Focus TRUE/TRUE",0.666666666666667,0.5,0.571428571428572,0,1.41770806681647,6
"rand1",3,15,"PELT inflated",1,0.625,0.769230769230769,0,0.116627379372695,5
"rand1",3,15,"PELT AR1 approximate",1,0.625,0.769230769230769,0,0.116627379372695,5
"rand1",3,15,"SVP AR1Focus",1,0.625,0.769230769230769,0,0.116627379372695,5
"rand1",3,15,"SVP AR1Focus TRUE/TRUE",1,0.625,0.769230769230769,0,0.116627379372695,5
"none",1,16,"PELT inflated",1,1,1,1,0.000611498106965568,1
"none",1,16,"PELT AR1 approximate",1,1,1,1,0.000611498106965568,1
"none",1,16,"SVP AR1Focus",1,1,1,1,0.000611498106965568,1
"none",1,16,"SVP AR1Focus TRUE/TRUE",1,1,1,1,0.000611498106965568,1
"up",1,16,"PELT inflated",0.666666666666667,0.25,0.363636363636364,0,0.735588193585375,3
"up",1,16,"PELT AR1 approximate",0.75,0.375,0.5,0,0.3367918386173,4
"up",1,16,"SVP AR1Focus",0.5,0.125,0.2,0,1.40533792777131,2
"up",1,16,"SVP AR1Focus TRUE/TRUE",0.5,0.125,0.2,0,1.40533792777131,2
"updown",1,16,"PELT inflated",1,0.125,0.222222222222222,0,0.251683549706566,1
"updown",1,16,"PELT AR1 approximate",1,0.125,0.222222222222222,0,0.251683549706566,1
"updown",1,16,"SVP AR1Focus",1,0.125,0.222222222222222,0,0.251683549706566,1
"updown",1,16,"SVP AR1Focus TRUE/TRUE",1,0.125,0.222222222222222,0,0.251683549706566,1
"rand1",1,16,"PELT inflated",1,0.125,0.222222222222222,0,0.40367465079144,1
"rand1",1,16,"PELT AR1 approximate",1,0.25,0.4,0,0.257752392460402,2
"rand1",1,16,"SVP AR1Focus",1,0.125,0.222222222222222,0,0.40367465079144,1
"rand1",1,16,"SVP AR1Focus TRUE/TRUE",1,0.125,0.222222222222222,0,0.40367465079144,1
"none",1.2,16,"PELT inflated",1,1,1,1,0.00416138460698256,1
"none",1.2,16,"PELT AR1 approximate",1,1,1,1,0.00416138460698256,1
"none",1.2,16,"SVP AR1Focus",1,1,1,1,0.00416138460698256,1
"none",1.2,16,"SVP AR1Focus TRUE/TRUE",1,1,1,1,0.00416138460698256,1
"up",1.2,16,"PELT inflated",0.75,0.375,0.5,0,0.713107788498852,4
"up",1.2,16,"PELT AR1 approximate",1,0.625,0.769230769230769,0,0.320804889664062,5
"up",1.2,16,"SVP AR1Focus",1,0.375,0.545454545454545,0,0.831544464096851,3
"up",1.2,16,"SVP AR1Focus TRUE/TRUE",1,0.375,0.545454545454545,0,0.831544464096851,3
"updown",1.2,16,"PELT inflated",1,0.125,0.222222222222222,0,0.37808482651019,1
"updown",1.2,16,"PELT AR1 approximate",1,0.125,0.222222222222222,0,0.37808482651019,1
"updown",1.2,16,"SVP AR1Focus",1,0.125,0.222222222222222,0,0.37808482651019,1
"updown",1.2,16,"SVP AR1Focus TRUE/TRUE",1,0.125,0.222222222222222,0,0.37808482651019,1
"rand1",1.2,16,"PELT inflated",1,0.125,0.222222222222222,0,0.571769198637966,1
"rand1",1.2,16,"PELT AR1 approximate",1,0.25,0.4,0,0.376792047482147,2
"rand1",1.2,16,"SVP AR1Focus",1,0.125,0.222222222222222,0,0.571769198637966,1
"rand1",1.2,16,"SVP AR1Focus TRUE/TRUE",1,0.125,0.222222222222222,0,0.571769198637966,1
"none",1.4,16,"PELT inflated",1,1,1,1,0.00119561892161875,1
"none",1.4,16,"PELT AR1 approximate",1,1,1,1,0.00119561892161875,1
"none",1.4,16,"SVP AR1Focus",1,1,1,1,0.00119561892161875,1
"none",1.4,16,"SVP AR1Focus TRUE/TRUE",1,1,1,1,0.00119561892161875,1
"up",1.4,16,"PELT inflated",1,0.5,0.666666666666667,0,0.55947083787119,4
"up",1.4,16,"PELT AR1 approximate",0.6,0.375,0.461538461538462,0,0.464100227011946,5
"up",1.4,16,"SVP AR1Focus",0.666666666666667,0.25,0.363636363636364,0,1.36191039813324,3
"up",1.4,16,"SVP AR1Focus TRUE/TRUE",0.666666666666667,0.25,0.363636363636364,0,1.36191039813324,3
"updown",1.4,16,"PELT inflated",1,0.125,0.222222222222222,0,0.492695285751086,1
"updown",1.4,16,"PELT AR1 approximate",1,0.125,0.222222222222222,0,0.492695285751086,1
"updown",1.4,16,"SVP AR1Focus",1,0.125,0.222222222222222,0,0.492695285751086,1
"updown",1.4,16,"SVP AR1Focus TRUE/TRUE",1,0.125,0.222222222222222,0,0.492695285751086,1
"rand1",1.4,16,"PELT inflated",1,0.125,0.222222222222222,0,0.956923544522945,1
"rand1",1.4,16,"PELT AR1 approximate",1,0.375,0.545454545454545,0,0.413296408915031,3
"rand1",1.4,16,"SVP AR1Focus",1,0.125,0.222222222222222,0,0.956923544522945,1
"rand1",1.4,16,"SVP AR1Focus TRUE/TRUE",1,0.125,0.222222222222222,0,0.956923544522945,1
"none",1.6,16,"PELT inflated",1,1,1,1,0.0158096381741033,1
"none",1.6,16,"PELT AR1 approximate",1,1,1,1,0.0158096381741033,1
"none",1.6,16,"SVP AR1Focus",1,1,1,1,0.0158096381741033,1
"none",1.6,16,"SVP AR1Focus TRUE/TRUE",1,1,1,1,0.0158096381741033,1
"up",1.6,16,"PELT inflated",0.75,0.375,0.5,0,0.820443729236212,4
"up",1.6,16,"PELT AR1 approximate",0.833333333333333,0.625,0.714285714285714,0,0.630063709881878,6
"up",1.6,16,"SVP AR1Focus",0.333333333333333,0.125,0.181818181818182,0,1.74985046011208,3
"up",1.6,16,"SVP AR1Focus TRUE/TRUE",0.333333333333333,0.125,0.181818181818182,0,1.74985046011208,3
"updown",1.6,16,"PELT inflated",1,0.125,0.222222222222222,0,0.644109034190074,1
"updown",1.6,16,"PELT AR1 approximate",1,0.5,0.666666666666667,0,0.456532243338309,4
"updown",1.6,16,"SVP AR1Focus",1,0.125,0.222222222222222,0,0.644109034190074,1
"updown",1.6,16,"SVP AR1Focus TRUE/TRUE",1,0.125,0.222222222222222,0,0.644109034190074,1
"rand1",1.6,16,"PELT inflated",1,0.375,0.545454545454545,0,0.334928848133806,3
"rand1",1.6,16,"PELT AR1 approximate",1,0.5,0.666666666666667,0,0.296390825169726,4
"rand1",1.6,16,"SVP AR1Focus",0.5,0.125,0.2,0,0.670135257644692,2
"rand1",1.6,16,"SVP AR1Focus TRUE/TRUE",0.5,0.125,0.2,0,0.670135257644692,2
"none",1.8,16,"PELT inflated",1,1,1,1,0.00647657656846664,1
"none",1.8,16,"PELT AR1 approximate",1,1,1,1,0.00647657656846664,1
"none",1.8,16,"SVP AR1Focus",1,1,1,1,0.00647657656846664,1
"none",1.8,16,"SVP AR1Focus TRUE/TRUE",1,1,1,1,0.00647657656846664,1
"up",1.8,16,"PELT inflated",0.6,0.375,0.461538461538462,0,0.794225431962628,5
"up",1.8,16,"PELT AR1 approximate",0.666666666666667,0.5,0.571428571428572,0,0.57819682388814,6
"up",1.8,16,"SVP AR1Focus",1,0.375,0.545454545454545,0,1.8511932647476,3
"up",1.8,16,"SVP AR1Focus TRUE/TRUE",0.666666666666667,0.25,0.363636363636364,0,1.95451299133298,3
"updown",1.8,16,"PELT inflated",1,0.125,0.222222222222222,0,0.810002314015748,1
"updown",1.8,16,"PELT AR1 approximate",0.75,0.375,0.5,0,0.589109035881502,4
"updown",1.8,16,"SVP AR1Focus",1,0.125,0.222222222222222,0,0.810002314015748,1
"updown",1.8,16,"SVP AR1Focus TRUE/TRUE",1,0.125,0.222222222222222,0,0.810002314015748,1
"rand1",1.8,16,"PELT inflated",1,0.375,0.545454545454545,0,0.355668098870042,3
"rand1",1.8,16,"PELT AR1 approximate",1,0.625,0.769230769230769,0,0.0638902568096921,5
"rand1",1.8,16,"SVP AR1Focus",1,0.375,0.545454545454545,0,0.355668098870042,3
"rand1",1.8,16,"SVP AR1Focus TRUE/TRUE",1,0.375,0.545454545454545,0,0.355668098870042,3
"none",2,16,"PELT inflated",1,1,1,1,1.38456976752038e-05,1
"none",2,16,"PELT AR1 approximate",1,1,1,1,1.38456976752038e-05,1
"none",2,16,"SVP AR1Focus",1,1,1,1,1.38456976752038e-05,1
"none",2,16,"SVP AR1Focus TRUE/TRUE",1,1,1,1,1.38456976752038e-05,1
"up",2,16,"PELT inflated",0.833333333333333,0.625,0.714285714285714,0,0.69826972752381,6
"up",2,16,"PELT AR1 approximate",1,0.75,0.857142857142857,0,0.577292572425674,6
"up",2,16,"SVP AR1Focus",1,0.5,0.666666666666667,0,1.12289703476695,4
"up",2,16,"SVP AR1Focus TRUE/TRUE",1,0.5,0.666666666666667,0,1.12289703476695,4
"updown",2,16,"PELT inflated",1,0.125,0.222222222222222,0,1.03586486288975,1
"updown",2,16,"PELT AR1 approximate",1,0.75,0.857142857142857,0,0.465278192450234,6
"updown",2,16,"SVP AR1Focus",1,0.125,0.222222222222222,0,1.03586486288975,1
"updown",2,16,"SVP AR1Focus TRUE/TRUE",1,0.125,0.222222222222222,0,1.03586486288975,1
"rand1",2,16,"PELT inflated",1,0.625,0.769230769230769,0,0.0850523910820266,5
"rand1",2,16,"PELT AR1 approximate",1,0.625,0.769230769230769,0,0.0850523910820266,5
"rand1",2,16,"SVP AR1Focus",1,0.5,0.666666666666667,0,0.325272837207948,4
"rand1",2,16,"SVP AR1Focus TRUE/TRUE",1,0.5,0.666666666666667,0,0.325272837207948,4
"none",2.2,16,"PELT inflated",1,1,1,1,0.000183805177630542,1
"none",2.2,16,"PELT AR1 approximate",1,1,1,1,0.000183805177630542,1
"none",2.2,16,"SVP AR1Focus",1,1,1,1,0.000183805177630542,1
"none",2.2,16,"SVP AR1Focus TRUE/TRUE",1,1,1,1,0.000183805177630542,1
"up",2.2,16,"PELT inflated",0.6,0.375,0.461538461538462,0,1.2356291747977,5
"up",2.2,16,"PELT AR1 approximate",0.857142857142857,0.75,0.8,0,0.396915275373213,7
"up",2.2,16,"SVP AR1Focus",0.5,0.25,0.333333333333333,0,1.44492837796114,4
"up",2.2,16,"SVP AR1Focus TRUE/TRUE",0.5,0.25,0.333333333333333,0,1.44492837796114,4
"updown",2.2,16,"PELT inflated",1,0.125,0.222222222222222,0,1.2127140673235,1
"updown",2.2,16,"PELT AR1 approximate",1,1,1,1,0.0551935106966076,8
"updown",2.2,16,"SVP AR1Focus",1,0.125,0.222222222222222,0,1.2127140673235,1
"updown",2.2,16,"SVP AR1Focus TRUE/TRUE",1,0.125,0.222222222222222,0,1.2127140673235,1
"rand1",2.2,16,"PELT inflated",1,0.375,0.545454545454545,0,0.506239249344219,3
"rand1",2.2,16,"PELT AR1 approximate",1,0.625,0.769230769230769,0,0.0997983017475163,5
"rand1",2.2,16,"SVP AR1Focus",1,0.375,0.545454545454545,0,0.506239249344219,3
"rand1",2.2,16,"SVP AR1Focus TRUE/TRUE",1,0.375,0.545454545454545,0,0.506239249344219,3
"none",2.4,16,"PELT inflated",1,1,1,1,0.00445697486790756,1
"none",2.4,16,"PELT AR1 approximate",1,1,1,1,0.00445697486790756,1
"none",2.4,16,"SVP AR1Focus",1,1,1,1,0.00445697486790756,1
"none",2.4,16,"SVP AR1Focus TRUE/TRUE",1,1,1,1,0.00445697486790756,1
"up",2.4,16,"PELT inflated",0.833333333333333,0.625,0.714285714285714,0,0.894719103424649,6
"up",2.4,16,"PELT AR1 approximate",1,1,1,1,0.125290183271594,8
"up",2.4,16,"SVP AR1Focus",0.25,0.125,0.166666666666667,0,2.63370894335794,4
"up",2.4,16,"SVP AR1Focus TRUE/TRUE",1,0.625,0.769230769230769,0,1.17457099431546,5
"updown",2.4,16,"PELT inflated",0.75,0.375,0.5,0,1.0638746645312,4
"updown",2.4,16,"PELT AR1 approximate",1,0.75,0.857142857142857,0,0.537430661200591,6
"updown",2.4,16,"SVP AR1Focus",0.5,0.125,0.2,0,1.3021962016417,2
"updown",2.4,16,"SVP AR1Focus TRUE/TRUE",0.5,0.125,0.2,0,1.35713549941879,2
"rand1",2.4,16,"PELT inflated",1,0.625,0.769230769230769,0,0.251510674213955,5
"rand1",2.4,16,"PELT AR1 approximate",1,0.625,0.769230769230769,0,0.251510674213955,5
"rand1",2.4,16,"SVP AR1Focus",1,0.5,0.666666666666667,0,0.998908241303676,4
"rand1",2.4,16,"SVP AR1Focus TRUE/TRUE",1,0.5,0.666666666666667,0,1.0670127551875,4
"none",2.6,16,"PELT inflated",1,1,1,1,0.00764223280266003,1
"none",2.6,16,"PELT AR1 approximate",1,1,1,1,0.00764223280266003,1
"none",2.6,16,"SVP AR1Focus",1,1,1,1,0.00764223280266003,1
"none",2.6,16,"SVP AR1Focus TRUE/TRUE",1,1,1,1,0.00764223280266003,1
"up",2.6,16,"PELT inflated",0.666666666666667,0.5,0.571428571428572,0,1.1884972286237,6
"up",2.6,16,"PELT AR1 approximate",1,1,1,1,0.0861044444837196,8
"up",2.6,16,"SVP AR1Focus",0.75,0.375,0.5,0,1.92165935232357,4
"up",2.6,16,"SVP AR1Focus TRUE/TRUE",0.75,0.375,0.5,0,1.92165935232357,4
"updown",2.6,16,"PELT inflated",1,0.125,0.222222222222222,0,1.7002777503336,1
"updown",2.6,16,"PELT AR1 approximate",1,1,1,1,0.0383666618557279,8
"updown",2.6,16,"SVP AR1Focus",1,0.125,0.222222222222222,0,1.7002777503336,1
"updown",2.6,16,"SVP AR1Focus TRUE/TRUE",1,0.125,0.222222222222222,0,1.7002777503336,1
"rand1",2.6,16,"PELT inflated",1,0.625,0.769230769230769,0,0.141621662717721,5
"rand1",2.6,16,"PELT AR1 approximate",1,0.625,0.769230769230769,0,0.141621662717721,5
"rand1",2.6,16,"SVP AR1Focus",1,0.5,0.666666666666667,0,0.604096937540317,4
"rand1",2.6,16,"SVP AR1Focus TRUE/TRUE",1,0.5,0.666666666666667,0,0.604096937540317,4
"none",2.8,16,"PELT inflated",1,1,1,1,0.0292685894895737,1
"none",2.8,16,"PELT AR1 approximate",1,1,1,1,0.0292685894895737,1
"none",2.8,16,"SVP AR1Focus",1,1,1,1,0.0292685894895737,1
"none",2.8,16,"SVP AR1Focus TRUE/TRUE",1,1,1,1,0.0292685894895737,1
"up",2.8,16,"PELT inflated",1,1,1,1,0.0726436039027848,8
"up",2.8,16,"PELT AR1 approximate",1,1,1,1,0.0726436039027848,8
"up",2.8,16,"SVP AR1Focus",0.6,0.375,0.461538461538462,0,1.98879296829493,5
"up",2.8,16,"SVP AR1Focus TRUE/TRUE",1,0.75,0.857142857142857,0,1.0861237432992,6
"updown",2.8,16,"PELT inflated",0.5,0.25,0.333333333333333,0,1.35213651999812,4
"updown",2.8,16,"PELT AR1 approximate",1,1,1,1,0.270952793239307,8
"updown",2.8,16,"SVP AR1Focus",1,0.25,0.4,0,1.71288768117306,2
"updown",2.8,16,"SVP AR1Focus TRUE/TRUE",1,0.375,0.545454545454545,0,1.51677918096889,3
"rand1",2.8,16,"PELT inflated",1,0.625,0.769230769230769,0,0.158330224962418,5
"rand1",2.8,16,"PELT AR1 approximate",1,0.625,0.769230769230769,0,0.158330224962418,5
"rand1",2.8,16,"SVP AR1Focus",1,0.625,0.769230769230769,0,0.158330224962418,5
"rand1",2.8,16,"SVP AR1Focus TRUE/TRUE",1,0.625,0.769230769230769,0,0.158330224962418,5
"none",3,16,"PELT inflated",1,1,1,1,0.0117588487749677,1
"none",3,16,"PELT AR1 approximate",1,1,1,1,0.0117588487749677,1
"none",3,16,"SVP AR1Focus",1,1,1,1,0.0117588487749677,1
"none",3,16,"SVP AR1Focus TRUE/TRUE",1,1,1,1,0.0117588487749677,1
"up",3,16,"PELT inflated",0.714285714285714,0.625,0.666666666666667,0,1.21968413567838,7
"up",3,16,"PELT AR1 approximate",1,1,1,1,0.253234955314789,8
"up",3,16,"SVP AR1Focus",0.6,0.375,0.461538461538462,0,2.28237540979882,5
"up",3,16,"SVP AR1Focus TRUE/TRUE",0.6,0.375,0.461538461538462,0,2.28237540979882,5
"updown",3,16,"PELT inflated",1,0.25,0.4,0,1.96511415622762,2
"updown",3,16,"PELT AR1 approximate",1,1,1,1,0.0805472481109891,8
"updown",3,16,"SVP AR1Focus",1,0.25,0.4,0,1.97027672337812,2
"updown",3,16,"SVP AR1Focus TRUE/TRUE",0.8,0.5,0.615384615384615,0,1.4924466690048,5
"rand1",3,16,"PELT inflated",1,0.625,0.769230769230769,0,0.199544169419943,5
"rand1",3,16,"PELT AR1 approximate",1,0.625,0.769230769230769,0,0.199544169419943,5
"rand1",3,16,"SVP AR1Focus",1,0.625,0.769230769230769,0,0.199544169419943,5
"rand1",3,16,"SVP AR1Focus TRUE/TRUE",1,0.625,0.769230769230769,0,0.199544169419943,5
"none",1,17,"PELT inflated",1,1,1,1,0.000299228638250754,1
"none",1,17,"PELT AR1 approximate",1,1,1,1,0.000299228638250754,1
"none",1,17,"SVP AR1Focus",1,1,1,1,0.000299228638250754,1
"none",1,17,"SVP AR1Focus TRUE/TRUE",1,1,1,1,0.000299228638250754,1
"up",1,17,"PELT inflated",0.666666666666667,0.25,0.363636363636364,0,0.610216287231618,3
"up",1,17,"PELT AR1 approximate",0.666666666666667,0.25,0.363636363636364,0,0.610216287231618,3
"up",1,17,"SVP AR1Focus",0.5,0.125,0.2,0,1.3795347889366,2
"up",1,17,"SVP AR1Focus TRUE/TRUE",0.5,0.125,0.2,0,1.3795347889366,2
"updown",1,17,"PELT inflated",1,0.125,0.222222222222222,0,0.254843623571786,1
"updown",1,17,"PELT AR1 approximate",1,0.125,0.222222222222222,0,0.254843623571786,1
"updown",1,17,"SVP AR1Focus",1,0.125,0.222222222222222,0,0.254843623571786,1
"updown",1,17,"SVP AR1Focus TRUE/TRUE",1,0.125,0.222222222222222,0,0.254843623571786,1
"rand1",1,17,"PELT inflated",1,0.25,0.4,0,0.322809314894931,2
"rand1",1,17,"PELT AR1 approximate",1,0.25,0.4,0,0.322809314894931,2
"rand1",1,17,"SVP AR1Focus",1,0.125,0.222222222222222,0,0.454366636667216,1
"rand1",1,17,"SVP AR1Focus TRUE/TRUE",1,0.125,0.222222222222222,0,0.454366636667216,1
"none",1.2,17,"PELT inflated",1,1,1,1,0.016356445734194,1
"none",1.2,17,"PELT AR1 approximate",1,1,1,1,0.016356445734194,1
"none",1.2,17,"SVP AR1Focus",1,1,1,1,0.016356445734194,1
"none",1.2,17,"SVP AR1Focus TRUE/TRUE",1,1,1,1,0.016356445734194,1
"up",1.2,17,"PELT inflated",0.75,0.375,0.5,0,0.500494386283902,4
"up",1.2,17,"PELT AR1 approximate",0.75,0.375,0.5,0,0.448493290271117,4
"up",1.2,17,"SVP AR1Focus",1,0.375,0.545454545454545,0,0.853729377911232,3
"up",1.2,17,"SVP AR1Focus TRUE/TRUE",1,0.375,0.545454545454545,0,0.853729377911232,3
"updown",1.2,17,"PELT inflated",1,0.125,0.222222222222222,0,0.361759719958982,1
"updown",1.2,17,"PELT AR1 approximate",1,0.125,0.222222222222222,0,0.361759719958982,1
"updown",1.2,17,"SVP AR1Focus",1,0.125,0.222222222222222,0,0.361759719958982,1
"updown",1.2,17,"SVP AR1Focus TRUE/TRUE",1,0.125,0.222222222222222,0,0.361759719958982,1
"rand1",1.2,17,"PELT inflated",1,0.125,0.222222222222222,0,0.575512211037986,1
"rand1",1.2,17,"PELT AR1 approximate",1,0.125,0.222222222222222,0,0.575512211037986,1
"rand1",1.2,17,"SVP AR1Focus",1,0.125,0.222222222222222,0,0.575512211037986,1
"rand1",1.2,17,"SVP AR1Focus TRUE/TRUE",1,0.125,0.222222222222222,0,0.575512211037986,1
"none",1.4,17,"PELT inflated",1,1,1,1,0.00262049681226608,1
"none",1.4,17,"PELT AR1 approximate",1,1,1,1,0.00262049681226608,1
"none",1.4,17,"SVP AR1Focus",1,1,1,1,0.00262049681226608,1
"none",1.4,17,"SVP AR1Focus TRUE/TRUE",1,1,1,1,0.00262049681226608,1
"up",1.4,17,"PELT inflated",0.5,0.25,0.333333333333333,0,0.85554878807631,4
"up",1.4,17,"PELT AR1 approximate",0.6,0.375,0.461538461538462,0,0.54380843943516,5
"up",1.4,17,"SVP AR1Focus",0.333333333333333,0.125,0.181818181818182,0,1.316173702238,3
"up",1.4,17,"SVP AR1Focus TRUE/TRUE",0.333333333333333,0.125,0.181818181818182,0,1.316173702238,3
"updown",1.4,17,"PELT inflated",1,0.125,0.222222222222222,0,0.513807947707187,1
"updown",1.4,17,"PELT AR1 approximate",1,0.125,0.222222222222222,0,0.513807947707187,1
"updown",1.4,17,"SVP AR1Focus",1,0.125,0.222222222222222,0,0.513807947707187,1
"updown",1.4,17,"SVP AR1Focus TRUE/TRUE",1,0.125,0.222222222222222,0,0.513807947707187,1
"rand1",1.4,17,"PELT inflated",1,0.375,0.545454545454545,0,0.239247150028252,3
"rand1",1.4,17,"PELT AR1 approximate",1,0.375,0.545454545454545,0,0.230696041263747,3
"rand1",1.4,17,"SVP AR1Focus",1,0.25,0.4,0,0.488941185295255,2
"rand1",1.4,17,"SVP AR1Focus TRUE/TRUE",1,0.25,0.4,0,0.488941185295255,2
"none",1.6,17,"PELT inflated",1,1,1,1,0.000119568809585521,1
"none",1.6,17,"PELT AR1 approximate",1,1,1,1,0.000119568809585521,1
"none",1.6,17,"SVP AR1Focus",1,1,1,1,0.000119568809585521,1
"none",1.6,17,"SVP AR1Focus TRUE/TRUE",1,1,1,1,0.000119568809585521,1
"up",1.6,17,"PELT inflated",1,0.625,0.769230769230769,0,0.623944017418352,5
"up",1.6,17,"PELT AR1 approximate",0.666666666666667,0.5,0.571428571428572,0,0.453948052239918,6
"up",1.6,17,"SVP AR1Focus",0.666666666666667,0.25,0.363636363636364,0,1.61169287329032,3
"up",1.6,17,"SVP AR1Focus TRUE/TRUE",0.666666666666667,0.25,0.363636363636364,0,1.61169287329032,3
"updown",1.6,17,"PELT inflated",1,0.125,0.222222222222222,0,0.640598208401636,1
"updown",1.6,17,"PELT AR1 approximate",1,0.25,0.4,0,0.551757788847894,2
"updown",1.6,17,"SVP AR1Focus",1,0.125,0.222222222222222,0,0.640598208401636,1
"updown",1.6,17,"SVP AR1Focus TRUE/TRUE",1,0.125,0.222222222222222,0,0.640598208401636,1
"rand1",1.6,17,"PELT inflated",1,0.25,0.4,0,0.604624991846626,2
"rand1",1.6,17,"PELT AR1 approximate",1,0.375,0.545454545454545,0,0.623635210801289,3
"rand1",1.6,17,"SVP AR1Focus",1,0.25,0.4,0,0.604624991846626,2
"rand1",1.6,17,"SVP AR1Focus TRUE/TRUE",1,0.25,0.4,0,0.604624991846626,2
"none",1.8,17,"PELT inflated",1,1,1,1,4.85993841228062e-07,1
"none",1.8,17,"PELT AR1 approximate",1,1,1,1,4.85993841228062e-07,1
"none",1.8,17,"SVP AR1Focus",1,1,1,1,4.85993841228062e-07,1
"none",1.8,17,"SVP AR1Focus TRUE/TRUE",1,1,1,1,4.85993841228062e-07,1
"up",1.8,17,"PELT inflated",0.8,0.5,0.615384615384615,0,0.683151635512441,5
"up",1.8,17,"PELT AR1 approximate",0.833333333333333,0.625,0.714285714285714,0,0.455432798937518,6
"up",1.8,17,"SVP AR1Focus",0.333333333333333,0.125,0.181818181818182,0,2.10278841023592,3
"up",1.8,17,"SVP AR1Focus TRUE/TRUE",0.333333333333333,0.125,0.181818181818182,0,2.10278841023592,3
"updown",1.8,17,"PELT inflated",1,0.125,0.222222222222222,0,0.813137508166045,1
"updown",1.8,17,"PELT AR1 approximate",1,0.25,0.4,0,0.735164469887,2
"updown",1.8,17,"SVP AR1Focus",1,0.125,0.222222222222222,0,0.813137508166045,1
"updown",1.8,17,"SVP AR1Focus TRUE/TRUE",1,0.125,0.222222222222222,0,0.813137508166045,1
"rand1",1.8,17,"PELT inflated",1,0.375,0.545454545454545,0,0.339656383808499,3
"rand1",1.8,17,"PELT AR1 approximate",1,0.625,0.769230769230769,0,0.0677679263084575,5
"rand1",1.8,17,"SVP AR1Focus",0.5,0.125,0.2,0,0.865118321003627,2
"rand1",1.8,17,"SVP AR1Focus TRUE/TRUE",0.5,0.125,0.2,0,0.952811266322832,2
"none",2,17,"PELT inflated",1,1,1,1,4.42318472685724e-05,1
"none",2,17,"PELT AR1 approximate",1,1,1,1,4.42318472685724e-05,1
"none",2,17,"SVP AR1Focus",1,1,1,1,4.42318472685724e-05,1
"none",2,17,"SVP AR1Focus TRUE/TRUE",1,1,1,1,4.42318472685724e-05,1
"up",2,17,"PELT inflated",0.6,0.375,0.461538461538462,0,0.924995227950752,5
"up",2,17,"PELT AR1 approximate",0.666666666666667,0.5,0.571428571428572,0,0.683550665650541,6
"up",2,17,"SVP AR1Focus",0.333333333333333,0.125,0.181818181818182,0,2.49718313793668,3
"up",2,17,"SVP AR1Focus TRUE/TRUE",0.666666666666667,0.25,0.363636363636364,0,2.50927007174622,3
"updown",2,17,"PELT inflated",1,0.125,0.222222222222222,0,1.00245037003266,1
"updown",2,17,"PELT AR1 approximate",0.875,0.875,0.875,1,0.202856091077439,8
"updown",2,17,"SVP AR1Focus",1,0.125,0.222222222222222,0,1.00245037003266,1
"updown",2,17,"SVP AR1Focus TRUE/TRUE",1,0.125,0.222222222222222,0,1.00245037003266,1
"rand1",2,17,"PELT inflated",1,0.375,0.545454545454545,0,0.401385165321123,3
"rand1",2,17,"PELT AR1 approximate",1,0.625,0.769230769230769,0,0.105753874876471,5
"rand1",2,17,"SVP AR1Focus",1,0.5,0.666666666666667,0,0.366342598296348,4
"rand1",2,17,"SVP AR1Focus TRUE/TRUE",1,0.5,0.666666666666667,0,0.366342598296348,4
"none",2.2,17,"PELT inflated",1,1,1,1,5.6109478775814e-05,1
"none",2.2,17,"PELT AR1 approximate",1,1,1,1,5.6109478775814e-05,1
"none",2.2,17,"SVP AR1Focus",1,1,1,1,5.6109478775814e-05,1
"none",2.2,17,"SVP AR1Focus TRUE/TRUE",1,1,1,1,5.6109478775814e-05,1
"up",2.2,17,"PELT inflated",0.6,0.375,0.461538461538462,0,1.1388322934039,5
"up",2.2,17,"PELT AR1 approximate",1,0.875,0.933333333333333,0,0.439665249584494,7
"up",2.2,17,"SVP AR1Focus",0.5,0.25,0.333333333333333,0,2.03211738752468,4
"up",2.2,17,"SVP AR1Focus TRUE/TRUE",0.5,0.25,0.333333333333333,0,2.03211738752468,4
"updown",2.2,17,"PELT inflated",1,0.125,0.222222222222222,0,1.2138316899166,1
"updown",2.2,17,"PELT AR1 approximate",0.857142857142857,0.75,0.8,0,0.444688156824964,7
"updown",2.2,17,"SVP AR1Focus",1,0.125,0.222222222222222,0,1.2138316899166,1
"updown",2.2,17,"SVP AR1Focus TRUE/TRUE",1,0.125,0.222222222222222,0,1.2138316899166,1
"rand1",2.2,17,"PELT inflated",1,0.375,0.545454545454545,0,0.458580091454799,3
"rand1",2.2,17,"PELT AR1 approximate",1,0.625,0.769230769230769,0,0.0469253574501144,5
"rand1",2.2,17,"SVP AR1Focus",1,0.5,0.666666666666667,0,0.365728464705808,4
"rand1",2.2,17,"SVP AR1Focus TRUE/TRUE",1,0.5,0.666666666666667,0,0.365728464705808,4
"none",2.4,17,"PELT inflated",1,1,1,1,0.00738114766869308,1
"none",2.4,17,"PELT AR1 approximate",1,1,1,1,0.00738114766869308,1
"none",2.4,17,"SVP AR1Focus",1,1,1,1,0.00738114766869308,1
"none",2.4,17,"SVP AR1Focus TRUE/TRUE",1,1,1,1,0.00738114766869308,1
"up",2.4,17,"PELT inflated",1,0.75,0.857142857142857,0,0.783857726430372,6
"up",2.4,17,"PELT AR1 approximate",1,0.75,0.857142857142857,0,0.783857726430372,6
"up",2.4,17,"SVP AR1Focus",0.75,0.375,0.5,0,1.71033063135858,4
"up",2.4,17,"SVP AR1Focus TRUE/TRUE",0.75,0.375,0.5,0,1.71033063135858,4
"updown",2.4,17,"PELT inflated",0.8,0.5,0.615384615384615,0,0.947351243335408,5
"updown",2.4,17,"PELT AR1 approximate",1,1,1,1,0.13789385072503,8
"updown",2.4,17,"SVP AR1Focus",1,0.125,0.222222222222222,0,1.44963315769747,1
"updown",2.4,17,"SVP AR1Focus TRUE/TRUE",1,0.125,0.222222222222222,0,1.44963315769747,1
"rand1",2.4,17,"PELT inflated",1,0.625,0.769230769230769,0,0.0853068725189734,5
"rand1",2.4,17,"PELT AR1 approximate",1,0.625,0.769230769230769,0,0.0853068725189734,5
"rand1",2.4,17,"SVP AR1Focus",1,0.5,0.666666666666667,0,0.457017189015674,4
"rand1",2.4,17,"SVP AR1Focus TRUE/TRUE",1,0.5,0.666666666666667,0,0.457017189015674,4
"none",2.6,17,"PELT inflated",1,1,1,1,0.000624069165014548,1
"none",2.6,17,"PELT AR1 approximate",1,1,1,1,0.000624069165014548,1
"none",2.6,17,"SVP AR1Focus",1,1,1,1,0.000624069165014548,1
"none",2.6,17,"SVP AR1Focus TRUE/TRUE",1,1,1,1,0.000624069165014548,1
"up",2.6,17,"PELT inflated",1,0.75,0.857142857142857,0,0.97238467858485,6
"up",2.6,17,"PELT AR1 approximate",1,1,1,1,0.128072218824165,8
"up",2.6,17,"SVP AR1Focus",0.8,0.5,0.615384615384615,0,1.41800084154925,5
"up",2.6,17,"SVP AR1Focus TRUE/TRUE",0.8,0.5,0.615384615384615,0,1.41800084154925,5
"updown",2.6,17,"PELT inflated",1,0.125,0.222222222222222,0,1.69042921621566,1
"updown",2.6,17,"PELT AR1 approximate",1,1,1,1,0.104925796771751,8
"updown",2.6,17,"SVP AR1Focus",0.5,0.125,0.2,0,1.50115675490429,2
"updown",2.6,17,"SVP AR1Focus TRUE/TRUE",0.666666666666667,0.25,0.363636363636364,0,1.40544069460948,3
"rand1",2.6,17,"PELT inflated",1,0.375,0.545454545454545,0,0.739912360514877,3
"rand1",2.6,17,"PELT AR1 approximate",1,0.625,0.769230769230769,0,0.169701665236153,5
"rand1",2.6,17,"SVP AR1Focus",0.5,0.25,0.333333333333333,0,0.815731669602249,4
"rand1",2.6,17,"SVP AR1Focus TRUE/TRUE",1,0.625,0.769230769230769,0,0.222496354623315,5
"none",2.8,17,"PELT inflated",1,1,1,1,0.0130975957962307,1
"none",2.8,17,"PELT AR1 approximate",1,1,1,1,0.0130975957962307,1
"none",2.8,17,"SVP AR1Focus",1,1,1,1,0.0130975957962307,1
"none",2.8,17,"SVP AR1Focus TRUE/TRUE",1,1,1,1,0.0130975957962307,1
"up",2.8,17,"PELT inflated",1,1,1,1,0.278061759318296,8
"up",2.8,17,"PELT AR1 approximate",1,1,1,1,0.18533704942015,8
"up",2.8,17,"SVP AR1Focus",0.8,0.5,0.615384615384615,0,1.77135898325878,5
"up",2.8,17,"SVP AR1Focus TRUE/TRUE",0.833333333333333,0.625,0.714285714285714,0,1.22057770779927,6
"updown",2.8,17,"PELT inflated",1,0.25,0.4,0,1.70685589185193,2
"updown",2.8,17,"PELT AR1 approximate",1,1,1,1,0.0861948087663441,8
"updown",2.8,17,"SVP AR1Focus",0.5,0.125,0.2,0,1.81523218082172,2
"updown",2.8,17,"SVP AR1Focus TRUE/TRUE",0.666666666666667,0.25,0.363636363636364,0,2.01532840004114,3
"rand1",2.8,17,"PELT inflated",1,0.625,0.769230769230769,0,0.206756645703176,5
"rand1",2.8,17,"PELT AR1 approximate",1,0.625,0.769230769230769,0,0.206756645703176,5
"rand1",2.8,17,"SVP AR1Focus",1,0.625,0.769230769230769,0,0.206756645703176,5
"rand1",2.8,17,"SVP AR1Focus TRUE/TRUE",1,0.625,0.769230769230769,0,0.206756645703176,5
"none",3,17,"PELT inflated",1,1,1,1,2.82946534878441e-06,1
"none",3,17,"PELT AR1 approximate",1,1,1,1,2.82946534878441e-06,1
"none",3,17,"SVP AR1Focus",1,1,1,1,2.82946534878441e-06,1
"none",3,17,"SVP AR1Focus TRUE/TRUE",1,1,1,1,2.82946534878441e-06,1
"up",3,17,"PELT inflated",1,0.875,0.933333333333333,0,0.698750256865067,7
"up",3,17,"PELT AR1 approximate",1,1,1,1,0.182367376104079,8
"up",3,17,"SVP AR1Focus",0.6,0.375,0.461538461538462,0,2.07289969314373,5
"up",3,17,"SVP AR1Focus TRUE/TRUE",0.6,0.375,0.461538461538462,0,2.11822535070062,5
"updown",3,17,"PELT inflated",1,1,1,1,0.0491749593206544,8
"updown",3,17,"PELT AR1 approximate",1,1,1,1,0.0491749593206544,8
"updown",3,17,"SVP AR1Focus",0.333333333333333,0.25,0.285714285714286,0,1.59898174536505,6
"updown",3,17,"SVP AR1Focus TRUE/TRUE",1,1,1,1,0.0491749593206544,8
"rand1",3,17,"PELT inflated",1,0.625,0.769230769230769,0,0.0901456904347486,5
"rand1",3,17,"PELT AR1 approximate",1,0.625,0.769230769230769,0,0.0901456904347486,5
"rand1",3,17,"SVP AR1Focus",1,0.625,0.769230769230769,0,0.0901456904347486,5
"rand1",3,17,"SVP AR1Focus TRUE/TRUE",1,0.625,0.769230769230769,0,0.0901456904347486,5
"none",1,18,"PELT inflated",1,1,1,1,0.00680481054054487,1
"none",1,18,"PELT AR1 approximate",1,1,1,1,0.00680481054054487,1
"none",1,18,"SVP AR1Focus",1,1,1,1,0.00680481054054487,1
"none",1,18,"SVP AR1Focus TRUE/TRUE",1,1,1,1,0.00680481054054487,1
"up",1,18,"PELT inflated",0.333333333333333,0.125,0.181818181818182,0,0.831292970757702,3
"up",1,18,"PELT AR1 approximate",0.5,0.25,0.333333333333333,0,0.487364611171788,4
"up",1,18,"SVP AR1Focus",1,0.25,0.4,0,1.27558493029005,2
"up",1,18,"SVP AR1Focus TRUE/TRUE",1,0.25,0.4,0,1.27558493029005,2
"updown",1,18,"PELT inflated",1,0.125,0.222222222222222,0,0.254922952256794,1
"updown",1,18,"PELT AR1 approximate",1,0.125,0.222222222222222,0,0.254922952256794,1
"updown",1,18,"SVP AR1Focus",1,0.125,0.222222222222222,0,0.254922952256794,1
"updown",1,18,"SVP AR1Focus TRUE/TRUE",1,0.125,0.222222222222222,0,0.254922952256794,1
"rand1",1,18,"PELT inflated",1,0.125,0.222222222222222,0,0.399873120077943,1
"rand1",1,18,"PELT AR1 approximate",0.666666666666667,0.25,0.363636363636364,0,0.166980852282515,3
"rand1",1,18,"SVP AR1Focus",1,0.125,0.222222222222222,0,0.399873120077943,1
"rand1",1,18,"SVP AR1Focus TRUE/TRUE",1,0.125,0.222222222222222,0,0.399873120077943,1
"none",1.2,18,"PELT inflated",1,1,1,1,0.0585394433642737,1
"none",1.2,18,"PELT AR1 approximate",1,1,1,1,0.0585394433642737,1
"none",1.2,18,"SVP AR1Focus",1,1,1,1,0.0585394433642737,1
"none",1.2,18,"SVP AR1Focus TRUE/TRUE",1,1,1,1,0.0585394433642737,1
"up",1.2,18,"PELT inflated",0.5,0.25,0.333333333333333,0,0.535080714327371,4
"up",1.2,18,"PELT AR1 approximate",0.75,0.375,0.5,0,0.676026912041077,4
"up",1.2,18,"SVP AR1Focus",1,0.375,0.545454545454545,0,0.900000442316814,3
"up",1.2,18,"SVP AR1Focus TRUE/TRUE",1,0.375,0.545454545454545,0,0.900000442316814,3
"updown",1.2,18,"PELT inflated",1,0.125,0.222222222222222,0,0.361285434532063,1
"updown",1.2,18,"PELT AR1 approximate",1,0.125,0.222222222222222,0,0.361285434532063,1
"updown",1.2,18,"SVP AR1Focus",1,0.125,0.222222222222222,0,0.361285434532063,1
"updown",1.2,18,"SVP AR1Focus TRUE/TRUE",1,0.125,0.222222222222222,0,0.361285434532063,1
"rand1",1.2,18,"PELT inflated",1,0.25,0.4,0,0.395602386873956,2
"rand1",1.2,18,"PELT AR1 approximate",1,0.375,0.545454545454545,0,0.164535173703017,3
"rand1",1.2,18,"SVP AR1Focus",1,0.125,0.222222222222222,0,0.570450114311954,1
"rand1",1.2,18,"SVP AR1Focus TRUE/TRUE",1,0.125,0.222222222222222,0,0.570450114311954,1
"none",1.4,18,"PELT inflated",1,1,1,1,0.00185966378689833,1
"none",1.4,18,"PELT AR1 approximate",1,1,1,1,0.00185966378689833,1
"none",1.4,18,"SVP AR1Focus",1,1,1,1,0.00185966378689833,1
"none",1.4,18,"SVP AR1Focus TRUE/TRUE",1,1,1,1,0.00185966378689833,1
"up",1.4,18,"PELT inflated",0.4,0.25,0.307692307692308,0,0.75290745003584,5
"up",1.4,18,"PELT AR1 approximate",0.6,0.375,0.461538461538462,0,0.937221293608441,5
"up",1.4,18,"SVP AR1Focus",0.666666666666667,0.25,0.363636363636364,0,1.41265646925148,3
"up",1.4,18,"SVP AR1Focus TRUE/TRUE",0.666666666666667,0.25,0.363636363636364,0,1.41265646925148,3
"updown",1.4,18,"PELT inflated",1,0.125,0.222222222222222,0,0.561955093650932,1
"updown",1.4,18,"PELT AR1 approximate",1,0.125,0.222222222222222,0,0.561955093650932,1
"updown",1.4,18,"SVP AR1Focus",1,0.125,0.222222222222222,0,0.561955093650932,1
"updown",1.4,18,"SVP AR1Focus TRUE/TRUE",1,0.125,0.222222222222222,0,0.561955093650932,1
"rand1",1.4,18,"PELT inflated",1,0.125,0.222222222222222,0,0.770563700260199,1
"rand1",1.4,18,"PELT AR1 approximate",1,0.625,0.769230769230769,0,0.0789659889294591,5
"rand1",1.4,18,"SVP AR1Focus",1,0.125,0.222222222222222,0,0.770563700260199,1
"rand1",1.4,18,"SVP AR1Focus TRUE/TRUE",1,0.125,0.222222222222222,0,0.770563700260199,1
"none",1.6,18,"PELT inflated",1,1,1,1,0.0219777452505092,1
"none",1.6,18,"PELT AR1 approximate",1,1,1,1,0.0219777452505092,1
"none",1.6,18,"SVP AR1Focus",1,1,1,1,0.0219777452505092,1
"none",1.6,18,"SVP AR1Focus TRUE/TRUE",1,1,1,1,0.0219777452505092,1
"up",1.6,18,"PELT inflated",0.75,0.375,0.5,0,1.09278244772402,4
"up",1.6,18,"PELT AR1 approximate",0.8,0.5,0.615384615384615,0,0.633550308655552,5
"up",1.6,18,"SVP AR1Focus",0.666666666666667,0.25,0.363636363636364,0,1.66826171912447,3
"up",1.6,18,"SVP AR1Focus TRUE/TRUE",0.666666666666667,0.25,0.363636363636364,0,1.66826171912447,3
"updown",1.6,18,"PELT inflated",1,0.125,0.222222222222222,0,0.647521386694501,1
"updown",1.6,18,"PELT AR1 approximate",0.666666666666667,0.25,0.363636363636364,0,0.705132722660477,3
"updown",1.6,18,"SVP AR1Focus",1,0.125,0.222222222222222,0,0.647521386694501,1
"updown",1.6,18,"SVP AR1Focus TRUE/TRUE",1,0.125,0.222222222222222,0,0.647521386694501,1
"rand1",1.6,18,"PELT inflated",1,0.375,0.545454545454545,0,0.360760702149651,3
"rand1",1.6,18,"PELT AR1 approximate",1,0.375,0.545454545454545,0,0.317118273238464,3
"rand1",1.6,18,"SVP AR1Focus",1,0.25,0.4,0,0.675477839375341,2
"rand1",1.6,18,"SVP AR1Focus TRUE/TRUE",1,0.25,0.4,0,0.675477839375341,2
"none",1.8,18,"PELT inflated",1,1,1,1,1.08227079758901e-05,1
"none",1.8,18,"PELT AR1 approximate",1,1,1,1,1.08227079758901e-05,1
"none",1.8,18,"SVP AR1Focus",1,1,1,1,1.08227079758901e-05,1
"none",1.8,18,"SVP AR1Focus TRUE/TRUE",1,1,1,1,1.08227079758901e-05,1
"up",1.8,18,"PELT inflated",0.8,0.5,0.615384615384615,0,0.775423500812772,5
"up",1.8,18,"PELT AR1 approximate",0.833333333333333,0.625,0.714285714285714,0,0.532082159686125,6
"up",1.8,18,"SVP AR1Focus",0.333333333333333,0.125,0.181818181818182,0,2.15623914546793,3
"up",1.8,18,"SVP AR1Focus TRUE/TRUE",0.333333333333333,0.125,0.181818181818182,0,2.15623914546793,3
"updown",1.8,18,"PELT inflated",1,0.125,0.222222222222222,0,0.810148431184939,1
"updown",1.8,18,"PELT AR1 approximate",1,0.375,0.545454545454545,0,0.619782927837407,3
"updown",1.8,18,"SVP AR1Focus",1,0.125,0.222222222222222,0,0.810148431184939,1
"updown",1.8,18,"SVP AR1Focus TRUE/TRUE",1,0.125,0.222222222222222,0,0.810148431184939,1
"rand1",1.8,18,"PELT inflated",1,0.25,0.4,0,0.790224798112232,2
"rand1",1.8,18,"PELT AR1 approximate",1,0.375,0.545454545454545,0,0.359404456132105,3
"rand1",1.8,18,"SVP AR1Focus",1,0.25,0.4,0,0.790224798112232,2
"rand1",1.8,18,"SVP AR1Focus TRUE/TRUE",1,0.25,0.4,0,0.790224798112232,2
"none",2,18,"PELT inflated",1,1,1,1,0.011890091921363,1
"none",2,18,"PELT AR1 approximate",1,1,1,1,0.011890091921363,1
"none",2,18,"SVP AR1Focus",1,1,1,1,0.011890091921363,1
"none",2,18,"SVP AR1Focus TRUE/TRUE",1,1,1,1,0.011890091921363,1
"up",2,18,"PELT inflated",0.6,0.375,0.461538461538462,0,0.913199925581031,5
"up",2,18,"PELT AR1 approximate",0.857142857142857,0.75,0.8,0,0.335907203642274,7
"up",2,18,"SVP AR1Focus",0.75,0.375,0.5,0,1.16042774560167,4
"up",2,18,"SVP AR1Focus TRUE/TRUE",0.75,0.375,0.5,0,1.16042774560167,4
"updown",2,18,"PELT inflated",1,0.125,0.222222222222222,0,1.01220453469168,1
"updown",2,18,"PELT AR1 approximate",1,0.625,0.769230769230769,0,0.589265138298974,5
"updown",2,18,"SVP AR1Focus",1,0.125,0.222222222222222,0,1.01220453469168,1
"updown",2,18,"SVP AR1Focus TRUE/TRUE",1,0.125,0.222222222222222,0,1.01220453469168,1
"rand1",2,18,"PELT inflated",0.666666666666667,0.25,0.363636363636364,0,0.53071749749105,3
"rand1",2,18,"PELT AR1 approximate",1,0.625,0.769230769230769,0,0.0988306350046216,5
"rand1",2,18,"SVP AR1Focus",1,0.25,0.4,0,0.952003117525782,2
"rand1",2,18,"SVP AR1Focus TRUE/TRUE",1,0.25,0.4,0,0.952003117525782,2
"none",2.2,18,"PELT inflated",1,1,1,1,0.00288493985824405,1
"none",2.2,18,"PELT AR1 approximate",1,1,1,1,0.00288493985824405,1
"none",2.2,18,"SVP AR1Focus",1,1,1,1,0.00288493985824405,1
"none",2.2,18,"SVP AR1Focus TRUE/TRUE",1,1,1,1,0.00288493985824405,1
"up",2.2,18,"PELT inflated",0.666666666666667,0.5,0.571428571428572,0,0.883230880420185,6
"up",2.2,18,"PELT AR1 approximate",1,1,1,1,0.179505190920596,8
"up",2.2,18,"SVP AR1Focus",0.5,0.25,0.333333333333333,0,2.17832398309162,4
"up",2.2,18,"SVP AR1Focus TRUE/TRUE",0.75,0.375,0.5,0,2.07028833232063,4
"updown",2.2,18,"PELT inflated",1,0.125,0.222222222222222,0,1.2222599619331,1
"updown",2.2,18,"PELT AR1 approximate",1,0.375,0.545454545454545,0,1.21569899666875,3
"updown",2.2,18,"SVP AR1Focus",1,0.125,0.222222222222222,0,1.2222599619331,1
"updown",2.2,18,"SVP AR1Focus TRUE/TRUE",1,0.125,0.222222222222222,0,1.2222599619331,1
"rand1",2.2,18,"PELT inflated",1,0.375,0.545454545454545,0,0.578428966153555,3
"rand1",2.2,18,"PELT AR1 approximate",1,0.625,0.769230769230769,0,0.106632833930774,5
"rand1",2.2,18,"SVP AR1Focus",1,0.5,0.666666666666667,0,0.49225940002014,4
"rand1",2.2,18,"SVP AR1Focus TRUE/TRUE",1,0.5,0.666666666666667,0,0.49225940002014,4
"none",2.4,18,"PELT inflated",1,1,1,1,0.0800982788388015,1
"none",2.4,18,"PELT AR1 approximate",1,1,1,1,0.0800982788388015,1
"none",2.4,18,"SVP AR1Focus",1,1,1,1,0.0800982788388015,1
"none",2.4,18,"SVP AR1Focus TRUE/TRUE",1,1,1,1,0.0800982788388015,1
"up",2.4,18,"PELT inflated",0.833333333333333,0.625,0.714285714285714,0,1.05654437427365,6
"up",2.4,18,"PELT AR1 approximate",0.857142857142857,0.75,0.8,0,0.688732426334701,7
"up",2.4,18,"SVP AR1Focus",1,0.5,0.666666666666667,0,1.58193324447356,4
"up",2.4,18,"SVP AR1Focus TRUE/TRUE",1,0.5,0.666666666666667,0,1.58193324447356,4
"updown",2.4,18,"PELT inflated",1,0.125,0.222222222222222,0,1.44356700763542,1
"updown",2.4,18,"PELT AR1 approximate",1,1,1,1,0.076541114819636,8
"updown",2.4,18,"SVP AR1Focus",1,0.125,0.222222222222222,0,1.44356700763542,1
"updown",2.4,18,"SVP AR1Focus TRUE/TRUE",1,0.125,0.222222222222222,0,1.44356700763542,1
"rand1",2.4,18,"PELT inflated",1,0.375,0.545454545454545,0,0.580732601572409,3
"rand1",2.4,18,"PELT AR1 approximate",1,0.625,0.769230769230769,0,0.106371536463535,5
"rand1",2.4,18,"SVP AR1Focus",1,0.375,0.545454545454545,0,0.580732601572409,3
"rand1",2.4,18,"SVP AR1Focus TRUE/TRUE",1,0.375,0.545454545454545,0,0.580732601572409,3
"none",2.6,18,"PELT inflated",1,1,1,1,0.0218012938600021,1
"none",2.6,18,"PELT AR1 approximate",1,1,1,1,0.0218012938600021,1
"none",2.6,18,"SVP AR1Focus",1,1,1,1,0.0218012938600021,1
"none",2.6,18,"SVP AR1Focus TRUE/TRUE",1,1,1,1,0.0218012938600021,1
"up",2.6,18,"PELT inflated",0.666666666666667,0.5,0.571428571428572,0,1.1661139143295,6
"up",2.6,18,"PELT AR1 approximate",0.875,0.875,0.875,1,0.184606729735183,8
"up",2.6,18,"SVP AR1Focus",1,0.625,0.769230769230769,0,1.41819276066824,5
"up",2.6,18,"SVP AR1Focus TRUE/TRUE",1,0.625,0.769230769230769,0,1.41819276066824,5
"updown",2.6,18,"PELT inflated",0.833333333333333,0.625,0.714285714285714,0,0.837245961688815,6
"updown",2.6,18,"PELT AR1 approximate",1,1,1,1,0.190260265918144,8
"updown",2.6,18,"SVP AR1Focus",0.75,0.375,0.5,0,1.22695673052531,4
"updown",2.6,18,"SVP AR1Focus TRUE/TRUE",0.6,0.375,0.461538461538462,0,1.14091306060608,5
"rand1",2.6,18,"PELT inflated",1,0.375,0.545454545454545,0,0.713901025118728,3
"rand1",2.6,18,"PELT AR1 approximate",1,0.625,0.769230769230769,0,0.155162594452186,5
"rand1",2.6,18,"SVP AR1Focus",1,0.5,0.666666666666667,0,0.58708992328519,4
"rand1",2.6,18,"SVP AR1Focus TRUE/TRUE",1,0.5,0.666666666666667,0,0.58708992328519,4
"none",2.8,18,"PELT inflated",1,1,1,1,0.00570056088171783,1
"none",2.8,18,"PELT AR1 approximate",1,1,1,1,0.00570056088171783,1
"none",2.8,18,"SVP AR1Focus",1,1,1,1,0.00570056088171783,1
"none",2.8,18,"SVP AR1Focus TRUE/TRUE",1,1,1,1,0.00570056088171783,1
"up",2.8,18,"PELT inflated",0.857142857142857,0.75,0.8,0,0.739592985384019,7
"up",2.8,18,"PELT AR1 approximate",0.875,0.875,0.875,1,0.317001251267489,8
"up",2.8,18,"SVP AR1Focus",0.5,0.25,0.333333333333333,0,3.07730451163846,4
"up",2.8,18,"SVP AR1Focus TRUE/TRUE",0.8,0.5,0.615384615384615,0,1.72610309085667,5
"updown",2.8,18,"PELT inflated",1,1,1,1,0.0975226152756824,8
"updown",2.8,18,"PELT AR1 approximate",1,1,1,1,0.060226251726,8
"updown",2.8,18,"SVP AR1Focus",0.666666666666667,0.25,0.363636363636364,0,1.75846935439035,3
"updown",2.8,18,"SVP AR1Focus TRUE/TRUE",0.8,0.5,0.615384615384615,0,1.35794217142862,5
"rand1",2.8,18,"PELT inflated",1,0.625,0.769230769230769,0,0.263623502407911,5
"rand1",2.8,18,"PELT AR1 approximate",1,0.625,0.769230769230769,0,0.263623502407911,5
"rand1",2.8,18,"SVP AR1Focus",1,0.625,0.769230769230769,0,0.263623502407911,5
"rand1",2.8,18,"SVP AR1Focus TRUE/TRUE",1,0.625,0.769230769230769,0,0.263623502407911,5
"none",3,18,"PELT inflated",1,1,1,1,0.058263781429308,1
"none",3,18,"PELT AR1 approximate",1,1,1,1,0.058263781429308,1
"none",3,18,"SVP AR1Focus",1,1,1,1,0.058263781429308,1
"none",3,18,"SVP AR1Focus TRUE/TRUE",1,1,1,1,0.058263781429308,1
"up",3,18,"PELT inflated",0.875,0.875,0.875,1,0.148671258139866,8
"up",3,18,"PELT AR1 approximate",1,1,1,1,0.0622176901299398,8
"up",3,18,"SVP AR1Focus",0.833333333333333,0.625,0.714285714285714,0,1.3107849539526,6
"up",3,18,"SVP AR1Focus TRUE/TRUE",0.666666666666667,0.5,0.571428571428572,0,1.48565935029148,6
"updown",3,18,"PELT inflated",0.875,0.875,0.875,1,0.206298729458969,8
"updown",3,18,"PELT AR1 approximate",1,1,1,1,0.0806281966085948,8
"updown",3,18,"SVP AR1Focus",0.333333333333333,0.125,0.181818181818182,0,2.19394644460637,3
"updown",3,18,"SVP AR1Focus TRUE/TRUE",0.6,0.375,0.461538461538462,0,1.75542554711419,5
"rand1",3,18,"PELT inflated",1,0.625,0.769230769230769,0,0.11766206593246,5
"rand1",3,18,"PELT AR1 approximate",1,0.625,0.769230769230769,0,0.0922114671870479,5
"rand1",3,18,"SVP AR1Focus",1,0.625,0.769230769230769,0,0.11766206593246,5
"rand1",3,18,"SVP AR1Focus TRUE/TRUE",1,0.625,0.769230769230769,0,0.11766206593246,5
"none",1,19,"PELT inflated",1,1,1,1,5.76851773081856e-05,1
"none",1,19,"PELT AR1 approximate",1,1,1,1,5.76851773081856e-05,1
"none",1,19,"SVP AR1Focus",1,1,1,1,5.76851773081856e-05,1
"none",1,19,"SVP AR1Focus TRUE/TRUE",1,1,1,1,5.76851773081856e-05,1
"up",1,19,"PELT inflated",0.666666666666667,0.25,0.363636363636364,0,0.638163272638389,3
"up",1,19,"PELT AR1 approximate",0.666666666666667,0.25,0.363636363636364,0,0.638163272638389,3
"up",1,19,"SVP AR1Focus",0.5,0.125,0.2,0,1.37158738848421,2
"up",1,19,"SVP AR1Focus TRUE/TRUE",0.666666666666667,0.25,0.363636363636364,0,0.638163272638389,3
"updown",1,19,"PELT inflated",1,0.125,0.222222222222222,0,0.27378193531876,1
"updown",1,19,"PELT AR1 approximate",0.5,0.125,0.2,0,0.298218940205787,2
"updown",1,19,"SVP AR1Focus",1,0.125,0.222222222222222,0,0.27378193531876,1
"updown",1,19,"SVP AR1Focus TRUE/TRUE",1,0.125,0.222222222222222,0,0.27378193531876,1
"rand1",1,19,"PELT inflated",1,0.25,0.4,0,0.314953604049195,2
"rand1",1,19,"PELT AR1 approximate",0.5,0.125,0.2,0,0.358967933072513,2
"rand1",1,19,"SVP AR1Focus",1,0.125,0.222222222222222,0,0.404669061592053,1
"rand1",1,19,"SVP AR1Focus TRUE/TRUE",1,0.125,0.222222222222222,0,0.404669061592053,1
"none",1.2,19,"PELT inflated",1,1,1,1,0.0332597079225233,1
"none",1.2,19,"PELT AR1 approximate",1,1,1,1,0.0332597079225233,1
"none",1.2,19,"SVP AR1Focus",1,1,1,1,0.0332597079225233,1
"none",1.2,19,"SVP AR1Focus TRUE/TRUE",1,1,1,1,0.0332597079225233,1
"up",1.2,19,"PELT inflated",1,0.5,0.666666666666667,0,0.573101165711659,4
"up",1.2,19,"PELT AR1 approximate",0.8,0.5,0.615384615384615,0,0.591134272707329,5
"up",1.2,19,"SVP AR1Focus",0.666666666666667,0.25,0.363636363636364,0,0.929482177496281,3
"up",1.2,19,"SVP AR1Focus TRUE/TRUE",0.666666666666667,0.25,0.363636363636364,0,0.929482177496281,3
"updown",1.2,19,"PELT inflated",1,0.125,0.222222222222222,0,0.370139233416722,1
"updown",1.2,19,"PELT AR1 approximate",1,0.125,0.222222222222222,0,0.370139233416722,1
"updown",1.2,19,"SVP AR1Focus",1,0.125,0.222222222222222,0,0.370139233416722,1
"updown",1.2,19,"SVP AR1Focus TRUE/TRUE",1,0.125,0.222222222222222,0,0.370139233416722,1
"rand1",1.2,19,"PELT inflated",1,0.125,0.222222222222222,0,0.668722337178844,1
"rand1",1.2,19,"PELT AR1 approximate",1,0.375,0.545454545454545,0,0.247921231054195,3
"rand1",1.2,19,"SVP AR1Focus",1,0.125,0.222222222222222,0,0.668722337178844,1
"rand1",1.2,19,"SVP AR1Focus TRUE/TRUE",1,0.125,0.222222222222222,0,0.668722337178844,1
"none",1.4,19,"PELT inflated",1,1,1,1,0.0038073419460433,1
"none",1.4,19,"PELT AR1 approximate",1,1,1,1,0.0038073419460433,1
"none",1.4,19,"SVP AR1Focus",1,1,1,1,0.0038073419460433,1
"none",1.4,19,"SVP AR1Focus TRUE/TRUE",1,1,1,1,0.0038073419460433,1
"up",1.4,19,"PELT inflated",1,0.5,0.666666666666667,0,0.815795126120186,4
"up",1.4,19,"PELT AR1 approximate",0.75,0.375,0.5,0,0.78360893886555,4
"up",1.4,19,"SVP AR1Focus",0.666666666666667,0.25,0.363636363636364,0,1.28489701717199,3
"up",1.4,19,"SVP AR1Focus TRUE/TRUE",0.666666666666667,0.25,0.363636363636364,0,1.28489701717199,3
"updown",1.4,19,"PELT inflated",1,0.125,0.222222222222222,0,0.494158721284932,1
"updown",1.4,19,"PELT AR1 approximate",1,0.25,0.4,0,0.42416173413459,2
"updown",1.4,19,"SVP AR1Focus",1,0.125,0.222222222222222,0,0.494158721284932,1
"updown",1.4,19,"SVP AR1Focus TRUE/TRUE",1,0.125,0.222222222222222,0,0.494158721284932,1
"rand1",1.4,19,"PELT inflated",1,0.25,0.4,0,0.493973096512072,2
"rand1",1.4,19,"PELT AR1 approximate",1,0.625,0.769230769230769,0,0.134118730223207,5
"rand1",1.4,19,"SVP AR1Focus",1,0.25,0.4,0,0.524147181831831,2
"rand1",1.4,19,"SVP AR1Focus TRUE/TRUE",1,0.375,0.545454545454545,0,0.519144835523725,3
"none",1.6,19,"PELT inflated",1,1,1,1,0.00323230127419128,1
"none",1.6,19,"PELT AR1 approximate",1,1,1,1,0.00323230127419128,1
"none",1.6,19,"SVP AR1Focus",1,1,1,1,0.00323230127419128,1
"none",1.6,19,"SVP AR1Focus TRUE/TRUE",1,1,1,1,0.00323230127419128,1
"up",1.6,19,"PELT inflated",0.75,0.375,0.5,0,0.840704038081882,4
"up",1.6,19,"PELT AR1 approximate",0.6,0.375,0.461538461538462,0,0.679643044073406,5
"up",1.6,19,"SVP AR1Focus",0.333333333333333,0.125,0.181818181818182,0,1.71079870393575,3
"up",1.6,19,"SVP AR1Focus TRUE/TRUE",0.333333333333333,0.125,0.181818181818182,0,1.75295650866146,3
"updown",1.6,19,"PELT inflated",1,0.125,0.222222222222222,0,0.649890169155854,1
"updown",1.6,19,"PELT AR1 approximate",1,0.25,0.4,0,0.692959898737999,2
"updown",1.6,19,"SVP AR1Focus",1,0.125,0.222222222222222,0,0.649890169155854,1
"updown",1.6,19,"SVP AR1Focus TRUE/TRUE",1,0.125,0.222222222222222,0,0.649890169155854,1
"rand1",1.6,19,"PELT inflated",0.666666666666667,0.25,0.363636363636364,0,0.323620621547206,3
"rand1",1.6,19,"PELT AR1 approximate",1,0.375,0.545454545454545,0,0.247952722656242,3
"rand1",1.6,19,"SVP AR1Focus",0.5,0.125,0.2,0,0.714961520223296,2
"rand1",1.6,19,"SVP AR1Focus TRUE/TRUE",1,0.25,0.4,0,0.603475616006305,2
"none",1.8,19,"PELT inflated",1,1,1,1,0.000655359803769801,1
"none",1.8,19,"PELT AR1 approximate",1,1,1,1,0.000655359803769801,1
"none",1.8,19,"SVP AR1Focus",1,1,1,1,0.000655359803769801,1
"none",1.8,19,"SVP AR1Focus TRUE/TRUE",1,1,1,1,0.000655359803769801,1
"up",1.8,19,"PELT inflated",0.75,0.375,0.5,0,1.21787524973996,4
"up",1.8,19,"PELT AR1 approximate",1,0.875,0.933333333333333,0,0.243814222585131,7
"up",1.8,19,"SVP AR1Focus",0.75,0.375,0.5,0,1.21787524973996,4
"up",1.8,19,"SVP AR1Focus TRUE/TRUE",0.75,0.375,0.5,0,1.21787524973996,4
"updown",1.8,19,"PELT inflated",0.666666666666667,0.25,0.363636363636364,0,0.935363688651589,3
"updown",1.8,19,"PELT AR1 approximate",0.75,0.375,0.5,0,0.847094209723166,4
"updown",1.8,19,"SVP AR1Focus",1,0.125,0.222222222222222,0,0.811082068916283,1
"updown",1.8,19,"SVP AR1Focus TRUE/TRUE",1,0.125,0.222222222222222,0,0.811082068916283,1
"rand1",1.8,19,"PELT inflated",0.666666666666667,0.25,0.363636363636364,0,0.527583366795824,3
"rand1",1.8,19,"PELT AR1 approximate",1,0.375,0.545454545454545,0,0.373155839975064,3
"rand1",1.8,19,"SVP AR1Focus",1,0.25,0.4,0,0.907572781218643,2
"rand1",1.8,19,"SVP AR1Focus TRUE/TRUE",0.666666666666667,0.25,0.363636363636364,0,0.527583366795824,3
"none",2,19,"PELT inflated",1,1,1,1,5.03549765042454e-05,1
"none",2,19,"PELT AR1 approximate",1,1,1,1,5.03549765042454e-05,1
"none",2,19,"SVP AR1Focus",1,1,1,1,5.03549765042454e-05,1
"none",2,19,"SVP AR1Focus TRUE/TRUE",1,1,1,1,5.03549765042454e-05,1
"up",2,19,"PELT inflated",0.6,0.375,0.461538461538462,0,0.990542129351648,5
"up",2,19,"PELT AR1 approximate",0.833333333333333,0.625,0.714285714285714,0,0.605991892604462,6
"up",2,19,"SVP AR1Focus",0.25,0.125,0.166666666666667,0,1.84350265536354,4
"up",2,19,"SVP AR1Focus TRUE/TRUE",0.25,0.125,0.166666666666667,0,1.84350265536354,4
"updown",2,19,"PELT inflated",1,0.125,0.222222222222222,0,1.00112516981691,1
"updown",2,19,"PELT AR1 approximate",1,0.75,0.857142857142857,0,0.427066800188493,6
"updown",2,19,"SVP AR1Focus",1,0.125,0.222222222222222,0,1.00112516981691,1
"updown",2,19,"SVP AR1Focus TRUE/TRUE",1,0.125,0.222222222222222,0,1.00112516981691,1
"rand1",2,19,"PELT inflated",1,0.375,0.545454545454545,0,0.414265587077639,3
"rand1",2,19,"PELT AR1 approximate",1,0.625,0.769230769230769,0,0.113965234072736,5
"rand1",2,19,"SVP AR1Focus",1,0.25,0.4,0,1.08214833886115,2
"rand1",2,19,"SVP AR1Focus TRUE/TRUE",0.666666666666667,0.25,0.363636363636364,0,0.986203474033181,3
"none",2.2,19,"PELT inflated",1,1,1,1,0.0183915891606402,1
"none",2.2,19,"PELT AR1 approximate",1,1,1,1,0.0183915891606402,1
"none",2.2,19,"SVP AR1Focus",1,1,1,1,0.0183915891606402,1
"none",2.2,19,"SVP AR1Focus TRUE/TRUE",1,1,1,1,0.0183915891606402,1
"up",2.2,19,"PELT inflated",0.8,0.5,0.615384615384615,0,1.04398709747624,5
"up",2.2,19,"PELT AR1 approximate",0.857142857142857,0.75,0.8,0,0.460922673390145,7
"up",2.2,19,"SVP AR1Focus",1,0.5,0.666666666666667,0,1.28028070685272,4
"up",2.2,19,"SVP AR1Focus TRUE/TRUE",1,0.5,0.666666666666667,0,1.28028070685272,4
"updown",2.2,19,"PELT inflated",1,0.125,0.222222222222222,0,1.21061233472325,1
"updown",2.2,19,"PELT AR1 approximate",1,0.625,0.769230769230769,0,0.64792303904864,5
"updown",2.2,19,"SVP AR1Focus",1,0.125,0.222222222222222,0,1.21061233472325,1
"updown",2.2,19,"SVP AR1Focus TRUE/TRUE",1,0.125,0.222222222222222,0,1.21061233472325,1
"rand1",2.2,19,"PELT inflated",1,0.625,0.769230769230769,0,0.114914821530029,5
"rand1",2.2,19,"PELT AR1 approximate",1,0.625,0.769230769230769,0,0.114914821530029,5
"rand1",2.2,19,"SVP AR1Focus",1,0.625,0.769230769230769,0,0.114914821530029,5
"rand1",2.2,19,"SVP AR1Focus TRUE/TRUE",1,0.625,0.769230769230769,0,0.114914821530029,5
"none",2.4,19,"PELT inflated",1,1,1,1,0.01490964494682,1
"none",2.4,19,"PELT AR1 approximate",1,1,1,1,0.01490964494682,1
"none",2.4,19,"SVP AR1Focus",1,1,1,1,0.01490964494682,1
"none",2.4,19,"SVP AR1Focus TRUE/TRUE",1,1,1,1,0.01490964494682,1
"up",2.4,19,"PELT inflated",0.857142857142857,0.75,0.8,0,0.5403060876227,7
"up",2.4,19,"PELT AR1 approximate",0.875,0.875,0.875,1,0.293365405500355,8
"up",2.4,19,"SVP AR1Focus",0.75,0.375,0.5,0,1.75243432130978,4
"up",2.4,19,"SVP AR1Focus TRUE/TRUE",0.75,0.375,0.5,0,1.75243432130978,4
"updown",2.4,19,"PELT inflated",1,0.125,0.222222222222222,0,1.48595260242173,1
"updown",2.4,19,"PELT AR1 approximate",1,1,1,1,0.169207931037254,8
"updown",2.4,19,"SVP AR1Focus",1,0.125,0.222222222222222,0,1.48595260242173,1
"updown",2.4,19,"SVP AR1Focus TRUE/TRUE",1,0.125,0.222222222222222,0,1.48595260242173,1
"rand1",2.4,19,"PELT inflated",1,0.375,0.545454545454545,0,0.606726487778897,3
"rand1",2.4,19,"PELT AR1 approximate",1,0.625,0.769230769230769,0,0.137697315089738,5
"rand1",2.4,19,"SVP AR1Focus",1,0.5,0.666666666666667,0,0.515683066587337,4
"rand1",2.4,19,"SVP AR1Focus TRUE/TRUE",1,0.5,0.666666666666667,0,0.515683066587337,4
"none",2.6,19,"PELT inflated",1,1,1,1,0.00295325667657207,1
"none",2.6,19,"PELT AR1 approximate",1,1,1,1,0.00295325667657207,1
"none",2.6,19,"SVP AR1Focus",1,1,1,1,0.00295325667657207,1
"none",2.6,19,"SVP AR1Focus TRUE/TRUE",1,1,1,1,0.00295325667657207,1
"up",2.6,19,"PELT inflated",0.857142857142857,0.75,0.8,0,0.738084188526639,7
"up",2.6,19,"PELT AR1 approximate",1,1,1,1,0.193647241362029,8
"up",2.6,19,"SVP AR1Focus",0.8,0.5,0.615384615384615,0,1.64261747970899,5
"up",2.6,19,"SVP AR1Focus TRUE/TRUE",0.8,0.5,0.615384615384615,0,1.64261747970899,5
"updown",2.6,19,"PELT inflated",0.833333333333333,0.625,0.714285714285714,0,0.796795732552547,6
"updown",2.6,19,"PELT AR1 approximate",1,1,1,1,0.102657398332331,8
"updown",2.6,19,"SVP AR1Focus",0.666666666666667,0.25,0.363636363636364,0,1.47569469884022,3
"updown",2.6,19,"SVP AR1Focus TRUE/TRUE",0.75,0.375,0.5,0,1.56587495414698,4
"rand1",2.6,19,"PELT inflated",1,0.625,0.769230769230769,0,0.0979979913439355,5
"rand1",2.6,19,"PELT AR1 approximate",1,0.625,0.769230769230769,0,0.0979979913439355,5
"rand1",2.6,19,"SVP AR1Focus",1,0.5,0.666666666666667,0,0.534529525842585,4
"rand1",2.6,19,"SVP AR1Focus TRUE/TRUE",1,0.5,0.666666666666667,0,0.534529525842585,4
"none",2.8,19,"PELT inflated",1,1,1,1,0.00327676288231542,1
"none",2.8,19,"PELT AR1 approximate",1,1,1,1,0.00327676288231542,1
"none",2.8,19,"SVP AR1Focus",1,1,1,1,0.00327676288231542,1
"none",2.8,19,"SVP AR1Focus TRUE/TRUE",1,1,1,1,0.00327676288231542,1
"up",2.8,19,"PELT inflated",0.875,0.875,0.875,1,0.154478875771684,8
"up",2.8,19,"PELT AR1 approximate",1,1,1,1,0.093720014760486,8
"up",2.8,19,"SVP AR1Focus",1,0.625,0.769230769230769,0,1.51525061302766,5
"up",2.8,19,"SVP AR1Focus TRUE/TRUE",1,0.75,0.857142857142857,0,1.05017231286697,6
"updown",2.8,19,"PELT inflated",0.875,0.875,0.875,1,0.227500463078517,8
"updown",2.8,19,"PELT AR1 approximate",1,1,1,1,0.129462557687793,8
"updown",2.8,19,"SVP AR1Focus",0.75,0.375,0.5,0,1.42383664031654,4
"updown",2.8,19,"SVP AR1Focus TRUE/TRUE",0.833333333333333,0.625,0.714285714285714,0,1.04848822748627,6
"rand1",2.8,19,"PELT inflated",1,0.375,0.545454545454545,0,0.753371651177992,3
"rand1",2.8,19,"PELT AR1 approximate",1,0.625,0.769230769230769,0,0.098042913594078,5
"rand1",2.8,19,"SVP AR1Focus",1,0.625,0.769230769230769,0,0.098042913594078,5
"rand1",2.8,19,"SVP AR1Focus TRUE/TRUE",1,0.625,0.769230769230769,0,0.098042913594078,5
"none",3,19,"PELT inflated",1,1,1,1,0.0191488984594433,1
"none",3,19,"PELT AR1 approximate",1,1,1,1,0.0191488984594433,1
"none",3,19,"SVP AR1Focus",1,1,1,1,0.0191488984594433,1
"none",3,19,"SVP AR1Focus TRUE/TRUE",1,1,1,1,0.0191488984594433,1
"up",3,19,"PELT inflated",0.875,0.875,0.875,1,0.377415196840613,8
"up",3,19,"PELT AR1 approximate",1,1,1,1,0.170203085755675,8
"up",3,19,"SVP AR1Focus",0.833333333333333,0.625,0.714285714285714,0,1.48778284477063,6
"up",3,19,"SVP AR1Focus TRUE/TRUE",0.666666666666667,0.5,0.571428571428572,0,1.70187982600461,6
"updown",3,19,"PELT inflated",1,0.5,0.666666666666667,0,1.38875806600033,4
"updown",3,19,"PELT AR1 approximate",1,0.75,0.857142857142857,0,0.819579251762792,6
"updown",3,19,"SVP AR1Focus",0.5,0.125,0.2,0,2.06968338670907,2
"updown",3,19,"SVP AR1Focus TRUE/TRUE",0.5,0.25,0.333333333333333,0,1.7717638128461,4
"rand1",3,19,"PELT inflated",1,0.625,0.769230769230769,0,0.110712600647923,5
"rand1",3,19,"PELT AR1 approximate",1,0.625,0.769230769230769,0,0.110712600647923,5
"rand1",3,19,"SVP AR1Focus",1,0.625,0.769230769230769,0,0.110712600647923,5
"rand1",3,19,"SVP AR1Focus TRUE/TRUE",1,0.625,0.769230769230769,0,0.110712600647923,5
"none",1,20,"PELT inflated",1,1,1,1,8.41148276305479e-05,1
"none",1,20,"PELT AR1 approximate",1,1,1,1,8.41148276305479e-05,1
"none",1,20,"SVP AR1Focus",1,1,1,1,8.41148276305479e-05,1
"none",1,20,"SVP AR1Focus TRUE/TRUE",1,1,1,1,8.41148276305479e-05,1
"up",1,20,"PELT inflated",0.333333333333333,0.125,0.181818181818182,0,0.697570312983127,3
"up",1,20,"PELT AR1 approximate",0.5,0.25,0.333333333333333,0,0.435756343249499,4
"up",1,20,"SVP AR1Focus",0.5,0.125,0.2,0,1.34052123293835,2
"up",1,20,"SVP AR1Focus TRUE/TRUE",0.5,0.125,0.2,0,1.34052123293835,2
"updown",1,20,"PELT inflated",1,0.125,0.222222222222222,0,0.251069566751802,1
"updown",1,20,"PELT AR1 approximate",0.666666666666667,0.25,0.363636363636364,0,0.31889706072349,3
"updown",1,20,"SVP AR1Focus",1,0.125,0.222222222222222,0,0.251069566751802,1
"updown",1,20,"SVP AR1Focus TRUE/TRUE",1,0.125,0.222222222222222,0,0.251069566751802,1
"rand1",1,20,"PELT inflated",1,0.125,0.222222222222222,0,0.393841458288882,1
"rand1",1,20,"PELT AR1 approximate",1,0.125,0.222222222222222,0,0.393841458288882,1
"rand1",1,20,"SVP AR1Focus",1,0.125,0.222222222222222,0,0.393841458288882,1
"rand1",1,20,"SVP AR1Focus TRUE/TRUE",1,0.125,0.222222222222222,0,0.393841458288882,1
"none",1.2,20,"PELT inflated",1,1,1,1,0.0456943939179486,1
"none",1.2,20,"PELT AR1 approximate",1,1,1,1,0.0456943939179486,1
"none",1.2,20,"SVP AR1Focus",1,1,1,1,0.0456943939179486,1
"none",1.2,20,"SVP AR1Focus TRUE/TRUE",1,1,1,1,0.0456943939179486,1
"up",1.2,20,"PELT inflated",0.5,0.25,0.333333333333333,0,0.71567180543719,4
"up",1.2,20,"PELT AR1 approximate",0.4,0.25,0.307692307692308,0,0.547162702158564,5
"up",1.2,20,"SVP AR1Focus",0.666666666666667,0.25,0.363636363636364,0,1.02759070282179,3
"up",1.2,20,"SVP AR1Focus TRUE/TRUE",0.666666666666667,0.25,0.363636363636364,0,1.02759070282179,3
"updown",1.2,20,"PELT inflated",1,0.125,0.222222222222222,0,0.376606856848116,1
"updown",1.2,20,"PELT AR1 approximate",0.666666666666667,0.25,0.363636363636364,0,0.453793476338271,3
"updown",1.2,20,"SVP AR1Focus",1,0.125,0.222222222222222,0,0.376606856848116,1
"updown",1.2,20,"SVP AR1Focus TRUE/TRUE",1,0.125,0.222222222222222,0,0.376606856848116,1
"rand1",1.2,20,"PELT inflated",1,0.375,0.545454545454545,0,0.219842193493886,3
"rand1",1.2,20,"PELT AR1 approximate",1,0.375,0.545454545454545,0,0.195729877174737,3
"rand1",1.2,20,"SVP AR1Focus",1,0.25,0.4,0,0.346838361411168,2
"rand1",1.2,20,"SVP AR1Focus TRUE/TRUE",1,0.25,0.4,0,0.346838361411168,2
"none",1.4,20,"PELT inflated",1,1,1,1,0.0073904388958775,1
"none",1.4,20,"PELT AR1 approximate",1,1,1,1,0.0073904388958775,1
"none",1.4,20,"SVP AR1Focus",1,1,1,1,0.0073904388958775,1
"none",1.4,20,"SVP AR1Focus TRUE/TRUE",1,1,1,1,0.0073904388958775,1
"up",1.4,20,"PELT inflated",0.6,0.375,0.461538461538462,0,0.487346800994939,5
"up",1.4,20,"PELT AR1 approximate",0.6,0.375,0.461538461538462,0,0.487346800994939,5
"up",1.4,20,"SVP AR1Focus",0.666666666666667,0.25,0.363636363636364,0,1.21825455213753,3
"up",1.4,20,"SVP AR1Focus TRUE/TRUE",0.666666666666667,0.25,0.363636363636364,0,1.21825455213753,3
"updown",1.4,20,"PELT inflated",1,0.125,0.222222222222222,0,0.50286269776151,1
"updown",1.4,20,"PELT AR1 approximate",1,0.125,0.222222222222222,0,0.50286269776151,1
"updown",1.4,20,"SVP AR1Focus",1,0.125,0.222222222222222,0,0.50286269776151,1
"updown",1.4,20,"SVP AR1Focus TRUE/TRUE",1,0.125,0.222222222222222,0,0.50286269776151,1
"rand1",1.4,20,"PELT inflated",0.666666666666667,0.25,0.363636363636364,0,0.351021534401693,3
"rand1",1.4,20,"PELT AR1 approximate",1,0.5,0.666666666666667,0,0.29045504516226,4
"rand1",1.4,20,"SVP AR1Focus",1,0.25,0.4,0,0.471011870124868,2
"rand1",1.4,20,"SVP AR1Focus TRUE/TRUE",1,0.25,0.4,0,0.471011870124868,2
"none",1.6,20,"PELT inflated",1,1,1,1,0.0119677851460589,1
"none",1.6,20,"PELT AR1 approximate",1,1,1,1,0.0119677851460589,1
"none",1.6,20,"SVP AR1Focus",1,1,1,1,0.0119677851460589,1
"none",1.6,20,"SVP AR1Focus TRUE/TRUE",1,1,1,1,0.0119677851460589,1
"up",1.6,20,"PELT inflated",1,0.625,0.769230769230769,0,0.5839621366781,5
"up",1.6,20,"PELT AR1 approximate",1,0.625,0.769230769230769,0,0.564814720112045,5
"up",1.6,20,"SVP AR1Focus",1,0.375,0.545454545454545,0,1.51698322799328,3
"up",1.6,20,"SVP AR1Focus TRUE/TRUE",1,0.375,0.545454545454545,0,1.51698322799328,3
"updown",1.6,20,"PELT inflated",1,0.125,0.222222222222222,0,0.678896919879869,1
"updown",1.6,20,"PELT AR1 approximate",1,0.125,0.222222222222222,0,0.678896919879869,1
"updown",1.6,20,"SVP AR1Focus",1,0.125,0.222222222222222,0,0.678896919879869,1
"updown",1.6,20,"SVP AR1Focus TRUE/TRUE",1,0.125,0.222222222222222,0,0.678896919879869,1
"rand1",1.6,20,"PELT inflated",0.5,0.125,0.2,0,0.711988550210414,2
"rand1",1.6,20,"PELT AR1 approximate",1,0.375,0.545454545454545,0,0.256384851749375,3
"rand1",1.6,20,"SVP AR1Focus",0.5,0.125,0.2,0,0.711988550210414,2
"rand1",1.6,20,"SVP AR1Focus TRUE/TRUE",0.5,0.125,0.2,0,0.711988550210414,2
"none",1.8,20,"PELT inflated",1,1,1,1,0.0156817640877362,1
"none",1.8,20,"PELT AR1 approximate",1,1,1,1,0.0156817640877362,1
"none",1.8,20,"SVP AR1Focus",1,1,1,1,0.0156817640877362,1
"none",1.8,20,"SVP AR1Focus TRUE/TRUE",1,1,1,1,0.0156817640877362,1
"up",1.8,20,"PELT inflated",0.5,0.25,0.333333333333333,0,1.08368261143778,4
"up",1.8,20,"PELT AR1 approximate",0.6,0.375,0.461538461538462,0,0.793529458010174,5
"up",1.8,20,"SVP AR1Focus",0.5,0.25,0.333333333333333,0,1.08368261143778,4
"up",1.8,20,"SVP AR1Focus TRUE/TRUE",0.5,0.25,0.333333333333333,0,1.08368261143778,4
"updown",1.8,20,"PELT inflated",1,0.25,0.4,0,0.82319298097062,2
"updown",1.8,20,"PELT AR1 approximate",1,0.25,0.4,0,0.779265619262201,2
"updown",1.8,20,"SVP AR1Focus",1,0.125,0.222222222222222,0,0.811076091353111,1
"updown",1.8,20,"SVP AR1Focus TRUE/TRUE",1,0.125,0.222222222222222,0,0.811076091353111,1
"rand1",1.8,20,"PELT inflated",1,0.375,0.545454545454545,0,0.373322597272992,3
"rand1",1.8,20,"PELT AR1 approximate",1,0.625,0.769230769230769,0,0.0667155823656142,5
"rand1",1.8,20,"SVP AR1Focus",0.5,0.125,0.2,0,0.885231137621891,2
"rand1",1.8,20,"SVP AR1Focus TRUE/TRUE",1,0.375,0.545454545454545,0,0.373322597272992,3
"none",2,20,"PELT inflated",1,1,1,1,0.0160091825827525,1
"none",2,20,"PELT AR1 approximate",1,1,1,1,0.0160091825827525,1
"none",2,20,"SVP AR1Focus",1,1,1,1,0.0160091825827525,1
"none",2,20,"SVP AR1Focus TRUE/TRUE",1,1,1,1,0.0160091825827525,1
"up",2,20,"PELT inflated",0.8,0.5,0.615384615384615,0,0.944780202382545,5
"up",2,20,"PELT AR1 approximate",0.857142857142857,0.75,0.8,0,0.412844467183766,7
"up",2,20,"SVP AR1Focus",1,0.5,0.666666666666667,0,1.13322581603286,4
"up",2,20,"SVP AR1Focus TRUE/TRUE",1,0.5,0.666666666666667,0,1.13322581603286,4
"updown",2,20,"PELT inflated",1,0.125,0.222222222222222,0,1.01174238792114,1
"updown",2,20,"PELT AR1 approximate",1,0.5,0.666666666666667,0,0.649861806190807,4
"updown",2,20,"SVP AR1Focus",1,0.125,0.222222222222222,0,1.01174238792114,1
"updown",2,20,"SVP AR1Focus TRUE/TRUE",1,0.125,0.222222222222222,0,1.01174238792114,1
"rand1",2,20,"PELT inflated",1,0.375,0.545454545454545,0,0.38097908961339,3
"rand1",2,20,"PELT AR1 approximate",1,0.625,0.769230769230769,0,0.0508876653368537,5
"rand1",2,20,"SVP AR1Focus",1,0.5,0.666666666666667,0,0.305577856892302,4
"rand1",2,20,"SVP AR1Focus TRUE/TRUE",1,0.5,0.666666666666667,0,0.305577856892302,4
"none",2.2,20,"PELT inflated",1,1,1,1,0.0170595969019709,1
"none",2.2,20,"PELT AR1 approximate",1,1,1,1,0.0170595969019709,1
"none",2.2,20,"SVP AR1Focus",1,1,1,1,0.0170595969019709,1
"none",2.2,20,"SVP AR1Focus TRUE/TRUE",1,1,1,1,0.0170595969019709,1
"up",2.2,20,"PELT inflated",0.8,0.5,0.615384615384615,0,1.07367512183301,5
"up",2.2,20,"PELT AR1 approximate",1,0.875,0.933333333333333,0,0.344990558441982,7
"up",2.2,20,"SVP AR1Focus",0.25,0.125,0.166666666666667,0,2.15072165297049,4
"up",2.2,20,"SVP AR1Focus TRUE/TRUE",0.25,0.125,0.166666666666667,0,2.15072165297049,4
"updown",2.2,20,"PELT inflated",1,0.125,0.222222222222222,0,1.22059869269367,1
"updown",2.2,20,"PELT AR1 approximate",1,0.625,0.769230769230769,0,0.631812998388668,5
"updown",2.2,20,"SVP AR1Focus",1,0.125,0.222222222222222,0,1.22059869269367,1
"updown",2.2,20,"SVP AR1Focus TRUE/TRUE",1,0.125,0.222222222222222,0,1.22059869269367,1
"rand1",2.2,20,"PELT inflated",1,0.375,0.545454545454545,0,0.467866854608367,3
"rand1",2.2,20,"PELT AR1 approximate",1,0.625,0.769230769230769,0,0.083297423600242,5
"rand1",2.2,20,"SVP AR1Focus",1,0.375,0.545454545454545,0,0.467866854608367,3
"rand1",2.2,20,"SVP AR1Focus TRUE/TRUE",1,0.375,0.545454545454545,0,0.467866854608367,3
"none",2.4,20,"PELT inflated",1,1,1,1,0.00630518537815147,1
"none",2.4,20,"PELT AR1 approximate",1,1,1,1,0.00630518537815147,1
"none",2.4,20,"SVP AR1Focus",1,1,1,1,0.00630518537815147,1
"none",2.4,20,"SVP AR1Focus TRUE/TRUE",1,1,1,1,0.00630518537815147,1
"up",2.4,20,"PELT inflated",0.8,0.5,0.615384615384615,0,1.29357633784926,5
"up",2.4,20,"PELT AR1 approximate",1,1,1,1,0.230725229923303,8
"up",2.4,20,"SVP AR1Focus",1,0.5,0.666666666666667,0,1.59490458866719,4
"up",2.4,20,"SVP AR1Focus TRUE/TRUE",1,0.5,0.666666666666667,0,1.59490458866719,4
"updown",2.4,20,"PELT inflated",1,0.125,0.222222222222222,0,1.46734729195883,1
"updown",2.4,20,"PELT AR1 approximate",1,0.75,0.857142857142857,0,0.570989108796946,6
"updown",2.4,20,"SVP AR1Focus",1,0.125,0.222222222222222,0,1.46734729195883,1
"updown",2.4,20,"SVP AR1Focus TRUE/TRUE",1,0.125,0.222222222222222,0,1.46734729195883,1
"rand1",2.4,20,"PELT inflated",1,0.375,0.545454545454545,0,0.555580168918189,3
"rand1",2.4,20,"PELT AR1 approximate",1,0.625,0.769230769230769,0,0.0769763730323361,5
"rand1",2.4,20,"SVP AR1Focus",0.75,0.375,0.5,0,0.464376065355095,4
"rand1",2.4,20,"SVP AR1Focus TRUE/TRUE",0.75,0.375,0.5,0,0.464376065355095,4
"none",2.6,20,"PELT inflated",1,1,1,1,0.000440118185843079,1
"none",2.6,20,"PELT AR1 approximate",1,1,1,1,0.000440118185843079,1
"none",2.6,20,"SVP AR1Focus",1,1,1,1,0.000440118185843079,1
"none",2.6,20,"SVP AR1Focus TRUE/TRUE",1,1,1,1,0.000440118185843079,1
"up",2.6,20,"PELT inflated",0.666666666666667,0.5,0.571428571428572,0,1.23357761349233,6
"up",2.6,20,"PELT AR1 approximate",1,1,1,1,0.0975470803074542,8
"up",2.6,20,"SVP AR1Focus",1,0.625,0.769230769230769,0,1.33929694583723,5
"up",2.6,20,"SVP AR1Focus TRUE/TRUE",0.8,0.5,0.615384615384615,0,1.59472245418813,5
"updown",2.6,20,"PELT inflated",1,0.5,0.666666666666667,0,1.0888350116561,4
"updown",2.6,20,"PELT AR1 approximate",1,1,1,1,0.0790625828878489,8
"updown",2.6,20,"SVP AR1Focus",1,0.375,0.545454545454545,0,1.33314545817887,3
"updown",2.6,20,"SVP AR1Focus TRUE/TRUE",1,0.625,0.769230769230769,0,0.95244191136849,5
"rand1",2.6,20,"PELT inflated",1,0.375,0.545454545454545,0,0.659406906878805,3
"rand1",2.6,20,"PELT AR1 approximate",1,0.625,0.769230769230769,0,0.0933432958637704,5
"rand1",2.6,20,"SVP AR1Focus",0.75,0.375,0.5,0,0.587396580202774,4
"rand1",2.6,20,"SVP AR1Focus TRUE/TRUE",0.75,0.375,0.5,0,0.651828015489287,4
"none",2.8,20,"PELT inflated",1,1,1,1,0.0436145009132007,1
"none",2.8,20,"PELT AR1 approximate",1,1,1,1,0.0436145009132007,1
"none",2.8,20,"SVP AR1Focus",1,1,1,1,0.0436145009132007,1
"none",2.8,20,"SVP AR1Focus TRUE/TRUE",1,1,1,1,0.0436145009132007,1
"up",2.8,20,"PELT inflated",1,0.875,0.933333333333333,0,0.581234520493503,7
"up",2.8,20,"PELT AR1 approximate",1,1,1,1,0.129160354967482,8
"up",2.8,20,"SVP AR1Focus",1,0.5,0.666666666666667,0,2.11737534630509,4
"up",2.8,20,"SVP AR1Focus TRUE/TRUE",1,0.625,0.769230769230769,0,1.53553820808696,5
"updown",2.8,20,"PELT inflated",1,0.5,0.666666666666667,0,1.27413479532979,4
"updown",2.8,20,"PELT AR1 approximate",1,1,1,1,0.120726477318652,8
"updown",2.8,20,"SVP AR1Focus",1,0.25,0.4,0,1.71666131667412,2
"updown",2.8,20,"SVP AR1Focus TRUE/TRUE",0.5,0.25,0.333333333333333,0,1.91320097955345,4
"rand1",2.8,20,"PELT inflated",1,0.375,0.545454545454545,0,0.799705359297191,3
"rand1",2.8,20,"PELT AR1 approximate",1,0.625,0.769230769230769,0,0.15417141454807,5
"rand1",2.8,20,"SVP AR1Focus",1,0.5,0.666666666666667,0,0.651640207017365,4
"rand1",2.8,20,"SVP AR1Focus TRUE/TRUE",1,0.5,0.666666666666667,0,0.651640207017365,4
"none",3,20,"PELT inflated",1,1,1,1,0.000307246080470609,1
"none",3,20,"PELT AR1 approximate",1,1,1,1,0.000307246080470609,1
"none",3,20,"SVP AR1Focus",1,1,1,1,0.000307246080470609,1
"none",3,20,"SVP AR1Focus TRUE/TRUE",1,1,1,1,0.000307246080470609,1
"up",3,20,"PELT inflated",1,1,1,1,0.170285286973749,8
"up",3,20,"PELT AR1 approximate",1,1,1,1,0.136825039500081,8
"up",3,20,"SVP AR1Focus",0.8,0.5,0.615384615384615,0,1.9831511387655,5
"up",3,20,"SVP AR1Focus TRUE/TRUE",0.8,0.5,0.615384615384615,0,1.87030148413683,5
"updown",3,20,"PELT inflated",0.75,0.375,0.5,0,1.44878590315986,4
"updown",3,20,"PELT AR1 approximate",1,1,1,1,0.0851251506820364,8
"updown",3,20,"SVP AR1Focus",1,0.125,0.222222222222222,0,2.25586092184601,1
"updown",3,20,"SVP AR1Focus TRUE/TRUE",1,0.125,0.222222222222222,0,2.25586092184601,1
"rand1",3,20,"PELT inflated",1,0.375,0.545454545454545,0,0.863199202080564,3
"rand1",3,20,"PELT AR1 approximate",1,0.625,0.769230769230769,0,0.119249169349353,5
"rand1",3,20,"SVP AR1Focus",1,0.625,0.769230769230769,0,0.119249169349353,5
"rand1",3,20,"SVP AR1Focus TRUE/TRUE",1,0.625,0.769230769230769,0,0.119249169349353,5
"none",1,21,"PELT inflated",1,1,1,1,0.0169897123563172,1
"none",1,21,"PELT AR1 approximate",1,1,1,1,0.0169897123563172,1
"none",1,21,"SVP AR1Focus",1,1,1,1,0.0169897123563172,1
"none",1,21,"SVP AR1Focus TRUE/TRUE",1,1,1,1,0.0169897123563172,1
"up",1,21,"PELT inflated",0.5,0.25,0.333333333333333,0,0.572368824243024,4
"up",1,21,"PELT AR1 approximate",0.6,0.375,0.461538461538462,0,0.446365913155849,5
"up",1,21,"SVP AR1Focus",0.5,0.125,0.2,0,1.37419025619575,2
"up",1,21,"SVP AR1Focus TRUE/TRUE",0.5,0.125,0.2,0,1.37419025619575,2
"updown",1,21,"PELT inflated",1,0.125,0.222222222222222,0,0.262540698023735,1
"updown",1,21,"PELT AR1 approximate",1,0.125,0.222222222222222,0,0.262540698023735,1
"updown",1,21,"SVP AR1Focus",1,0.125,0.222222222222222,0,0.262540698023735,1
"updown",1,21,"SVP AR1Focus TRUE/TRUE",1,0.125,0.222222222222222,0,0.262540698023735,1
"rand1",1,21,"PELT inflated",1,0.125,0.222222222222222,0,0.432242900181141,1
"rand1",1,21,"PELT AR1 approximate",1,0.125,0.222222222222222,0,0.432242900181141,1
"rand1",1,21,"SVP AR1Focus",1,0.125,0.222222222222222,0,0.432242900181141,1
"rand1",1,21,"SVP AR1Focus TRUE/TRUE",1,0.125,0.222222222222222,0,0.432242900181141,1
"none",1.2,21,"PELT inflated",1,1,1,1,9.63311832909451e-05,1
"none",1.2,21,"PELT AR1 approximate",1,1,1,1,9.63311832909451e-05,1
"none",1.2,21,"SVP AR1Focus",1,1,1,1,9.63311832909451e-05,1
"none",1.2,21,"SVP AR1Focus TRUE/TRUE",1,1,1,1,9.63311832909451e-05,1
"up",1.2,21,"PELT inflated",0.75,0.375,0.5,0,0.480226496883826,4
"up",1.2,21,"PELT AR1 approximate",1,0.5,0.666666666666667,0,0.457332770367673,4
"up",1.2,21,"SVP AR1Focus",1,0.25,0.4,0,1.85795899286983,2
"up",1.2,21,"SVP AR1Focus TRUE/TRUE",1,0.25,0.4,0,1.85795899286983,2
"updown",1.2,21,"PELT inflated",1,0.125,0.222222222222222,0,0.398693644759459,1
"updown",1.2,21,"PELT AR1 approximate",1,0.25,0.4,0,0.437305947791208,2
"updown",1.2,21,"SVP AR1Focus",1,0.125,0.222222222222222,0,0.398693644759459,1
"updown",1.2,21,"SVP AR1Focus TRUE/TRUE",1,0.125,0.222222222222222,0,0.398693644759459,1
"rand1",1.2,21,"PELT inflated",0.666666666666667,0.25,0.363636363636364,0,0.451320986346484,3
"rand1",1.2,21,"PELT AR1 approximate",0.666666666666667,0.25,0.363636363636364,0,0.380482703537511,3
"rand1",1.2,21,"SVP AR1Focus",1,0.125,0.222222222222222,0,0.596216658875113,1
"rand1",1.2,21,"SVP AR1Focus TRUE/TRUE",1,0.125,0.222222222222222,0,0.596216658875113,1
"none",1.4,21,"PELT inflated",1,1,1,1,9.9947065692061e-05,1
"none",1.4,21,"PELT AR1 approximate",1,1,1,1,9.9947065692061e-05,1
"none",1.4,21,"SVP AR1Focus",1,1,1,1,9.9947065692061e-05,1
"none",1.4,21,"SVP AR1Focus TRUE/TRUE",1,1,1,1,9.9947065692061e-05,1
"up",1.4,21,"PELT inflated",0.75,0.375,0.5,0,0.599258845036029,4
"up",1.4,21,"PELT AR1 approximate",0.75,0.375,0.5,0,0.617881862811018,4
"up",1.4,21,"SVP AR1Focus",1,0.375,0.545454545454545,0,1.19746817149162,3
"up",1.4,21,"SVP AR1Focus TRUE/TRUE",1,0.375,0.545454545454545,0,1.19746817149162,3
"updown",1.4,21,"PELT inflated",1,0.125,0.222222222222222,0,0.494401014832811,1
"updown",1.4,21,"PELT AR1 approximate",1,0.125,0.222222222222222,0,0.494401014832811,1
"updown",1.4,21,"SVP AR1Focus",1,0.125,0.222222222222222,0,0.494401014832811,1
"updown",1.4,21,"SVP AR1Focus TRUE/TRUE",1,0.125,0.222222222222222,0,0.494401014832811,1
"rand1",1.4,21,"PELT inflated",1,0.375,0.545454545454545,0,0.203718009986172,3
"rand1",1.4,21,"PELT AR1 approximate",1,0.375,0.545454545454545,0,0.203718009986172,3
"rand1",1.4,21,"SVP AR1Focus",0.5,0.125,0.2,0,0.662733443181569,2
"rand1",1.4,21,"SVP AR1Focus TRUE/TRUE",0.5,0.125,0.2,0,0.602884246156468,2
"none",1.6,21,"PELT inflated",1,1,1,1,0.00638693486623313,1
"none",1.6,21,"PELT AR1 approximate",1,1,1,1,0.00638693486623313,1
"none",1.6,21,"SVP AR1Focus",1,1,1,1,0.00638693486623313,1
"none",1.6,21,"SVP AR1Focus TRUE/TRUE",1,1,1,1,0.00638693486623313,1
"up",1.6,21,"PELT inflated",0.75,0.375,0.5,0,0.96874770560654,4
"up",1.6,21,"PELT AR1 approximate",1,0.625,0.769230769230769,0,0.577618349568066,5
"up",1.6,21,"SVP AR1Focus",0.333333333333333,0.125,0.181818181818182,0,1.77452501188275,3
"up",1.6,21,"SVP AR1Focus TRUE/TRUE",0.333333333333333,0.125,0.181818181818182,0,1.77452501188275,3
"updown",1.6,21,"PELT inflated",1,0.125,0.222222222222222,0,0.680033051582038,1
"updown",1.6,21,"PELT AR1 approximate",1,0.75,0.857142857142857,0,0.397912408487012,6
"updown",1.6,21,"SVP AR1Focus",1,0.125,0.222222222222222,0,0.680033051582038,1
"updown",1.6,21,"SVP AR1Focus TRUE/TRUE",1,0.125,0.222222222222222,0,0.680033051582038,1
"rand1",1.6,21,"PELT inflated",1,0.375,0.545454545454545,0,0.357979348580605,3
"rand1",1.6,21,"PELT AR1 approximate",1,0.5,0.666666666666667,0,0.268444507185635,4
"rand1",1.6,21,"SVP AR1Focus",0.5,0.125,0.2,0,0.707683889287,2
"rand1",1.6,21,"SVP AR1Focus TRUE/TRUE",0.5,0.125,0.2,0,0.852000436315369,2
"none",1.8,21,"PELT inflated",1,1,1,1,0.00516197916030085,1
"none",1.8,21,"PELT AR1 approximate",1,1,1,1,0.00516197916030085,1
"none",1.8,21,"SVP AR1Focus",1,1,1,1,0.00516197916030085,1
"none",1.8,21,"SVP AR1Focus TRUE/TRUE",1,1,1,1,0.00516197916030085,1
"up",1.8,21,"PELT inflated",0.2,0.125,0.153846153846154,0,1.06503471906679,5
"up",1.8,21,"PELT AR1 approximate",0.4,0.25,0.307692307692308,0,1.00477206549341,5
"up",1.8,21,"SVP AR1Focus",0.666666666666667,0.25,0.363636363636364,0,2.16610604529056,3
"up",1.8,21,"SVP AR1Focus TRUE/TRUE",0.666666666666667,0.25,0.363636363636364,0,2.16610604529056,3
"updown",1.8,21,"PELT inflated",1,0.125,0.222222222222222,0,0.821018215327877,1
"updown",1.8,21,"PELT AR1 approximate",0.75,0.375,0.5,0,0.59582193908898,4
"updown",1.8,21,"SVP AR1Focus",1,0.125,0.222222222222222,0,0.821018215327877,1
"updown",1.8,21,"SVP AR1Focus TRUE/TRUE",1,0.125,0.222222222222222,0,0.821018215327877,1
"rand1",1.8,21,"PELT inflated",0.666666666666667,0.25,0.363636363636364,0,0.49085567621224,3
"rand1",1.8,21,"PELT AR1 approximate",1,0.5,0.666666666666667,0,0.317655848452242,4
"rand1",1.8,21,"SVP AR1Focus",0.5,0.125,0.2,0,0.911012200161453,2
"rand1",1.8,21,"SVP AR1Focus TRUE/TRUE",0.666666666666667,0.25,0.363636363636364,0,0.49085567621224,3
"none",2,21,"PELT inflated",1,1,1,1,0.0280349030490086,1
"none",2,21,"PELT AR1 approximate",1,1,1,1,0.0280349030490086,1
"none",2,21,"SVP AR1Focus",1,1,1,1,0.0280349030490086,1
"none",2,21,"SVP AR1Focus TRUE/TRUE",1,1,1,1,0.0280349030490086,1
"up",2,21,"PELT inflated",0.6,0.375,0.461538461538462,0,1.01108746888676,5
"up",2,21,"PELT AR1 approximate",0.714285714285714,0.625,0.666666666666667,0,0.493310735733537,7
"up",2,21,"SVP AR1Focus",0.666666666666667,0.25,0.363636363636364,0,2.4222870851261,3
"up",2,21,"SVP AR1Focus TRUE/TRUE",0.666666666666667,0.25,0.363636363636364,0,2.4222870851261,3
"updown",2,21,"PELT inflated",1,0.125,0.222222222222222,0,1.00104014440948,1
"updown",2,21,"PELT AR1 approximate",1,0.5,0.666666666666667,0,0.684176800952943,4
"updown",2,21,"SVP AR1Focus",1,0.125,0.222222222222222,0,1.00104014440948,1
"updown",2,21,"SVP AR1Focus TRUE/TRUE",1,0.125,0.222222222222222,0,1.00104014440948,1
"rand1",2,21,"PELT inflated",1,0.375,0.545454545454545,0,0.430079502516236,3
"rand1",2,21,"PELT AR1 approximate",1,0.625,0.769230769230769,0,0.0825340919750637,5
"rand1",2,21,"SVP AR1Focus",0.5,0.125,0.2,0,1.03117046692627,2
"rand1",2,21,"SVP AR1Focus TRUE/TRUE",0.5,0.125,0.2,0,1.30960971691789,2
"none",2.2,21,"PELT inflated",1,1,1,1,0.00923997902685088,1
"none",2.2,21,"PELT AR1 approximate",1,1,1,1,0.00923997902685088,1
"none",2.2,21,"SVP AR1Focus",1,1,1,1,0.00923997902685088,1
"none",2.2,21,"SVP AR1Focus TRUE/TRUE",1,1,1,1,0.00923997902685088,1
"up",2.2,21,"PELT inflated",0.333333333333333,0.25,0.285714285714286,0,1.19438627413037,6
"up",2.2,21,"PELT AR1 approximate",0.625,0.625,0.625,1,0.525152404999362,8
"up",2.2,21,"SVP AR1Focus",0.25,0.125,0.166666666666667,0,2.13418078365807,4
"up",2.2,21,"SVP AR1Focus TRUE/TRUE",0.25,0.125,0.166666666666667,0,2.13418078365807,4
"updown",2.2,21,"PELT inflated",1,0.125,0.222222222222222,0,1.22054643911699,1
"updown",2.2,21,"PELT AR1 approximate",1,0.75,0.857142857142857,0,0.4909518781788,6
"updown",2.2,21,"SVP AR1Focus",1,0.375,0.545454545454545,0,0.980474053459621,3
"updown",2.2,21,"SVP AR1Focus TRUE/TRUE",0.75,0.375,0.5,0,1.09099520817497,4
"rand1",2.2,21,"PELT inflated",1,0.375,0.545454545454545,0,0.496426443142317,3
"rand1",2.2,21,"PELT AR1 approximate",1,0.625,0.769230769230769,0,0.114960969785327,5
"rand1",2.2,21,"SVP AR1Focus",0.75,0.375,0.5,0,0.452133126252411,4
"rand1",2.2,21,"SVP AR1Focus TRUE/TRUE",1,0.5,0.666666666666667,0,0.461811178635581,4
"none",2.4,21,"PELT inflated",1,1,1,1,0.00289185591448134,1
"none",2.4,21,"PELT AR1 approximate",1,1,1,1,0.00289185591448134,1
"none",2.4,21,"SVP AR1Focus",1,1,1,1,0.00289185591448134,1
"none",2.4,21,"SVP AR1Focus TRUE/TRUE",1,1,1,1,0.00289185591448134,1
"up",2.4,21,"PELT inflated",0.6,0.375,0.461538461538462,0,1.45137229508204,5
"up",2.4,21,"PELT AR1 approximate",1,1,1,1,0.112573677174098,8
"up",2.4,21,"SVP AR1Focus",0.5,0.25,0.333333333333333,0,1.92359369184531,4
"up",2.4,21,"SVP AR1Focus TRUE/TRUE",0.5,0.25,0.333333333333333,0,1.92359369184531,4
"updown",2.4,21,"PELT inflated",0.5,0.125,0.2,0,1.31523721049745,2
"updown",2.4,21,"PELT AR1 approximate",1,1,1,1,0.0963456256446949,8
"updown",2.4,21,"SVP AR1Focus",1,0.125,0.222222222222222,0,1.44626398872927,1
"updown",2.4,21,"SVP AR1Focus TRUE/TRUE",1,0.125,0.222222222222222,0,1.44626398872927,1
"rand1",2.4,21,"PELT inflated",1,0.625,0.769230769230769,0,0.284669352235952,5
"rand1",2.4,21,"PELT AR1 approximate",1,0.625,0.769230769230769,0,0.284669352235952,5
"rand1",2.4,21,"SVP AR1Focus",0.666666666666667,0.25,0.363636363636364,0,1.58091686381059,3
"rand1",2.4,21,"SVP AR1Focus TRUE/TRUE",0.5,0.25,0.333333333333333,0,1.09003600437639,4
"none",2.6,21,"PELT inflated",1,1,1,1,0.00261274648751992,1
"none",2.6,21,"PELT AR1 approximate",1,1,1,1,0.00261274648751992,1
"none",2.6,21,"SVP AR1Focus",1,1,1,1,0.00261274648751992,1
"none",2.6,21,"SVP AR1Focus TRUE/TRUE",1,1,1,1,0.00261274648751992,1
"up",2.6,21,"PELT inflated",0.571428571428571,0.5,0.533333333333333,0,0.771476690771028,7
"up",2.6,21,"PELT AR1 approximate",1,1,1,1,0.0951577245810291,8
"up",2.6,21,"SVP AR1Focus",0.6,0.375,0.461538461538462,0,1.72792290597698,5
"up",2.6,21,"SVP AR1Focus TRUE/TRUE",0.4,0.25,0.307692307692308,0,2.04057066640039,5
"updown",2.6,21,"PELT inflated",1,0.25,0.4,0,1.46667407845946,2
"updown",2.6,21,"PELT AR1 approximate",1,1,1,1,0.114276148080754,8
"updown",2.6,21,"SVP AR1Focus",0.75,0.375,0.5,0,1.43711465916501,4
"updown",2.6,21,"SVP AR1Focus TRUE/TRUE",1,0.75,0.857142857142857,0,0.91831638974351,6
"rand1",2.6,21,"PELT inflated",1,0.375,0.545454545454545,0,0.672243553605064,3
"rand1",2.6,21,"PELT AR1 approximate",1,0.625,0.769230769230769,0,0.116902996679604,5
"rand1",2.6,21,"SVP AR1Focus",1,0.5,0.666666666666667,0,0.566559483732892,4
"rand1",2.6,21,"SVP AR1Focus TRUE/TRUE",1,0.5,0.666666666666667,0,0.566559483732892,4
"none",2.8,21,"PELT inflated",1,1,1,1,0.000753939152360772,1
"none",2.8,21,"PELT AR1 approximate",1,1,1,1,0.000753939152360772,1
"none",2.8,21,"SVP AR1Focus",1,1,1,1,0.000753939152360772,1
"none",2.8,21,"SVP AR1Focus TRUE/TRUE",1,1,1,1,0.000753939152360772,1
"up",2.8,21,"PELT inflated",1,1,1,1,0.170517644176854,8
"up",2.8,21,"PELT AR1 approximate",1,1,1,1,0.170517644176854,8
"up",2.8,21,"SVP AR1Focus",1,0.75,0.857142857142857,0,1.16392971150652,6
"up",2.8,21,"SVP AR1Focus TRUE/TRUE",1,0.75,0.857142857142857,0,1.16392971150652,6
"updown",2.8,21,"PELT inflated",0.5,0.125,0.2,0,1.79522510797284,2
"updown",2.8,21,"PELT AR1 approximate",1,1,1,1,0.0577139185762162,8
"updown",2.8,21,"SVP AR1Focus",1,0.25,0.4,0,1.69503264686751,2
"updown",2.8,21,"SVP AR1Focus TRUE/TRUE",0.75,0.375,0.5,0,1.27676444253123,4
"rand1",2.8,21,"PELT inflated",1,0.625,0.769230769230769,0,0.133952655711916,5
"rand1",2.8,21,"PELT AR1 approximate",1,0.625,0.769230769230769,0,0.133952655711916,5
"rand1",2.8,21,"SVP AR1Focus",1,0.625,0.769230769230769,0,0.133952655711916,5
"rand1",2.8,21,"SVP AR1Focus TRUE/TRUE",1,0.625,0.769230769230769,0,0.133952655711916,5
"none",3,21,"PELT inflated",1,1,1,1,0.000998611701619193,1
"none",3,21,"PELT AR1 approximate",1,1,1,1,0.000998611701619193,1
"none",3,21,"SVP AR1Focus",1,1,1,1,0.000998611701619193,1
"none",3,21,"SVP AR1Focus TRUE/TRUE",1,1,1,1,0.000998611701619193,1
"up",3,21,"PELT inflated",0.75,0.75,0.75,1,0.536896120016377,8
"up",3,21,"PELT AR1 approximate",1,1,1,1,0.076504385350521,8
"up",3,21,"SVP AR1Focus",0.5,0.375,0.428571428571429,0,1.76163992545427,6
"up",3,21,"SVP AR1Focus TRUE/TRUE",0.5,0.375,0.428571428571429,0,1.76163992545427,6
"updown",3,21,"PELT inflated",0.875,0.875,0.875,1,0.266233846197035,8
"updown",3,21,"PELT AR1 approximate",1,1,1,1,0.0446041064299108,8
"updown",3,21,"SVP AR1Focus",0.333333333333333,0.125,0.181818181818182,0,1.99079597265273,3
"updown",3,21,"SVP AR1Focus TRUE/TRUE",0.666666666666667,0.5,0.571428571428572,0,1.40776060763017,6
"rand1",3,21,"PELT inflated",1,0.625,0.769230769230769,0,0.192849822740816,5
"rand1",3,21,"PELT AR1 approximate",1,0.625,0.769230769230769,0,0.192849822740816,5
"rand1",3,21,"SVP AR1Focus",1,0.625,0.769230769230769,0,0.192849822740816,5
"rand1",3,21,"SVP AR1Focus TRUE/TRUE",1,0.625,0.769230769230769,0,0.192849822740816,5
"none",1,22,"PELT inflated",1,1,1,1,0.0257637458506728,1
"none",1,22,"PELT AR1 approximate",1,1,1,1,0.0257637458506728,1
"none",1,22,"SVP AR1Focus",1,1,1,1,0.0257637458506728,1
"none",1,22,"SVP AR1Focus TRUE/TRUE",1,1,1,1,0.0257637458506728,1
"up",1,22,"PELT inflated",0.666666666666667,0.25,0.363636363636364,0,0.694976780185206,3
"up",1,22,"PELT AR1 approximate",1,0.5,0.666666666666667,0,0.429557968641993,4
"up",1,22,"SVP AR1Focus",0.666666666666667,0.25,0.363636363636364,0,0.694976780185206,3
"up",1,22,"SVP AR1Focus TRUE/TRUE",0.666666666666667,0.25,0.363636363636364,0,0.694976780185206,3
"updown",1,22,"PELT inflated",1,0.125,0.222222222222222,0,0.260166099665185,1
"updown",1,22,"PELT AR1 approximate",1,0.125,0.222222222222222,0,0.260166099665185,1
"updown",1,22,"SVP AR1Focus",1,0.125,0.222222222222222,0,0.260166099665185,1
"updown",1,22,"SVP AR1Focus TRUE/TRUE",1,0.125,0.222222222222222,0,0.260166099665185,1
"rand1",1,22,"PELT inflated",1,0.125,0.222222222222222,0,0.39890051329879,1
"rand1",1,22,"PELT AR1 approximate",1,0.125,0.222222222222222,0,0.39890051329879,1
"rand1",1,22,"SVP AR1Focus",1,0.125,0.222222222222222,0,0.39890051329879,1
"rand1",1,22,"SVP AR1Focus TRUE/TRUE",1,0.125,0.222222222222222,0,0.39890051329879,1
"none",1.2,22,"PELT inflated",1,1,1,1,1.09844181481913e-05,1
"none",1.2,22,"PELT AR1 approximate",1,1,1,1,1.09844181481913e-05,1
"none",1.2,22,"SVP AR1Focus",1,1,1,1,1.09844181481913e-05,1
"none",1.2,22,"SVP AR1Focus TRUE/TRUE",1,1,1,1,1.09844181481913e-05,1
"up",1.2,22,"PELT inflated",0.333333333333333,0.125,0.181818181818182,0,0.988776684142886,3
"up",1.2,22,"PELT AR1 approximate",0.5,0.25,0.333333333333333,0,0.723915812213426,4
"up",1.2,22,"SVP AR1Focus",1,0.25,0.4,0,1.83472635229248,2
"up",1.2,22,"SVP AR1Focus TRUE/TRUE",1,0.25,0.4,0,1.83472635229248,2
"updown",1.2,22,"PELT inflated",1,0.125,0.222222222222222,0,0.390717367010562,1
"updown",1.2,22,"PELT AR1 approximate",1,0.125,0.222222222222222,0,0.390717367010562,1
"updown",1.2,22,"SVP AR1Focus",1,0.125,0.222222222222222,0,0.390717367010562,1
"updown",1.2,22,"SVP AR1Focus TRUE/TRUE",1,0.125,0.222222222222222,0,0.390717367010562,1
"rand1",1.2,22,"PELT inflated",1,0.125,0.222222222222222,0,0.567232540038875,1
"rand1",1.2,22,"PELT AR1 approximate",1,0.25,0.4,0,0.343034199863216,2
"rand1",1.2,22,"SVP AR1Focus",1,0.125,0.222222222222222,0,0.567232540038875,1
"rand1",1.2,22,"SVP AR1Focus TRUE/TRUE",1,0.125,0.222222222222222,0,0.567232540038875,1
"none",1.4,22,"PELT inflated",1,1,1,1,0.000918744589846096,1
"none",1.4,22,"PELT AR1 approximate",1,1,1,1,0.000918744589846096,1
"none",1.4,22,"SVP AR1Focus",1,1,1,1,0.000918744589846096,1
"none",1.4,22,"SVP AR1Focus TRUE/TRUE",1,1,1,1,0.000918744589846096,1
"up",1.4,22,"PELT inflated",0.25,0.125,0.166666666666667,0,1.08979762169553,4
"up",1.4,22,"PELT AR1 approximate",0.6,0.375,0.461538461538462,0,0.631262262273582,5
"up",1.4,22,"SVP AR1Focus",0.333333333333333,0.125,0.181818181818182,0,1.33809437002193,3
"up",1.4,22,"SVP AR1Focus TRUE/TRUE",0.333333333333333,0.125,0.181818181818182,0,1.33809437002193,3
"updown",1.4,22,"PELT inflated",1,0.125,0.222222222222222,0,0.557162358097917,1
"updown",1.4,22,"PELT AR1 approximate",1,0.125,0.222222222222222,0,0.557162358097917,1
"updown",1.4,22,"SVP AR1Focus",1,0.125,0.222222222222222,0,0.557162358097917,1
"updown",1.4,22,"SVP AR1Focus TRUE/TRUE",1,0.125,0.222222222222222,0,0.557162358097917,1
"rand1",1.4,22,"PELT inflated",0.666666666666667,0.25,0.363636363636364,0,0.306270174378664,3
"rand1",1.4,22,"PELT AR1 approximate",0.666666666666667,0.25,0.363636363636364,0,0.276921467362969,3
"rand1",1.4,22,"SVP AR1Focus",1,0.25,0.4,0,0.486356927755005,2
"rand1",1.4,22,"SVP AR1Focus TRUE/TRUE",1,0.25,0.4,0,0.486356927755005,2
"none",1.6,22,"PELT inflated",1,1,1,1,0.0318840349362198,1
"none",1.6,22,"PELT AR1 approximate",1,1,1,1,0.0318840349362198,1
"none",1.6,22,"SVP AR1Focus",1,1,1,1,0.0318840349362198,1
"none",1.6,22,"SVP AR1Focus TRUE/TRUE",1,1,1,1,0.0318840349362198,1
"up",1.6,22,"PELT inflated",0.5,0.25,0.333333333333333,0,0.845236420705556,4
"up",1.6,22,"PELT AR1 approximate",0.6,0.375,0.461538461538462,0,0.593642978834758,5
"up",1.6,22,"SVP AR1Focus",0.333333333333333,0.125,0.181818181818182,0,1.56145628668149,3
"up",1.6,22,"SVP AR1Focus TRUE/TRUE",0.333333333333333,0.125,0.181818181818182,0,1.56145628668149,3
"updown",1.6,22,"PELT inflated",1,0.125,0.222222222222222,0,0.648130811422816,1
"updown",1.6,22,"PELT AR1 approximate",1,0.125,0.222222222222222,0,0.648130811422816,1
"updown",1.6,22,"SVP AR1Focus",1,0.125,0.222222222222222,0,0.648130811422816,1
"updown",1.6,22,"SVP AR1Focus TRUE/TRUE",1,0.125,0.222222222222222,0,0.648130811422816,1
"rand1",1.6,22,"PELT inflated",1,0.25,0.4,0,0.629850516377989,2
"rand1",1.6,22,"PELT AR1 approximate",1,0.375,0.545454545454545,0,0.261512637898833,3
"rand1",1.6,22,"SVP AR1Focus",1,0.25,0.4,0,0.629850516377989,2
"rand1",1.6,22,"SVP AR1Focus TRUE/TRUE",1,0.25,0.4,0,0.629850516377989,2
"none",1.8,22,"PELT inflated",1,1,1,1,0.00377003924206605,1
"none",1.8,22,"PELT AR1 approximate",1,1,1,1,0.00377003924206605,1
"none",1.8,22,"SVP AR1Focus",1,1,1,1,0.00377003924206605,1
"none",1.8,22,"SVP AR1Focus TRUE/TRUE",1,1,1,1,0.00377003924206605,1
"up",1.8,22,"PELT inflated",1,0.625,0.769230769230769,0,0.84573919840942,5
"up",1.8,22,"PELT AR1 approximate",1,0.75,0.857142857142857,0,0.625669944672737,6
"up",1.8,22,"SVP AR1Focus",0.666666666666667,0.25,0.363636363636364,0,2.27882368849398,3
"up",1.8,22,"SVP AR1Focus TRUE/TRUE",0.666666666666667,0.25,0.363636363636364,0,2.27882368849398,3
"updown",1.8,22,"PELT inflated",1,0.125,0.222222222222222,0,0.810767638459463,1
"updown",1.8,22,"PELT AR1 approximate",1,0.25,0.4,0,0.695431566155209,2
"updown",1.8,22,"SVP AR1Focus",1,0.125,0.222222222222222,0,0.810767638459463,1
"updown",1.8,22,"SVP AR1Focus TRUE/TRUE",1,0.125,0.222222222222222,0,0.810767638459463,1
"rand1",1.8,22,"PELT inflated",1,0.375,0.545454545454545,0,0.328662793010353,3
"rand1",1.8,22,"PELT AR1 approximate",1,0.375,0.545454545454545,0,0.328662793010353,3
"rand1",1.8,22,"SVP AR1Focus",1,0.25,0.4,0,0.787230065476484,2
"rand1",1.8,22,"SVP AR1Focus TRUE/TRUE",1,0.25,0.4,0,0.787230065476484,2
"none",2,22,"PELT inflated",1,1,1,1,3.33006612463859e-05,1
"none",2,22,"PELT AR1 approximate",1,1,1,1,3.33006612463859e-05,1
"none",2,22,"SVP AR1Focus",1,1,1,1,3.33006612463859e-05,1
"none",2,22,"SVP AR1Focus TRUE/TRUE",1,1,1,1,3.33006612463859e-05,1
"up",2,22,"PELT inflated",1,0.75,0.857142857142857,0,0.597126019581974,6
"up",2,22,"PELT AR1 approximate",0.666666666666667,0.5,0.571428571428572,0,0.614713871020379,6
"up",2,22,"SVP AR1Focus",1,0.5,0.666666666666667,0,1.59709067820201,4
"up",2,22,"SVP AR1Focus TRUE/TRUE",1,0.5,0.666666666666667,0,1.59709067820201,4
"updown",2,22,"PELT inflated",1,0.5,0.666666666666667,0,0.872678671802358,4
"updown",2,22,"PELT AR1 approximate",1,0.5,0.666666666666667,0,0.857751660204136,4
"updown",2,22,"SVP AR1Focus",1,0.125,0.222222222222222,0,1.03860408501224,1
"updown",2,22,"SVP AR1Focus TRUE/TRUE",1,0.125,0.222222222222222,0,1.03860408501224,1
"rand1",2,22,"PELT inflated",1,0.375,0.545454545454545,0,0.415769429952002,3
"rand1",2,22,"PELT AR1 approximate",1,0.5,0.666666666666667,0,0.316530505310355,4
"rand1",2,22,"SVP AR1Focus",1,0.25,0.4,0,0.941522068441092,2
"rand1",2,22,"SVP AR1Focus TRUE/TRUE",1,0.25,0.4,0,0.941522068441092,2
"none",2.2,22,"PELT inflated",1,1,1,1,0.000655313424731366,1
"none",2.2,22,"PELT AR1 approximate",1,1,1,1,0.000655313424731366,1
"none",2.2,22,"SVP AR1Focus",1,1,1,1,0.000655313424731366,1
"none",2.2,22,"SVP AR1Focus TRUE/TRUE",1,1,1,1,0.000655313424731366,1
"up",2.2,22,"PELT inflated",0.333333333333333,0.25,0.285714285714286,0,1.24846707710641,6
"up",2.2,22,"PELT AR1 approximate",0.857142857142857,0.75,0.8,0,0.410578959283783,7
"up",2.2,22,"SVP AR1Focus",0.5,0.25,0.333333333333333,0,2.1170284182554,4
"up",2.2,22,"SVP AR1Focus TRUE/TRUE",0.5,0.25,0.333333333333333,0,2.1170284182554,4
"updown",2.2,22,"PELT inflated",0.75,0.375,0.5,0,0.930938702005733,4
"updown",2.2,22,"PELT AR1 approximate",0.875,0.875,0.875,1,0.215533850966092,8
"updown",2.2,22,"SVP AR1Focus",1,0.25,0.4,0,1.04457404612924,2
"updown",2.2,22,"SVP AR1Focus TRUE/TRUE",0.666666666666667,0.25,0.363636363636364,0,1.04779034820324,3
"rand1",2.2,22,"PELT inflated",1,0.375,0.545454545454545,0,0.512848084144389,3
"rand1",2.2,22,"PELT AR1 approximate",1,0.625,0.769230769230769,0,0.126454403381899,5
"rand1",2.2,22,"SVP AR1Focus",1,0.375,0.545454545454545,0,0.512848084144389,3
"rand1",2.2,22,"SVP AR1Focus TRUE/TRUE",1,0.375,0.545454545454545,0,0.512848084144389,3
"none",2.4,22,"PELT inflated",1,1,1,1,0.000201006855306241,1
"none",2.4,22,"PELT AR1 approximate",1,1,1,1,0.000201006855306241,1
"none",2.4,22,"SVP AR1Focus",1,1,1,1,0.000201006855306241,1
"none",2.4,22,"SVP AR1Focus TRUE/TRUE",1,1,1,1,0.000201006855306241,1
"up",2.4,22,"PELT inflated",0.8,0.5,0.615384615384615,0,1.25606371700317,5
"up",2.4,22,"PELT AR1 approximate",1,1,1,1,0.0863760478523554,8
"up",2.4,22,"SVP AR1Focus",0.75,0.375,0.5,0,1.77993034642478,4
"up",2.4,22,"SVP AR1Focus TRUE/TRUE",0.75,0.375,0.5,0,1.77993034642478,4
"updown",2.4,22,"PELT inflated",1,0.25,0.4,0,1.25026186487932,2
"updown",2.4,22,"PELT AR1 approximate",1,1,1,1,0.0231852664507982,8
"updown",2.4,22,"SVP AR1Focus",1,0.125,0.222222222222222,0,1.4401213080636,1
"updown",2.4,22,"SVP AR1Focus TRUE/TRUE",1,0.125,0.222222222222222,0,1.4401213080636,1
"rand1",2.4,22,"PELT inflated",1,0.625,0.769230769230769,0,0.142337890532626,5
"rand1",2.4,22,"PELT AR1 approximate",1,0.625,0.769230769230769,0,0.142337890532626,5
"rand1",2.4,22,"SVP AR1Focus",1,0.5,0.666666666666667,0,0.521287620895581,4
"rand1",2.4,22,"SVP AR1Focus TRUE/TRUE",1,0.5,0.666666666666667,0,0.521287620895581,4
"none",2.6,22,"PELT inflated",1,1,1,1,0.132798810075075,1
"none",2.6,22,"PELT AR1 approximate",1,1,1,1,0.132798810075075,1
"none",2.6,22,"SVP AR1Focus",1,1,1,1,0.132798810075075,1
"none",2.6,22,"SVP AR1Focus TRUE/TRUE",1,1,1,1,0.132798810075075,1
"up",2.6,22,"PELT inflated",1,0.75,0.857142857142857,0,0.8990102389281,6
"up",2.6,22,"PELT AR1 approximate",1,1,1,1,0.0863808995537529,8
"up",2.6,22,"SVP AR1Focus",1,0.625,0.769230769230769,0,1.32064721309807,5
"up",2.6,22,"SVP AR1Focus TRUE/TRUE",0.8,0.5,0.615384615384615,0,1.36025909560086,5
"updown",2.6,22,"PELT inflated",1,0.125,0.222222222222222,0,1.692893425054,1
"updown",2.6,22,"PELT AR1 approximate",1,1,1,1,0.0892301351359762,8
"updown",2.6,22,"SVP AR1Focus",1,0.125,0.222222222222222,0,1.692893425054,1
"updown",2.6,22,"SVP AR1Focus TRUE/TRUE",1,0.125,0.222222222222222,0,1.692893425054,1
"rand1",2.6,22,"PELT inflated",1,0.625,0.769230769230769,0,0.0874075027740631,5
"rand1",2.6,22,"PELT AR1 approximate",1,0.625,0.769230769230769,0,0.0874075027740631,5
"rand1",2.6,22,"SVP AR1Focus",1,0.625,0.769230769230769,0,0.0874075027740631,5
"rand1",2.6,22,"SVP AR1Focus TRUE/TRUE",1,0.625,0.769230769230769,0,0.0874075027740631,5
"none",2.8,22,"PELT inflated",1,1,1,1,0.077519367381695,1
"none",2.8,22,"PELT AR1 approximate",1,1,1,1,0.077519367381695,1
"none",2.8,22,"SVP AR1Focus",1,1,1,1,0.077519367381695,1
"none",2.8,22,"SVP AR1Focus TRUE/TRUE",1,1,1,1,0.077519367381695,1
"up",2.8,22,"PELT inflated",1,0.875,0.933333333333333,0,0.584460623544281,7
"up",2.8,22,"PELT AR1 approximate",1,1,1,1,0.0626068832131773,8
"up",2.8,22,"SVP AR1Focus",0.8,0.5,0.615384615384615,0,1.66760388781803,5
"up",2.8,22,"SVP AR1Focus TRUE/TRUE",0.8,0.5,0.615384615384615,0,1.66760388781803,5
"updown",2.8,22,"PELT inflated",1,0.125,0.222222222222222,0,2.04179641347459,1
"updown",2.8,22,"PELT AR1 approximate",1,1,1,1,0.222381687443985,8
"updown",2.8,22,"SVP AR1Focus",1,0.125,0.222222222222222,0,2.04179641347459,1
"updown",2.8,22,"SVP AR1Focus TRUE/TRUE",1,0.125,0.222222222222222,0,2.04179641347459,1
"rand1",2.8,22,"PELT inflated",1,0.625,0.769230769230769,0,0.179666723950699,5
"rand1",2.8,22,"PELT AR1 approximate",1,0.625,0.769230769230769,0,0.179666723950699,5
"rand1",2.8,22,"SVP AR1Focus",1,0.625,0.769230769230769,0,0.179666723950699,5
"rand1",2.8,22,"SVP AR1Focus TRUE/TRUE",1,0.625,0.769230769230769,0,0.179666723950699,5
"none",3,22,"PELT inflated",1,1,1,1,0.0481635595476985,1
"none",3,22,"PELT AR1 approximate",1,1,1,1,0.0481635595476985,1
"none",3,22,"SVP AR1Focus",1,1,1,1,0.0481635595476985,1
"none",3,22,"SVP AR1Focus TRUE/TRUE",1,1,1,1,0.0481635595476985,1
"up",3,22,"PELT inflated",1,1,1,1,0.0390028326591626,8
"up",3,22,"PELT AR1 approximate",1,1,1,1,0.0390028326591626,8
"up",3,22,"SVP AR1Focus",0.6,0.375,0.461538461538462,0,2.0832625169177,5
"up",3,22,"SVP AR1Focus TRUE/TRUE",0.6,0.375,0.461538461538462,0,2.0832625169177,5
"updown",3,22,"PELT inflated",1,1,1,1,0.178231783180681,8
"updown",3,22,"PELT AR1 approximate",0.888888888888889,1,0.941176470588235,0,0.229834580035469,9
"updown",3,22,"SVP AR1Focus",0.666666666666667,0.25,0.363636363636364,0,2.04575152503273,3
"updown",3,22,"SVP AR1Focus TRUE/TRUE",0.2,0.125,0.153846153846154,0,2.14385519624645,5
"rand1",3,22,"PELT inflated",1,0.625,0.769230769230769,0,0.178988974407098,5
"rand1",3,22,"PELT AR1 approximate",1,0.625,0.769230769230769,0,0.153272680739391,5
"rand1",3,22,"SVP AR1Focus",1,0.625,0.769230769230769,0,0.178988974407098,5
"rand1",3,22,"SVP AR1Focus TRUE/TRUE",1,0.625,0.769230769230769,0,0.178988974407098,5
"none",1,23,"PELT inflated",1,1,1,1,0.000778410793844845,1
"none",1,23,"PELT AR1 approximate",1,1,1,1,0.000778410793844845,1
"none",1,23,"SVP AR1Focus",1,1,1,1,0.000778410793844845,1
"none",1,23,"SVP AR1Focus TRUE/TRUE",1,1,1,1,0.000778410793844845,1
"up",1,23,"PELT inflated",0.666666666666667,0.25,0.363636363636364,0,0.706243060089948,3
"up",1,23,"PELT AR1 approximate",1,0.375,0.545454545454545,0,0.574870440500295,3
"up",1,23,"SVP AR1Focus",0.5,0.125,0.2,0,1.47673738180205,2
"up",1,23,"SVP AR1Focus TRUE/TRUE",0.5,0.125,0.2,0,1.47673738180205,2
"updown",1,23,"PELT inflated",1,0.125,0.222222222222222,0,0.258472656280062,1
"updown",1,23,"PELT AR1 approximate",1,0.125,0.222222222222222,0,0.258472656280062,1
"updown",1,23,"SVP AR1Focus",1,0.125,0.222222222222222,0,0.258472656280062,1
"updown",1,23,"SVP AR1Focus TRUE/TRUE",1,0.125,0.222222222222222,0,0.258472656280062,1
"rand1",1,23,"PELT inflated",1,0.125,0.222222222222222,0,0.392919721323228,1
"rand1",1,23,"PELT AR1 approximate",1,0.5,0.666666666666667,0,0.316713736451964,4
"rand1",1,23,"SVP AR1Focus",1,0.125,0.222222222222222,0,0.392919721323228,1
"rand1",1,23,"SVP AR1Focus TRUE/TRUE",1,0.125,0.222222222222222,0,0.392919721323228,1
"none",1.2,23,"PELT inflated",1,1,1,1,0.0117249640428903,1
"none",1.2,23,"PELT AR1 approximate",1,1,1,1,0.0117249640428903,1
"none",1.2,23,"SVP AR1Focus",1,1,1,1,0.0117249640428903,1
"none",1.2,23,"SVP AR1Focus TRUE/TRUE",1,1,1,1,0.0117249640428903,1
"up",1.2,23,"PELT inflated",0.5,0.25,0.333333333333333,0,0.65836797795251,4
"up",1.2,23,"PELT AR1 approximate",0.6,0.375,0.461538461538462,0,0.427221735821938,5
"up",1.2,23,"SVP AR1Focus",0.5,0.125,0.2,0,1.89292766357182,2
"up",1.2,23,"SVP AR1Focus TRUE/TRUE",0.5,0.125,0.2,0,1.89292766357182,2
"updown",1.2,23,"PELT inflated",1,0.125,0.222222222222222,0,0.368744282528786,1
"updown",1.2,23,"PELT AR1 approximate",1,0.125,0.222222222222222,0,0.368744282528786,1
"updown",1.2,23,"SVP AR1Focus",1,0.125,0.222222222222222,0,0.368744282528786,1
"updown",1.2,23,"SVP AR1Focus TRUE/TRUE",1,0.125,0.222222222222222,0,0.368744282528786,1
"rand1",1.2,23,"PELT inflated",1,0.125,0.222222222222222,0,0.566295651248747,1
"rand1",1.2,23,"PELT AR1 approximate",1,0.25,0.4,0,0.338288085220039,2
"rand1",1.2,23,"SVP AR1Focus",1,0.125,0.222222222222222,0,0.566295651248747,1
"rand1",1.2,23,"SVP AR1Focus TRUE/TRUE",1,0.125,0.222222222222222,0,0.566295651248747,1
"none",1.4,23,"PELT inflated",1,1,1,1,0.0293979294316052,1
"none",1.4,23,"PELT AR1 approximate",1,1,1,1,0.0293979294316052,1
"none",1.4,23,"SVP AR1Focus",1,1,1,1,0.0293979294316052,1
"none",1.4,23,"SVP AR1Focus TRUE/TRUE",1,1,1,1,0.0293979294316052,1
"up",1.4,23,"PELT inflated",0.75,0.375,0.5,0,1.0369932046684,4
"up",1.4,23,"PELT AR1 approximate",0.75,0.375,0.5,0,1.0369932046684,4
"up",1.4,23,"SVP AR1Focus",0.666666666666667,0.25,0.363636363636364,0,1.6218398668893,3
"up",1.4,23,"SVP AR1Focus TRUE/TRUE",0.666666666666667,0.25,0.363636363636364,0,1.6218398668893,3
"updown",1.4,23,"PELT inflated",1,0.125,0.222222222222222,0,0.549681836528888,1
"updown",1.4,23,"PELT AR1 approximate",1,0.25,0.4,0,0.495010535301478,2
"updown",1.4,23,"SVP AR1Focus",1,0.125,0.222222222222222,0,0.549681836528888,1
"updown",1.4,23,"SVP AR1Focus TRUE/TRUE",1,0.125,0.222222222222222,0,0.549681836528888,1
"rand1",1.4,23,"PELT inflated",1,0.25,0.4,0,0.521228089956015,2
"rand1",1.4,23,"PELT AR1 approximate",1,0.375,0.545454545454545,0,0.203442428646829,3
"rand1",1.4,23,"SVP AR1Focus",1,0.125,0.222222222222222,0,0.7856350496612,1
"rand1",1.4,23,"SVP AR1Focus TRUE/TRUE",1,0.125,0.222222222222222,0,0.7856350496612,1
"none",1.6,23,"PELT inflated",1,1,1,1,0.0020718900120368,1
"none",1.6,23,"PELT AR1 approximate",1,1,1,1,0.0020718900120368,1
"none",1.6,23,"SVP AR1Focus",1,1,1,1,0.0020718900120368,1
"none",1.6,23,"SVP AR1Focus TRUE/TRUE",1,1,1,1,0.0020718900120368,1
"up",1.6,23,"PELT inflated",0.25,0.125,0.166666666666667,0,0.985254908607175,4
"up",1.6,23,"PELT AR1 approximate",0.833333333333333,0.625,0.714285714285714,0,0.567607685384729,6
"up",1.6,23,"SVP AR1Focus",0.666666666666667,0.25,0.363636363636364,0,1.5907731978203,3
"up",1.6,23,"SVP AR1Focus TRUE/TRUE",0.333333333333333,0.125,0.181818181818182,0,1.72821377078457,3
"updown",1.6,23,"PELT inflated",1,0.125,0.222222222222222,0,0.701222577825254,1
"updown",1.6,23,"PELT AR1 approximate",1,0.125,0.222222222222222,0,0.701222577825254,1
"updown",1.6,23,"SVP AR1Focus",1,0.125,0.222222222222222,0,0.701222577825254,1
"updown",1.6,23,"SVP AR1Focus TRUE/TRUE",1,0.125,0.222222222222222,0,0.701222577825254,1
"rand1",1.6,23,"PELT inflated",0.5,0.125,0.2,0,0.740922643913359,2
"rand1",1.6,23,"PELT AR1 approximate",1,0.625,0.769230769230769,0,0.054371633115405,5
"rand1",1.6,23,"SVP AR1Focus",0.5,0.125,0.2,0,0.740922643913359,2
"rand1",1.6,23,"SVP AR1Focus TRUE/TRUE",0.5,0.125,0.2,0,0.740922643913359,2
"none",1.8,23,"PELT inflated",1,1,1,1,0.0340042811069144,1
"none",1.8,23,"PELT AR1 approximate",1,1,1,1,0.0340042811069144,1
"none",1.8,23,"SVP AR1Focus",1,1,1,1,0.0340042811069144,1
"none",1.8,23,"SVP AR1Focus TRUE/TRUE",1,1,1,1,0.0340042811069144,1
"up",1.8,23,"PELT inflated",0.8,0.5,0.615384615384615,0,0.701483490487244,5
"up",1.8,23,"PELT AR1 approximate",1,0.625,0.769230769230769,0,0.669868197793275,5
"up",1.8,23,"SVP AR1Focus",1,0.5,0.666666666666667,0,0.898189097752764,4
"up",1.8,23,"SVP AR1Focus TRUE/TRUE",1,0.5,0.666666666666667,0,0.898189097752764,4
"updown",1.8,23,"PELT inflated",1,0.125,0.222222222222222,0,0.81546976082195,1
"updown",1.8,23,"PELT AR1 approximate",1,0.25,0.4,0,0.709938161656614,2
"updown",1.8,23,"SVP AR1Focus",1,0.125,0.222222222222222,0,0.81546976082195,1
"updown",1.8,23,"SVP AR1Focus TRUE/TRUE",1,0.125,0.222222222222222,0,0.81546976082195,1
"rand1",1.8,23,"PELT inflated",1,0.25,0.4,0,0.759886429803444,2
"rand1",1.8,23,"PELT AR1 approximate",1,0.625,0.769230769230769,0,0.183858467570166,5
"rand1",1.8,23,"SVP AR1Focus",1,0.25,0.4,0,0.759886429803444,2
"rand1",1.8,23,"SVP AR1Focus TRUE/TRUE",1,0.25,0.4,0,0.759886429803444,2
"none",2,23,"PELT inflated",1,1,1,1,0.0395317201315101,1
"none",2,23,"PELT AR1 approximate",1,1,1,1,0.0395317201315101,1
"none",2,23,"SVP AR1Focus",1,1,1,1,0.0395317201315101,1
"none",2,23,"SVP AR1Focus TRUE/TRUE",1,1,1,1,0.0395317201315101,1
"up",2,23,"PELT inflated",0.25,0.125,0.166666666666667,0,1.39965412733769,4
"up",2,23,"PELT AR1 approximate",0.75,0.75,0.75,1,0.185443208641416,8
"up",2,23,"SVP AR1Focus",0.25,0.125,0.166666666666667,0,1.39965412733769,4
"up",2,23,"SVP AR1Focus TRUE/TRUE",0.25,0.125,0.166666666666667,0,1.39965412733769,4
"updown",2,23,"PELT inflated",1,0.25,0.4,0,0.947067745542485,2
"updown",2,23,"PELT AR1 approximate",0.8,0.5,0.615384615384615,0,0.67167278602142,5
"updown",2,23,"SVP AR1Focus",1,0.125,0.222222222222222,0,1.04592300605057,1
"updown",2,23,"SVP AR1Focus TRUE/TRUE",1,0.125,0.222222222222222,0,1.04592300605057,1
"rand1",2,23,"PELT inflated",1,0.375,0.545454545454545,0,0.477371832993045,3
"rand1",2,23,"PELT AR1 approximate",1,0.625,0.769230769230769,0,0.140926257763389,5
"rand1",2,23,"SVP AR1Focus",0.75,0.375,0.5,0,0.447705417077319,4
"rand1",2,23,"SVP AR1Focus TRUE/TRUE",0.75,0.375,0.5,0,0.447705417077319,4
"none",2.2,23,"PELT inflated",1,1,1,1,0.00269282772395764,1
"none",2.2,23,"PELT AR1 approximate",1,1,1,1,0.00269282772395764,1
"none",2.2,23,"SVP AR1Focus",1,1,1,1,0.00269282772395764,1
"none",2.2,23,"SVP AR1Focus TRUE/TRUE",1,1,1,1,0.00269282772395764,1
"up",2.2,23,"PELT inflated",1,0.75,0.857142857142857,0,0.62673219697791,6
"up",2.2,23,"PELT AR1 approximate",1,0.875,0.933333333333333,0,0.331279792699324,7
"up",2.2,23,"SVP AR1Focus",0.5,0.25,0.333333333333333,0,1.67979698905228,4
"up",2.2,23,"SVP AR1Focus TRUE/TRUE",0.5,0.25,0.333333333333333,0,1.67979698905228,4
"updown",2.2,23,"PELT inflated",0.666666666666667,0.25,0.363636363636364,0,1.19770263296904,3
"updown",2.2,23,"PELT AR1 approximate",0.75,0.75,0.75,1,0.469939680239129,8
"updown",2.2,23,"SVP AR1Focus",1,0.125,0.222222222222222,0,1.28675971721721,1
"updown",2.2,23,"SVP AR1Focus TRUE/TRUE",1,0.125,0.222222222222222,0,1.28675971721721,1
"rand1",2.2,23,"PELT inflated",1,0.625,0.769230769230769,0,0.0720952509056672,5
"rand1",2.2,23,"PELT AR1 approximate",1,0.625,0.769230769230769,0,0.0720952509056672,5
"rand1",2.2,23,"SVP AR1Focus",1,0.5,0.666666666666667,0,0.378935291633175,4
"rand1",2.2,23,"SVP AR1Focus TRUE/TRUE",1,0.5,0.666666666666667,0,0.378935291633175,4
"none",2.4,23,"PELT inflated",1,1,1,1,0.000371233848227601,1
"none",2.4,23,"PELT AR1 approximate",1,1,1,1,0.000371233848227601,1
"none",2.4,23,"SVP AR1Focus",1,1,1,1,0.000371233848227601,1
"none",2.4,23,"SVP AR1Focus TRUE/TRUE",1,1,1,1,0.000371233848227601,1
"up",2.4,23,"PELT inflated",0.666666666666667,0.5,0.571428571428572,0,0.909303071575713,6
"up",2.4,23,"PELT AR1 approximate",0.875,0.875,0.875,1,0.147556180366404,8
"up",2.4,23,"SVP AR1Focus",0.5,0.25,0.333333333333333,0,1.78946896296651,4
"up",2.4,23,"SVP AR1Focus TRUE/TRUE",0.5,0.25,0.333333333333333,0,1.78946896296651,4
"updown",2.4,23,"PELT inflated",1,0.125,0.222222222222222,0,1.44357971892268,1
"updown",2.4,23,"PELT AR1 approximate",1,1,1,1,0.11491092797379,8
"updown",2.4,23,"SVP AR1Focus",1,0.125,0.222222222222222,0,1.44357971892268,1
"updown",2.4,23,"SVP AR1Focus TRUE/TRUE",1,0.125,0.222222222222222,0,1.44357971892268,1
"rand1",2.4,23,"PELT inflated",1,0.625,0.769230769230769,0,0.184305352872618,5
"rand1",2.4,23,"PELT AR1 approximate",1,0.625,0.769230769230769,0,0.184305352872618,5
"rand1",2.4,23,"SVP AR1Focus",1,0.625,0.769230769230769,0,0.184305352872618,5
"rand1",2.4,23,"SVP AR1Focus TRUE/TRUE",1,0.625,0.769230769230769,0,0.184305352872618,5
"none",2.6,23,"PELT inflated",1,1,1,1,0.00237555361042782,1
"none",2.6,23,"PELT AR1 approximate",1,1,1,1,0.00237555361042782,1
"none",2.6,23,"SVP AR1Focus",1,1,1,1,0.00237555361042782,1
"none",2.6,23,"SVP AR1Focus TRUE/TRUE",1,1,1,1,0.00237555361042782,1
"up",2.6,23,"PELT inflated",0.75,0.75,0.75,1,0.277198534444607,8
"up",2.6,23,"PELT AR1 approximate",1,1,1,1,0.0535265714887168,8
"up",2.6,23,"SVP AR1Focus",0.8,0.5,0.615384615384615,0,1.46681528446369,5
"up",2.6,23,"SVP AR1Focus TRUE/TRUE",0.8,0.5,0.615384615384615,0,1.46681528446369,5
"updown",2.6,23,"PELT inflated",0.833333333333333,0.625,0.714285714285714,0,0.824172771801413,6
"updown",2.6,23,"PELT AR1 approximate",1,1,1,1,0.141283308054393,8
"updown",2.6,23,"SVP AR1Focus",0.75,0.375,0.5,0,1.41520504651596,4
"updown",2.6,23,"SVP AR1Focus TRUE/TRUE",0.75,0.375,0.5,0,1.41520504651596,4
"rand1",2.6,23,"PELT inflated",1,0.625,0.769230769230769,0,0.122789385136711,5
"rand1",2.6,23,"PELT AR1 approximate",1,0.625,0.769230769230769,0,0.0794981441268359,5
"rand1",2.6,23,"SVP AR1Focus",1,0.625,0.769230769230769,0,0.122789385136711,5
"rand1",2.6,23,"SVP AR1Focus TRUE/TRUE",1,0.625,0.769230769230769,0,0.122789385136711,5
"none",2.8,23,"PELT inflated",1,1,1,1,2.52183975147681e-05,1
"none",2.8,23,"PELT AR1 approximate",1,1,1,1,2.52183975147681e-05,1
"none",2.8,23,"SVP AR1Focus",1,1,1,1,2.52183975147681e-05,1
"none",2.8,23,"SVP AR1Focus TRUE/TRUE",1,1,1,1,2.52183975147681e-05,1
"up",2.8,23,"PELT inflated",1,1,1,1,0.0818805966858515,8
"up",2.8,23,"PELT AR1 approximate",1,1,1,1,0.0671485552005079,8
"up",2.8,23,"SVP AR1Focus",0.833333333333333,0.625,0.714285714285714,0,1.11007107985245,6
"up",2.8,23,"SVP AR1Focus TRUE/TRUE",0.833333333333333,0.625,0.714285714285714,0,1.11007107985245,6
"updown",2.8,23,"PELT inflated",1,0.5,0.666666666666667,0,1.3946632163944,4
"updown",2.8,23,"PELT AR1 approximate",1,1,1,1,0.136969680915227,8
"updown",2.8,23,"SVP AR1Focus",1,0.25,0.4,0,1.9081114026762,2
"updown",2.8,23,"SVP AR1Focus TRUE/TRUE",1,0.25,0.4,0,1.9081114026762,2
"rand1",2.8,23,"PELT inflated",1,0.375,0.545454545454545,0,0.796482023414904,3
"rand1",2.8,23,"PELT AR1 approximate",1,0.625,0.769230769230769,0,0.145557111056644,5
"rand1",2.8,23,"SVP AR1Focus",1,0.625,0.769230769230769,0,0.145557111056644,5
"rand1",2.8,23,"SVP AR1Focus TRUE/TRUE",1,0.625,0.769230769230769,0,0.145557111056644,5
"none",3,23,"PELT inflated",1,1,1,1,0.012637033362202,1
"none",3,23,"PELT AR1 approximate",1,1,1,1,0.012637033362202,1
"none",3,23,"SVP AR1Focus",1,1,1,1,0.012637033362202,1
"none",3,23,"SVP AR1Focus TRUE/TRUE",1,1,1,1,0.012637033362202,1
"up",3,23,"PELT inflated",1,1,1,1,0.0990110773236653,8
"up",3,23,"PELT AR1 approximate",1,1,1,1,0.084204258708254,8
"up",3,23,"SVP AR1Focus",1,0.625,0.769230769230769,0,1.75703422051651,5
"up",3,23,"SVP AR1Focus TRUE/TRUE",0.8,0.5,0.615384615384615,0,1.859426541082,5
"updown",3,23,"PELT inflated",1,1,1,1,0.110984383495987,8
"updown",3,23,"PELT AR1 approximate",1,1,1,1,0.0611173246793158,8
"updown",3,23,"SVP AR1Focus",0.833333333333333,0.625,0.714285714285714,0,1.00505991394869,6
"updown",3,23,"SVP AR1Focus TRUE/TRUE",0.857142857142857,0.75,0.8,0,0.810679452068179,7
"rand1",3,23,"PELT inflated",1,0.625,0.769230769230769,0,0.126230270782222,5
"rand1",3,23,"PELT AR1 approximate",1,0.625,0.769230769230769,0,0.126230270782222,5
"rand1",3,23,"SVP AR1Focus",1,0.625,0.769230769230769,0,0.126230270782222,5
"rand1",3,23,"SVP AR1Focus TRUE/TRUE",1,0.625,0.769230769230769,0,0.126230270782222,5
"none",1,24,"PELT inflated",1,1,1,1,0.00869745894461871,1
"none",1,24,"PELT AR1 approximate",1,1,1,1,0.00869745894461871,1
"none",1,24,"SVP AR1Focus",1,1,1,1,0.00869745894461871,1
"none",1,24,"SVP AR1Focus TRUE/TRUE",1,1,1,1,0.00869745894461871,1
"up",1,24,"PELT inflated",0.666666666666667,0.25,0.363636363636364,0,0.652009810861205,3
"up",1,24,"PELT AR1 approximate",0.75,0.375,0.5,0,0.335288686848364,4
"up",1,24,"SVP AR1Focus",1,0.25,0.4,0,1.25539598647635,2
"up",1,24,"SVP AR1Focus TRUE/TRUE",1,0.25,0.4,0,1.25539598647635,2
"updown",1,24,"PELT inflated",1,0.125,0.222222222222222,0,0.266327264851992,1
"updown",1,24,"PELT AR1 approximate",1,0.125,0.222222222222222,0,0.266327264851992,1
"updown",1,24,"SVP AR1Focus",1,0.125,0.222222222222222,0,0.266327264851992,1
"updown",1,24,"SVP AR1Focus TRUE/TRUE",1,0.125,0.222222222222222,0,0.266327264851992,1
"rand1",1,24,"PELT inflated",1,0.125,0.222222222222222,0,0.417019525336938,1
"rand1",1,24,"PELT AR1 approximate",1,0.125,0.222222222222222,0,0.417019525336938,1
"rand1",1,24,"SVP AR1Focus",1,0.125,0.222222222222222,0,0.417019525336938,1
"rand1",1,24,"SVP AR1Focus TRUE/TRUE",1,0.125,0.222222222222222,0,0.417019525336938,1
"none",1.2,24,"PELT inflated",1,1,1,1,0.000142173139053829,1
"none",1.2,24,"PELT AR1 approximate",1,1,1,1,0.000142173139053829,1
"none",1.2,24,"SVP AR1Focus",1,1,1,1,0.000142173139053829,1
"none",1.2,24,"SVP AR1Focus TRUE/TRUE",1,1,1,1,0.000142173139053829,1
"up",1.2,24,"PELT inflated",0.5,0.25,0.333333333333333,0,0.631801552502416,4
"up",1.2,24,"PELT AR1 approximate",0.5,0.25,0.333333333333333,0,0.625812892160606,4
"up",1.2,24,"SVP AR1Focus",1,0.25,0.4,0,1.86786095168712,2
"up",1.2,24,"SVP AR1Focus TRUE/TRUE",1,0.25,0.4,0,1.86786095168712,2
"updown",1.2,24,"PELT inflated",1,0.125,0.222222222222222,0,0.361077727047425,1
"updown",1.2,24,"PELT AR1 approximate",1,0.125,0.222222222222222,0,0.361077727047425,1
"updown",1.2,24,"SVP AR1Focus",1,0.125,0.222222222222222,0,0.361077727047425,1
"updown",1.2,24,"SVP AR1Focus TRUE/TRUE",1,0.125,0.222222222222222,0,0.361077727047425,1
"rand1",1.2,24,"PELT inflated",1,0.125,0.222222222222222,0,0.573453520370183,1
"rand1",1.2,24,"PELT AR1 approximate",1,0.25,0.4,0,0.3827412775795,2
"rand1",1.2,24,"SVP AR1Focus",1,0.125,0.222222222222222,0,0.573453520370183,1
"rand1",1.2,24,"SVP AR1Focus TRUE/TRUE",1,0.125,0.222222222222222,0,0.573453520370183,1
"none",1.4,24,"PELT inflated",1,1,1,1,3.17888227083608e-06,1
"none",1.4,24,"PELT AR1 approximate",1,1,1,1,3.17888227083608e-06,1
"none",1.4,24,"SVP AR1Focus",1,1,1,1,3.17888227083608e-06,1
"none",1.4,24,"SVP AR1Focus TRUE/TRUE",1,1,1,1,3.17888227083608e-06,1
"up",1.4,24,"PELT inflated",0.6,0.375,0.461538461538462,0,0.545655590841006,5
"up",1.4,24,"PELT AR1 approximate",1,0.625,0.769230769230769,0,0.450025774990727,5
"up",1.4,24,"SVP AR1Focus",0.333333333333333,0.125,0.181818181818182,0,1.34854800210104,3
"up",1.4,24,"SVP AR1Focus TRUE/TRUE",0.333333333333333,0.125,0.181818181818182,0,1.34854800210104,3
"updown",1.4,24,"PELT inflated",1,0.125,0.222222222222222,0,0.516185163951401,1
"updown",1.4,24,"PELT AR1 approximate",1,0.125,0.222222222222222,0,0.516185163951401,1
"updown",1.4,24,"SVP AR1Focus",1,0.125,0.222222222222222,0,0.516185163951401,1
"updown",1.4,24,"SVP AR1Focus TRUE/TRUE",1,0.125,0.222222222222222,0,0.516185163951401,1
"rand1",1.4,24,"PELT inflated",1,0.125,0.222222222222222,0,0.798339837644389,1
"rand1",1.4,24,"PELT AR1 approximate",1,0.25,0.4,0,0.488407830776252,2
"rand1",1.4,24,"SVP AR1Focus",1,0.125,0.222222222222222,0,0.798339837644389,1
"rand1",1.4,24,"SVP AR1Focus TRUE/TRUE",1,0.125,0.222222222222222,0,0.798339837644389,1
"none",1.6,24,"PELT inflated",1,1,1,1,0.00894582040090451,1
"none",1.6,24,"PELT AR1 approximate",1,1,1,1,0.00894582040090451,1
"none",1.6,24,"SVP AR1Focus",1,1,1,1,0.00894582040090451,1
"none",1.6,24,"SVP AR1Focus TRUE/TRUE",1,1,1,1,0.00894582040090451,1
"up",1.6,24,"PELT inflated",0.5,0.25,0.333333333333333,0,0.952967965361971,4
"up",1.6,24,"PELT AR1 approximate",0.5,0.375,0.428571428571429,0,0.515580997868426,6
"up",1.6,24,"SVP AR1Focus",0.666666666666667,0.25,0.363636363636364,0,1.64706841123871,3
"up",1.6,24,"SVP AR1Focus TRUE/TRUE",0.666666666666667,0.25,0.363636363636364,0,1.64706841123871,3
"updown",1.6,24,"PELT inflated",1,0.125,0.222222222222222,0,0.666451691637844,1
"updown",1.6,24,"PELT AR1 approximate",1,0.25,0.4,0,0.687480030836514,2
"updown",1.6,24,"SVP AR1Focus",1,0.125,0.222222222222222,0,0.666451691637844,1
"updown",1.6,24,"SVP AR1Focus TRUE/TRUE",1,0.125,0.222222222222222,0,0.666451691637844,1
"rand1",1.6,24,"PELT inflated",1,0.375,0.545454545454545,0,0.27310678481643,3
"rand1",1.6,24,"PELT AR1 approximate",1,0.375,0.545454545454545,0,0.24383829995044,3
"rand1",1.6,24,"SVP AR1Focus",1,0.25,0.4,0,0.601237748643137,2
"rand1",1.6,24,"SVP AR1Focus TRUE/TRUE",1,0.25,0.4,0,0.601237748643137,2
"none",1.8,24,"PELT inflated",1,1,1,1,0.0523232070285049,1
"none",1.8,24,"PELT AR1 approximate",1,1,1,1,0.0523232070285049,1
"none",1.8,24,"SVP AR1Focus",1,1,1,1,0.0523232070285049,1
"none",1.8,24,"SVP AR1Focus TRUE/TRUE",1,1,1,1,0.0523232070285049,1
"up",1.8,24,"PELT inflated",0.6,0.375,0.461538461538462,0,0.942120417434382,5
"up",1.8,24,"PELT AR1 approximate",0.714285714285714,0.625,0.666666666666667,0,0.483812474110556,7
"up",1.8,24,"SVP AR1Focus",0.75,0.375,0.5,0,1.06891580669838,4
"up",1.8,24,"SVP AR1Focus TRUE/TRUE",0.75,0.375,0.5,0,1.06891580669838,4
"updown",1.8,24,"PELT inflated",1,0.125,0.222222222222222,0,0.810206596869875,1
"updown",1.8,24,"PELT AR1 approximate",1,0.375,0.545454545454545,0,0.70321523140409,3
"updown",1.8,24,"SVP AR1Focus",1,0.125,0.222222222222222,0,0.810206596869875,1
"updown",1.8,24,"SVP AR1Focus TRUE/TRUE",1,0.125,0.222222222222222,0,0.810206596869875,1
"rand1",1.8,24,"PELT inflated",0.666666666666667,0.25,0.363636363636364,0,0.647901044886248,3
"rand1",1.8,24,"PELT AR1 approximate",1,0.375,0.545454545454545,0,0.363916206972382,3
"rand1",1.8,24,"SVP AR1Focus",0.5,0.125,0.2,0,0.910014504581279,2
"rand1",1.8,24,"SVP AR1Focus TRUE/TRUE",0.5,0.125,0.2,0,0.910014504581279,2
"none",2,24,"PELT inflated",1,1,1,1,0.00328200647382815,1
"none",2,24,"PELT AR1 approximate",1,1,1,1,0.00328200647382815,1
"none",2,24,"SVP AR1Focus",1,1,1,1,0.00328200647382815,1
"none",2,24,"SVP AR1Focus TRUE/TRUE",1,1,1,1,0.00328200647382815,1
"up",2,24,"PELT inflated",1,0.5,0.666666666666667,0,1.04198282672303,4
"up",2,24,"PELT AR1 approximate",1,1,1,1,0.111196474111718,8
"up",2,24,"SVP AR1Focus",1,0.5,0.666666666666667,0,1.04198282672303,4
"up",2,24,"SVP AR1Focus TRUE/TRUE",1,0.5,0.666666666666667,0,1.04198282672303,4
"updown",2,24,"PELT inflated",1,0.125,0.222222222222222,0,1.00222116682214,1
"updown",2,24,"PELT AR1 approximate",1,0.25,0.4,0,0.870567939063866,2
"updown",2,24,"SVP AR1Focus",1,0.125,0.222222222222222,0,1.00222116682214,1
"updown",2,24,"SVP AR1Focus TRUE/TRUE",1,0.125,0.222222222222222,0,1.00222116682214,1
"rand1",2,24,"PELT inflated",1,0.375,0.545454545454545,0,0.44061375117784,3
"rand1",2,24,"PELT AR1 approximate",1,0.625,0.769230769230769,0,0.100767216898339,5
"rand1",2,24,"SVP AR1Focus",1,0.25,0.4,0,1.06747326955281,2
"rand1",2,24,"SVP AR1Focus TRUE/TRUE",0.5,0.125,0.2,0,1.41415092875804,2
"none",2.2,24,"PELT inflated",1,1,1,1,1.16547827298787e-06,1
"none",2.2,24,"PELT AR1 approximate",1,1,1,1,1.16547827298787e-06,1
"none",2.2,24,"SVP AR1Focus",1,1,1,1,1.16547827298787e-06,1
"none",2.2,24,"SVP AR1Focus TRUE/TRUE",1,1,1,1,1.16547827298787e-06,1
"up",2.2,24,"PELT inflated",0.8,0.5,0.615384615384615,0,1.09100126560744,5
"up",2.2,24,"PELT AR1 approximate",0.857142857142857,0.75,0.8,0,0.542989735322456,7
"up",2.2,24,"SVP AR1Focus",0.5,0.25,0.333333333333333,0,1.89387656323436,4
"up",2.2,24,"SVP AR1Focus TRUE/TRUE",0.5,0.25,0.333333333333333,0,1.89387656323436,4
"updown",2.2,24,"PELT inflated",1,0.125,0.222222222222222,0,1.21340133435346,1
"updown",2.2,24,"PELT AR1 approximate",0.833333333333333,0.625,0.714285714285714,0,0.564454939042966,6
"updown",2.2,24,"SVP AR1Focus",1,0.125,0.222222222222222,0,1.21340133435346,1
"updown",2.2,24,"SVP AR1Focus TRUE/TRUE",1,0.125,0.222222222222222,0,1.21340133435346,1
"rand1",2.2,24,"PELT inflated",1,0.375,0.545454545454545,0,0.613815542869258,3
"rand1",2.2,24,"PELT AR1 approximate",1,0.625,0.769230769230769,0,0.20388146344366,5
"rand1",2.2,24,"SVP AR1Focus",0.666666666666667,0.25,0.363636363636364,0,1.39710174883933,3
"rand1",2.2,24,"SVP AR1Focus TRUE/TRUE",1,0.5,0.666666666666667,0,0.543866339843407,4
"none",2.4,24,"PELT inflated",1,1,1,1,0.00688015955457767,1
"none",2.4,24,"PELT AR1 approximate",1,1,1,1,0.00688015955457767,1
"none",2.4,24,"SVP AR1Focus",1,1,1,1,0.00688015955457767,1
"none",2.4,24,"SVP AR1Focus TRUE/TRUE",1,1,1,1,0.00688015955457767,1
"up",2.4,24,"PELT inflated",1,0.875,0.933333333333333,0,0.394942689608634,7
"up",2.4,24,"PELT AR1 approximate",1,1,1,1,0.0423924296570447,8
"up",2.4,24,"SVP AR1Focus",1,0.625,0.769230769230769,0,1.11919559388222,5
"up",2.4,24,"SVP AR1Focus TRUE/TRUE",1,0.625,0.769230769230769,0,1.11919559388222,5
"updown",2.4,24,"PELT inflated",0.5,0.125,0.2,0,1.36892992916448,2
"updown",2.4,24,"PELT AR1 approximate",1,1,1,1,0.0983133801813208,8
"updown",2.4,24,"SVP AR1Focus",1,0.25,0.4,0,1.28592157398713,2
"updown",2.4,24,"SVP AR1Focus TRUE/TRUE",1,0.25,0.4,0,1.28592157398713,2
"rand1",2.4,24,"PELT inflated",1,0.375,0.545454545454545,0,0.611095837379487,3
"rand1",2.4,24,"PELT AR1 approximate",1,0.625,0.769230769230769,0,0.15317534738262,5
"rand1",2.4,24,"SVP AR1Focus",1,0.375,0.545454545454545,0,0.611095837379487,3
"rand1",2.4,24,"SVP AR1Focus TRUE/TRUE",1,0.375,0.545454545454545,0,0.611095837379487,3
"none",2.6,24,"PELT inflated",1,1,1,1,0.0867924576442138,1
"none",2.6,24,"PELT AR1 approximate",1,1,1,1,0.0867924576442138,1
"none",2.6,24,"SVP AR1Focus",1,1,1,1,0.0867924576442138,1
"none",2.6,24,"SVP AR1Focus TRUE/TRUE",1,1,1,1,0.0867924576442138,1
"up",2.6,24,"PELT inflated",0.875,0.875,0.875,1,0.174918368995257,8
"up",2.6,24,"PELT AR1 approximate",1,1,1,1,0.0815872465596728,8
"up",2.6,24,"SVP AR1Focus",1,0.75,0.857142857142857,0,0.941850995464597,6
"up",2.6,24,"SVP AR1Focus TRUE/TRUE",1,0.75,0.857142857142857,0,0.941850995464597,6
"updown",2.6,24,"PELT inflated",1,0.25,0.4,0,1.45655759444259,2
"updown",2.6,24,"PELT AR1 approximate",1,1,1,1,0.0701685148877795,8
"updown",2.6,24,"SVP AR1Focus",1,0.25,0.4,0,1.45291590814808,2
"updown",2.6,24,"SVP AR1Focus TRUE/TRUE",1,0.375,0.545454545454545,0,1.44582588402523,3
"rand1",2.6,24,"PELT inflated",1,0.625,0.769230769230769,0,0.106822623024162,5
"rand1",2.6,24,"PELT AR1 approximate",1,0.625,0.769230769230769,0,0.106822623024162,5
"rand1",2.6,24,"SVP AR1Focus",0.75,0.375,0.5,0,0.607709121251327,4
"rand1",2.6,24,"SVP AR1Focus TRUE/TRUE",1,0.5,0.666666666666667,0,0.55268035512552,4
"none",2.8,24,"PELT inflated",1,1,1,1,0.0147246828010089,1
"none",2.8,24,"PELT AR1 approximate",1,1,1,1,0.0147246828010089,1
"none",2.8,24,"SVP AR1Focus",1,1,1,1,0.0147246828010089,1
"none",2.8,24,"SVP AR1Focus TRUE/TRUE",1,1,1,1,0.0147246828010089,1
"up",2.8,24,"PELT inflated",0.714285714285714,0.625,0.666666666666667,0,0.926897876463816,7
"up",2.8,24,"PELT AR1 approximate",1,1,1,1,0.15116308129853,8
"up",2.8,24,"SVP AR1Focus",0.8,0.5,0.615384615384615,0,1.84954955094327,5
"up",2.8,24,"SVP AR1Focus TRUE/TRUE",0.8,0.5,0.615384615384615,0,1.84954955094327,5
"updown",2.8,24,"PELT inflated",1,0.25,0.4,0,1.69677010327859,2
"updown",2.8,24,"PELT AR1 approximate",1,1,1,1,0.126622091697028,8
"updown",2.8,24,"SVP AR1Focus",1,0.25,0.4,0,1.69677010327859,2
"updown",2.8,24,"SVP AR1Focus TRUE/TRUE",0.333333333333333,0.125,0.181818181818182,0,1.90621861607807,3
"rand1",2.8,24,"PELT inflated",1,0.625,0.769230769230769,0,0.155399835127665,5
"rand1",2.8,24,"PELT AR1 approximate",1,0.625,0.769230769230769,0,0.155399835127665,5
"rand1",2.8,24,"SVP AR1Focus",0.75,0.375,0.5,0,0.731256491992828,4
"rand1",2.8,24,"SVP AR1Focus TRUE/TRUE",0.75,0.375,0.5,0,0.796761964932605,4
"none",3,24,"PELT inflated",1,1,1,1,2.62845172113039e-05,1
"none",3,24,"PELT AR1 approximate",1,1,1,1,2.62845172113039e-05,1
"none",3,24,"SVP AR1Focus",1,1,1,1,2.62845172113039e-05,1
"none",3,24,"SVP AR1Focus TRUE/TRUE",1,1,1,1,2.62845172113039e-05,1
"up",3,24,"PELT inflated",1,0.875,0.933333333333333,0,0.708009196767498,7
"up",3,24,"PELT AR1 approximate",1,1,1,1,0.221489167227899,8
"up",3,24,"SVP AR1Focus",1,0.875,0.933333333333333,0,0.708009196767498,7
"up",3,24,"SVP AR1Focus TRUE/TRUE",1,0.875,0.933333333333333,0,0.708009196767498,7
"updown",3,24,"PELT inflated",1,1,1,1,0.112837155048306,8
"updown",3,24,"PELT AR1 approximate",1,1,1,1,0.112837155048306,8
"updown",3,24,"SVP AR1Focus",0.25,0.125,0.166666666666667,0,1.79869946807663,4
"updown",3,24,"SVP AR1Focus TRUE/TRUE",0.666666666666667,0.5,0.571428571428572,0,1.65691537715976,6
"rand1",3,24,"PELT inflated",1,0.5,0.666666666666667,0,0.899290228847785,4
"rand1",3,24,"PELT AR1 approximate",1,0.625,0.769230769230769,0,0.399109450417596,5
"rand1",3,24,"SVP AR1Focus",1,0.5,0.666666666666667,0,0.899290228847785,4
"rand1",3,24,"SVP AR1Focus TRUE/TRUE",1,0.5,0.666666666666667,0,0.899290228847785,4
"none",1,25,"PELT inflated",1,1,1,1,0.000832147724364021,1
"none",1,25,"PELT AR1 approximate",1,1,1,1,0.000832147724364021,1
"none",1,25,"SVP AR1Focus",1,1,1,1,0.000832147724364021,1
"none",1,25,"SVP AR1Focus TRUE/TRUE",1,1,1,1,0.000832147724364021,1
"up",1,25,"PELT inflated",0.25,0.125,0.166666666666667,0,0.484508257915867,4
"up",1,25,"PELT AR1 approximate",0.25,0.125,0.166666666666667,0,0.58825204786616,4
"up",1,25,"SVP AR1Focus",0.5,0.125,0.2,0,1.3544116566943,2
"up",1,25,"SVP AR1Focus TRUE/TRUE",0.5,0.125,0.2,0,1.3544116566943,2
"updown",1,25,"PELT inflated",1,0.125,0.222222222222222,0,0.25268328897431,1
"updown",1,25,"PELT AR1 approximate",1,0.125,0.222222222222222,0,0.25268328897431,1
"updown",1,25,"SVP AR1Focus",1,0.125,0.222222222222222,0,0.25268328897431,1
"updown",1,25,"SVP AR1Focus TRUE/TRUE",1,0.125,0.222222222222222,0,0.25268328897431,1
"rand1",1,25,"PELT inflated",1,0.125,0.222222222222222,0,0.394525312146701,1
"rand1",1,25,"PELT AR1 approximate",1,0.125,0.222222222222222,0,0.394525312146701,1
"rand1",1,25,"SVP AR1Focus",1,0.125,0.222222222222222,0,0.394525312146701,1
"rand1",1,25,"SVP AR1Focus TRUE/TRUE",1,0.125,0.222222222222222,0,0.394525312146701,1
"none",1.2,25,"PELT inflated",1,1,1,1,0.000591524194351395,1
"none",1.2,25,"PELT AR1 approximate",1,1,1,1,0.000591524194351395,1
"none",1.2,25,"SVP AR1Focus",1,1,1,1,0.000591524194351395,1
"none",1.2,25,"SVP AR1Focus TRUE/TRUE",1,1,1,1,0.000591524194351395,1
"up",1.2,25,"PELT inflated",0.5,0.25,0.333333333333333,0,0.63358081479941,4
"up",1.2,25,"PELT AR1 approximate",0.4,0.25,0.307692307692308,0,0.556165181602578,5
"up",1.2,25,"SVP AR1Focus",0.333333333333333,0.125,0.181818181818182,0,1.20005670153792,3
"up",1.2,25,"SVP AR1Focus TRUE/TRUE",0.333333333333333,0.125,0.181818181818182,0,1.20005670153792,3
"updown",1.2,25,"PELT inflated",1,0.125,0.222222222222222,0,0.375485963884285,1
"updown",1.2,25,"PELT AR1 approximate",1,0.125,0.222222222222222,0,0.375485963884285,1
"updown",1.2,25,"SVP AR1Focus",1,0.125,0.222222222222222,0,0.375485963884285,1
"updown",1.2,25,"SVP AR1Focus TRUE/TRUE",1,0.125,0.222222222222222,0,0.375485963884285,1
"rand1",1.2,25,"PELT inflated",1,0.125,0.222222222222222,0,0.56876536756025,1
"rand1",1.2,25,"PELT AR1 approximate",1,0.375,0.545454545454545,0,0.165133578795743,3
"rand1",1.2,25,"SVP AR1Focus",1,0.125,0.222222222222222,0,0.56876536756025,1
"rand1",1.2,25,"SVP AR1Focus TRUE/TRUE",1,0.125,0.222222222222222,0,0.56876536756025,1
"none",1.4,25,"PELT inflated",1,1,1,1,0.0059819360669957,1
"none",1.4,25,"PELT AR1 approximate",1,1,1,1,0.0059819360669957,1
"none",1.4,25,"SVP AR1Focus",1,1,1,1,0.0059819360669957,1
"none",1.4,25,"SVP AR1Focus TRUE/TRUE",1,1,1,1,0.0059819360669957,1
"up",1.4,25,"PELT inflated",0.8,0.5,0.615384615384615,0,0.60540991248963,5
"up",1.4,25,"PELT AR1 approximate",0.8,0.5,0.615384615384615,0,0.730715149772231,5
"up",1.4,25,"SVP AR1Focus",0.666666666666667,0.25,0.363636363636364,0,1.53199673387559,3
"up",1.4,25,"SVP AR1Focus TRUE/TRUE",0.666666666666667,0.25,0.363636363636364,0,1.53199673387559,3
"updown",1.4,25,"PELT inflated",1,0.125,0.222222222222222,0,0.586479310725625,1
"updown",1.4,25,"PELT AR1 approximate",1,0.125,0.222222222222222,0,0.586479310725625,1
"updown",1.4,25,"SVP AR1Focus",1,0.125,0.222222222222222,0,0.586479310725625,1
"updown",1.4,25,"SVP AR1Focus TRUE/TRUE",1,0.125,0.222222222222222,0,0.586479310725625,1
"rand1",1.4,25,"PELT inflated",1,0.375,0.545454545454545,0,0.2322119486096,3
"rand1",1.4,25,"PELT AR1 approximate",1,0.375,0.545454545454545,0,0.2322119486096,3
"rand1",1.4,25,"SVP AR1Focus",1,0.25,0.4,0,0.536138024847067,2
"rand1",1.4,25,"SVP AR1Focus TRUE/TRUE",1,0.25,0.4,0,0.536138024847067,2
"none",1.6,25,"PELT inflated",1,1,1,1,0.00352645981135802,1
"none",1.6,25,"PELT AR1 approximate",1,1,1,1,0.00352645981135802,1
"none",1.6,25,"SVP AR1Focus",1,1,1,1,0.00352645981135802,1
"none",1.6,25,"SVP AR1Focus TRUE/TRUE",1,1,1,1,0.00352645981135802,1
"up",1.6,25,"PELT inflated",0.5,0.25,0.333333333333333,0,1.07217270373657,4
"up",1.6,25,"PELT AR1 approximate",0.8,0.5,0.615384615384615,0,0.738141605461055,5
"up",1.6,25,"SVP AR1Focus",0.666666666666667,0.25,0.363636363636364,0,1.6173697246577,3
"up",1.6,25,"SVP AR1Focus TRUE/TRUE",0.666666666666667,0.25,0.363636363636364,0,1.6173697246577,3
"updown",1.6,25,"PELT inflated",1,0.125,0.222222222222222,0,0.711554865481025,1
"updown",1.6,25,"PELT AR1 approximate",1,0.125,0.222222222222222,0,0.711554865481025,1
"updown",1.6,25,"SVP AR1Focus",1,0.125,0.222222222222222,0,0.711554865481025,1
"updown",1.6,25,"SVP AR1Focus TRUE/TRUE",1,0.125,0.222222222222222,0,0.711554865481025,1
"rand1",1.6,25,"PELT inflated",1,0.25,0.4,0,0.61651539690135,2
"rand1",1.6,25,"PELT AR1 approximate",1,0.625,0.769230769230769,0,0.0441913809317775,5
"rand1",1.6,25,"SVP AR1Focus",1,0.25,0.4,0,0.61651539690135,2
"rand1",1.6,25,"SVP AR1Focus TRUE/TRUE",1,0.25,0.4,0,0.61651539690135,2
"none",1.8,25,"PELT inflated",1,1,1,1,0.000425522275847237,1
"none",1.8,25,"PELT AR1 approximate",1,1,1,1,0.000425522275847237,1
"none",1.8,25,"SVP AR1Focus",1,1,1,1,0.000425522275847237,1
"none",1.8,25,"SVP AR1Focus TRUE/TRUE",1,1,1,1,0.000425522275847237,1
"up",1.8,25,"PELT inflated",0.8,0.5,0.615384615384615,0,0.781836885206033,5
"up",1.8,25,"PELT AR1 approximate",0.8,0.5,0.615384615384615,0,0.781836885206033,5
"up",1.8,25,"SVP AR1Focus",0.333333333333333,0.125,0.181818181818182,0,2.24340290934203,3
"up",1.8,25,"SVP AR1Focus TRUE/TRUE",0.333333333333333,0.125,0.181818181818182,0,2.24340290934203,3
"updown",1.8,25,"PELT inflated",1,0.125,0.222222222222222,0,0.880170165931423,1
"updown",1.8,25,"PELT AR1 approximate",1,0.125,0.222222222222222,0,0.880170165931423,1
"updown",1.8,25,"SVP AR1Focus",1,0.125,0.222222222222222,0,0.880170165931423,1
"updown",1.8,25,"SVP AR1Focus TRUE/TRUE",1,0.125,0.222222222222222,0,0.880170165931423,1
"rand1",1.8,25,"PELT inflated",1,0.375,0.545454545454545,0,0.312555923284375,3
"rand1",1.8,25,"PELT AR1 approximate",0.8,0.5,0.615384615384615,0,0.230665844562754,5
"rand1",1.8,25,"SVP AR1Focus",0.5,0.125,0.2,0,0.862882359166793,2
"rand1",1.8,25,"SVP AR1Focus TRUE/TRUE",0.5,0.125,0.2,0,1.13189056671225,2
"none",2,25,"PELT inflated",1,1,1,1,0.00771566589397261,1
"none",2,25,"PELT AR1 approximate",1,1,1,1,0.00771566589397261,1
"none",2,25,"SVP AR1Focus",1,1,1,1,0.00771566589397261,1
"none",2,25,"SVP AR1Focus TRUE/TRUE",1,1,1,1,0.00771566589397261,1
"up",2,25,"PELT inflated",0.6,0.375,0.461538461538462,0,0.89022197005,5
"up",2,25,"PELT AR1 approximate",1,0.75,0.857142857142857,0,0.5223829188624,6
"up",2,25,"SVP AR1Focus",0.5,0.25,0.333333333333333,0,1.61747251720553,4
"up",2,25,"SVP AR1Focus TRUE/TRUE",0.5,0.25,0.333333333333333,0,1.61747251720553,4
"updown",2,25,"PELT inflated",1,0.125,0.222222222222222,0,1.00176787431202,1
"updown",2,25,"PELT AR1 approximate",0.75,0.375,0.5,0,0.662743222148122,4
"updown",2,25,"SVP AR1Focus",1,0.125,0.222222222222222,0,1.00176787431202,1
"updown",2,25,"SVP AR1Focus TRUE/TRUE",1,0.125,0.222222222222222,0,1.00176787431202,1
"rand1",2,25,"PELT inflated",1,0.375,0.545454545454545,0,0.412108609256592,3
"rand1",2,25,"PELT AR1 approximate",1,0.625,0.769230769230769,0,0.0834549367693988,5
"rand1",2,25,"SVP AR1Focus",1,0.375,0.545454545454545,0,0.412108609256592,3
"rand1",2,25,"SVP AR1Focus TRUE/TRUE",1,0.375,0.545454545454545,0,0.412108609256592,3
"none",2.2,25,"PELT inflated",1,1,1,1,0.00570024094762074,1
"none",2.2,25,"PELT AR1 approximate",1,1,1,1,0.00570024094762074,1
"none",2.2,25,"SVP AR1Focus",1,1,1,1,0.00570024094762074,1
"none",2.2,25,"SVP AR1Focus TRUE/TRUE",1,1,1,1,0.00570024094762074,1
"up",2.2,25,"PELT inflated",1,0.625,0.769230769230769,0,1.03259404432541,5
"up",2.2,25,"PELT AR1 approximate",1,0.75,0.857142857142857,0,0.669810381629511,6
"up",2.2,25,"SVP AR1Focus",0.75,0.375,0.5,0,1.38333552998444,4
"up",2.2,25,"SVP AR1Focus TRUE/TRUE",0.75,0.375,0.5,0,1.38333552998444,4
"updown",2.2,25,"PELT inflated",1,0.125,0.222222222222222,0,1.22045187358247,1
"updown",2.2,25,"PELT AR1 approximate",1,0.75,0.857142857142857,0,0.497729164604891,6
"updown",2.2,25,"SVP AR1Focus",1,0.125,0.222222222222222,0,1.22045187358247,1
"updown",2.2,25,"SVP AR1Focus TRUE/TRUE",1,0.125,0.222222222222222,0,1.22045187358247,1
"rand1",2.2,25,"PELT inflated",1,0.375,0.545454545454545,0,0.489914625322307,3
"rand1",2.2,25,"PELT AR1 approximate",1,0.625,0.769230769230769,0,0.0779726109784187,5
"rand1",2.2,25,"SVP AR1Focus",1,0.375,0.545454545454545,0,0.489914625322307,3
"rand1",2.2,25,"SVP AR1Focus TRUE/TRUE",1,0.375,0.545454545454545,0,0.489914625322307,3
"none",2.4,25,"PELT inflated",1,1,1,1,0.00108997497361706,1
"none",2.4,25,"PELT AR1 approximate",1,1,1,1,0.00108997497361706,1
"none",2.4,25,"SVP AR1Focus",1,1,1,1,0.00108997497361706,1
"none",2.4,25,"SVP AR1Focus TRUE/TRUE",1,1,1,1,0.00108997497361706,1
"up",2.4,25,"PELT inflated",0.8,0.5,0.615384615384615,0,1.36121270522952,5
"up",2.4,25,"PELT AR1 approximate",1,1,1,1,0.157287908147534,8
"up",2.4,25,"SVP AR1Focus",0.5,0.25,0.333333333333333,0,2.57759904024078,4
"up",2.4,25,"SVP AR1Focus TRUE/TRUE",0.5,0.25,0.333333333333333,0,2.57759904024078,4
"updown",2.4,25,"PELT inflated",1,0.125,0.222222222222222,0,1.44102566221715,1
"updown",2.4,25,"PELT AR1 approximate",0.75,0.75,0.75,1,0.377398563051069,8
"updown",2.4,25,"SVP AR1Focus",1,0.125,0.222222222222222,0,1.44102566221715,1
"updown",2.4,25,"SVP AR1Focus TRUE/TRUE",1,0.125,0.222222222222222,0,1.44102566221715,1
"rand1",2.4,25,"PELT inflated",1,0.375,0.545454545454545,0,0.562089094517473,3
"rand1",2.4,25,"PELT AR1 approximate",1,0.625,0.769230769230769,0,0.0820298768877835,5
"rand1",2.4,25,"SVP AR1Focus",1,0.625,0.769230769230769,0,0.0820298768877835,5
"rand1",2.4,25,"SVP AR1Focus TRUE/TRUE",1,0.625,0.769230769230769,0,0.0820298768877835,5
"none",2.6,25,"PELT inflated",1,1,1,1,0.0050226251871543,1
"none",2.6,25,"PELT AR1 approximate",1,1,1,1,0.0050226251871543,1
"none",2.6,25,"SVP AR1Focus",1,1,1,1,0.0050226251871543,1
"none",2.6,25,"SVP AR1Focus TRUE/TRUE",1,1,1,1,0.0050226251871543,1
"up",2.6,25,"PELT inflated",1,0.75,0.857142857142857,0,0.912119488576373,6
"up",2.6,25,"PELT AR1 approximate",1,1,1,1,0.101668007547877,8
"up",2.6,25,"SVP AR1Focus",0.75,0.375,0.5,0,1.88631222050021,4
"up",2.6,25,"SVP AR1Focus TRUE/TRUE",0.75,0.375,0.5,0,1.88631222050021,4
"updown",2.6,25,"PELT inflated",1,0.25,0.4,0,1.55751101711693,2
"updown",2.6,25,"PELT AR1 approximate",1,1,1,1,0.122227123939279,8
"updown",2.6,25,"SVP AR1Focus",1,0.25,0.4,0,1.55751101711693,2
"updown",2.6,25,"SVP AR1Focus TRUE/TRUE",1,0.25,0.4,0,1.55751101711693,2
"rand1",2.6,25,"PELT inflated",1,0.375,0.545454545454545,0,0.668876909662545,3
"rand1",2.6,25,"PELT AR1 approximate",1,0.625,0.769230769230769,0,0.147261098078799,5
"rand1",2.6,25,"SVP AR1Focus",1,0.375,0.545454545454545,0,0.668876909662545,3
"rand1",2.6,25,"SVP AR1Focus TRUE/TRUE",1,0.375,0.545454545454545,0,0.668876909662545,3
"none",2.8,25,"PELT inflated",1,1,1,1,0.00146974259131701,1
"none",2.8,25,"PELT AR1 approximate",1,1,1,1,0.00146974259131701,1
"none",2.8,25,"SVP AR1Focus",1,1,1,1,0.00146974259131701,1
"none",2.8,25,"SVP AR1Focus TRUE/TRUE",1,1,1,1,0.00146974259131701,1
"up",2.8,25,"PELT inflated",0.857142857142857,0.75,0.8,0,0.745854894628741,7
"up",2.8,25,"PELT AR1 approximate",1,1,1,1,0.168511490347368,8
"up",2.8,25,"SVP AR1Focus",0.6,0.375,0.461538461538462,0,1.71526207771322,5
"up",2.8,25,"SVP AR1Focus TRUE/TRUE",0.6,0.375,0.461538461538462,0,1.82429768325716,5
"updown",2.8,25,"PELT inflated",1,0.125,0.222222222222222,0,1.96058220571492,1
"updown",2.8,25,"PELT AR1 approximate",1,1,1,1,0.0393396186038153,8
"updown",2.8,25,"SVP AR1Focus",1,0.125,0.222222222222222,0,1.96058220571492,1
"updown",2.8,25,"SVP AR1Focus TRUE/TRUE",1,0.125,0.222222222222222,0,1.96058220571492,1
"rand1",2.8,25,"PELT inflated",1,0.625,0.769230769230769,0,0.203560534450288,5
"rand1",2.8,25,"PELT AR1 approximate",1,0.625,0.769230769230769,0,0.203560534450288,5
"rand1",2.8,25,"SVP AR1Focus",1,0.625,0.769230769230769,0,0.203560534450288,5
"rand1",2.8,25,"SVP AR1Focus TRUE/TRUE",1,0.625,0.769230769230769,0,0.203560534450288,5
"none",3,25,"PELT inflated",1,1,1,1,0.000105371640538195,1
"none",3,25,"PELT AR1 approximate",1,1,1,1,0.000105371640538195,1
"none",3,25,"SVP AR1Focus",1,1,1,1,0.000105371640538195,1
"none",3,25,"SVP AR1Focus TRUE/TRUE",1,1,1,1,0.000105371640538195,1
"up",3,25,"PELT inflated",0.857142857142857,0.75,0.8,0,0.859717982133905,7
"up",3,25,"PELT AR1 approximate",1,1,1,1,0.115718807341114,8
"up",3,25,"SVP AR1Focus",0.6,0.375,0.461538461538462,0,2.02209270497706,5
"up",3,25,"SVP AR1Focus TRUE/TRUE",0.8,0.5,0.615384615384615,0,1.96213320671491,5
"updown",3,25,"PELT inflated",0.75,0.75,0.75,1,0.274217211738473,8
"updown",3,25,"PELT AR1 approximate",1,1,1,1,0.0295393694061175,8
"updown",3,25,"SVP AR1Focus",0.333333333333333,0.125,0.181818181818182,0,2.21572353961107,3
"updown",3,25,"SVP AR1Focus TRUE/TRUE",0.857142857142857,0.75,0.8,0,0.716977531982315,7
"rand1",3,25,"PELT inflated",1,0.625,0.769230769230769,0,0.144114591087587,5
"rand1",3,25,"PELT AR1 approximate",1,0.625,0.769230769230769,0,0.144114591087587,5
"rand1",3,25,"SVP AR1Focus",1,0.625,0.769230769230769,0,0.144114591087587,5
"rand1",3,25,"SVP AR1Focus TRUE/TRUE",1,0.625,0.769230769230769,0,0.144114591087587,5
"none",1,26,"PELT inflated",1,1,1,1,0.000740930298572242,1
"none",1,26,"PELT AR1 approximate",1,1,1,1,0.000740930298572242,1
"none",1,26,"SVP AR1Focus",1,1,1,1,0.000740930298572242,1
"none",1,26,"SVP AR1Focus TRUE/TRUE",1,1,1,1,0.000740930298572242,1
"up",1,26,"PELT inflated",0.333333333333333,0.125,0.181818181818182,0,0.733304906008172,3
"up",1,26,"PELT AR1 approximate",0.333333333333333,0.125,0.181818181818182,0,0.735665308599353,3
"up",1,26,"SVP AR1Focus",0.5,0.125,0.2,0,1.36633781664739,2
"up",1,26,"SVP AR1Focus TRUE/TRUE",0.5,0.125,0.2,0,1.36633781664739,2
"updown",1,26,"PELT inflated",1,0.125,0.222222222222222,0,0.269436405966729,1
"updown",1,26,"PELT AR1 approximate",1,0.125,0.222222222222222,0,0.269436405966729,1
"updown",1,26,"SVP AR1Focus",1,0.125,0.222222222222222,0,0.269436405966729,1
"updown",1,26,"SVP AR1Focus TRUE/TRUE",1,0.125,0.222222222222222,0,0.269436405966729,1
"rand1",1,26,"PELT inflated",1,0.25,0.4,0,0.307604316210605,2
"rand1",1,26,"PELT AR1 approximate",0.75,0.375,0.5,0,0.190230714703186,4
"rand1",1,26,"SVP AR1Focus",1,0.125,0.222222222222222,0,0.407250512828222,1
"rand1",1,26,"SVP AR1Focus TRUE/TRUE",1,0.125,0.222222222222222,0,0.407250512828222,1
"none",1.2,26,"PELT inflated",1,1,1,1,0.0195465160866088,1
"none",1.2,26,"PELT AR1 approximate",1,1,1,1,0.0195465160866088,1
"none",1.2,26,"SVP AR1Focus",1,1,1,1,0.0195465160866088,1
"none",1.2,26,"SVP AR1Focus TRUE/TRUE",1,1,1,1,0.0195465160866088,1
"up",1.2,26,"PELT inflated",0.75,0.375,0.5,0,0.49582752113606,4
"up",1.2,26,"PELT AR1 approximate",1,0.5,0.666666666666667,0,0.459412824248146,4
"up",1.2,26,"SVP AR1Focus",0.666666666666667,0.25,0.363636363636364,0,1.12710908889468,3
"up",1.2,26,"SVP AR1Focus TRUE/TRUE",0.666666666666667,0.25,0.363636363636364,0,1.12710908889468,3
"updown",1.2,26,"PELT inflated",1,0.125,0.222222222222222,0,0.361464091421453,1
"updown",1.2,26,"PELT AR1 approximate",1,0.125,0.222222222222222,0,0.361464091421453,1
"updown",1.2,26,"SVP AR1Focus",1,0.125,0.222222222222222,0,0.361464091421453,1
"updown",1.2,26,"SVP AR1Focus TRUE/TRUE",1,0.125,0.222222222222222,0,0.361464091421453,1
"rand1",1.2,26,"PELT inflated",1,0.125,0.222222222222222,0,0.570587245605508,1
"rand1",1.2,26,"PELT AR1 approximate",1,0.125,0.222222222222222,0,0.570587245605508,1
"rand1",1.2,26,"SVP AR1Focus",1,0.125,0.222222222222222,0,0.570587245605508,1
"rand1",1.2,26,"SVP AR1Focus TRUE/TRUE",1,0.125,0.222222222222222,0,0.570587245605508,1
"none",1.4,26,"PELT inflated",1,1,1,1,0.0222319609055066,1
"none",1.4,26,"PELT AR1 approximate",1,1,1,1,0.0222319609055066,1
"none",1.4,26,"SVP AR1Focus",1,1,1,1,0.0222319609055066,1
"none",1.4,26,"SVP AR1Focus TRUE/TRUE",1,1,1,1,0.0222319609055066,1
"up",1.4,26,"PELT inflated",0.25,0.125,0.166666666666667,0,0.923276702038971,4
"up",1.4,26,"PELT AR1 approximate",0.8,0.5,0.615384615384615,0,0.459836237555357,5
"up",1.4,26,"SVP AR1Focus",0.333333333333333,0.125,0.181818181818182,0,1.40945278603624,3
"up",1.4,26,"SVP AR1Focus TRUE/TRUE",0.333333333333333,0.125,0.181818181818182,0,1.40945278603624,3
"updown",1.4,26,"PELT inflated",1,0.125,0.222222222222222,0,0.497133691166669,1
"updown",1.4,26,"PELT AR1 approximate",1,0.125,0.222222222222222,0,0.497133691166669,1
"updown",1.4,26,"SVP AR1Focus",1,0.125,0.222222222222222,0,0.497133691166669,1
"updown",1.4,26,"SVP AR1Focus TRUE/TRUE",1,0.125,0.222222222222222,0,0.497133691166669,1
"rand1",1.4,26,"PELT inflated",1,0.375,0.545454545454545,0,0.255954342955145,3
"rand1",1.4,26,"PELT AR1 approximate",1,0.375,0.545454545454545,0,0.255954342955145,3
"rand1",1.4,26,"SVP AR1Focus",1,0.25,0.4,0,0.529012272148634,2
"rand1",1.4,26,"SVP AR1Focus TRUE/TRUE",1,0.25,0.4,0,0.529012272148634,2
"none",1.6,26,"PELT inflated",1,1,1,1,2.25312354906404e-05,1
"none",1.6,26,"PELT AR1 approximate",1,1,1,1,2.25312354906404e-05,1
"none",1.6,26,"SVP AR1Focus",1,1,1,1,2.25312354906404e-05,1
"none",1.6,26,"SVP AR1Focus TRUE/TRUE",1,1,1,1,2.25312354906404e-05,1
"up",1.6,26,"PELT inflated",0.75,0.375,0.5,0,0.86952683306558,4
"up",1.6,26,"PELT AR1 approximate",0.8,0.5,0.615384615384615,0,0.705334283041663,5
"up",1.6,26,"SVP AR1Focus",0.333333333333333,0.125,0.181818181818182,0,2.00865639551747,3
"up",1.6,26,"SVP AR1Focus TRUE/TRUE",0.333333333333333,0.125,0.181818181818182,0,2.00865639551747,3
"updown",1.6,26,"PELT inflated",1,0.25,0.4,0,0.62160967278059,2
"updown",1.6,26,"PELT AR1 approximate",1,0.25,0.4,0,0.62160967278059,2
"updown",1.6,26,"SVP AR1Focus",1,0.125,0.222222222222222,0,0.642699304628353,1
"updown",1.6,26,"SVP AR1Focus TRUE/TRUE",1,0.125,0.222222222222222,0,0.642699304628353,1
"rand1",1.6,26,"PELT inflated",1,0.375,0.545454545454545,0,0.255588936913568,3
"rand1",1.6,26,"PELT AR1 approximate",1,0.375,0.545454545454545,0,0.255588936913568,3
"rand1",1.6,26,"SVP AR1Focus",1,0.25,0.4,0,0.612668602563859,2
"rand1",1.6,26,"SVP AR1Focus TRUE/TRUE",1,0.25,0.4,0,0.612668602563859,2
"none",1.8,26,"PELT inflated",1,1,1,1,0.000528314772949811,1
"none",1.8,26,"PELT AR1 approximate",1,1,1,1,0.000528314772949811,1
"none",1.8,26,"SVP AR1Focus",1,1,1,1,0.000528314772949811,1
"none",1.8,26,"SVP AR1Focus TRUE/TRUE",1,1,1,1,0.000528314772949811,1
"up",1.8,26,"PELT inflated",0.6,0.375,0.461538461538462,0,0.760255027867768,5
"up",1.8,26,"PELT AR1 approximate",0.833333333333333,0.625,0.714285714285714,0,0.77475721432822,6
"up",1.8,26,"SVP AR1Focus",1,0.375,0.545454545454545,0,1.88006044019382,3
"up",1.8,26,"SVP AR1Focus TRUE/TRUE",1,0.375,0.545454545454545,0,1.88006044019382,3
"updown",1.8,26,"PELT inflated",1,0.25,0.4,0,0.774406333190916,2
"updown",1.8,26,"PELT AR1 approximate",1,0.75,0.857142857142857,0,0.515541883396826,6
"updown",1.8,26,"SVP AR1Focus",0.5,0.125,0.2,0,0.731120173125782,2
"updown",1.8,26,"SVP AR1Focus TRUE/TRUE",1,0.25,0.4,0,0.795953716105434,2
"rand1",1.8,26,"PELT inflated",1,0.25,0.4,0,0.762964419270873,2
"rand1",1.8,26,"PELT AR1 approximate",1,0.375,0.545454545454545,0,0.341093216021993,3
"rand1",1.8,26,"SVP AR1Focus",1,0.25,0.4,0,0.762964419270873,2
"rand1",1.8,26,"SVP AR1Focus TRUE/TRUE",1,0.25,0.4,0,0.762964419270873,2
"none",2,26,"PELT inflated",1,1,1,1,0.00383843579483168,1
"none",2,26,"PELT AR1 approximate",1,1,1,1,0.00383843579483168,1
"none",2,26,"SVP AR1Focus",1,1,1,1,0.00383843579483168,1
"none",2,26,"SVP AR1Focus TRUE/TRUE",1,1,1,1,0.00383843579483168,1
"up",2,26,"PELT inflated",0.2,0.125,0.153846153846154,0,1.18892993515353,5
"up",2,26,"PELT AR1 approximate",0.5,0.375,0.428571428571429,0,0.855245997650005,6
"up",2,26,"SVP AR1Focus",0.666666666666667,0.25,0.363636363636364,0,2.63470845661845,3
"up",2,26,"SVP AR1Focus TRUE/TRUE",0.333333333333333,0.125,0.181818181818182,0,2.54282482450586,3
"updown",2,26,"PELT inflated",1,0.125,0.222222222222222,0,1.00000530167037,1
"updown",2,26,"PELT AR1 approximate",0.666666666666667,0.25,0.363636363636364,0,1.03071485876613,3
"updown",2,26,"SVP AR1Focus",1,0.125,0.222222222222222,0,1.00000530167037,1
"updown",2,26,"SVP AR1Focus TRUE/TRUE",1,0.125,0.222222222222222,0,1.00000530167037,1
"rand1",2,26,"PELT inflated",1,0.375,0.545454545454545,0,0.440194753131622,3
"rand1",2,26,"PELT AR1 approximate",1,0.625,0.769230769230769,0,0.109260958843962,5
"rand1",2,26,"SVP AR1Focus",1,0.375,0.545454545454545,0,0.440194753131622,3
"rand1",2,26,"SVP AR1Focus TRUE/TRUE",1,0.375,0.545454545454545,0,0.440194753131622,3
"none",2.2,26,"PELT inflated",1,1,1,1,0.0012613476987877,1
"none",2.2,26,"PELT AR1 approximate",1,1,1,1,0.0012613476987877,1
"none",2.2,26,"SVP AR1Focus",1,1,1,1,0.0012613476987877,1
"none",2.2,26,"SVP AR1Focus TRUE/TRUE",1,1,1,1,0.0012613476987877,1
"up",2.2,26,"PELT inflated",0.666666666666667,0.5,0.571428571428572,0,0.942900691692508,6
"up",2.2,26,"PELT AR1 approximate",0.857142857142857,0.75,0.8,0,0.486147537460087,7
"up",2.2,26,"SVP AR1Focus",0.75,0.375,0.5,0,2.07910128915839,4
"up",2.2,26,"SVP AR1Focus TRUE/TRUE",0.75,0.375,0.5,0,2.07910128915839,4
"updown",2.2,26,"PELT inflated",1,0.25,0.4,0,1.08628350228749,2
"updown",2.2,26,"PELT AR1 approximate",1,0.25,0.4,0,1.23355040799847,2
"updown",2.2,26,"SVP AR1Focus",1,0.125,0.222222222222222,0,1.21769743510141,1
"updown",2.2,26,"SVP AR1Focus TRUE/TRUE",1,0.125,0.222222222222222,0,1.21769743510141,1
"rand1",2.2,26,"PELT inflated",0.666666666666667,0.25,0.363636363636364,0,0.64168334539063,3
"rand1",2.2,26,"PELT AR1 approximate",1,0.625,0.769230769230769,0,0.0704143640471872,5
"rand1",2.2,26,"SVP AR1Focus",0.666666666666667,0.25,0.363636363636364,0,1.20077000564178,3
"rand1",2.2,26,"SVP AR1Focus TRUE/TRUE",0.75,0.375,0.5,0,0.551004184054024,4
"none",2.4,26,"PELT inflated",1,1,1,1,0.0157732619578747,1
"none",2.4,26,"PELT AR1 approximate",1,1,1,1,0.0157732619578747,1
"none",2.4,26,"SVP AR1Focus",1,1,1,1,0.0157732619578747,1
"none",2.4,26,"SVP AR1Focus TRUE/TRUE",1,1,1,1,0.0157732619578747,1
"up",2.4,26,"PELT inflated",0.857142857142857,0.75,0.8,0,0.549319050893234,7
"up",2.4,26,"PELT AR1 approximate",1,1,1,1,0.0920318483914253,8
"up",2.4,26,"SVP AR1Focus",0.75,0.375,0.5,0,1.70612176529148,4
"up",2.4,26,"SVP AR1Focus TRUE/TRUE",0.75,0.375,0.5,0,1.70612176529148,4
"updown",2.4,26,"PELT inflated",1,0.125,0.222222222222222,0,1.44039312906547,1
"updown",2.4,26,"PELT AR1 approximate",1,1,1,1,0.0256264058188535,8
"updown",2.4,26,"SVP AR1Focus",1,0.125,0.222222222222222,0,1.44039312906547,1
"updown",2.4,26,"SVP AR1Focus TRUE/TRUE",1,0.125,0.222222222222222,0,1.44039312906547,1
"rand1",2.4,26,"PELT inflated",1,0.375,0.545454545454545,0,0.680904265860235,3
"rand1",2.4,26,"PELT AR1 approximate",1,0.625,0.769230769230769,0,0.120211501304572,5
"rand1",2.4,26,"SVP AR1Focus",0.75,0.375,0.5,0,0.635319055173875,4
"rand1",2.4,26,"SVP AR1Focus TRUE/TRUE",0.75,0.375,0.5,0,0.642015050202162,4
"none",2.6,26,"PELT inflated",1,1,1,1,0.0429200746523516,1
"none",2.6,26,"PELT AR1 approximate",1,1,1,1,0.0429200746523516,1
"none",2.6,26,"SVP AR1Focus",1,1,1,1,0.0429200746523516,1
"none",2.6,26,"SVP AR1Focus TRUE/TRUE",1,1,1,1,0.0429200746523516,1
"up",2.6,26,"PELT inflated",0.5,0.375,0.428571428571429,0,1.1734485400672,6
"up",2.6,26,"PELT AR1 approximate",1,1,1,1,0.138657000016276,8
"up",2.6,26,"SVP AR1Focus",0.5,0.25,0.333333333333333,0,2.69594757122509,4
"up",2.6,26,"SVP AR1Focus TRUE/TRUE",0.5,0.25,0.333333333333333,0,2.68023886749466,4
"updown",2.6,26,"PELT inflated",1,0.25,0.4,0,1.47530252284461,2
"updown",2.6,26,"PELT AR1 approximate",0.875,0.875,0.875,1,0.117530821629981,8
"updown",2.6,26,"SVP AR1Focus",1,0.125,0.222222222222222,0,1.70161268700812,1
"updown",2.6,26,"SVP AR1Focus TRUE/TRUE",1,0.125,0.222222222222222,0,1.70161268700812,1
"rand1",2.6,26,"PELT inflated",1,0.625,0.769230769230769,0,0.0821330471532769,5
"rand1",2.6,26,"PELT AR1 approximate",1,0.625,0.769230769230769,0,0.0821330471532769,5
"rand1",2.6,26,"SVP AR1Focus",1,0.5,0.666666666666667,0,0.565225795027241,4
"rand1",2.6,26,"SVP AR1Focus TRUE/TRUE",1,0.5,0.666666666666667,0,0.565225795027241,4
"none",2.8,26,"PELT inflated",1,1,1,1,0.00369528039984078,1
"none",2.8,26,"PELT AR1 approximate",1,1,1,1,0.00369528039984078,1
"none",2.8,26,"SVP AR1Focus",1,1,1,1,0.00369528039984078,1
"none",2.8,26,"SVP AR1Focus TRUE/TRUE",1,1,1,1,0.00369528039984078,1
"up",2.8,26,"PELT inflated",0.75,0.75,0.75,1,0.526758905493789,8
"up",2.8,26,"PELT AR1 approximate",0.875,0.875,0.875,1,0.445294680843422,8
"up",2.8,26,"SVP AR1Focus",1,0.625,0.769230769230769,0,1.55484692382321,5
"up",2.8,26,"SVP AR1Focus TRUE/TRUE",1,0.625,0.769230769230769,0,1.55484692382321,5
"updown",2.8,26,"PELT inflated",0.875,0.875,0.875,1,0.212333271721905,8
"updown",2.8,26,"PELT AR1 approximate",1,1,1,1,0.0970000351328478,8
"updown",2.8,26,"SVP AR1Focus",0.666666666666667,0.5,0.571428571428572,0,1.21471277423527,6
"updown",2.8,26,"SVP AR1Focus TRUE/TRUE",0.714285714285714,0.625,0.666666666666667,0,1.07422552267957,7
"rand1",2.8,26,"PELT inflated",1,0.375,0.545454545454545,0,0.862676340356858,3
"rand1",2.8,26,"PELT AR1 approximate",1,0.625,0.769230769230769,0,0.167144547406327,5
"rand1",2.8,26,"SVP AR1Focus",1,0.5,0.666666666666667,0,0.769543480836106,4
"rand1",2.8,26,"SVP AR1Focus TRUE/TRUE",1,0.5,0.666666666666667,0,0.769543480836106,4
"none",3,26,"PELT inflated",1,1,1,1,0.00856698079163736,1
"none",3,26,"PELT AR1 approximate",1,1,1,1,0.00856698079163736,1
"none",3,26,"SVP AR1Focus",1,1,1,1,0.00856698079163736,1
"none",3,26,"SVP AR1Focus TRUE/TRUE",1,1,1,1,0.00856698079163736,1
"up",3,26,"PELT inflated",1,1,1,1,0.161864371325633,8
"up",3,26,"PELT AR1 approximate",1,1,1,1,0.106045245229571,8
"up",3,26,"SVP AR1Focus",1,0.75,0.857142857142857,0,1.2048368097085,6
"up",3,26,"SVP AR1Focus TRUE/TRUE",1,0.75,0.857142857142857,0,1.2048368097085,6
"updown",3,26,"PELT inflated",0.75,0.375,0.5,0,1.558815955825,4
"updown",3,26,"PELT AR1 approximate",1,1,1,1,0.0924614015082903,8
"updown",3,26,"SVP AR1Focus",1,0.125,0.222222222222222,0,2.25241227196554,1
"updown",3,26,"SVP AR1Focus TRUE/TRUE",1,0.125,0.222222222222222,0,2.25241227196554,1
"rand1",3,26,"PELT inflated",1,0.375,0.545454545454545,0,0.888871335615446,3
"rand1",3,26,"PELT AR1 approximate",1,0.625,0.769230769230769,0,0.179957392433433,5
"rand1",3,26,"SVP AR1Focus",0.75,0.375,0.5,0,0.803378074822944,4
"rand1",3,26,"SVP AR1Focus TRUE/TRUE",0.75,0.375,0.5,0,0.852809876603146,4
"none",1,27,"PELT inflated",1,1,1,1,0.0118962877543893,1
"none",1,27,"PELT AR1 approximate",1,1,1,1,0.0118962877543893,1
"none",1,27,"SVP AR1Focus",1,1,1,1,0.0118962877543893,1
"none",1,27,"SVP AR1Focus TRUE/TRUE",1,1,1,1,0.0118962877543893,1
"up",1,27,"PELT inflated",0.333333333333333,0.125,0.181818181818182,0,0.68888419179553,3
"up",1,27,"PELT AR1 approximate",1,0.625,0.769230769230769,0,0.359525787176296,5
"up",1,27,"SVP AR1Focus",0.5,0.125,0.2,0,1.3141074267547,2
"up",1,27,"SVP AR1Focus TRUE/TRUE",0.5,0.125,0.2,0,1.3141074267547,2
"updown",1,27,"PELT inflated",1,0.125,0.222222222222222,0,0.263468495890029,1
"updown",1,27,"PELT AR1 approximate",1,0.125,0.222222222222222,0,0.263468495890029,1
"updown",1,27,"SVP AR1Focus",1,0.125,0.222222222222222,0,0.263468495890029,1
"updown",1,27,"SVP AR1Focus TRUE/TRUE",1,0.125,0.222222222222222,0,0.263468495890029,1
"rand1",1,27,"PELT inflated",1,0.125,0.222222222222222,0,0.421143973584315,1
"rand1",1,27,"PELT AR1 approximate",1,0.125,0.222222222222222,0,0.421143973584315,1
"rand1",1,27,"SVP AR1Focus",1,0.125,0.222222222222222,0,0.421143973584315,1
"rand1",1,27,"SVP AR1Focus TRUE/TRUE",1,0.125,0.222222222222222,0,0.421143973584315,1
"none",1.2,27,"PELT inflated",1,1,1,1,0.00150071574761667,1
"none",1.2,27,"PELT AR1 approximate",1,1,1,1,0.00150071574761667,1
"none",1.2,27,"SVP AR1Focus",1,1,1,1,0.00150071574761667,1
"none",1.2,27,"SVP AR1Focus TRUE/TRUE",1,1,1,1,0.00150071574761667,1
"up",1.2,27,"PELT inflated",0.75,0.375,0.5,0,0.513367525989113,4
"up",1.2,27,"PELT AR1 approximate",0.75,0.375,0.5,0,0.528741359412299,4
"up",1.2,27,"SVP AR1Focus",0.333333333333333,0.125,0.181818181818182,0,0.963886897307943,3
"up",1.2,27,"SVP AR1Focus TRUE/TRUE",0.333333333333333,0.125,0.181818181818182,0,0.963886897307943,3
"updown",1.2,27,"PELT inflated",1,0.125,0.222222222222222,0,0.363157145688305,1
"updown",1.2,27,"PELT AR1 approximate",1,0.125,0.222222222222222,0,0.363157145688305,1
"updown",1.2,27,"SVP AR1Focus",1,0.125,0.222222222222222,0,0.363157145688305,1
"updown",1.2,27,"SVP AR1Focus TRUE/TRUE",1,0.125,0.222222222222222,0,0.363157145688305,1
"rand1",1.2,27,"PELT inflated",1,0.125,0.222222222222222,0,0.577915938548724,1
"rand1",1.2,27,"PELT AR1 approximate",1,0.25,0.4,0,0.349895888629413,2
"rand1",1.2,27,"SVP AR1Focus",1,0.125,0.222222222222222,0,0.577915938548724,1
"rand1",1.2,27,"SVP AR1Focus TRUE/TRUE",1,0.125,0.222222222222222,0,0.577915938548724,1
"none",1.4,27,"PELT inflated",1,1,1,1,0.0418633184300311,1
"none",1.4,27,"PELT AR1 approximate",1,1,1,1,0.0418633184300311,1
"none",1.4,27,"SVP AR1Focus",1,1,1,1,0.0418633184300311,1
"none",1.4,27,"SVP AR1Focus TRUE/TRUE",1,1,1,1,0.0418633184300311,1
"up",1.4,27,"PELT inflated",0.75,0.375,0.5,0,0.681962304436587,4
"up",1.4,27,"PELT AR1 approximate",0.8,0.5,0.615384615384615,0,0.496267236898345,5
"up",1.4,27,"SVP AR1Focus",0.666666666666667,0.25,0.363636363636364,0,1.61211882645637,3
"up",1.4,27,"SVP AR1Focus TRUE/TRUE",0.666666666666667,0.25,0.363636363636364,0,1.61211882645637,3
"updown",1.4,27,"PELT inflated",1,0.125,0.222222222222222,0,0.493100070199711,1
"updown",1.4,27,"PELT AR1 approximate",1,0.125,0.222222222222222,0,0.493100070199711,1
"updown",1.4,27,"SVP AR1Focus",1,0.125,0.222222222222222,0,0.493100070199711,1
"updown",1.4,27,"SVP AR1Focus TRUE/TRUE",1,0.125,0.222222222222222,0,0.493100070199711,1
"rand1",1.4,27,"PELT inflated",1,0.25,0.4,0,0.463632513275876,2
"rand1",1.4,27,"PELT AR1 approximate",1,0.375,0.545454545454545,0,0.217120722549588,3
"rand1",1.4,27,"SVP AR1Focus",1,0.125,0.222222222222222,0,0.771185101417738,1
"rand1",1.4,27,"SVP AR1Focus TRUE/TRUE",1,0.125,0.222222222222222,0,0.771185101417738,1
"none",1.6,27,"PELT inflated",1,1,1,1,2.73201267563291e-05,1
"none",1.6,27,"PELT AR1 approximate",1,1,1,1,2.73201267563291e-05,1
"none",1.6,27,"SVP AR1Focus",1,1,1,1,2.73201267563291e-05,1
"none",1.6,27,"SVP AR1Focus TRUE/TRUE",1,1,1,1,2.73201267563291e-05,1
"up",1.6,27,"PELT inflated",0.4,0.25,0.307692307692308,0,0.820539589100459,5
"up",1.6,27,"PELT AR1 approximate",0.833333333333333,0.625,0.714285714285714,0,0.509160323317315,6
"up",1.6,27,"SVP AR1Focus",0.5,0.25,0.333333333333333,0,1.00586458065152,4
"up",1.6,27,"SVP AR1Focus TRUE/TRUE",0.5,0.25,0.333333333333333,0,1.00586458065152,4
"updown",1.6,27,"PELT inflated",1,0.125,0.222222222222222,0,0.645494947900367,1
"updown",1.6,27,"PELT AR1 approximate",1,0.5,0.666666666666667,0,0.480072552081925,4
"updown",1.6,27,"SVP AR1Focus",1,0.125,0.222222222222222,0,0.645494947900367,1
"updown",1.6,27,"SVP AR1Focus TRUE/TRUE",1,0.125,0.222222222222222,0,0.645494947900367,1
"rand1",1.6,27,"PELT inflated",1,0.375,0.545454545454545,0,0.352999827975435,3
"rand1",1.6,27,"PELT AR1 approximate",1,0.625,0.769230769230769,0,0.143107755015352,5
"rand1",1.6,27,"SVP AR1Focus",0.5,0.125,0.2,0,0.963652242616922,2
"rand1",1.6,27,"SVP AR1Focus TRUE/TRUE",0.5,0.125,0.2,0,1.04822081309857,2
"none",1.8,27,"PELT inflated",1,1,1,1,0.0187207596381946,1
"none",1.8,27,"PELT AR1 approximate",1,1,1,1,0.0187207596381946,1
"none",1.8,27,"SVP AR1Focus",1,1,1,1,0.0187207596381946,1
"none",1.8,27,"SVP AR1Focus TRUE/TRUE",1,1,1,1,0.0187207596381946,1
"up",1.8,27,"PELT inflated",0.2,0.125,0.153846153846154,0,0.877384888196314,5
"up",1.8,27,"PELT AR1 approximate",0.833333333333333,0.625,0.714285714285714,0,0.491863013682891,6
"up",1.8,27,"SVP AR1Focus",0.666666666666667,0.25,0.363636363636364,0,1.9332567527791,3
"up",1.8,27,"SVP AR1Focus TRUE/TRUE",0.666666666666667,0.25,0.363636363636364,0,1.9332567527791,3
"updown",1.8,27,"PELT inflated",1,0.125,0.222222222222222,0,0.823989119386175,1
"updown",1.8,27,"PELT AR1 approximate",1,0.125,0.222222222222222,0,0.823989119386175,1
"updown",1.8,27,"SVP AR1Focus",1,0.125,0.222222222222222,0,0.823989119386175,1
"updown",1.8,27,"SVP AR1Focus TRUE/TRUE",1,0.125,0.222222222222222,0,0.823989119386175,1
"rand1",1.8,27,"PELT inflated",1,0.375,0.545454545454545,0,0.347210287236108,3
"rand1",1.8,27,"PELT AR1 approximate",1,0.625,0.769230769230769,0,0.0684761281380985,5
"rand1",1.8,27,"SVP AR1Focus",1,0.25,0.4,0,0.843160621493863,2
"rand1",1.8,27,"SVP AR1Focus TRUE/TRUE",1,0.5,0.666666666666667,0,0.28730139385018,4
"none",2,27,"PELT inflated",1,1,1,1,0.0722552703123745,1
"none",2,27,"PELT AR1 approximate",1,1,1,1,0.0722552703123745,1
"none",2,27,"SVP AR1Focus",1,1,1,1,0.0722552703123745,1
"none",2,27,"SVP AR1Focus TRUE/TRUE",1,1,1,1,0.0722552703123745,1
"up",2,27,"PELT inflated",0.8,0.5,0.615384615384615,0,0.994694791821225,5
"up",2,27,"PELT AR1 approximate",1,0.75,0.857142857142857,0,0.635646368726875,6
"up",2,27,"SVP AR1Focus",0.75,0.375,0.5,0,1.30067656382251,4
"up",2,27,"SVP AR1Focus TRUE/TRUE",0.75,0.375,0.5,0,1.30067656382251,4
"updown",2,27,"PELT inflated",0.75,0.375,0.5,0,0.87815759512312,4
"updown",2,27,"PELT AR1 approximate",1,0.5,0.666666666666667,0,0.798911126810534,4
"updown",2,27,"SVP AR1Focus",1,0.125,0.222222222222222,0,1.03231233909161,1
"updown",2,27,"SVP AR1Focus TRUE/TRUE",1,0.125,0.222222222222222,0,1.03231233909161,1
"rand1",2,27,"PELT inflated",1,0.375,0.545454545454545,0,0.412537881313068,3
"rand1",2,27,"PELT AR1 approximate",1,0.375,0.545454545454545,0,0.412537881313068,3
"rand1",2,27,"SVP AR1Focus",1,0.375,0.545454545454545,0,0.412537881313068,3
"rand1",2,27,"SVP AR1Focus TRUE/TRUE",1,0.375,0.545454545454545,0,0.412537881313068,3
"none",2.2,27,"PELT inflated",1,1,1,1,0.00328428359125769,1
"none",2.2,27,"PELT AR1 approximate",1,1,1,1,0.00328428359125769,1
"none",2.2,27,"SVP AR1Focus",1,1,1,1,0.00328428359125769,1
"none",2.2,27,"SVP AR1Focus TRUE/TRUE",1,1,1,1,0.00328428359125769,1
"up",2.2,27,"PELT inflated",0.833333333333333,0.625,0.714285714285714,0,0.823709154942825,6
"up",2.2,27,"PELT AR1 approximate",0.833333333333333,0.625,0.714285714285714,0,0.851811050466532,6
"up",2.2,27,"SVP AR1Focus",1,0.5,0.666666666666667,0,1.35150378841451,4
"up",2.2,27,"SVP AR1Focus TRUE/TRUE",1,0.5,0.666666666666667,0,1.35150378841451,4
"updown",2.2,27,"PELT inflated",1,0.25,0.4,0,1.11863845952994,2
"updown",2.2,27,"PELT AR1 approximate",1,1,1,1,0.111512338618448,8
"updown",2.2,27,"SVP AR1Focus",1,0.25,0.4,0,1.06357150654725,2
"updown",2.2,27,"SVP AR1Focus TRUE/TRUE",0.666666666666667,0.25,0.363636363636364,0,1.03483533626213,3
"rand1",2.2,27,"PELT inflated",1,0.375,0.545454545454545,0,0.479245615294749,3
"rand1",2.2,27,"PELT AR1 approximate",1,0.625,0.769230769230769,0,0.0711517025476412,5
"rand1",2.2,27,"SVP AR1Focus",1,0.25,0.4,0,1.14137027707389,2
"rand1",2.2,27,"SVP AR1Focus TRUE/TRUE",1,0.25,0.4,0,1.14137027707389,2
"none",2.4,27,"PELT inflated",1,1,1,1,0.00101895695570975,1
"none",2.4,27,"PELT AR1 approximate",1,1,1,1,0.00101895695570975,1
"none",2.4,27,"SVP AR1Focus",1,1,1,1,0.00101895695570975,1
"none",2.4,27,"SVP AR1Focus TRUE/TRUE",1,1,1,1,0.00101895695570975,1
"up",2.4,27,"PELT inflated",0.666666666666667,0.5,0.571428571428572,0,0.923074601018862,6
"up",2.4,27,"PELT AR1 approximate",1,1,1,1,0.0837383452023634,8
"up",2.4,27,"SVP AR1Focus",1,0.5,0.666666666666667,0,1.49444494881555,4
"up",2.4,27,"SVP AR1Focus TRUE/TRUE",1,0.5,0.666666666666667,0,1.49444494881555,4
"updown",2.4,27,"PELT inflated",1,0.125,0.222222222222222,0,1.46333831756931,1
"updown",2.4,27,"PELT AR1 approximate",1,1,1,1,0.0382915733444771,8
"updown",2.4,27,"SVP AR1Focus",1,0.125,0.222222222222222,0,1.46333831756931,1
"updown",2.4,27,"SVP AR1Focus TRUE/TRUE",1,0.125,0.222222222222222,0,1.46333831756931,1
"rand1",2.4,27,"PELT inflated",1,0.625,0.769230769230769,0,0.124681657103448,5
"rand1",2.4,27,"PELT AR1 approximate",1,0.625,0.769230769230769,0,0.124681657103448,5
"rand1",2.4,27,"SVP AR1Focus",1,0.5,0.666666666666667,0,0.501295455864615,4
"rand1",2.4,27,"SVP AR1Focus TRUE/TRUE",1,0.5,0.666666666666667,0,0.501295455864615,4
"none",2.6,27,"PELT inflated",1,1,1,1,8.38342869719226e-05,1
"none",2.6,27,"PELT AR1 approximate",1,1,1,1,8.38342869719226e-05,1
"none",2.6,27,"SVP AR1Focus",1,1,1,1,8.38342869719226e-05,1
"none",2.6,27,"SVP AR1Focus TRUE/TRUE",1,1,1,1,8.38342869719226e-05,1
"up",2.6,27,"PELT inflated",0.857142857142857,0.75,0.8,0,0.643828463549843,7
"up",2.6,27,"PELT AR1 approximate",0.875,0.875,0.875,1,0.299953838061076,8
"up",2.6,27,"SVP AR1Focus",0.6,0.375,0.461538461538462,0,1.60089900355875,5
"up",2.6,27,"SVP AR1Focus TRUE/TRUE",0.4,0.25,0.307692307692308,0,1.7103910081498,5
"updown",2.6,27,"PELT inflated",1,0.125,0.222222222222222,0,1.71929987826796,1
"updown",2.6,27,"PELT AR1 approximate",0.875,0.875,0.875,1,0.232529323013519,8
"updown",2.6,27,"SVP AR1Focus",1,0.25,0.4,0,1.47798248376442,2
"updown",2.6,27,"SVP AR1Focus TRUE/TRUE",0.75,0.375,0.5,0,1.11497623240275,4
"rand1",2.6,27,"PELT inflated",1,0.375,0.545454545454545,0,0.683477165392444,3
"rand1",2.6,27,"PELT AR1 approximate",1,0.625,0.769230769230769,0,0.179786639238532,5
"rand1",2.6,27,"SVP AR1Focus",1,0.5,0.666666666666667,0,0.612602852869676,4
"rand1",2.6,27,"SVP AR1Focus TRUE/TRUE",1,0.5,0.666666666666667,0,0.612602852869676,4
"none",2.8,27,"PELT inflated",1,1,1,1,0.0846166296716712,1
"none",2.8,27,"PELT AR1 approximate",1,1,1,1,0.0846166296716712,1
"none",2.8,27,"SVP AR1Focus",1,1,1,1,0.0846166296716712,1
"none",2.8,27,"SVP AR1Focus TRUE/TRUE",1,1,1,1,0.0846166296716712,1
"up",2.8,27,"PELT inflated",1,0.875,0.933333333333333,0,0.549417057614076,7
"up",2.8,27,"PELT AR1 approximate",1,1,1,1,0.100237592534618,8
"up",2.8,27,"SVP AR1Focus",0.8,0.5,0.615384615384615,0,1.66249445556278,5
"up",2.8,27,"SVP AR1Focus TRUE/TRUE",0.8,0.5,0.615384615384615,0,1.66249445556278,5
"updown",2.8,27,"PELT inflated",1,1,1,1,0.242828714012741,8
"updown",2.8,27,"PELT AR1 approximate",1,1,1,1,0.200472138420518,8
"updown",2.8,27,"SVP AR1Focus",0.4,0.25,0.307692307692308,0,1.63412916310788,5
"updown",2.8,27,"SVP AR1Focus TRUE/TRUE",0.857142857142857,0.75,0.8,0,0.850495559759117,7
"rand1",2.8,27,"PELT inflated",1,0.625,0.769230769230769,0,0.15488694403385,5
"rand1",2.8,27,"PELT AR1 approximate",1,0.625,0.769230769230769,0,0.15488694403385,5
"rand1",2.8,27,"SVP AR1Focus",0.75,0.375,0.5,0,0.766273456325903,4
"rand1",2.8,27,"SVP AR1Focus TRUE/TRUE",1,0.625,0.769230769230769,0,0.15488694403385,5
"none",3,27,"PELT inflated",1,1,1,1,0.00529994372202252,1
"none",3,27,"PELT AR1 approximate",1,1,1,1,0.00529994372202252,1
"none",3,27,"SVP AR1Focus",1,1,1,1,0.00529994372202252,1
"none",3,27,"SVP AR1Focus TRUE/TRUE",1,1,1,1,0.00529994372202252,1
"up",3,27,"PELT inflated",1,1,1,1,0.14014727120323,8
"up",3,27,"PELT AR1 approximate",1,1,1,1,0.14014727120323,8
"up",3,27,"SVP AR1Focus",0.8,0.5,0.615384615384615,0,1.96967191488142,5
"up",3,27,"SVP AR1Focus TRUE/TRUE",1,0.75,0.857142857142857,0,1.22600157839048,6
"updown",3,27,"PELT inflated",1,0.75,0.857142857142857,0,0.869379744959439,6
"updown",3,27,"PELT AR1 approximate",1,1,1,1,0.163595048401421,8
"updown",3,27,"SVP AR1Focus",0.666666666666667,0.25,0.363636363636364,0,1.8201713195128,3
"updown",3,27,"SVP AR1Focus TRUE/TRUE",1,0.625,0.769230769230769,0,1.4320584645739,5
"rand1",3,27,"PELT inflated",1,0.625,0.769230769230769,0,0.189873396044307,5
"rand1",3,27,"PELT AR1 approximate",1,0.625,0.769230769230769,0,0.189873396044307,5
"rand1",3,27,"SVP AR1Focus",1,0.625,0.769230769230769,0,0.189873396044307,5
"rand1",3,27,"SVP AR1Focus TRUE/TRUE",1,0.625,0.769230769230769,0,0.189873396044307,5
"none",1,28,"PELT inflated",1,1,1,1,0.0339129943629384,1
"none",1,28,"PELT AR1 approximate",1,1,1,1,0.0339129943629384,1
"none",1,28,"SVP AR1Focus",1,1,1,1,0.0339129943629384,1
"none",1,28,"SVP AR1Focus TRUE/TRUE",1,1,1,1,0.0339129943629384,1
"up",1,28,"PELT inflated",0.5,0.25,0.333333333333333,0,0.432461453339797,4
"up",1,28,"PELT AR1 approximate",1,0.5,0.666666666666667,0,0.278105137235935,4
"up",1,28,"SVP AR1Focus",0.666666666666667,0.25,0.363636363636364,0,0.753851522526811,3
"up",1,28,"SVP AR1Focus TRUE/TRUE",0.666666666666667,0.25,0.363636363636364,0,0.753851522526811,3
"updown",1,28,"PELT inflated",1,0.125,0.222222222222222,0,0.308435040447099,1
"updown",1,28,"PELT AR1 approximate",1,0.125,0.222222222222222,0,0.308435040447099,1
"updown",1,28,"SVP AR1Focus",1,0.125,0.222222222222222,0,0.308435040447099,1
"updown",1,28,"SVP AR1Focus TRUE/TRUE",1,0.125,0.222222222222222,0,0.308435040447099,1
"rand1",1,28,"PELT inflated",0.5,0.125,0.2,0,0.46228734799159,2
"rand1",1,28,"PELT AR1 approximate",0.666666666666667,0.25,0.363636363636364,0,0.51826414687001,3
"rand1",1,28,"SVP AR1Focus",1,0.125,0.222222222222222,0,0.393284092334353,1
"rand1",1,28,"SVP AR1Focus TRUE/TRUE",1,0.125,0.222222222222222,0,0.393284092334353,1
"none",1.2,28,"PELT inflated",1,1,1,1,0.0162204935956367,1
"none",1.2,28,"PELT AR1 approximate",1,1,1,1,0.0162204935956367,1
"none",1.2,28,"SVP AR1Focus",1,1,1,1,0.0162204935956367,1
"none",1.2,28,"SVP AR1Focus TRUE/TRUE",1,1,1,1,0.0162204935956367,1
"up",1.2,28,"PELT inflated",1,0.625,0.769230769230769,0,0.326911935771158,5
"up",1.2,28,"PELT AR1 approximate",0.8,0.5,0.615384615384615,0,0.405660743042947,5
"up",1.2,28,"SVP AR1Focus",0.666666666666667,0.25,0.363636363636364,0,0.896443467466994,3
"up",1.2,28,"SVP AR1Focus TRUE/TRUE",0.666666666666667,0.25,0.363636363636364,0,0.896443467466994,3
"updown",1.2,28,"PELT inflated",1,0.125,0.222222222222222,0,0.400718576631616,1
"updown",1.2,28,"PELT AR1 approximate",1,0.125,0.222222222222222,0,0.400718576631616,1
"updown",1.2,28,"SVP AR1Focus",1,0.125,0.222222222222222,0,0.400718576631616,1
"updown",1.2,28,"SVP AR1Focus TRUE/TRUE",1,0.125,0.222222222222222,0,0.400718576631616,1
"rand1",1.2,28,"PELT inflated",1,0.125,0.222222222222222,0,0.566606652223492,1
"rand1",1.2,28,"PELT AR1 approximate",0.666666666666667,0.25,0.363636363636364,0,0.177453396972876,3
"rand1",1.2,28,"SVP AR1Focus",1,0.125,0.222222222222222,0,0.566606652223492,1
"rand1",1.2,28,"SVP AR1Focus TRUE/TRUE",1,0.125,0.222222222222222,0,0.566606652223492,1
"none",1.4,28,"PELT inflated",1,1,1,1,0.0718011638049459,1
"none",1.4,28,"PELT AR1 approximate",1,1,1,1,0.0718011638049459,1
"none",1.4,28,"SVP AR1Focus",1,1,1,1,0.0718011638049459,1
"none",1.4,28,"SVP AR1Focus TRUE/TRUE",1,1,1,1,0.0718011638049459,1
"up",1.4,28,"PELT inflated",0.75,0.375,0.5,0,0.587822822511173,4
"up",1.4,28,"PELT AR1 approximate",0.8,0.5,0.615384615384615,0,0.479608301116792,5
"up",1.4,28,"SVP AR1Focus",1,0.375,0.545454545454545,0,1.14247692708061,3
"up",1.4,28,"SVP AR1Focus TRUE/TRUE",1,0.375,0.545454545454545,0,1.14247692708061,3
"updown",1.4,28,"PELT inflated",1,0.125,0.222222222222222,0,0.516701584901051,1
"updown",1.4,28,"PELT AR1 approximate",1,0.125,0.222222222222222,0,0.516701584901051,1
"updown",1.4,28,"SVP AR1Focus",1,0.125,0.222222222222222,0,0.516701584901051,1
"updown",1.4,28,"SVP AR1Focus TRUE/TRUE",1,0.125,0.222222222222222,0,0.516701584901051,1
"rand1",1.4,28,"PELT inflated",1,0.375,0.545454545454545,0,0.210701847258145,3
"rand1",1.4,28,"PELT AR1 approximate",1,0.625,0.769230769230769,0,0.0561809261864127,5
"rand1",1.4,28,"SVP AR1Focus",1,0.25,0.4,0,0.483603907890121,2
"rand1",1.4,28,"SVP AR1Focus TRUE/TRUE",1,0.25,0.4,0,0.483603907890121,2
"none",1.6,28,"PELT inflated",1,1,1,1,0.000186535894087963,1
"none",1.6,28,"PELT AR1 approximate",1,1,1,1,0.000186535894087963,1
"none",1.6,28,"SVP AR1Focus",1,1,1,1,0.000186535894087963,1
"none",1.6,28,"SVP AR1Focus TRUE/TRUE",1,1,1,1,0.000186535894087963,1
"up",1.6,28,"PELT inflated",0.6,0.375,0.461538461538462,0,0.747440251211336,5
"up",1.6,28,"PELT AR1 approximate",0.6,0.375,0.461538461538462,0,0.72353114750702,5
"up",1.6,28,"SVP AR1Focus",0.333333333333333,0.125,0.181818181818182,0,1.95222045628827,3
"up",1.6,28,"SVP AR1Focus TRUE/TRUE",0.333333333333333,0.125,0.181818181818182,0,1.95222045628827,3
"updown",1.6,28,"PELT inflated",1,0.125,0.222222222222222,0,0.648902306203939,1
"updown",1.6,28,"PELT AR1 approximate",1,0.125,0.222222222222222,0,0.648902306203939,1
"updown",1.6,28,"SVP AR1Focus",1,0.125,0.222222222222222,0,0.648902306203939,1
"updown",1.6,28,"SVP AR1Focus TRUE/TRUE",1,0.125,0.222222222222222,0,0.648902306203939,1
"rand1",1.6,28,"PELT inflated",0.333333333333333,0.125,0.181818181818182,0,0.392536053828262,3
"rand1",1.6,28,"PELT AR1 approximate",1,0.5,0.666666666666667,0,0.202198172263558,4
"rand1",1.6,28,"SVP AR1Focus",0.5,0.125,0.2,0,0.635494491043538,2
"rand1",1.6,28,"SVP AR1Focus TRUE/TRUE",0.5,0.125,0.2,0,0.635494491043538,2
"none",1.8,28,"PELT inflated",1,1,1,1,0.00561176534838075,1
"none",1.8,28,"PELT AR1 approximate",1,1,1,1,0.00561176534838075,1
"none",1.8,28,"SVP AR1Focus",1,1,1,1,0.00561176534838075,1
"none",1.8,28,"SVP AR1Focus TRUE/TRUE",1,1,1,1,0.00561176534838075,1
"up",1.8,28,"PELT inflated",0.8,0.5,0.615384615384615,0,0.871601163107042,5
"up",1.8,28,"PELT AR1 approximate",1,0.875,0.933333333333333,0,0.279765950746771,7
"up",1.8,28,"SVP AR1Focus",0.75,0.375,0.5,0,1.04128417607248,4
"up",1.8,28,"SVP AR1Focus TRUE/TRUE",0.75,0.375,0.5,0,1.04128417607248,4
"updown",1.8,28,"PELT inflated",1,0.125,0.222222222222222,0,0.812682855623139,1
"updown",1.8,28,"PELT AR1 approximate",1,0.25,0.4,0,0.731667697745794,2
"updown",1.8,28,"SVP AR1Focus",1,0.125,0.222222222222222,0,0.812682855623139,1
"updown",1.8,28,"SVP AR1Focus TRUE/TRUE",1,0.125,0.222222222222222,0,0.812682855623139,1
"rand1",1.8,28,"PELT inflated",0.5,0.125,0.2,0,0.882418798433701,2
"rand1",1.8,28,"PELT AR1 approximate",1,0.625,0.769230769230769,0,0.0609945477107509,5
"rand1",1.8,28,"SVP AR1Focus",0.5,0.125,0.2,0,0.882418798433701,2
"rand1",1.8,28,"SVP AR1Focus TRUE/TRUE",0.5,0.125,0.2,0,0.796225200161667,2
"none",2,28,"PELT inflated",1,1,1,1,0.00311498764701451,1
"none",2,28,"PELT AR1 approximate",1,1,1,1,0.00311498764701451,1
"none",2,28,"SVP AR1Focus",1,1,1,1,0.00311498764701451,1
"none",2,28,"SVP AR1Focus TRUE/TRUE",1,1,1,1,0.00311498764701451,1
"up",2,28,"PELT inflated",0.6,0.375,0.461538461538462,0,0.966211890371136,5
"up",2,28,"PELT AR1 approximate",0.833333333333333,0.625,0.714285714285714,0,0.693067800151815,6
"up",2,28,"SVP AR1Focus",0.666666666666667,0.25,0.363636363636364,0,2.49187650462488,3
"up",2,28,"SVP AR1Focus TRUE/TRUE",0.666666666666667,0.25,0.363636363636364,0,2.49187650462488,3
"updown",2,28,"PELT inflated",1,0.125,0.222222222222222,0,1.02627897213855,1
"updown",2,28,"PELT AR1 approximate",1,0.25,0.4,0,0.915490877055835,2
"updown",2,28,"SVP AR1Focus",1,0.125,0.222222222222222,0,1.02627897213855,1
"updown",2,28,"SVP AR1Focus TRUE/TRUE",1,0.125,0.222222222222222,0,1.02627897213855,1
"rand1",2,28,"PELT inflated",1,0.375,0.545454545454545,0,0.382065110250368,3
"rand1",2,28,"PELT AR1 approximate",1,0.625,0.769230769230769,0,0.0422335453745106,5
"rand1",2,28,"SVP AR1Focus",1,0.375,0.545454545454545,0,0.382065110250368,3
"rand1",2,28,"SVP AR1Focus TRUE/TRUE",1,0.375,0.545454545454545,0,0.382065110250368,3
"none",2.2,28,"PELT inflated",1,1,1,1,0.0146678057765172,1
"none",2.2,28,"PELT AR1 approximate",1,1,1,1,0.0146678057765172,1
"none",2.2,28,"SVP AR1Focus",1,1,1,1,0.0146678057765172,1
"none",2.2,28,"SVP AR1Focus TRUE/TRUE",1,1,1,1,0.0146678057765172,1
"up",2.2,28,"PELT inflated",0.8,0.5,0.615384615384615,0,1.3405616196556,5
"up",2.2,28,"PELT AR1 approximate",1,0.875,0.933333333333333,0,0.457402863061451,7
"up",2.2,28,"SVP AR1Focus",0.75,0.375,0.5,0,2.12093561067569,4
"up",2.2,28,"SVP AR1Focus TRUE/TRUE",0.75,0.375,0.5,0,2.12093561067569,4
"updown",2.2,28,"PELT inflated",0.666666666666667,0.25,0.363636363636364,0,1.11620185213277,3
"updown",2.2,28,"PELT AR1 approximate",1,1,1,1,0.132980497357194,8
"updown",2.2,28,"SVP AR1Focus",1,0.25,0.4,0,1.10211155021267,2
"updown",2.2,28,"SVP AR1Focus TRUE/TRUE",1,0.25,0.4,0,1.10211155021267,2
"rand1",2.2,28,"PELT inflated",1,0.375,0.545454545454545,0,0.491503706308376,3
"rand1",2.2,28,"PELT AR1 approximate",1,0.625,0.769230769230769,0,0.0900378902248856,5
"rand1",2.2,28,"SVP AR1Focus",1,0.25,0.4,0,1.29217834826119,2
"rand1",2.2,28,"SVP AR1Focus TRUE/TRUE",1,0.5,0.666666666666667,0,0.398969120518944,4
"none",2.4,28,"PELT inflated",1,1,1,1,0.00384361199261895,1
"none",2.4,28,"PELT AR1 approximate",1,1,1,1,0.00384361199261895,1
"none",2.4,28,"SVP AR1Focus",1,1,1,1,0.00384361199261895,1
"none",2.4,28,"SVP AR1Focus TRUE/TRUE",1,1,1,1,0.00384361199261895,1
"up",2.4,28,"PELT inflated",0.857142857142857,0.75,0.8,0,0.603492408819025,7
"up",2.4,28,"PELT AR1 approximate",1,1,1,1,0.132607162739228,8
"up",2.4,28,"SVP AR1Focus",0.75,0.375,0.5,0,1.83272875246239,4
"up",2.4,28,"SVP AR1Focus TRUE/TRUE",0.75,0.375,0.5,0,1.83272875246239,4
"updown",2.4,28,"PELT inflated",1,0.25,0.4,0,1.28441827469041,2
"updown",2.4,28,"PELT AR1 approximate",1,1,1,1,0.116463862621917,8
"updown",2.4,28,"SVP AR1Focus",1,0.125,0.222222222222222,0,1.44325992431809,1
"updown",2.4,28,"SVP AR1Focus TRUE/TRUE",1,0.125,0.222222222222222,0,1.44325992431809,1
"rand1",2.4,28,"PELT inflated",1,0.625,0.769230769230769,0,0.184933555052156,5
"rand1",2.4,28,"PELT AR1 approximate",1,0.625,0.769230769230769,0,0.169093639177247,5
"rand1",2.4,28,"SVP AR1Focus",1,0.625,0.769230769230769,0,0.184933555052156,5
"rand1",2.4,28,"SVP AR1Focus TRUE/TRUE",1,0.625,0.769230769230769,0,0.184933555052156,5
"none",2.6,28,"PELT inflated",1,1,1,1,0.0276312035991961,1
"none",2.6,28,"PELT AR1 approximate",1,1,1,1,0.0276312035991961,1
"none",2.6,28,"SVP AR1Focus",1,1,1,1,0.0276312035991961,1
"none",2.6,28,"SVP AR1Focus TRUE/TRUE",1,1,1,1,0.0276312035991961,1
"up",2.6,28,"PELT inflated",1,0.75,0.857142857142857,0,0.915826113754705,6
"up",2.6,28,"PELT AR1 approximate",1,1,1,1,0.126285198885662,8
"up",2.6,28,"SVP AR1Focus",0.75,0.375,0.5,0,1.97175020580054,4
"up",2.6,28,"SVP AR1Focus TRUE/TRUE",0.75,0.375,0.5,0,1.97175020580054,4
"updown",2.6,28,"PELT inflated",0.875,0.875,0.875,1,0.260849310476822,8
"updown",2.6,28,"PELT AR1 approximate",0.875,0.875,0.875,1,0.221622508437741,8
"updown",2.6,28,"SVP AR1Focus",0.5,0.125,0.2,0,1.59858308032082,2
"updown",2.6,28,"SVP AR1Focus TRUE/TRUE",0.2,0.125,0.153846153846154,0,1.50033929681093,5
"rand1",2.6,28,"PELT inflated",1,0.625,0.769230769230769,0,0.112642187160451,5
"rand1",2.6,28,"PELT AR1 approximate",1,0.625,0.769230769230769,0,0.0861752764122778,5
"rand1",2.6,28,"SVP AR1Focus",0.75,0.375,0.5,0,0.602909008036877,4
"rand1",2.6,28,"SVP AR1Focus TRUE/TRUE",0.75,0.375,0.5,0,0.602909008036877,4
"none",2.8,28,"PELT inflated",1,1,1,1,0.00319064273621605,1
"none",2.8,28,"PELT AR1 approximate",1,1,1,1,0.00319064273621605,1
"none",2.8,28,"SVP AR1Focus",1,1,1,1,0.00319064273621605,1
"none",2.8,28,"SVP AR1Focus TRUE/TRUE",1,1,1,1,0.00319064273621605,1
"up",2.8,28,"PELT inflated",1,1,1,1,0.118914685271603,8
"up",2.8,28,"PELT AR1 approximate",1,1,1,1,0.118914685271603,8
"up",2.8,28,"SVP AR1Focus",1,0.75,0.857142857142857,0,1.10547761407029,6
"up",2.8,28,"SVP AR1Focus TRUE/TRUE",1,0.75,0.857142857142857,0,1.10547761407029,6
"updown",2.8,28,"PELT inflated",1,0.75,0.857142857142857,0,0.801525202968624,6
"updown",2.8,28,"PELT AR1 approximate",1,1,1,1,0.0475159082080848,8
"updown",2.8,28,"SVP AR1Focus",1,0.25,0.4,0,1.70904601196011,2
"updown",2.8,28,"SVP AR1Focus TRUE/TRUE",0.75,0.375,0.5,0,1.6160285912791,4
"rand1",2.8,28,"PELT inflated",1,0.625,0.769230769230769,0,0.0896309029200675,5
"rand1",2.8,28,"PELT AR1 approximate",1,0.625,0.769230769230769,0,0.0896309029200675,5
"rand1",2.8,28,"SVP AR1Focus",1,0.5,0.666666666666667,0,0.600064416334013,4
"rand1",2.8,28,"SVP AR1Focus TRUE/TRUE",1,0.5,0.666666666666667,0,0.600064416334013,4
"none",3,28,"PELT inflated",1,1,1,1,0.0840063644369758,1
"none",3,28,"PELT AR1 approximate",1,1,1,1,0.0840063644369758,1
"none",3,28,"SVP AR1Focus",1,1,1,1,0.0840063644369758,1
"none",3,28,"SVP AR1Focus TRUE/TRUE",1,1,1,1,0.0840063644369758,1
"up",3,28,"PELT inflated",0.857142857142857,0.75,0.8,0,0.97358526727828,7
"up",3,28,"PELT AR1 approximate",1,1,1,1,0.174710792558205,8
"up",3,28,"SVP AR1Focus",0.833333333333333,0.625,0.714285714285714,0,1.52028572571188,6
"up",3,28,"SVP AR1Focus TRUE/TRUE",0.666666666666667,0.5,0.571428571428572,0,1.7661093542846,6
"updown",3,28,"PELT inflated",0.875,0.875,0.875,1,0.195373804232414,8
"updown",3,28,"PELT AR1 approximate",1,1,1,1,0.0445480728825818,8
"updown",3,28,"SVP AR1Focus",0.6,0.375,0.461538461538462,0,1.70550751237504,5
"updown",3,28,"SVP AR1Focus TRUE/TRUE",0.833333333333333,0.625,0.714285714285714,0,0.930640922999247,6
"rand1",3,28,"PELT inflated",1,0.625,0.769230769230769,0,0.223412010542179,5
"rand1",3,28,"PELT AR1 approximate",1,0.625,0.769230769230769,0,0.223412010542179,5
"rand1",3,28,"SVP AR1Focus",1,0.625,0.769230769230769,0,0.223412010542179,5
"rand1",3,28,"SVP AR1Focus TRUE/TRUE",1,0.625,0.769230769230769,0,0.223412010542179,5
"none",1,29,"PELT inflated",1,1,1,1,0.0168394457507454,1
"none",1,29,"PELT AR1 approximate",1,1,1,1,0.0168394457507454,1
"none",1,29,"SVP AR1Focus",1,1,1,1,0.0168394457507454,1
"none",1,29,"SVP AR1Focus TRUE/TRUE",1,1,1,1,0.0168394457507454,1
"up",1,29,"PELT inflated",0.75,0.375,0.5,0,0.392449837854998,4
"up",1,29,"PELT AR1 approximate",1,0.5,0.666666666666667,0,0.365165283705897,4
"up",1,29,"SVP AR1Focus",0.5,0.125,0.2,0,1.48498324355351,2
"up",1,29,"SVP AR1Focus TRUE/TRUE",0.5,0.125,0.2,0,1.48498324355351,2
"updown",1,29,"PELT inflated",1,0.125,0.222222222222222,0,0.250002109599446,1
"updown",1,29,"PELT AR1 approximate",1,0.125,0.222222222222222,0,0.250002109599446,1
"updown",1,29,"SVP AR1Focus",1,0.125,0.222222222222222,0,0.250002109599446,1
"updown",1,29,"SVP AR1Focus TRUE/TRUE",1,0.125,0.222222222222222,0,0.250002109599446,1
"rand1",1,29,"PELT inflated",1,0.125,0.222222222222222,0,0.393590596292858,1
"rand1",1,29,"PELT AR1 approximate",1,0.125,0.222222222222222,0,0.393590596292858,1
"rand1",1,29,"SVP AR1Focus",1,0.125,0.222222222222222,0,0.393590596292858,1
"rand1",1,29,"SVP AR1Focus TRUE/TRUE",1,0.125,0.222222222222222,0,0.393590596292858,1
"none",1.2,29,"PELT inflated",1,1,1,1,0.0202607778473043,1
"none",1.2,29,"PELT AR1 approximate",1,1,1,1,0.0202607778473043,1
"none",1.2,29,"SVP AR1Focus",1,1,1,1,0.0202607778473043,1
"none",1.2,29,"SVP AR1Focus TRUE/TRUE",1,1,1,1,0.0202607778473043,1
"up",1.2,29,"PELT inflated",0.25,0.125,0.166666666666667,0,0.606274380877664,4
"up",1.2,29,"PELT AR1 approximate",0.5,0.25,0.333333333333333,0,0.646089204029906,4
"up",1.2,29,"SVP AR1Focus",0.333333333333333,0.125,0.181818181818182,0,0.94312561075403,3
"up",1.2,29,"SVP AR1Focus TRUE/TRUE",0.333333333333333,0.125,0.181818181818182,0,0.94312561075403,3
"updown",1.2,29,"PELT inflated",1,0.125,0.222222222222222,0,0.421205543300475,1
"updown",1.2,29,"PELT AR1 approximate",1,0.125,0.222222222222222,0,0.421205543300475,1
"updown",1.2,29,"SVP AR1Focus",1,0.125,0.222222222222222,0,0.421205543300475,1
"updown",1.2,29,"SVP AR1Focus TRUE/TRUE",1,0.125,0.222222222222222,0,0.421205543300475,1
"rand1",1.2,29,"PELT inflated",1,0.125,0.222222222222222,0,0.568588441126296,1
"rand1",1.2,29,"PELT AR1 approximate",1,0.375,0.545454545454545,0,0.175396404148444,3
"rand1",1.2,29,"SVP AR1Focus",1,0.125,0.222222222222222,0,0.568588441126296,1
"rand1",1.2,29,"SVP AR1Focus TRUE/TRUE",1,0.125,0.222222222222222,0,0.568588441126296,1
"none",1.4,29,"PELT inflated",1,1,1,1,0.00598432878680955,1
"none",1.4,29,"PELT AR1 approximate",1,1,1,1,0.00598432878680955,1
"none",1.4,29,"SVP AR1Focus",1,1,1,1,0.00598432878680955,1
"none",1.4,29,"SVP AR1Focus TRUE/TRUE",1,1,1,1,0.00598432878680955,1
"up",1.4,29,"PELT inflated",0.75,0.375,0.5,0,0.785530250865631,4
"up",1.4,29,"PELT AR1 approximate",0.5,0.25,0.333333333333333,0,0.827341084206596,4
"up",1.4,29,"SVP AR1Focus",0.666666666666667,0.25,0.363636363636364,0,1.26094659488749,3
"up",1.4,29,"SVP AR1Focus TRUE/TRUE",0.666666666666667,0.25,0.363636363636364,0,1.26094659488749,3
"updown",1.4,29,"PELT inflated",1,0.125,0.222222222222222,0,0.490011022578354,1
"updown",1.4,29,"PELT AR1 approximate",1,0.125,0.222222222222222,0,0.490011022578354,1
"updown",1.4,29,"SVP AR1Focus",1,0.125,0.222222222222222,0,0.490011022578354,1
"updown",1.4,29,"SVP AR1Focus TRUE/TRUE",1,0.125,0.222222222222222,0,0.490011022578354,1
"rand1",1.4,29,"PELT inflated",1,0.25,0.4,0,0.471579197773942,2
"rand1",1.4,29,"PELT AR1 approximate",1,0.5,0.666666666666667,0,0.176868365877568,4
"rand1",1.4,29,"SVP AR1Focus",1,0.25,0.4,0,0.471579197773942,2
"rand1",1.4,29,"SVP AR1Focus TRUE/TRUE",1,0.25,0.4,0,0.471579197773942,2
"none",1.6,29,"PELT inflated",1,1,1,1,0.00981640579415303,1
"none",1.6,29,"PELT AR1 approximate",1,1,1,1,0.00981640579415303,1
"none",1.6,29,"SVP AR1Focus",1,1,1,1,0.00981640579415303,1
"none",1.6,29,"SVP AR1Focus TRUE/TRUE",1,1,1,1,0.00981640579415303,1
"up",1.6,29,"PELT inflated",0.6,0.375,0.461538461538462,0,0.83805136569979,5
"up",1.6,29,"PELT AR1 approximate",0.666666666666667,0.5,0.571428571428572,0,0.499060484324722,6
"up",1.6,29,"SVP AR1Focus",0.666666666666667,0.25,0.363636363636364,0,1.59270292632283,3
"up",1.6,29,"SVP AR1Focus TRUE/TRUE",0.666666666666667,0.25,0.363636363636364,0,1.59270292632283,3
"updown",1.6,29,"PELT inflated",1,0.125,0.222222222222222,0,0.674512177914776,1
"updown",1.6,29,"PELT AR1 approximate",1,0.5,0.666666666666667,0,0.442346137884713,4
"updown",1.6,29,"SVP AR1Focus",1,0.125,0.222222222222222,0,0.674512177914776,1
"updown",1.6,29,"SVP AR1Focus TRUE/TRUE",1,0.125,0.222222222222222,0,0.674512177914776,1
"rand1",1.6,29,"PELT inflated",1,0.375,0.545454545454545,0,0.345723583566832,3
"rand1",1.6,29,"PELT AR1 approximate",1,0.375,0.545454545454545,0,0.307926220769132,3
"rand1",1.6,29,"SVP AR1Focus",1,0.25,0.4,0,0.665973633585745,2
"rand1",1.6,29,"SVP AR1Focus TRUE/TRUE",1,0.25,0.4,0,0.711659788841092,2
"none",1.8,29,"PELT inflated",1,1,1,1,0.00649859506498273,1
"none",1.8,29,"PELT AR1 approximate",1,1,1,1,0.00649859506498273,1
"none",1.8,29,"SVP AR1Focus",1,1,1,1,0.00649859506498273,1
"none",1.8,29,"SVP AR1Focus TRUE/TRUE",1,1,1,1,0.00649859506498273,1
"up",1.8,29,"PELT inflated",0.6,0.375,0.461538461538462,0,0.853043328158803,5
"up",1.8,29,"PELT AR1 approximate",0.5,0.375,0.428571428571429,0,0.697460020009467,6
"up",1.8,29,"SVP AR1Focus",0.333333333333333,0.125,0.181818181818182,0,2.20708951235407,3
"up",1.8,29,"SVP AR1Focus TRUE/TRUE",0.333333333333333,0.125,0.181818181818182,0,2.20708951235407,3
"updown",1.8,29,"PELT inflated",1,0.125,0.222222222222222,0,0.818106023090445,1
"updown",1.8,29,"PELT AR1 approximate",1,0.375,0.545454545454545,0,0.721095769261342,3
"updown",1.8,29,"SVP AR1Focus",1,0.125,0.222222222222222,0,0.818106023090445,1
"updown",1.8,29,"SVP AR1Focus TRUE/TRUE",1,0.125,0.222222222222222,0,0.818106023090445,1
"rand1",1.8,29,"PELT inflated",1,0.375,0.545454545454545,0,0.343645633844972,3
"rand1",1.8,29,"PELT AR1 approximate",1,0.625,0.769230769230769,0,0.0775257235890155,5
"rand1",1.8,29,"SVP AR1Focus",0.5,0.125,0.2,0,0.851354231132484,2
"rand1",1.8,29,"SVP AR1Focus TRUE/TRUE",1,0.375,0.545454545454545,0,0.343645633844972,3
"none",2,29,"PELT inflated",1,1,1,1,0.0118218135992195,1
"none",2,29,"PELT AR1 approximate",1,1,1,1,0.0118218135992195,1
"none",2,29,"SVP AR1Focus",1,1,1,1,0.0118218135992195,1
"none",2,29,"SVP AR1Focus TRUE/TRUE",1,1,1,1,0.0118218135992195,1
"up",2,29,"PELT inflated",1,0.5,0.666666666666667,0,1.12610798570093,4
"up",2,29,"PELT AR1 approximate",1,0.75,0.857142857142857,0,0.542931186309223,6
"up",2,29,"SVP AR1Focus",1,0.5,0.666666666666667,0,1.12610798570093,4
"up",2,29,"SVP AR1Focus TRUE/TRUE",1,0.5,0.666666666666667,0,1.12610798570093,4
"updown",2,29,"PELT inflated",1,0.125,0.222222222222222,0,1.01118297627352,1
"updown",2,29,"PELT AR1 approximate",1,1,1,1,0.13373448442469,8
"updown",2,29,"SVP AR1Focus",1,0.125,0.222222222222222,0,1.01118297627352,1
"updown",2,29,"SVP AR1Focus TRUE/TRUE",1,0.125,0.222222222222222,0,1.01118297627352,1
"rand1",2,29,"PELT inflated",1,0.375,0.545454545454545,0,0.387353837500741,3
"rand1",2,29,"PELT AR1 approximate",1,0.625,0.769230769230769,0,0.0596502275045426,5
"rand1",2,29,"SVP AR1Focus",0.666666666666667,0.25,0.363636363636364,0,0.96194308387875,3
"rand1",2,29,"SVP AR1Focus TRUE/TRUE",1,0.5,0.666666666666667,0,0.317983012462589,4
"none",2.2,29,"PELT inflated",1,1,1,1,0.00779058619728202,1
"none",2.2,29,"PELT AR1 approximate",1,1,1,1,0.00779058619728202,1
"none",2.2,29,"SVP AR1Focus",1,1,1,1,0.00779058619728202,1
"none",2.2,29,"SVP AR1Focus TRUE/TRUE",1,1,1,1,0.00779058619728202,1
"up",2.2,29,"PELT inflated",0.666666666666667,0.5,0.571428571428572,0,0.898602868444325,6
"up",2.2,29,"PELT AR1 approximate",1,0.875,0.933333333333333,0,0.419255415965279,7
"up",2.2,29,"SVP AR1Focus",0.75,0.375,0.5,0,1.61099655295939,4
"up",2.2,29,"SVP AR1Focus TRUE/TRUE",0.75,0.375,0.5,0,1.61099655295939,4
"updown",2.2,29,"PELT inflated",1,0.125,0.222222222222222,0,1.22106306980426,1
"updown",2.2,29,"PELT AR1 approximate",1,0.375,0.545454545454545,0,1.03972476674253,3
"updown",2.2,29,"SVP AR1Focus",1,0.125,0.222222222222222,0,1.22106306980426,1
"updown",2.2,29,"SVP AR1Focus TRUE/TRUE",1,0.125,0.222222222222222,0,1.22106306980426,1
"rand1",2.2,29,"PELT inflated",1,0.375,0.545454545454545,0,0.482787003306868,3
"rand1",2.2,29,"PELT AR1 approximate",1,0.625,0.769230769230769,0,0.0803802696138319,5
"rand1",2.2,29,"SVP AR1Focus",1,0.5,0.666666666666667,0,0.399580052644092,4
"rand1",2.2,29,"SVP AR1Focus TRUE/TRUE",1,0.5,0.666666666666667,0,0.399580052644092,4
"none",2.4,29,"PELT inflated",1,1,1,1,0.00369254920624523,1
"none",2.4,29,"PELT AR1 approximate",1,1,1,1,0.00369254920624523,1
"none",2.4,29,"SVP AR1Focus",1,1,1,1,0.00369254920624523,1
"none",2.4,29,"SVP AR1Focus TRUE/TRUE",1,1,1,1,0.00369254920624523,1
"up",2.4,29,"PELT inflated",1,0.75,0.857142857142857,0,0.936965256851452,6
"up",2.4,29,"PELT AR1 approximate",0.857142857142857,0.75,0.8,0,0.513366139316944,7
"up",2.4,29,"SVP AR1Focus",1,0.625,0.769230769230769,0,1.36249942542356,5
"up",2.4,29,"SVP AR1Focus TRUE/TRUE",1,0.625,0.769230769230769,0,1.36249942542356,5
"updown",2.4,29,"PELT inflated",1,0.5,0.666666666666667,0,0.91349187179454,4
"updown",2.4,29,"PELT AR1 approximate",1,1,1,1,0.0617395736210813,8
"updown",2.4,29,"SVP AR1Focus",1,0.125,0.222222222222222,0,1.44292545614328,1
"updown",2.4,29,"SVP AR1Focus TRUE/TRUE",1,0.125,0.222222222222222,0,1.44292545614328,1
"rand1",2.4,29,"PELT inflated",1,0.375,0.545454545454545,0,0.60308808266637,3
"rand1",2.4,29,"PELT AR1 approximate",1,0.625,0.769230769230769,0,0.147937645064097,5
"rand1",2.4,29,"SVP AR1Focus",1,0.5,0.666666666666667,0,0.506566146171012,4
"rand1",2.4,29,"SVP AR1Focus TRUE/TRUE",1,0.5,0.666666666666667,0,0.506566146171012,4
"none",2.6,29,"PELT inflated",1,1,1,1,4.90508808621634e-05,1
"none",2.6,29,"PELT AR1 approximate",1,1,1,1,4.90508808621634e-05,1
"none",2.6,29,"SVP AR1Focus",1,1,1,1,4.90508808621634e-05,1
"none",2.6,29,"SVP AR1Focus TRUE/TRUE",1,1,1,1,4.90508808621634e-05,1
"up",2.6,29,"PELT inflated",0.5,0.375,0.428571428571429,0,1.29830172617746,6
"up",2.6,29,"PELT AR1 approximate",1,1,1,1,0.0586199570335369,8
"up",2.6,29,"SVP AR1Focus",0.8,0.5,0.615384615384615,0,1.36110067434749,5
"up",2.6,29,"SVP AR1Focus TRUE/TRUE",0.8,0.5,0.615384615384615,0,1.36110067434749,5
"updown",2.6,29,"PELT inflated",1,0.125,0.222222222222222,0,1.72889807791441,1
"updown",2.6,29,"PELT AR1 approximate",1,0.75,0.857142857142857,0,0.613320282846252,6
"updown",2.6,29,"SVP AR1Focus",1,0.25,0.4,0,1.48938491193983,2
"updown",2.6,29,"SVP AR1Focus TRUE/TRUE",0.666666666666667,0.25,0.363636363636364,0,1.38913273594624,3
"rand1",2.6,29,"PELT inflated",1,0.625,0.769230769230769,0,0.104977780603471,5
"rand1",2.6,29,"PELT AR1 approximate",1,0.625,0.769230769230769,0,0.104977780603471,5
"rand1",2.6,29,"SVP AR1Focus",1,0.5,0.666666666666667,0,0.545638417687633,4
"rand1",2.6,29,"SVP AR1Focus TRUE/TRUE",1,0.5,0.666666666666667,0,0.545638417687633,4
"none",2.8,29,"PELT inflated",1,1,1,1,8.25336875065989e-05,1
"none",2.8,29,"PELT AR1 approximate",1,1,1,1,8.25336875065989e-05,1
"none",2.8,29,"SVP AR1Focus",1,1,1,1,8.25336875065989e-05,1
"none",2.8,29,"SVP AR1Focus TRUE/TRUE",1,1,1,1,8.25336875065989e-05,1
"up",2.8,29,"PELT inflated",0.875,0.875,0.875,1,0.299195197801529,8
"up",2.8,29,"PELT AR1 approximate",1,1,1,1,0.0605497203910336,8
"up",2.8,29,"SVP AR1Focus",0.8,0.5,0.615384615384615,0,1.58574381166611,5
"up",2.8,29,"SVP AR1Focus TRUE/TRUE",0.8,0.5,0.615384615384615,0,1.58574381166611,5
"updown",2.8,29,"PELT inflated",1,0.5,0.666666666666667,0,1.21092118582587,4
"updown",2.8,29,"PELT AR1 approximate",0.875,0.875,0.875,1,0.163312138682195,8
"updown",2.8,29,"SVP AR1Focus",1,0.125,0.222222222222222,0,1.960501814736,1
"updown",2.8,29,"SVP AR1Focus TRUE/TRUE",1,0.125,0.222222222222222,0,1.960501814736,1
"rand1",2.8,29,"PELT inflated",1,0.625,0.769230769230769,0,0.151861253751534,5
"rand1",2.8,29,"PELT AR1 approximate",1,0.625,0.769230769230769,0,0.151861253751534,5
"rand1",2.8,29,"SVP AR1Focus",1,0.625,0.769230769230769,0,0.151861253751534,5
"rand1",2.8,29,"SVP AR1Focus TRUE/TRUE",1,0.625,0.769230769230769,0,0.151861253751534,5
"none",3,29,"PELT inflated",1,1,1,1,0.0131568354820015,1
"none",3,29,"PELT AR1 approximate",1,1,1,1,0.0131568354820015,1
"none",3,29,"SVP AR1Focus",1,1,1,1,0.0131568354820015,1
"none",3,29,"SVP AR1Focus TRUE/TRUE",1,1,1,1,0.0131568354820015,1
"up",3,29,"PELT inflated",1,1,1,1,0.0913569937051489,8
"up",3,29,"PELT AR1 approximate",1,1,1,1,0.0913569937051489,8
"up",3,29,"SVP AR1Focus",0.8,0.5,0.615384615384615,0,2.00180281998494,5
"up",3,29,"SVP AR1Focus TRUE/TRUE",0.833333333333333,0.625,0.714285714285714,0,1.39147860771792,6
"updown",3,29,"PELT inflated",1,1,1,1,0.127040322224484,8
"updown",3,29,"PELT AR1 approximate",1,1,1,1,0.127040322224484,8
"updown",3,29,"SVP AR1Focus",0.833333333333333,0.625,0.714285714285714,0,0.959405784753137,6
"updown",3,29,"SVP AR1Focus TRUE/TRUE",0.857142857142857,0.75,0.8,0,0.803037719951073,7
"rand1",3,29,"PELT inflated",0.8,0.5,0.615384615384615,0,0.3910952977727,5
"rand1",3,29,"PELT AR1 approximate",1,0.625,0.769230769230769,0,0.128627889100909,5
"rand1",3,29,"SVP AR1Focus",0.8,0.5,0.615384615384615,0,0.3910952977727,5
"rand1",3,29,"SVP AR1Focus TRUE/TRUE",0.8,0.5,0.615384615384615,0,0.3910952977727,5
"none",1,30,"PELT inflated",1,1,1,1,0.0146840533342281,1
"none",1,30,"PELT AR1 approximate",1,1,1,1,0.0146840533342281,1
"none",1,30,"SVP AR1Focus",1,1,1,1,0.0146840533342281,1
"none",1,30,"SVP AR1Focus TRUE/TRUE",1,1,1,1,0.0146840533342281,1
"up",1,30,"PELT inflated",0.666666666666667,0.25,0.363636363636364,0,0.682181856883278,3
"up",1,30,"PELT AR1 approximate",0.5,0.25,0.333333333333333,0,0.470692736209509,4
"up",1,30,"SVP AR1Focus",0.666666666666667,0.25,0.363636363636364,0,0.682181856883278,3
"up",1,30,"SVP AR1Focus TRUE/TRUE",0.666666666666667,0.25,0.363636363636364,0,0.682181856883278,3
"updown",1,30,"PELT inflated",1,0.125,0.222222222222222,0,0.253120712583338,1
"updown",1,30,"PELT AR1 approximate",1,0.125,0.222222222222222,0,0.253120712583338,1
"updown",1,30,"SVP AR1Focus",1,0.125,0.222222222222222,0,0.253120712583338,1
"updown",1,30,"SVP AR1Focus TRUE/TRUE",1,0.125,0.222222222222222,0,0.253120712583338,1
"rand1",1,30,"PELT inflated",1,0.125,0.222222222222222,0,0.392921479188413,1
"rand1",1,30,"PELT AR1 approximate",1,0.25,0.4,0,0.241649676202596,2
"rand1",1,30,"SVP AR1Focus",1,0.125,0.222222222222222,0,0.392921479188413,1
"rand1",1,30,"SVP AR1Focus TRUE/TRUE",1,0.125,0.222222222222222,0,0.392921479188413,1
"none",1.2,30,"PELT inflated",1,1,1,1,0.121190550215849,1
"none",1.2,30,"PELT AR1 approximate",1,1,1,1,0.121190550215849,1
"none",1.2,30,"SVP AR1Focus",1,1,1,1,0.121190550215849,1
"none",1.2,30,"SVP AR1Focus TRUE/TRUE",1,1,1,1,0.121190550215849,1
"up",1.2,30,"PELT inflated",0.75,0.375,0.5,0,0.430562317421227,4
"up",1.2,30,"PELT AR1 approximate",0.75,0.375,0.5,0,0.428466322187444,4
"up",1.2,30,"SVP AR1Focus",0.333333333333333,0.125,0.181818181818182,0,1.09287792316052,3
"up",1.2,30,"SVP AR1Focus TRUE/TRUE",0.333333333333333,0.125,0.181818181818182,0,1.09287792316052,3
"updown",1.2,30,"PELT inflated",1,0.125,0.222222222222222,0,0.360997588013096,1
"updown",1.2,30,"PELT AR1 approximate",1,0.125,0.222222222222222,0,0.360997588013096,1
"updown",1.2,30,"SVP AR1Focus",1,0.125,0.222222222222222,0,0.360997588013096,1
"updown",1.2,30,"SVP AR1Focus TRUE/TRUE",1,0.125,0.222222222222222,0,0.360997588013096,1
"rand1",1.2,30,"PELT inflated",1,0.125,0.222222222222222,0,0.592301494325642,1
"rand1",1.2,30,"PELT AR1 approximate",1,0.125,0.222222222222222,0,0.592301494325642,1
"rand1",1.2,30,"SVP AR1Focus",1,0.125,0.222222222222222,0,0.592301494325642,1
"rand1",1.2,30,"SVP AR1Focus TRUE/TRUE",1,0.125,0.222222222222222,0,0.592301494325642,1
"none",1.4,30,"PELT inflated",1,1,1,1,0.0201554639233818,1
"none",1.4,30,"PELT AR1 approximate",1,1,1,1,0.0201554639233818,1
"none",1.4,30,"SVP AR1Focus",1,1,1,1,0.0201554639233818,1
"none",1.4,30,"SVP AR1Focus TRUE/TRUE",1,1,1,1,0.0201554639233818,1
"up",1.4,30,"PELT inflated",0.75,0.375,0.5,0,0.68674010364421,4
"up",1.4,30,"PELT AR1 approximate",1,0.5,0.666666666666667,0,0.579555811881766,4
"up",1.4,30,"SVP AR1Focus",0.666666666666667,0.25,0.363636363636364,0,1.46058120257857,3
"up",1.4,30,"SVP AR1Focus TRUE/TRUE",0.666666666666667,0.25,0.363636363636364,0,1.46058120257857,3
"updown",1.4,30,"PELT inflated",1,0.125,0.222222222222222,0,0.507758481840229,1
"updown",1.4,30,"PELT AR1 approximate",1,0.25,0.4,0,0.526428315433238,2
"updown",1.4,30,"SVP AR1Focus",1,0.125,0.222222222222222,0,0.507758481840229,1
"updown",1.4,30,"SVP AR1Focus TRUE/TRUE",1,0.125,0.222222222222222,0,0.507758481840229,1
"rand1",1.4,30,"PELT inflated",1,0.375,0.545454545454545,0,0.236090443397346,3
"rand1",1.4,30,"PELT AR1 approximate",1,0.375,0.545454545454545,0,0.213805318147996,3
"rand1",1.4,30,"SVP AR1Focus",1,0.25,0.4,0,0.470834639899694,2
"rand1",1.4,30,"SVP AR1Focus TRUE/TRUE",1,0.25,0.4,0,0.470834639899694,2
"none",1.6,30,"PELT inflated",1,1,1,1,0.00748432202422385,1
"none",1.6,30,"PELT AR1 approximate",1,1,1,1,0.00748432202422385,1
"none",1.6,30,"SVP AR1Focus",1,1,1,1,0.00748432202422385,1
"none",1.6,30,"SVP AR1Focus TRUE/TRUE",1,1,1,1,0.00748432202422385,1
"up",1.6,30,"PELT inflated",0.2,0.125,0.153846153846154,0,0.774890595177307,5
"up",1.6,30,"PELT AR1 approximate",0.666666666666667,0.5,0.571428571428572,0,0.426889301347837,6
"up",1.6,30,"SVP AR1Focus",0.333333333333333,0.125,0.181818181818182,0,1.74815451289466,3
"up",1.6,30,"SVP AR1Focus TRUE/TRUE",0.333333333333333,0.125,0.181818181818182,0,1.74815451289466,3
"updown",1.6,30,"PELT inflated",1,0.125,0.222222222222222,0,0.672389363746226,1
"updown",1.6,30,"PELT AR1 approximate",1,0.25,0.4,0,0.68972010885691,2
"updown",1.6,30,"SVP AR1Focus",1,0.125,0.222222222222222,0,0.672389363746226,1
"updown",1.6,30,"SVP AR1Focus TRUE/TRUE",1,0.125,0.222222222222222,0,0.672389363746226,1
"rand1",1.6,30,"PELT inflated",1,0.375,0.545454545454545,0,0.24348439091874,3
"rand1",1.6,30,"PELT AR1 approximate",1,0.625,0.769230769230769,0,0.0483488292953471,5
"rand1",1.6,30,"SVP AR1Focus",1,0.25,0.4,0,0.670641162791299,2
"rand1",1.6,30,"SVP AR1Focus TRUE/TRUE",1,0.25,0.4,0,0.600088902205665,2
"none",1.8,30,"PELT inflated",1,1,1,1,0.00174835226427483,1
"none",1.8,30,"PELT AR1 approximate",1,1,1,1,0.00174835226427483,1
"none",1.8,30,"SVP AR1Focus",1,1,1,1,0.00174835226427483,1
"none",1.8,30,"SVP AR1Focus TRUE/TRUE",1,1,1,1,0.00174835226427483,1
"up",1.8,30,"PELT inflated",0.8,0.5,0.615384615384615,0,0.731469652276095,5
"up",1.8,30,"PELT AR1 approximate",0.8,0.5,0.615384615384615,0,0.711821412864403,5
"up",1.8,30,"SVP AR1Focus",1,0.375,0.545454545454545,0,1.88010076192435,3
"up",1.8,30,"SVP AR1Focus TRUE/TRUE",1,0.375,0.545454545454545,0,1.88606529489206,3
"updown",1.8,30,"PELT inflated",1,0.125,0.222222222222222,0,0.822835817325601,1
"updown",1.8,30,"PELT AR1 approximate",1,0.25,0.4,0,0.725237854369513,2
"updown",1.8,30,"SVP AR1Focus",1,0.125,0.222222222222222,0,0.822835817325601,1
"updown",1.8,30,"SVP AR1Focus TRUE/TRUE",1,0.125,0.222222222222222,0,0.822835817325601,1
"rand1",1.8,30,"PELT inflated",1,0.375,0.545454545454545,0,0.32907504522131,3
"rand1",1.8,30,"PELT AR1 approximate",1,0.5,0.666666666666667,0,0.267007496027733,4
"rand1",1.8,30,"SVP AR1Focus",0.5,0.125,0.2,0,0.89384744239346,2
"rand1",1.8,30,"SVP AR1Focus TRUE/TRUE",0.5,0.125,0.2,0,0.98250957612129,2
"none",2,30,"PELT inflated",1,1,1,1,0.014983757140582,1
"none",2,30,"PELT AR1 approximate",1,1,1,1,0.014983757140582,1
"none",2,30,"SVP AR1Focus",1,1,1,1,0.014983757140582,1
"none",2,30,"SVP AR1Focus TRUE/TRUE",1,1,1,1,0.014983757140582,1
"up",2,30,"PELT inflated",0.75,0.375,0.5,0,1.24603327735836,4
"up",2,30,"PELT AR1 approximate",0.833333333333333,0.625,0.714285714285714,0,0.652584111031275,6
"up",2,30,"SVP AR1Focus",0.75,0.375,0.5,0,1.24603327735836,4
"up",2,30,"SVP AR1Focus TRUE/TRUE",0.75,0.375,0.5,0,1.24603327735836,4
"updown",2,30,"PELT inflated",1,0.125,0.222222222222222,0,1.04146712475665,1
"updown",2,30,"PELT AR1 approximate",0.8,0.5,0.615384615384615,0,0.78560980493519,5
"updown",2,30,"SVP AR1Focus",1,0.125,0.222222222222222,0,1.04146712475665,1
"updown",2,30,"SVP AR1Focus TRUE/TRUE",1,0.125,0.222222222222222,0,1.04146712475665,1
"rand1",2,30,"PELT inflated",1,0.375,0.545454545454545,0,0.455734787002476,3
"rand1",2,30,"PELT AR1 approximate",1,0.625,0.769230769230769,0,0.123385510665199,5
"rand1",2,30,"SVP AR1Focus",1,0.375,0.545454545454545,0,0.455734787002476,3
"rand1",2,30,"SVP AR1Focus TRUE/TRUE",1,0.375,0.545454545454545,0,0.455734787002476,3
"none",2.2,30,"PELT inflated",1,1,1,1,0.0396090973359563,1
"none",2.2,30,"PELT AR1 approximate",1,1,1,1,0.0396090973359563,1
"none",2.2,30,"SVP AR1Focus",1,1,1,1,0.0396090973359563,1
"none",2.2,30,"SVP AR1Focus TRUE/TRUE",1,1,1,1,0.0396090973359563,1
"up",2.2,30,"PELT inflated",0.8,0.5,0.615384615384615,0,1.18503504496537,5
"up",2.2,30,"PELT AR1 approximate",0.875,0.875,0.875,1,0.288757171021915,8
"up",2.2,30,"SVP AR1Focus",0.75,0.375,0.5,0,1.3919646507284,4
"up",2.2,30,"SVP AR1Focus TRUE/TRUE",0.75,0.375,0.5,0,1.3919646507284,4
"updown",2.2,30,"PELT inflated",1,0.125,0.222222222222222,0,1.2153413938283,1
"updown",2.2,30,"PELT AR1 approximate",1,0.5,0.666666666666667,0,0.821096667632784,4
"updown",2.2,30,"SVP AR1Focus",1,0.125,0.222222222222222,0,1.2153413938283,1
"updown",2.2,30,"SVP AR1Focus TRUE/TRUE",1,0.125,0.222222222222222,0,1.2153413938283,1
"rand1",2.2,30,"PELT inflated",1,0.375,0.545454545454545,0,0.493179614111081,3
"rand1",2.2,30,"PELT AR1 approximate",1,0.625,0.769230769230769,0,0.0902243096821492,5
"rand1",2.2,30,"SVP AR1Focus",1,0.5,0.666666666666667,0,0.40231020342595,4
"rand1",2.2,30,"SVP AR1Focus TRUE/TRUE",1,0.5,0.666666666666667,0,0.40231020342595,4
"none",2.4,30,"PELT inflated",1,1,1,1,0.0107988772930551,1
"none",2.4,30,"PELT AR1 approximate",1,1,1,1,0.0107988772930551,1
"none",2.4,30,"SVP AR1Focus",1,1,1,1,0.0107988772930551,1
"none",2.4,30,"SVP AR1Focus TRUE/TRUE",1,1,1,1,0.0107988772930551,1
"up",2.4,30,"PELT inflated",0.833333333333333,0.625,0.714285714285714,0,0.934351313678815,6
"up",2.4,30,"PELT AR1 approximate",1,1,1,1,0.0913325317778361,8
"up",2.4,30,"SVP AR1Focus",1,0.5,0.666666666666667,0,1.48748351285719,4
"up",2.4,30,"SVP AR1Focus TRUE/TRUE",1,0.5,0.666666666666667,0,1.48748351285719,4
"updown",2.4,30,"PELT inflated",1,0.125,0.222222222222222,0,1.44107389199185,1
"updown",2.4,30,"PELT AR1 approximate",1,1,1,1,0.109341046753691,8
"updown",2.4,30,"SVP AR1Focus",1,0.25,0.4,0,1.51112430643016,2
"updown",2.4,30,"SVP AR1Focus TRUE/TRUE",1,0.25,0.4,0,1.51112430643016,2
"rand1",2.4,30,"PELT inflated",1,0.625,0.769230769230769,0,0.146788000027396,5
"rand1",2.4,30,"PELT AR1 approximate",1,0.625,0.769230769230769,0,0.146788000027396,5
"rand1",2.4,30,"SVP AR1Focus",0.75,0.375,0.5,0,0.52535492475849,4
"rand1",2.4,30,"SVP AR1Focus TRUE/TRUE",1,0.5,0.666666666666667,0,0.502764851056272,4
"none",2.6,30,"PELT inflated",1,1,1,1,0.00273789242773699,1
"none",2.6,30,"PELT AR1 approximate",1,1,1,1,0.00273789242773699,1
"none",2.6,30,"SVP AR1Focus",1,1,1,1,0.00273789242773699,1
"none",2.6,30,"SVP AR1Focus TRUE/TRUE",1,1,1,1,0.00273789242773699,1
"up",2.6,30,"PELT inflated",0.857142857142857,0.75,0.8,0,0.57981626914681,7
"up",2.6,30,"PELT AR1 approximate",1,1,1,1,0.133478521686345,8
"up",2.6,30,"SVP AR1Focus",0.75,0.375,0.5,0,2.29655882293952,4
"up",2.6,30,"SVP AR1Focus TRUE/TRUE",0.8,0.5,0.615384615384615,0,1.42268762034271,5
"updown",2.6,30,"PELT inflated",1,0.125,0.222222222222222,0,1.69178094002067,1
"updown",2.6,30,"PELT AR1 approximate",0.857142857142857,0.75,0.8,0,0.557064411289798,7
"updown",2.6,30,"SVP AR1Focus",1,0.125,0.222222222222222,0,1.69178094002067,1
"updown",2.6,30,"SVP AR1Focus TRUE/TRUE",1,0.125,0.222222222222222,0,1.69178094002067,1
"rand1",2.6,30,"PELT inflated",1,0.375,0.545454545454545,0,0.643313988292988,3
"rand1",2.6,30,"PELT AR1 approximate",1,0.625,0.769230769230769,0,0.0805062405154068,5
"rand1",2.6,30,"SVP AR1Focus",1,0.5,0.666666666666667,0,0.523983891340414,4
"rand1",2.6,30,"SVP AR1Focus TRUE/TRUE",1,0.5,0.666666666666667,0,0.523983891340414,4
"none",2.8,30,"PELT inflated",1,1,1,1,0.00013736225570938,1
"none",2.8,30,"PELT AR1 approximate",1,1,1,1,0.00013736225570938,1
"none",2.8,30,"SVP AR1Focus",1,1,1,1,0.00013736225570938,1
"none",2.8,30,"SVP AR1Focus TRUE/TRUE",1,1,1,1,0.00013736225570938,1
"up",2.8,30,"PELT inflated",1,1,1,1,0.340054967077592,8
"up",2.8,30,"PELT AR1 approximate",1,1,1,1,0.278466136305857,8
"up",2.8,30,"SVP AR1Focus",0.8,0.5,0.615384615384615,0,1.80220695750757,5
"up",2.8,30,"SVP AR1Focus TRUE/TRUE",0.8,0.5,0.615384615384615,0,1.86800036893327,5
"updown",2.8,30,"PELT inflated",1,0.125,0.222222222222222,0,1.99407275564978,1
"updown",2.8,30,"PELT AR1 approximate",1,1,1,1,0.15058106357772,8
"updown",2.8,30,"SVP AR1Focus",1,0.25,0.4,0,1.73412457645721,2
"updown",2.8,30,"SVP AR1Focus TRUE/TRUE",0.5,0.125,0.2,0,1.93933057515413,2
"rand1",2.8,30,"PELT inflated",1,0.625,0.769230769230769,0,0.195300479974271,5
"rand1",2.8,30,"PELT AR1 approximate",1,0.625,0.769230769230769,0,0.195300479974271,5
"rand1",2.8,30,"SVP AR1Focus",1,0.625,0.769230769230769,0,0.195300479974271,5
"rand1",2.8,30,"SVP AR1Focus TRUE/TRUE",1,0.625,0.769230769230769,0,0.195300479974271,5
"none",3,30,"PELT inflated",1,1,1,1,0.0013945609302651,1
"none",3,30,"PELT AR1 approximate",1,1,1,1,0.0013945609302651,1
"none",3,30,"SVP AR1Focus",1,1,1,1,0.0013945609302651,1
"none",3,30,"SVP AR1Focus TRUE/TRUE",1,1,1,1,0.0013945609302651,1
"up",3,30,"PELT inflated",0.75,0.75,0.75,1,0.318025106659396,8
"up",3,30,"PELT AR1 approximate",1,1,1,1,0.144553986635127,8
"up",3,30,"SVP AR1Focus",1,0.75,0.857142857142857,0,1.23107549598092,6
"up",3,30,"SVP AR1Focus TRUE/TRUE",1,0.75,0.857142857142857,0,1.29237073248312,6
"updown",3,30,"PELT inflated",0.875,0.875,0.875,1,0.320444693966699,8
"updown",3,30,"PELT AR1 approximate",1,1,1,1,0.101586574597093,8
"updown",3,30,"SVP AR1Focus",0.833333333333333,0.625,0.714285714285714,0,1.03883158919137,6
"updown",3,30,"SVP AR1Focus TRUE/TRUE",0.666666666666667,0.5,0.571428571428572,0,1.0526390224477,6
"rand1",3,30,"PELT inflated",1,0.375,0.545454545454545,0,0.87394005978151,3
"rand1",3,30,"PELT AR1 approximate",1,0.625,0.769230769230769,0,0.149249826765649,5
"rand1",3,30,"SVP AR1Focus",1,0.625,0.769230769230769,0,0.149249826765649,5
"rand1",3,30,"SVP AR1Focus TRUE/TRUE",1,0.625,0.769230769230769,0,0.149249826765649,5
