"experiment","n","k","rep","method","time","detected"
"vary_n",256,0,1,"PELT",0.004,1
"vary_n",256,0,1,"SVP BIC",0,1
"vary_n",256,0,1,"SVP BIC calibrated",0.001,1
"vary_n",256,0,1,"SVP BIC multiscale",0.001,1
"vary_n",256,0,2,"PELT",0.001,3
"vary_n",256,0,2,"SVP BIC",0,2
"vary_n",256,0,2,"SVP BIC calibrated",0.001,2
"vary_n",256,0,2,"SVP BIC multiscale",0.001,2
"vary_n",256,0,3,"PELT",0.001,1
"vary_n",256,0,3,"SVP BIC",0,1
"vary_n",256,0,3,"SVP BIC calibrated",0,1
"vary_n",256,0,3,"SVP BIC multiscale",0.001,1
"vary_n",256,0,4,"PELT",0.001,1
"vary_n",256,0,4,"SVP BIC",0,1
"vary_n",256,0,4,"SVP BIC calibrated",0,1
"vary_n",256,0,4,"SVP BIC multiscale",0.001,2
"vary_n",256,0,5,"PELT",0.00100000000000011,1
"vary_n",256,0,5,"SVP BIC",0,1
"vary_n",256,0,5,"SVP BIC calibrated",0,1
"vary_n",256,0,5,"SVP BIC multiscale",0.00100000000000011,1
"vary_n",256,0,6,"PELT",0,1
"vary_n",256,0,6,"SVP BIC",0,1
"vary_n",256,0,6,"SVP BIC calibrated",0,1
"vary_n",256,0,6,"SVP BIC multiscale",0.00100000000000011,1
"vary_n",256,0,7,"PELT",0.00099999999999989,1
"vary_n",256,0,7,"SVP BIC",0,1
"vary_n",256,0,7,"SVP BIC calibrated",0,1
"vary_n",256,0,7,"SVP BIC multiscale",0.00100000000000011,1
"vary_n",256,0,8,"PELT",0,2
"vary_n",256,0,8,"SVP BIC",0,1
"vary_n",256,0,8,"SVP BIC calibrated",0.00100000000000011,2
"vary_n",256,0,8,"SVP BIC multiscale",0.00100000000000011,1
"vary_n",256,0,9,"PELT",0.00100000000000011,1
"vary_n",256,0,9,"SVP BIC",0,1
"vary_n",256,0,9,"SVP BIC calibrated",0,1
"vary_n",256,0,9,"SVP BIC multiscale",0.00099999999999989,3
"vary_n",256,0,10,"PELT",0.00099999999999989,1
"vary_n",256,0,10,"SVP BIC",0,1
"vary_n",256,0,10,"SVP BIC calibrated",0,1
"vary_n",256,0,10,"SVP BIC multiscale",0.00100000000000011,1
"vary_n",256,0,11,"PELT",0.00100000000000011,1
"vary_n",256,0,11,"SVP BIC",0,1
"vary_n",256,0,11,"SVP BIC calibrated",0,1
"vary_n",256,0,11,"SVP BIC multiscale",0.00100000000000011,1
"vary_n",256,0,12,"PELT",0.00100000000000011,1
"vary_n",256,0,12,"SVP BIC",0,1
"vary_n",256,0,12,"SVP BIC calibrated",0,1
"vary_n",256,0,12,"SVP BIC multiscale",0.00100000000000011,1
"vary_n",256,0,13,"PELT",0.00099999999999989,1
"vary_n",256,0,13,"SVP BIC",0,1
"vary_n",256,0,13,"SVP BIC calibrated",0,1
"vary_n",256,0,13,"SVP BIC multiscale",0.00200000000000022,1
"vary_n",256,0,14,"PELT",0,1
"vary_n",256,0,14,"SVP BIC",0,1
"vary_n",256,0,14,"SVP BIC calibrated",0,1
"vary_n",256,0,14,"SVP BIC multiscale",0.00099999999999989,1
"vary_n",256,0,15,"PELT",0.00099999999999989,1
"vary_n",256,0,15,"SVP BIC",0,1
"vary_n",256,0,15,"SVP BIC calibrated",0,1
"vary_n",256,0,15,"SVP BIC multiscale",0.00100000000000033,1
"vary_n",256,0,16,"PELT",0.00099999999999989,1
"vary_n",256,0,16,"SVP BIC",0,1
"vary_n",256,0,16,"SVP BIC calibrated",0,1
"vary_n",256,0,16,"SVP BIC multiscale",0.00100000000000033,1
"vary_n",256,0,17,"PELT",0.00099999999999989,1
"vary_n",256,0,17,"SVP BIC",0,1
"vary_n",256,0,17,"SVP BIC calibrated",0,1
"vary_n",256,0,17,"SVP BIC multiscale",0.00099999999999989,1
"vary_n",256,0,18,"PELT",0.00100000000000033,1
"vary_n",256,0,18,"SVP BIC",0,1
"vary_n",256,0,18,"SVP BIC calibrated",0,1
"vary_n",256,0,18,"SVP BIC multiscale",0.00099999999999989,1
"vary_n",256,0,19,"PELT",0,1
"vary_n",256,0,19,"SVP BIC",0,1
"vary_n",256,0,19,"SVP BIC calibrated",0.00099999999999989,2
"vary_n",256,0,19,"SVP BIC multiscale",0,2
"vary_n",256,0,20,"PELT",0,1
"vary_n",256,0,20,"SVP BIC",0,1
"vary_n",256,0,20,"SVP BIC calibrated",0.00099999999999989,2
"vary_n",256,0,20,"SVP BIC multiscale",0.00100000000000033,1
"vary_n",319,0,1,"PELT",0,1
"vary_n",319,0,1,"SVP BIC",0,1
"vary_n",319,0,1,"SVP BIC calibrated",0,1
"vary_n",319,0,1,"SVP BIC multiscale",0.00199999999999978,1
"vary_n",319,0,2,"PELT",0,1
"vary_n",319,0,2,"SVP BIC",0,1
"vary_n",319,0,2,"SVP BIC calibrated",0,1
"vary_n",319,0,2,"SVP BIC multiscale",0.00200000000000022,2
"vary_n",319,0,3,"PELT",0.00099999999999989,1
"vary_n",319,0,3,"SVP BIC",0,1
"vary_n",319,0,3,"SVP BIC calibrated",0,1
"vary_n",319,0,3,"SVP BIC multiscale",0.00199999999999978,1
"vary_n",319,0,4,"PELT",0,1
"vary_n",319,0,4,"SVP BIC",0,1
"vary_n",319,0,4,"SVP BIC calibrated",0,1
"vary_n",319,0,4,"SVP BIC multiscale",0.00199999999999978,1
"vary_n",319,0,5,"PELT",0,1
"vary_n",319,0,5,"SVP BIC",0,1
"vary_n",319,0,5,"SVP BIC calibrated",0,1
"vary_n",319,0,5,"SVP BIC multiscale",0.00100000000000033,1
"vary_n",319,0,6,"PELT",0.00099999999999989,1
"vary_n",319,0,6,"SVP BIC",0,1
"vary_n",319,0,6,"SVP BIC calibrated",0,1
"vary_n",319,0,6,"SVP BIC multiscale",0.00099999999999989,1
"vary_n",319,0,7,"PELT",0,1
"vary_n",319,0,7,"SVP BIC",0,1
"vary_n",319,0,7,"SVP BIC calibrated",0.00099999999999989,1
"vary_n",319,0,7,"SVP BIC multiscale",0.00199999999999978,1
"vary_n",319,0,8,"PELT",0,1
"vary_n",319,0,8,"SVP BIC",0,1
"vary_n",319,0,8,"SVP BIC calibrated",0.00200000000000022,2
"vary_n",319,0,8,"SVP BIC multiscale",0.00200000000000022,1
"vary_n",319,0,9,"PELT",0.00100000000000033,1
"vary_n",319,0,9,"SVP BIC",0,1
"vary_n",319,0,9,"SVP BIC calibrated",0,1
"vary_n",319,0,9,"SVP BIC multiscale",0.00199999999999978,1
"vary_n",319,0,10,"PELT",0.00100000000000033,1
"vary_n",319,0,10,"SVP BIC",0,1
"vary_n",319,0,10,"SVP BIC calibrated",0,1
"vary_n",319,0,10,"SVP BIC multiscale",0.00100000000000033,1
"vary_n",319,0,11,"PELT",0,1
"vary_n",319,0,11,"SVP BIC",0,1
"vary_n",319,0,11,"SVP BIC calibrated",0,1
"vary_n",319,0,11,"SVP BIC multiscale",0.00199999999999978,1
"vary_n",319,0,12,"PELT",0,1
"vary_n",319,0,12,"SVP BIC",0.000999999999999446,1
"vary_n",319,0,12,"SVP BIC calibrated",0,1
"vary_n",319,0,12,"SVP BIC multiscale",0.00100000000000033,1
"vary_n",319,0,13,"PELT",0,1
"vary_n",319,0,13,"SVP BIC",0,1
"vary_n",319,0,13,"SVP BIC calibrated",0,1
"vary_n",319,0,13,"SVP BIC multiscale",0.00199999999999978,1
"vary_n",319,0,14,"PELT",0,1
"vary_n",319,0,14,"SVP BIC",0,1
"vary_n",319,0,14,"SVP BIC calibrated",0,1
"vary_n",319,0,14,"SVP BIC multiscale",0.00199999999999978,1
"vary_n",319,0,15,"PELT",0,1
"vary_n",319,0,15,"SVP BIC",0,1
"vary_n",319,0,15,"SVP BIC calibrated",0,1
"vary_n",319,0,15,"SVP BIC multiscale",0.00199999999999978,1
"vary_n",319,0,16,"PELT",0,1
"vary_n",319,0,16,"SVP BIC",0,1
"vary_n",319,0,16,"SVP BIC calibrated",0,1
"vary_n",319,0,16,"SVP BIC multiscale",0.00199999999999978,1
"vary_n",319,0,17,"PELT",0.00100000000000033,1
"vary_n",319,0,17,"SVP BIC",0,1
"vary_n",319,0,17,"SVP BIC calibrated",0.00100000000000033,1
"vary_n",319,0,17,"SVP BIC multiscale",0.00199999999999978,1
"vary_n",319,0,18,"PELT",0,1
"vary_n",319,0,18,"SVP BIC",0,1
"vary_n",319,0,18,"SVP BIC calibrated",0,1
"vary_n",319,0,18,"SVP BIC multiscale",0.00199999999999978,1
"vary_n",319,0,19,"PELT",0.00100000000000033,1
"vary_n",319,0,19,"SVP BIC",0,1
"vary_n",319,0,19,"SVP BIC calibrated",0,1
"vary_n",319,0,19,"SVP BIC multiscale",0.00199999999999978,1
"vary_n",319,0,20,"PELT",0.00100000000000033,1
"vary_n",319,0,20,"SVP BIC",0,1
"vary_n",319,0,20,"SVP BIC calibrated",0.00199999999999978,2
"vary_n",319,0,20,"SVP BIC multiscale",0.00200000000000067,1
"vary_n",397,0,1,"PELT",0.00100000000000033,1
"vary_n",397,0,1,"SVP BIC",0,1
"vary_n",397,0,1,"SVP BIC calibrated",0,1
"vary_n",397,0,1,"SVP BIC multiscale",0.00199999999999978,1
"vary_n",397,0,2,"PELT",0,1
"vary_n",397,0,2,"SVP BIC",0,1
"vary_n",397,0,2,"SVP BIC calibrated",0.00100000000000033,1
"vary_n",397,0,2,"SVP BIC multiscale",0.00300000000000011,1
"vary_n",397,0,3,"PELT",0,1
"vary_n",397,0,3,"SVP BIC",0.00100000000000033,1
"vary_n",397,0,3,"SVP BIC calibrated",0.00100000000000033,1
"vary_n",397,0,3,"SVP BIC multiscale",0.00299999999999923,1
"vary_n",397,0,4,"PELT",0.000999999999999446,1
"vary_n",397,0,4,"SVP BIC",0,1
"vary_n",397,0,4,"SVP BIC calibrated",0,1
"vary_n",397,0,4,"SVP BIC multiscale",0.00300000000000011,1
"vary_n",397,0,5,"PELT",0.00100000000000033,1
"vary_n",397,0,5,"SVP BIC",0,1
"vary_n",397,0,5,"SVP BIC calibrated",0,1
"vary_n",397,0,5,"SVP BIC multiscale",0.00300000000000011,1
"vary_n",397,0,6,"PELT",0,1
"vary_n",397,0,6,"SVP BIC",0,1
"vary_n",397,0,6,"SVP BIC calibrated",0,1
"vary_n",397,0,6,"SVP BIC multiscale",0.00200000000000067,2
"vary_n",397,0,7,"PELT",0,1
"vary_n",397,0,7,"SVP BIC",0,1
"vary_n",397,0,7,"SVP BIC calibrated",0.000999999999999446,1
"vary_n",397,0,7,"SVP BIC multiscale",0.00300000000000011,1
"vary_n",397,0,8,"PELT",0.000999999999999446,1
"vary_n",397,0,8,"SVP BIC",0,1
"vary_n",397,0,8,"SVP BIC calibrated",0,1
"vary_n",397,0,8,"SVP BIC multiscale",0.00300000000000011,1
"vary_n",397,0,9,"PELT",0.00100000000000033,1
"vary_n",397,0,9,"SVP BIC",0,1
"vary_n",397,0,9,"SVP BIC calibrated",0,1
"vary_n",397,0,9,"SVP BIC multiscale",0.00300000000000011,1
"vary_n",397,0,10,"PELT",0.000999999999999446,1
"vary_n",397,0,10,"SVP BIC",0,1
"vary_n",397,0,10,"SVP BIC calibrated",0,1
"vary_n",397,0,10,"SVP BIC multiscale",0.00299999999999923,1
"vary_n",397,0,11,"PELT",0,1
"vary_n",397,0,11,"SVP BIC",0,1
"vary_n",397,0,11,"SVP BIC calibrated",0,1
"vary_n",397,0,11,"SVP BIC multiscale",0.00300000000000011,1
"vary_n",397,0,12,"PELT",0.000999999999999446,1
"vary_n",397,0,12,"SVP BIC",0,1
"vary_n",397,0,12,"SVP BIC calibrated",0.00100000000000033,1
"vary_n",397,0,12,"SVP BIC multiscale",0.00300000000000011,1
"vary_n",397,0,13,"PELT",0.00100000000000033,1
"vary_n",397,0,13,"SVP BIC",0,1
"vary_n",397,0,13,"SVP BIC calibrated",0,1
"vary_n",397,0,13,"SVP BIC multiscale",0.00300000000000011,1
"vary_n",397,0,14,"PELT",0.00100000000000033,1
"vary_n",397,0,14,"SVP BIC",0,1
"vary_n",397,0,14,"SVP BIC calibrated",0,1
"vary_n",397,0,14,"SVP BIC multiscale",0.00300000000000011,1
"vary_n",397,0,15,"PELT",0.00100000000000033,1
"vary_n",397,0,15,"SVP BIC",0,1
"vary_n",397,0,15,"SVP BIC calibrated",0,1
"vary_n",397,0,15,"SVP BIC multiscale",0.00300000000000011,1
"vary_n",397,0,16,"PELT",0.00100000000000033,1
"vary_n",397,0,16,"SVP BIC",0,1
"vary_n",397,0,16,"SVP BIC calibrated",0,1
"vary_n",397,0,16,"SVP BIC multiscale",0.00300000000000011,1
"vary_n",397,0,17,"PELT",0.00100000000000033,1
"vary_n",397,0,17,"SVP BIC",0,1
"vary_n",397,0,17,"SVP BIC calibrated",0,1
"vary_n",397,0,17,"SVP BIC multiscale",0.00300000000000011,1
"vary_n",397,0,18,"PELT",0.000999999999999446,1
"vary_n",397,0,18,"SVP BIC",0,1
"vary_n",397,0,18,"SVP BIC calibrated",0,1
"vary_n",397,0,18,"SVP BIC multiscale",0.00199999999999978,1
"vary_n",397,0,19,"PELT",0,1
"vary_n",397,0,19,"SVP BIC",0,1
"vary_n",397,0,19,"SVP BIC calibrated",0,1
"vary_n",397,0,19,"SVP BIC multiscale",0.00300000000000011,1
"vary_n",397,0,20,"PELT",0.00100000000000033,1
"vary_n",397,0,20,"SVP BIC",0,1
"vary_n",397,0,20,"SVP BIC calibrated",0,1
"vary_n",397,0,20,"SVP BIC multiscale",0.00200000000000067,2
"vary_n",494,0,1,"PELT",0.00100000000000033,1
"vary_n",494,0,1,"SVP BIC",0.000999999999999446,1
"vary_n",494,0,1,"SVP BIC calibrated",0,1
"vary_n",494,0,1,"SVP BIC multiscale",0.00399999999999956,1
"vary_n",494,0,2,"PELT",0.000999999999999446,1
"vary_n",494,0,2,"SVP BIC",0,1
"vary_n",494,0,2,"SVP BIC calibrated",0,1
"vary_n",494,0,2,"SVP BIC multiscale",0.00399999999999956,1
"vary_n",494,0,3,"PELT",0.000999999999999446,1
"vary_n",494,0,3,"SVP BIC",0,1
"vary_n",494,0,3,"SVP BIC calibrated",0,1
"vary_n",494,0,3,"SVP BIC multiscale",0.00399999999999956,1
"vary_n",494,0,4,"PELT",0.000999999999999446,1
"vary_n",494,0,4,"SVP BIC",0,1
"vary_n",494,0,4,"SVP BIC calibrated",0,1
"vary_n",494,0,4,"SVP BIC multiscale",0.00400000000000134,1
"vary_n",494,0,5,"PELT",0.000999999999999446,1
"vary_n",494,0,5,"SVP BIC",0,1
"vary_n",494,0,5,"SVP BIC calibrated",0,1
"vary_n",494,0,5,"SVP BIC multiscale",0.00400000000000134,1
"vary_n",494,0,6,"PELT",0.000999999999999446,1
"vary_n",494,0,6,"SVP BIC",0,1
"vary_n",494,0,6,"SVP BIC calibrated",0,1
"vary_n",494,0,6,"SVP BIC multiscale",0.00399999999999956,1
"vary_n",494,0,7,"PELT",0.000999999999999446,1
"vary_n",494,0,7,"SVP BIC",0,1
"vary_n",494,0,7,"SVP BIC calibrated",0.00399999999999956,2
"vary_n",494,0,7,"SVP BIC multiscale",0.00399999999999956,1
"vary_n",494,0,8,"PELT",0.000999999999999446,1
"vary_n",494,0,8,"SVP BIC",0,1
"vary_n",494,0,8,"SVP BIC calibrated",0,1
"vary_n",494,0,8,"SVP BIC multiscale",0.00399999999999956,1
"vary_n",494,0,9,"PELT",0,1
"vary_n",494,0,9,"SVP BIC",0,1
"vary_n",494,0,9,"SVP BIC calibrated",0,1
"vary_n",494,0,9,"SVP BIC multiscale",0.00500000000000078,1
"vary_n",494,0,10,"PELT",0,1
"vary_n",494,0,10,"SVP BIC",0,1
"vary_n",494,0,10,"SVP BIC calibrated",0.00100000000000122,1
"vary_n",494,0,10,"SVP BIC multiscale",0.00399999999999956,1
"vary_n",494,0,11,"PELT",0.000999999999999446,1
"vary_n",494,0,11,"SVP BIC",0,1
"vary_n",494,0,11,"SVP BIC calibrated",0,1
"vary_n",494,0,11,"SVP BIC multiscale",0.00399999999999956,1
"vary_n",494,0,12,"PELT",0,1
"vary_n",494,0,12,"SVP BIC",0.00100000000000122,1
"vary_n",494,0,12,"SVP BIC calibrated",0,1
"vary_n",494,0,12,"SVP BIC multiscale",0.00399999999999956,1
"vary_n",494,0,13,"PELT",0.00100000000000122,1
"vary_n",494,0,13,"SVP BIC",0,1
"vary_n",494,0,13,"SVP BIC calibrated",0,1
"vary_n",494,0,13,"SVP BIC multiscale",0.00399999999999956,1
"vary_n",494,0,14,"PELT",0,1
"vary_n",494,0,14,"SVP BIC",0,1
"vary_n",494,0,14,"SVP BIC calibrated",0,1
"vary_n",494,0,14,"SVP BIC multiscale",0.00500000000000078,1
"vary_n",494,0,15,"PELT",0.000999999999999446,1
"vary_n",494,0,15,"SVP BIC",0,1
"vary_n",494,0,15,"SVP BIC calibrated",0,1
"vary_n",494,0,15,"SVP BIC multiscale",0.00500000000000078,1
"vary_n",494,0,16,"PELT",0.000999999999999446,1
"vary_n",494,0,16,"SVP BIC",0,1
"vary_n",494,0,16,"SVP BIC calibrated",0,1
"vary_n",494,0,16,"SVP BIC multiscale",0.00399999999999956,1
"vary_n",494,0,17,"PELT",0.00100000000000122,1
"vary_n",494,0,17,"SVP BIC",0,1
"vary_n",494,0,17,"SVP BIC calibrated",0.00100000000000122,1
"vary_n",494,0,17,"SVP BIC multiscale",0.00500000000000078,1
"vary_n",494,0,18,"PELT",0,1
"vary_n",494,0,18,"SVP BIC",0,1
"vary_n",494,0,18,"SVP BIC calibrated",0,1
"vary_n",494,0,18,"SVP BIC multiscale",0.00500000000000078,1
"vary_n",494,0,19,"PELT",0.00100000000000122,1
"vary_n",494,0,19,"SVP BIC",0,1
"vary_n",494,0,19,"SVP BIC calibrated",0,1
"vary_n",494,0,19,"SVP BIC multiscale",0.004999999999999,1
"vary_n",494,0,20,"PELT",0.00100000000000122,1
"vary_n",494,0,20,"SVP BIC",0,1
"vary_n",494,0,20,"SVP BIC calibrated",0,1
"vary_n",494,0,20,"SVP BIC multiscale",0.00399999999999956,1
"vary_n",614,0,1,"PELT",0.000999999999999446,1
"vary_n",614,0,1,"SVP BIC",0,1
"vary_n",614,0,1,"SVP BIC calibrated",0.00399999999999956,2
"vary_n",614,0,1,"SVP BIC multiscale",0.00699999999999967,1
"vary_n",614,0,2,"PELT",0,1
"vary_n",614,0,2,"SVP BIC",0,1
"vary_n",614,0,2,"SVP BIC calibrated",0,1
"vary_n",614,0,2,"SVP BIC multiscale",0.00600000000000023,1
"vary_n",614,0,3,"PELT",0.00100000000000122,1
"vary_n",614,0,3,"SVP BIC",0,1
"vary_n",614,0,3,"SVP BIC calibrated",0,1
"vary_n",614,0,3,"SVP BIC multiscale",0.00700000000000145,1
"vary_n",614,0,4,"PELT",0.000999999999999446,1
"vary_n",614,0,4,"SVP BIC",0,1
"vary_n",614,0,4,"SVP BIC calibrated",0,1
"vary_n",614,0,4,"SVP BIC multiscale",0.00700000000000145,1
"vary_n",614,0,5,"PELT",0.000999999999999446,1
"vary_n",614,0,5,"SVP BIC",0,1
"vary_n",614,0,5,"SVP BIC calibrated",0,1
"vary_n",614,0,5,"SVP BIC multiscale",0.00699999999999967,1
"vary_n",614,0,6,"PELT",0.000999999999999446,1
"vary_n",614,0,6,"SVP BIC",0,1
"vary_n",614,0,6,"SVP BIC calibrated",0.000999999999999446,1
"vary_n",614,0,6,"SVP BIC multiscale",0.00600000000000023,1
"vary_n",614,0,7,"PELT",0.000999999999999446,1
"vary_n",614,0,7,"SVP BIC",0,1
"vary_n",614,0,7,"SVP BIC calibrated",0,1
"vary_n",614,0,7,"SVP BIC multiscale",0.00600000000000023,1
"vary_n",614,0,8,"PELT",0.00100000000000122,1
"vary_n",614,0,8,"SVP BIC",0,1
"vary_n",614,0,8,"SVP BIC calibrated",0,1
"vary_n",614,0,8,"SVP BIC multiscale",0.00699999999999967,1
"vary_n",614,0,9,"PELT",0.00100000000000122,1
"vary_n",614,0,9,"SVP BIC",0,1
"vary_n",614,0,9,"SVP BIC calibrated",0,1
"vary_n",614,0,9,"SVP BIC multiscale",0.00600000000000023,1
"vary_n",614,0,10,"PELT",0.00100000000000122,1
"vary_n",614,0,10,"SVP BIC",0,1
"vary_n",614,0,10,"SVP BIC calibrated",0,1
"vary_n",614,0,10,"SVP BIC multiscale",0.00699999999999967,1
"vary_n",614,0,11,"PELT",0.000999999999999446,1
"vary_n",614,0,11,"SVP BIC",0,1
"vary_n",614,0,11,"SVP BIC calibrated",0.000999999999999446,1
"vary_n",614,0,11,"SVP BIC multiscale",0.00600000000000023,1
"vary_n",614,0,12,"PELT",0.000999999999999446,1
"vary_n",614,0,12,"SVP BIC",0,1
"vary_n",614,0,12,"SVP BIC calibrated",0,1
"vary_n",614,0,12,"SVP BIC multiscale",0.00600000000000023,1
"vary_n",614,0,13,"PELT",0.00100000000000122,1
"vary_n",614,0,13,"SVP BIC",0,1
"vary_n",614,0,13,"SVP BIC calibrated",0,1
"vary_n",614,0,13,"SVP BIC multiscale",0.00600000000000023,1
"vary_n",614,0,14,"PELT",0.00100000000000122,1
"vary_n",614,0,14,"SVP BIC",0.000999999999999446,1
"vary_n",614,0,14,"SVP BIC calibrated",0,1
"vary_n",614,0,14,"SVP BIC multiscale",0.00600000000000023,1
"vary_n",614,0,15,"PELT",0.000999999999999446,1
"vary_n",614,0,15,"SVP BIC",0,1
"vary_n",614,0,15,"SVP BIC calibrated",0,1
"vary_n",614,0,15,"SVP BIC multiscale",0.00600000000000023,1
"vary_n",614,0,16,"PELT",0,1
"vary_n",614,0,16,"SVP BIC",0,1
"vary_n",614,0,16,"SVP BIC calibrated",0.00399999999999956,2
"vary_n",614,0,16,"SVP BIC multiscale",0.00700000000000145,1
"vary_n",614,0,17,"PELT",0.000999999999999446,1
"vary_n",614,0,17,"SVP BIC",0,1
"vary_n",614,0,17,"SVP BIC calibrated",0,1
"vary_n",614,0,17,"SVP BIC multiscale",0.00699999999999967,1
"vary_n",614,0,18,"PELT",0.000999999999999446,1
"vary_n",614,0,18,"SVP BIC",0,1
"vary_n",614,0,18,"SVP BIC calibrated",0,1
"vary_n",614,0,18,"SVP BIC multiscale",0.00600000000000023,1
"vary_n",614,0,19,"PELT",0.000999999999999446,1
"vary_n",614,0,19,"SVP BIC",0,1
"vary_n",614,0,19,"SVP BIC calibrated",0,1
"vary_n",614,0,19,"SVP BIC multiscale",0.00700000000000145,1
"vary_n",614,0,20,"PELT",0.000999999999999446,1
"vary_n",614,0,20,"SVP BIC",0,1
"vary_n",614,0,20,"SVP BIC calibrated",0,1
"vary_n",614,0,20,"SVP BIC multiscale",0.00699999999999967,1
"vary_n",765,0,1,"PELT",0.00100000000000122,1
"vary_n",765,0,1,"SVP BIC",0,1
"vary_n",765,0,1,"SVP BIC calibrated",0,1
"vary_n",765,0,1,"SVP BIC multiscale",0.0109999999999992,1
"vary_n",765,0,2,"PELT",0.00100000000000122,1
"vary_n",765,0,2,"SVP BIC",0,1
"vary_n",765,0,2,"SVP BIC calibrated",0,1
"vary_n",765,0,2,"SVP BIC multiscale",0.00999999999999979,1
"vary_n",765,0,3,"PELT",0.000999999999999446,1
"vary_n",765,0,3,"SVP BIC",0,1
"vary_n",765,0,3,"SVP BIC calibrated",0,1
"vary_n",765,0,3,"SVP BIC multiscale",0.00999999999999979,1
"vary_n",765,0,4,"PELT",0.000999999999999446,1
"vary_n",765,0,4,"SVP BIC",0,1
"vary_n",765,0,4,"SVP BIC calibrated",0,1
"vary_n",765,0,4,"SVP BIC multiscale",0.00999999999999979,1
"vary_n",765,0,5,"PELT",0.000999999999999446,1
"vary_n",765,0,5,"SVP BIC",0,1
"vary_n",765,0,5,"SVP BIC calibrated",0,1
"vary_n",765,0,5,"SVP BIC multiscale",0.00999999999999979,1
"vary_n",765,0,6,"PELT",0.000999999999999446,1
"vary_n",765,0,6,"SVP BIC",0,1
"vary_n",765,0,6,"SVP BIC calibrated",0,1
"vary_n",765,0,6,"SVP BIC multiscale",0.011000000000001,1
"vary_n",765,0,7,"PELT",0.00100000000000122,1
"vary_n",765,0,7,"SVP BIC",0,1
"vary_n",765,0,7,"SVP BIC calibrated",0,1
"vary_n",765,0,7,"SVP BIC multiscale",0.00999999999999979,1
"vary_n",765,0,8,"PELT",0.000999999999999446,1
"vary_n",765,0,8,"SVP BIC",0,1
"vary_n",765,0,8,"SVP BIC calibrated",0,1
"vary_n",765,0,8,"SVP BIC multiscale",0.00999999999999979,1
"vary_n",765,0,9,"PELT",0.00100000000000122,1
"vary_n",765,0,9,"SVP BIC",0,1
"vary_n",765,0,9,"SVP BIC calibrated",0,1
"vary_n",765,0,9,"SVP BIC multiscale",0.00999999999999979,1
"vary_n",765,0,10,"PELT",0.00100000000000122,1
"vary_n",765,0,10,"SVP BIC",0,1
"vary_n",765,0,10,"SVP BIC calibrated",0.00100000000000122,1
"vary_n",765,0,10,"SVP BIC multiscale",0.00999999999999979,1
"vary_n",765,0,11,"PELT",0.00100000000000122,1
"vary_n",765,0,11,"SVP BIC",0,1
"vary_n",765,0,11,"SVP BIC calibrated",0.0080000000000009,2
"vary_n",765,0,11,"SVP BIC multiscale",0.00999999999999979,1
"vary_n",765,0,12,"PELT",0.00100000000000122,1
"vary_n",765,0,12,"SVP BIC",0,1
"vary_n",765,0,12,"SVP BIC calibrated",0.000999999999999446,1
"vary_n",765,0,12,"SVP BIC multiscale",0.00999999999999979,1
"vary_n",765,0,13,"PELT",0.00100000000000122,1
"vary_n",765,0,13,"SVP BIC",0,1
"vary_n",765,0,13,"SVP BIC calibrated",0,1
"vary_n",765,0,13,"SVP BIC multiscale",0.011000000000001,1
"vary_n",765,0,14,"PELT",0.000999999999999446,1
"vary_n",765,0,14,"SVP BIC",0,1
"vary_n",765,0,14,"SVP BIC calibrated",0,1
"vary_n",765,0,14,"SVP BIC multiscale",0.00999999999999979,1
"vary_n",765,0,15,"PELT",0.00100000000000122,1
"vary_n",765,0,15,"SVP BIC",0,1
"vary_n",765,0,15,"SVP BIC calibrated",0,1
"vary_n",765,0,15,"SVP BIC multiscale",0.00999999999999979,1
"vary_n",765,0,16,"PELT",0.00100000000000122,1
"vary_n",765,0,16,"SVP BIC",0,1
"vary_n",765,0,16,"SVP BIC calibrated",0,1
"vary_n",765,0,16,"SVP BIC multiscale",0.00999999999999979,1
"vary_n",765,0,17,"PELT",0.000999999999999446,1
"vary_n",765,0,17,"SVP BIC",0,1
"vary_n",765,0,17,"SVP BIC calibrated",0,1
"vary_n",765,0,17,"SVP BIC multiscale",0.0109999999999992,1
"vary_n",765,0,18,"PELT",0.000999999999999446,1
"vary_n",765,0,18,"SVP BIC",0,1
"vary_n",765,0,18,"SVP BIC calibrated",0.000999999999999446,1
"vary_n",765,0,18,"SVP BIC multiscale",0.0109999999999992,1
"vary_n",765,0,19,"PELT",0.00100000000000122,1
"vary_n",765,0,19,"SVP BIC",0,1
"vary_n",765,0,19,"SVP BIC calibrated",0,1
"vary_n",765,0,19,"SVP BIC multiscale",0.00999999999999979,1
"vary_n",765,0,20,"PELT",0.000999999999999446,1
"vary_n",765,0,20,"SVP BIC",0,1
"vary_n",765,0,20,"SVP BIC calibrated",0,1
"vary_n",765,0,20,"SVP BIC multiscale",0.00999999999999979,1
"vary_n",952,0,1,"PELT",0,1
"vary_n",952,0,1,"SVP BIC",0,1
"vary_n",952,0,1,"SVP BIC calibrated",0,1
"vary_n",952,0,1,"SVP BIC multiscale",0.0120000000000005,2
"vary_n",952,0,2,"PELT",0.000999999999999446,1
"vary_n",952,0,2,"SVP BIC",0,1
"vary_n",952,0,2,"SVP BIC calibrated",0,1
"vary_n",952,0,2,"SVP BIC multiscale",0.016,1
"vary_n",952,0,3,"PELT",0.000999999999999446,1
"vary_n",952,0,3,"SVP BIC",0,1
"vary_n",952,0,3,"SVP BIC calibrated",0,1
"vary_n",952,0,3,"SVP BIC multiscale",0.016,1
"vary_n",952,0,4,"PELT",0.00200000000000244,1
"vary_n",952,0,4,"SVP BIC",0,1
"vary_n",952,0,4,"SVP BIC calibrated",0,1
"vary_n",952,0,4,"SVP BIC multiscale",0.0160000000000018,1
"vary_n",952,0,5,"PELT",0.00100000000000122,1
"vary_n",952,0,5,"SVP BIC",0.00100000000000122,1
"vary_n",952,0,5,"SVP BIC calibrated",0,1
"vary_n",952,0,5,"SVP BIC multiscale",0.0159999999999982,1
"vary_n",952,0,6,"PELT",0.00100000000000122,1
"vary_n",952,0,6,"SVP BIC",0,1
"vary_n",952,0,6,"SVP BIC calibrated",0.0069999999999979,2
"vary_n",952,0,6,"SVP BIC multiscale",0.00900000000000034,2
"vary_n",952,0,7,"PELT",0.00100000000000122,1
"vary_n",952,0,7,"SVP BIC",0,1
"vary_n",952,0,7,"SVP BIC calibrated",0.00100000000000122,1
"vary_n",952,0,7,"SVP BIC multiscale",0.0160000000000018,1
"vary_n",952,0,8,"PELT",0.00100000000000122,1
"vary_n",952,0,8,"SVP BIC",0,1
"vary_n",952,0,8,"SVP BIC calibrated",0,1
"vary_n",952,0,8,"SVP BIC multiscale",0.0169999999999995,1
"vary_n",952,0,9,"PELT",0.00100000000000122,1
"vary_n",952,0,9,"SVP BIC",0,1
"vary_n",952,0,9,"SVP BIC calibrated",0.00100000000000122,1
"vary_n",952,0,9,"SVP BIC multiscale",0.00900000000000034,2
"vary_n",952,0,10,"PELT",0.000999999999997669,1
"vary_n",952,0,10,"SVP BIC",0.000999999999997669,1
"vary_n",952,0,10,"SVP BIC calibrated",0,1
"vary_n",952,0,10,"SVP BIC multiscale",0.0150000000000006,1
"vary_n",952,0,11,"PELT",0.00100000000000122,1
"vary_n",952,0,11,"SVP BIC",0,1
"vary_n",952,0,11,"SVP BIC calibrated",0,1
"vary_n",952,0,11,"SVP BIC multiscale",0.0150000000000006,1
"vary_n",952,0,12,"PELT",0.00100000000000122,1
"vary_n",952,0,12,"SVP BIC",0,1
"vary_n",952,0,12,"SVP BIC calibrated",0,1
"vary_n",952,0,12,"SVP BIC multiscale",0.0159999999999982,1
"vary_n",952,0,13,"PELT",0.00100000000000122,1
"vary_n",952,0,13,"SVP BIC",0,1
"vary_n",952,0,13,"SVP BIC calibrated",0,1
"vary_n",952,0,13,"SVP BIC multiscale",0.0159999999999982,1
"vary_n",952,0,14,"PELT",0.00100000000000122,1
"vary_n",952,0,14,"SVP BIC",0,1
"vary_n",952,0,14,"SVP BIC calibrated",0,1
"vary_n",952,0,14,"SVP BIC multiscale",0.0160000000000018,1
"vary_n",952,0,15,"PELT",0.000999999999997669,1
"vary_n",952,0,15,"SVP BIC",0,1
"vary_n",952,0,15,"SVP BIC calibrated",0,1
"vary_n",952,0,15,"SVP BIC multiscale",0.0159999999999982,1
"vary_n",952,0,16,"PELT",0.00100000000000122,1
"vary_n",952,0,16,"SVP BIC",0,1
"vary_n",952,0,16,"SVP BIC calibrated",0,1
"vary_n",952,0,16,"SVP BIC multiscale",0.0159999999999982,1
"vary_n",952,0,17,"PELT",0.000999999999997669,1
"vary_n",952,0,17,"SVP BIC",0,1
"vary_n",952,0,17,"SVP BIC calibrated",0,1
"vary_n",952,0,17,"SVP BIC multiscale",0.0169999999999995,1
"vary_n",952,0,18,"PELT",0.000999999999997669,1
"vary_n",952,0,18,"SVP BIC",0,1
"vary_n",952,0,18,"SVP BIC calibrated",0,1
"vary_n",952,0,18,"SVP BIC multiscale",0.0160000000000018,1
"vary_n",952,0,19,"PELT",0.00100000000000122,1
"vary_n",952,0,19,"SVP BIC",0,1
"vary_n",952,0,19,"SVP BIC calibrated",0,1
"vary_n",952,0,19,"SVP BIC multiscale",0.0159999999999982,1
"vary_n",952,0,20,"PELT",0.000999999999997669,1
"vary_n",952,0,20,"SVP BIC",0.000999999999997669,1
"vary_n",952,0,20,"SVP BIC calibrated",0,1
"vary_n",952,0,20,"SVP BIC multiscale",0.0169999999999995,1
"vary_n",1185,0,1,"PELT",0.00199999999999889,1
"vary_n",1185,0,1,"SVP BIC",0.000999999999997669,1
"vary_n",1185,0,1,"SVP BIC calibrated",0,1
"vary_n",1185,0,1,"SVP BIC multiscale",0.0240000000000009,1
"vary_n",1185,0,2,"PELT",0.00100000000000122,1
"vary_n",1185,0,2,"SVP BIC",0,1
"vary_n",1185,0,2,"SVP BIC calibrated",0,1
"vary_n",1185,0,2,"SVP BIC multiscale",0.0259999999999998,1
"vary_n",1185,0,3,"PELT",0.00200000000000244,1
"vary_n",1185,0,3,"SVP BIC",0,1
"vary_n",1185,0,3,"SVP BIC calibrated",0,1
"vary_n",1185,0,3,"SVP BIC multiscale",0.0240000000000009,1
"vary_n",1185,0,4,"PELT",0.000999999999997669,1
"vary_n",1185,0,4,"SVP BIC",0,1
"vary_n",1185,0,4,"SVP BIC calibrated",0,1
"vary_n",1185,0,4,"SVP BIC multiscale",0.0249999999999986,1
"vary_n",1185,0,5,"PELT",0.00199999999999889,1
"vary_n",1185,0,5,"SVP BIC",0,1
"vary_n",1185,0,5,"SVP BIC calibrated",0,1
"vary_n",1185,0,5,"SVP BIC multiscale",0.0259999999999998,1
"vary_n",1185,0,6,"PELT",0.00199999999999889,1
"vary_n",1185,0,6,"SVP BIC",0,1
"vary_n",1185,0,6,"SVP BIC calibrated",0,1
"vary_n",1185,0,6,"SVP BIC multiscale",0.027000000000001,1
"vary_n",1185,0,7,"PELT",0.000999999999997669,1
"vary_n",1185,0,7,"SVP BIC",0.00100000000000122,1
"vary_n",1185,0,7,"SVP BIC calibrated",0,1
"vary_n",1185,0,7,"SVP BIC multiscale",0.0259999999999998,1
"vary_n",1185,0,8,"PELT",0.00100000000000122,1
"vary_n",1185,0,8,"SVP BIC",0.000999999999997669,1
"vary_n",1185,0,8,"SVP BIC calibrated",0,1
"vary_n",1185,0,8,"SVP BIC multiscale",0.0240000000000009,1
"vary_n",1185,0,9,"PELT",0.00199999999999889,1
"vary_n",1185,0,9,"SVP BIC",0,1
"vary_n",1185,0,9,"SVP BIC calibrated",0,1
"vary_n",1185,0,9,"SVP BIC multiscale",0.0249999999999986,1
"vary_n",1185,0,10,"PELT",0.00100000000000122,1
"vary_n",1185,0,10,"SVP BIC",0,1
"vary_n",1185,0,10,"SVP BIC calibrated",0,1
"vary_n",1185,0,10,"SVP BIC multiscale",0.0240000000000009,1
"vary_n",1185,0,11,"PELT",0.00100000000000122,1
"vary_n",1185,0,11,"SVP BIC",0,1
"vary_n",1185,0,11,"SVP BIC calibrated",0,1
"vary_n",1185,0,11,"SVP BIC multiscale",0.0130000000000017,2
"vary_n",1185,0,12,"PELT",0.00199999999999889,1
"vary_n",1185,0,12,"SVP BIC",0,1
"vary_n",1185,0,12,"SVP BIC calibrated",0.000999999999997669,1
"vary_n",1185,0,12,"SVP BIC multiscale",0.0239999999999974,1
"vary_n",1185,0,13,"PELT",0.000999999999997669,1
"vary_n",1185,0,13,"SVP BIC",0.00100000000000122,1
"vary_n",1185,0,13,"SVP BIC calibrated",0,1
"vary_n",1185,0,13,"SVP BIC multiscale",0.0250000000000021,1
"vary_n",1185,0,14,"PELT",0.00100000000000122,1
"vary_n",1185,0,14,"SVP BIC",0,1
"vary_n",1185,0,14,"SVP BIC calibrated",0,1
"vary_n",1185,0,14,"SVP BIC multiscale",0.0249999999999986,1
"vary_n",1185,0,15,"PELT",0.00100000000000122,1
"vary_n",1185,0,15,"SVP BIC",0,1
"vary_n",1185,0,15,"SVP BIC calibrated",0,1
"vary_n",1185,0,15,"SVP BIC multiscale",0.0249999999999986,1
"vary_n",1185,0,16,"PELT",0.00199999999999889,1
"vary_n",1185,0,16,"SVP BIC",0,1
"vary_n",1185,0,16,"SVP BIC calibrated",0,1
"vary_n",1185,0,16,"SVP BIC multiscale",0.0249999999999986,1
"vary_n",1185,0,17,"PELT",0.000999999999997669,1
"vary_n",1185,0,17,"SVP BIC",0,1
"vary_n",1185,0,17,"SVP BIC calibrated",0,1
"vary_n",1185,0,17,"SVP BIC multiscale",0.0249999999999986,1
"vary_n",1185,0,18,"PELT",0.00299999999999656,1
"vary_n",1185,0,18,"SVP BIC",0,1
"vary_n",1185,0,18,"SVP BIC calibrated",0,1
"vary_n",1185,0,18,"SVP BIC multiscale",0.0250000000000021,1
"vary_n",1185,0,19,"PELT",0.00200000000000244,1
"vary_n",1185,0,19,"SVP BIC",0,1
"vary_n",1185,0,19,"SVP BIC calibrated",0,1
"vary_n",1185,0,19,"SVP BIC multiscale",0.0259999999999998,1
"vary_n",1185,0,20,"PELT",0.00199999999999889,1
"vary_n",1185,0,20,"SVP BIC",0,1
"vary_n",1185,0,20,"SVP BIC calibrated",0,1
"vary_n",1185,0,20,"SVP BIC multiscale",0.0259999999999998,1
"vary_n",1475,0,1,"PELT",0.00200000000000244,1
"vary_n",1475,0,1,"SVP BIC",0,1
"vary_n",1475,0,1,"SVP BIC calibrated",0,1
"vary_n",1475,0,1,"SVP BIC multiscale",0.0390000000000015,1
"vary_n",1475,0,2,"PELT",0.00300000000000011,1
"vary_n",1475,0,2,"SVP BIC",0,1
"vary_n",1475,0,2,"SVP BIC calibrated",0,1
"vary_n",1475,0,2,"SVP BIC multiscale",0.0390000000000015,1
"vary_n",1475,0,3,"PELT",0.00300000000000011,1
"vary_n",1475,0,3,"SVP BIC",0,1
"vary_n",1475,0,3,"SVP BIC calibrated",0,1
"vary_n",1475,0,3,"SVP BIC multiscale",0.0380000000000003,1
"vary_n",1475,0,4,"PELT",0.00199999999999889,1
"vary_n",1475,0,4,"SVP BIC",0,1
"vary_n",1475,0,4,"SVP BIC calibrated",0,1
"vary_n",1475,0,4,"SVP BIC multiscale",0.0400000000000027,1
"vary_n",1475,0,5,"PELT",0.00199999999999889,1
"vary_n",1475,0,5,"SVP BIC",0,1
"vary_n",1475,0,5,"SVP BIC calibrated",0.00100000000000122,1
"vary_n",1475,0,5,"SVP BIC multiscale",0.0389999999999979,1
"vary_n",1475,0,6,"PELT",0.00399999999999778,1
"vary_n",1475,0,6,"SVP BIC",0,1
"vary_n",1475,0,6,"SVP BIC calibrated",0,1
"vary_n",1475,0,6,"SVP BIC multiscale",0.0410000000000004,1
"vary_n",1475,0,7,"PELT",0.00199999999999889,1
"vary_n",1475,0,7,"SVP BIC",0.000999999999997669,1
"vary_n",1475,0,7,"SVP BIC calibrated",0,1
"vary_n",1475,0,7,"SVP BIC multiscale",0.0390000000000015,1
"vary_n",1475,0,8,"PELT",0.00200000000000244,1
"vary_n",1475,0,8,"SVP BIC",0,1
"vary_n",1475,0,8,"SVP BIC calibrated",0.000999999999997669,1
"vary_n",1475,0,8,"SVP BIC multiscale",0.0400000000000027,1
"vary_n",1475,0,9,"PELT",0.00300000000000011,1
"vary_n",1475,0,9,"SVP BIC",0,1
"vary_n",1475,0,9,"SVP BIC calibrated",0,1
"vary_n",1475,0,9,"SVP BIC multiscale",0.0399999999999991,1
"vary_n",1475,0,10,"PELT",0.00300000000000011,1
"vary_n",1475,0,10,"SVP BIC",0,1
"vary_n",1475,0,10,"SVP BIC calibrated",0,1
"vary_n",1475,0,10,"SVP BIC multiscale",0.0410000000000004,1
"vary_n",1475,0,11,"PELT",0.00300000000000011,1
"vary_n",1475,0,11,"SVP BIC",0,1
"vary_n",1475,0,11,"SVP BIC calibrated",0,1
"vary_n",1475,0,11,"SVP BIC multiscale",0.0399999999999991,1
"vary_n",1475,0,12,"PELT",0.00400000000000134,1
"vary_n",1475,0,12,"SVP BIC",0.000999999999997669,1
"vary_n",1475,0,12,"SVP BIC calibrated",0.000999999999997669,1
"vary_n",1475,0,12,"SVP BIC multiscale",0.0410000000000004,1
"vary_n",1475,0,13,"PELT",0.000999999999997669,1
"vary_n",1475,0,13,"SVP BIC",0,1
"vary_n",1475,0,13,"SVP BIC calibrated",0.00100000000000122,1
"vary_n",1475,0,13,"SVP BIC multiscale",0.0399999999999991,1
"vary_n",1475,0,14,"PELT",0.00399999999999778,1
"vary_n",1475,0,14,"SVP BIC",0,1
"vary_n",1475,0,14,"SVP BIC calibrated",0,1
"vary_n",1475,0,14,"SVP BIC multiscale",0.0399999999999991,1
"vary_n",1475,0,15,"PELT",0.00400000000000134,1
"vary_n",1475,0,15,"SVP BIC",0,1
"vary_n",1475,0,15,"SVP BIC calibrated",0,1
"vary_n",1475,0,15,"SVP BIC multiscale",0.0410000000000004,1
"vary_n",1475,0,16,"PELT",0.00199999999999889,1
"vary_n",1475,0,16,"SVP BIC",0,1
"vary_n",1475,0,16,"SVP BIC calibrated",0,1
"vary_n",1475,0,16,"SVP BIC multiscale",0.0399999999999991,1
"vary_n",1475,0,17,"PELT",0.00300000000000011,1
"vary_n",1475,0,17,"SVP BIC",0,1
"vary_n",1475,0,17,"SVP BIC calibrated",0.000999999999997669,1
"vary_n",1475,0,17,"SVP BIC multiscale",0.0410000000000004,1
"vary_n",1475,0,18,"PELT",0.00300000000000011,1
"vary_n",1475,0,18,"SVP BIC",0,1
"vary_n",1475,0,18,"SVP BIC calibrated",0,1
"vary_n",1475,0,18,"SVP BIC multiscale",0.0389999999999979,1
"vary_n",1475,0,19,"PELT",0.00100000000000122,1
"vary_n",1475,0,19,"SVP BIC",0,1
"vary_n",1475,0,19,"SVP BIC calibrated",0,1
"vary_n",1475,0,19,"SVP BIC multiscale",0.0400000000000027,1
"vary_n",1475,0,20,"PELT",0.00300000000000011,1
"vary_n",1475,0,20,"SVP BIC",0,1
"vary_n",1475,0,20,"SVP BIC calibrated",0,1
"vary_n",1475,0,20,"SVP BIC multiscale",0.0399999999999991,1
"vary_n",1836,0,1,"PELT",0.00400000000000134,1
"vary_n",1836,0,1,"SVP BIC",0.00100000000000122,1
"vary_n",1836,0,1,"SVP BIC calibrated",0,1
"vary_n",1836,0,1,"SVP BIC multiscale",0.0629999999999988,1
"vary_n",1836,0,2,"PELT",0.00300000000000011,1
"vary_n",1836,0,2,"SVP BIC",0,1
"vary_n",1836,0,2,"SVP BIC calibrated",0,1
"vary_n",1836,0,2,"SVP BIC multiscale",0.0620000000000012,1
"vary_n",1836,0,3,"PELT",0.00300000000000011,1
"vary_n",1836,0,3,"SVP BIC",0,1
"vary_n",1836,0,3,"SVP BIC calibrated",0.00100000000000122,1
"vary_n",1836,0,3,"SVP BIC multiscale",0.0620000000000012,1
"vary_n",1836,0,4,"PELT",0.00300000000000011,1
"vary_n",1836,0,4,"SVP BIC",0,1
"vary_n",1836,0,4,"SVP BIC calibrated",0.000999999999997669,1
"vary_n",1836,0,4,"SVP BIC multiscale",0.0620000000000012,1
"vary_n",1836,0,5,"PELT",0.00400000000000134,1
"vary_n",1836,0,5,"SVP BIC",0.00100000000000122,1
"vary_n",1836,0,5,"SVP BIC calibrated",0,1
"vary_n",1836,0,5,"SVP BIC multiscale",0.0640000000000001,1
"vary_n",1836,0,6,"PELT",0.00199999999999889,1
"vary_n",1836,0,6,"SVP BIC",0,1
"vary_n",1836,0,6,"SVP BIC calibrated",0,1
"vary_n",1836,0,6,"SVP BIC multiscale",0.0620000000000012,1
"vary_n",1836,0,7,"PELT",0.00400000000000134,1
"vary_n",1836,0,7,"SVP BIC",0.00100000000000122,1
"vary_n",1836,0,7,"SVP BIC calibrated",0,1
"vary_n",1836,0,7,"SVP BIC multiscale",0.0609999999999999,1
"vary_n",1836,0,8,"PELT",0.00199999999999889,1
"vary_n",1836,0,8,"SVP BIC",0,1
"vary_n",1836,0,8,"SVP BIC calibrated",0.00100000000000122,1
"vary_n",1836,0,8,"SVP BIC multiscale",0.0619999999999976,1
"vary_n",1836,0,9,"PELT",0.00200000000000244,1
"vary_n",1836,0,9,"SVP BIC",0,1
"vary_n",1836,0,9,"SVP BIC calibrated",0.00100000000000122,1
"vary_n",1836,0,9,"SVP BIC multiscale",0.0619999999999976,1
"vary_n",1836,0,10,"PELT",0.004999999999999,1
"vary_n",1836,0,10,"SVP BIC",0.000999999999997669,1
"vary_n",1836,0,10,"SVP BIC calibrated",0,1
"vary_n",1836,0,10,"SVP BIC multiscale",0.0620000000000012,1
"vary_n",1836,0,11,"PELT",0.00300000000000011,1
"vary_n",1836,0,11,"SVP BIC",0,1
"vary_n",1836,0,11,"SVP BIC calibrated",0,1
"vary_n",1836,0,11,"SVP BIC multiscale",0.0619999999999976,1
"vary_n",1836,0,12,"PELT",0.00400000000000134,1
"vary_n",1836,0,12,"SVP BIC",0,1
"vary_n",1836,0,12,"SVP BIC calibrated",0,1
"vary_n",1836,0,12,"SVP BIC multiscale",0.0620000000000012,1
"vary_n",1836,0,13,"PELT",0.00199999999999889,1
"vary_n",1836,0,13,"SVP BIC",0,1
"vary_n",1836,0,13,"SVP BIC calibrated",0.00100000000000122,1
"vary_n",1836,0,13,"SVP BIC multiscale",0.0629999999999988,1
"vary_n",1836,0,14,"PELT",0.00300000000000011,1
"vary_n",1836,0,14,"SVP BIC",0.00100000000000122,1
"vary_n",1836,0,14,"SVP BIC calibrated",0.00100000000000122,1
"vary_n",1836,0,14,"SVP BIC multiscale",0.0629999999999988,1
"vary_n",1836,0,15,"PELT",0.00300000000000011,1
"vary_n",1836,0,15,"SVP BIC",0,1
"vary_n",1836,0,15,"SVP BIC calibrated",0,1
"vary_n",1836,0,15,"SVP BIC multiscale",0.0620000000000012,1
"vary_n",1836,0,16,"PELT",0.00300000000000011,1
"vary_n",1836,0,16,"SVP BIC",0,1
"vary_n",1836,0,16,"SVP BIC calibrated",0,1
"vary_n",1836,0,16,"SVP BIC multiscale",0.0640000000000001,1
"vary_n",1836,0,17,"PELT",0.00400000000000134,1
"vary_n",1836,0,17,"SVP BIC",0,1
"vary_n",1836,0,17,"SVP BIC calibrated",0,1
"vary_n",1836,0,17,"SVP BIC multiscale",0.0620000000000012,1
"vary_n",1836,0,18,"PELT",0.00199999999999889,1
"vary_n",1836,0,18,"SVP BIC",0.000999999999997669,1
"vary_n",1836,0,18,"SVP BIC calibrated",0,1
"vary_n",1836,0,18,"SVP BIC multiscale",0.0609999999999999,1
"vary_n",1836,0,19,"PELT",0.00300000000000011,1
"vary_n",1836,0,19,"SVP BIC",0,1
"vary_n",1836,0,19,"SVP BIC calibrated",0,1
"vary_n",1836,0,19,"SVP BIC multiscale",0.0629999999999988,1
"vary_n",1836,0,20,"PELT",0.00300000000000011,1
"vary_n",1836,0,20,"SVP BIC",0,1
"vary_n",1836,0,20,"SVP BIC calibrated",0,1
"vary_n",1836,0,20,"SVP BIC multiscale",0.0640000000000001,1
"vary_n",2285,0,1,"PELT",0.004999999999999,1
"vary_n",2285,0,1,"SVP BIC",0.00100000000000122,1
"vary_n",2285,0,1,"SVP BIC calibrated",0,1
"vary_n",2285,0,1,"SVP BIC multiscale",0.0940000000000012,1
"vary_n",2285,0,2,"PELT",0.00500000000000256,1
"vary_n",2285,0,2,"SVP BIC",0,1
"vary_n",2285,0,2,"SVP BIC calibrated",0,1
"vary_n",2285,0,2,"SVP BIC multiscale",0.0949999999999989,1
"vary_n",2285,0,3,"PELT",0.00500000000000256,1
"vary_n",2285,0,3,"SVP BIC",0,1
"vary_n",2285,0,3,"SVP BIC calibrated",0,1
"vary_n",2285,0,3,"SVP BIC multiscale",0.101000000000003,1
"vary_n",2285,0,4,"PELT",0.00600000000000023,1
"vary_n",2285,0,4,"SVP BIC",0,1
"vary_n",2285,0,4,"SVP BIC calibrated",0,1
"vary_n",2285,0,4,"SVP BIC multiscale",0.0999999999999979,1
"vary_n",2285,0,5,"PELT",0.00500000000000256,1
"vary_n",2285,0,5,"SVP BIC",0.00100000000000122,1
"vary_n",2285,0,5,"SVP BIC calibrated",0,1
"vary_n",2285,0,5,"SVP BIC multiscale",0.0859999999999985,2
"vary_n",2285,0,6,"PELT",0.00799999999999912,1
"vary_n",2285,0,6,"SVP BIC",0,1
"vary_n",2285,0,6,"SVP BIC calibrated",0,1
"vary_n",2285,0,6,"SVP BIC multiscale",0.097999999999999,1
"vary_n",2285,0,7,"PELT",0.00400000000000134,1
"vary_n",2285,0,7,"SVP BIC",0,1
"vary_n",2285,0,7,"SVP BIC calibrated",0,1
"vary_n",2285,0,7,"SVP BIC multiscale",0.102999999999998,1
"vary_n",2285,0,8,"PELT",0.00400000000000134,1
"vary_n",2285,0,8,"SVP BIC",0,1
"vary_n",2285,0,8,"SVP BIC calibrated",0.000999999999997669,1
"vary_n",2285,0,8,"SVP BIC multiscale",0.0999999999999979,1
"vary_n",2285,0,9,"PELT",0.00399999999999778,1
"vary_n",2285,0,9,"SVP BIC",0,1
"vary_n",2285,0,9,"SVP BIC calibrated",0.00100000000000122,1
"vary_n",2285,0,9,"SVP BIC multiscale",0.106999999999999,1
"vary_n",2285,0,10,"PELT",0.00399999999999778,1
"vary_n",2285,0,10,"SVP BIC",0,1
"vary_n",2285,0,10,"SVP BIC calibrated",0.000999999999997669,1
"vary_n",2285,0,10,"SVP BIC multiscale",0.105999999999998,1
"vary_n",2285,0,11,"PELT",0.00400000000000134,1
"vary_n",2285,0,11,"SVP BIC",0,1
"vary_n",2285,0,11,"SVP BIC calibrated",0.00100000000000122,1
"vary_n",2285,0,11,"SVP BIC multiscale",0.105999999999998,1
"vary_n",2285,0,12,"PELT",0.00500000000000256,1
"vary_n",2285,0,12,"SVP BIC",0,1
"vary_n",2285,0,12,"SVP BIC calibrated",0,1
"vary_n",2285,0,12,"SVP BIC multiscale",0.100000000000001,1
"vary_n",2285,0,13,"PELT",0.00300000000000011,1
"vary_n",2285,0,13,"SVP BIC",0,1
"vary_n",2285,0,13,"SVP BIC calibrated",0,1
"vary_n",2285,0,13,"SVP BIC multiscale",0.100999999999999,1
"vary_n",2285,0,14,"PELT",0.004999999999999,1
"vary_n",2285,0,14,"SVP BIC",0.00100000000000122,1
"vary_n",2285,0,14,"SVP BIC calibrated",0,1
"vary_n",2285,0,14,"SVP BIC multiscale",0.101000000000003,1
"vary_n",2285,0,15,"PELT",0.0069999999999979,1
"vary_n",2285,0,15,"SVP BIC",0,1
"vary_n",2285,0,15,"SVP BIC calibrated",0,1
"vary_n",2285,0,15,"SVP BIC multiscale",0.097999999999999,1
"vary_n",2285,0,16,"PELT",0.004999999999999,1
"vary_n",2285,0,16,"SVP BIC",0,1
"vary_n",2285,0,16,"SVP BIC calibrated",0,1
"vary_n",2285,0,16,"SVP BIC multiscale",0.102,1
"vary_n",2285,0,17,"PELT",0.00500000000000256,1
"vary_n",2285,0,17,"SVP BIC",0.000999999999997669,1
"vary_n",2285,0,17,"SVP BIC calibrated",0.00100000000000477,1
"vary_n",2285,0,17,"SVP BIC multiscale",0.100999999999999,1
"vary_n",2285,0,18,"PELT",0.00300000000000011,1
"vary_n",2285,0,18,"SVP BIC",0,1
"vary_n",2285,0,18,"SVP BIC calibrated",0,1
"vary_n",2285,0,18,"SVP BIC multiscale",0.0999999999999943,1
"vary_n",2285,0,19,"PELT",0.00500000000000256,1
"vary_n",2285,0,19,"SVP BIC",0,1
"vary_n",2285,0,19,"SVP BIC calibrated",0,1
"vary_n",2285,0,19,"SVP BIC multiscale",0.102000000000004,1
"vary_n",2285,0,20,"PELT",0.00500000000000256,1
"vary_n",2285,0,20,"SVP BIC",0,1
"vary_n",2285,0,20,"SVP BIC calibrated",0,1
"vary_n",2285,0,20,"SVP BIC multiscale",0.100000000000001,1
"vary_n",2844,0,1,"PELT",0.00800000000000267,1
"vary_n",2844,0,1,"SVP BIC",0,1
"vary_n",2844,0,1,"SVP BIC calibrated",0.000999999999997669,1
"vary_n",2844,0,1,"SVP BIC multiscale",0.152000000000001,1
"vary_n",2844,0,2,"PELT",0.007000000000005,1
"vary_n",2844,0,2,"SVP BIC",0.000999999999997669,1
"vary_n",2844,0,2,"SVP BIC calibrated",0,1
"vary_n",2844,0,2,"SVP BIC multiscale",0.154999999999994,1
"vary_n",2844,0,3,"PELT",0.0069999999999979,1
"vary_n",2844,0,3,"SVP BIC",0.000999999999997669,1
"vary_n",2844,0,3,"SVP BIC calibrated",0,1
"vary_n",2844,0,3,"SVP BIC multiscale",0.151000000000003,1
"vary_n",2844,0,4,"PELT",0.00600000000000023,1
"vary_n",2844,0,4,"SVP BIC",0.000999999999997669,1
"vary_n",2844,0,4,"SVP BIC calibrated",0.131,2
"vary_n",2844,0,4,"SVP BIC multiscale",0.113,2
"vary_n",2844,0,5,"PELT",0.0069999999999979,1
"vary_n",2844,0,5,"SVP BIC",0,1
"vary_n",2844,0,5,"SVP BIC calibrated",0.00100000000000477,1
"vary_n",2844,0,5,"SVP BIC multiscale",0.153999999999996,1
"vary_n",2844,0,6,"PELT",0.00600000000000023,1
"vary_n",2844,0,6,"SVP BIC",0,1
"vary_n",2844,0,6,"SVP BIC calibrated",0,1
"vary_n",2844,0,6,"SVP BIC multiscale",0.153999999999996,1
"vary_n",2844,0,7,"PELT",0.00800000000000267,1
"vary_n",2844,0,7,"SVP BIC",0,1
"vary_n",2844,0,7,"SVP BIC calibrated",0.00100000000000477,1
"vary_n",2844,0,7,"SVP BIC multiscale",0.151000000000003,1
"vary_n",2844,0,8,"PELT",0.00200000000000244,1
"vary_n",2844,0,8,"SVP BIC",0,1
"vary_n",2844,0,8,"SVP BIC calibrated",0.000999999999997669,1
"vary_n",2844,0,8,"SVP BIC multiscale",0.152999999999999,1
"vary_n",2844,0,9,"PELT",0.007000000000005,1
"vary_n",2844,0,9,"SVP BIC",0,1
"vary_n",2844,0,9,"SVP BIC calibrated",0,1
"vary_n",2844,0,9,"SVP BIC multiscale",0.155000000000001,1
"vary_n",2844,0,10,"PELT",0.0069999999999979,1
"vary_n",2844,0,10,"SVP BIC",0,1
"vary_n",2844,0,10,"SVP BIC calibrated",0.000999999999997669,1
"vary_n",2844,0,10,"SVP BIC multiscale",0.161999999999999,1
"vary_n",2844,0,11,"PELT",0.00600000000000023,1
"vary_n",2844,0,11,"SVP BIC",0.000999999999997669,1
"vary_n",2844,0,11,"SVP BIC calibrated",0.000999999999997669,1
"vary_n",2844,0,11,"SVP BIC multiscale",0.152000000000001,1
"vary_n",2844,0,12,"PELT",0.0069999999999979,1
"vary_n",2844,0,12,"SVP BIC",0,1
"vary_n",2844,0,12,"SVP BIC calibrated",0,1
"vary_n",2844,0,12,"SVP BIC multiscale",0.155999999999999,1
"vary_n",2844,0,13,"PELT",0.00600000000000023,1
"vary_n",2844,0,13,"SVP BIC",0,1
"vary_n",2844,0,13,"SVP BIC calibrated",0,1
"vary_n",2844,0,13,"SVP BIC multiscale",0.157000000000004,1
"vary_n",2844,0,14,"PELT",0.00600000000000023,1
"vary_n",2844,0,14,"SVP BIC",0,1
"vary_n",2844,0,14,"SVP BIC calibrated",0.146000000000001,2
"vary_n",2844,0,14,"SVP BIC multiscale",0.152999999999999,2
"vary_n",2844,0,15,"PELT",0.0069999999999979,1
"vary_n",2844,0,15,"SVP BIC",0.000999999999997669,1
"vary_n",2844,0,15,"SVP BIC calibrated",0.000999999999997669,1
"vary_n",2844,0,15,"SVP BIC multiscale",0.151999999999994,1
"vary_n",2844,0,16,"PELT",0.00500000000000256,1
"vary_n",2844,0,16,"SVP BIC",0,1
"vary_n",2844,0,16,"SVP BIC calibrated",0,1
"vary_n",2844,0,16,"SVP BIC multiscale",0.149999999999999,1
"vary_n",2844,0,17,"PELT",0.00600000000000023,1
"vary_n",2844,0,17,"SVP BIC",0,1
"vary_n",2844,0,17,"SVP BIC calibrated",0,1
"vary_n",2844,0,17,"SVP BIC multiscale",0.151000000000003,1
"vary_n",2844,0,18,"PELT",0.0069999999999979,1
"vary_n",2844,0,18,"SVP BIC",0,1
"vary_n",2844,0,18,"SVP BIC calibrated",0,1
"vary_n",2844,0,18,"SVP BIC multiscale",0.155000000000001,1
"vary_n",2844,0,19,"PELT",0.0069999999999979,1
"vary_n",2844,0,19,"SVP BIC",0,1
"vary_n",2844,0,19,"SVP BIC calibrated",0,1
"vary_n",2844,0,19,"SVP BIC multiscale",0.164000000000001,1
"vary_n",2844,0,20,"PELT",0.00799999999999557,1
"vary_n",2844,0,20,"SVP BIC",0,1
"vary_n",2844,0,20,"SVP BIC calibrated",0,1
"vary_n",2844,0,20,"SVP BIC multiscale",0.155000000000001,1
"vary_n",3540,0,1,"PELT",0.0110000000000028,1
"vary_n",3540,0,1,"SVP BIC",0.000999999999997669,1
"vary_n",3540,0,1,"SVP BIC calibrated",0.000999999999997669,1
"vary_n",3540,0,1,"SVP BIC multiscale",0.244,1
"vary_n",3540,0,2,"PELT",0.0110000000000028,1
"vary_n",3540,0,2,"SVP BIC",0,1
"vary_n",3540,0,2,"SVP BIC calibrated",0.00100000000000477,1
"vary_n",3540,0,2,"SVP BIC multiscale",0.244,1
"vary_n",3540,0,3,"PELT",0.0130000000000052,1
"vary_n",3540,0,3,"SVP BIC",0,1
"vary_n",3540,0,3,"SVP BIC calibrated",0,1
"vary_n",3540,0,3,"SVP BIC multiscale",0.243000000000002,1
"vary_n",3540,0,4,"PELT",0.0109999999999957,1
"vary_n",3540,0,4,"SVP BIC",0,1
"vary_n",3540,0,4,"SVP BIC calibrated",0,1
"vary_n",3540,0,4,"SVP BIC multiscale",0.241999999999997,1
"vary_n",3540,0,5,"PELT",0.00799999999999557,1
"vary_n",3540,0,5,"SVP BIC",0.00100000000000477,1
"vary_n",3540,0,5,"SVP BIC calibrated",0,1
"vary_n",3540,0,5,"SVP BIC multiscale",0.238,1
"vary_n",3540,0,6,"PELT",0.00800000000000267,1
"vary_n",3540,0,6,"SVP BIC",0,1
"vary_n",3540,0,6,"SVP BIC calibrated",0.00100000000000477,1
"vary_n",3540,0,6,"SVP BIC multiscale",0.245000000000005,1
"vary_n",3540,0,7,"PELT",0.00800000000000267,1
"vary_n",3540,0,7,"SVP BIC",0,1
"vary_n",3540,0,7,"SVP BIC calibrated",0.00100000000000477,1
"vary_n",3540,0,7,"SVP BIC multiscale",0.248000000000005,1
"vary_n",3540,0,8,"PELT",0.007000000000005,1
"vary_n",3540,0,8,"SVP BIC",0.000999999999997669,1
"vary_n",3540,0,8,"SVP BIC calibrated",0,1
"vary_n",3540,0,8,"SVP BIC multiscale",0.238,1
"vary_n",3540,0,9,"PELT",0.00900000000000034,1
"vary_n",3540,0,9,"SVP BIC",0.000999999999997669,1
"vary_n",3540,0,9,"SVP BIC calibrated",0.000999999999997669,1
"vary_n",3540,0,9,"SVP BIC multiscale",0.247999999999998,1
"vary_n",3540,0,10,"PELT",0.00999999999999801,1
"vary_n",3540,0,10,"SVP BIC",0,1
"vary_n",3540,0,10,"SVP BIC calibrated",0,1
"vary_n",3540,0,10,"SVP BIC multiscale",0.239000000000004,1
"vary_n",3540,0,11,"PELT",0.0139999999999958,1
"vary_n",3540,0,11,"SVP BIC",0,1
"vary_n",3540,0,11,"SVP BIC calibrated",0,1
"vary_n",3540,0,11,"SVP BIC multiscale",0.233000000000004,1
"vary_n",3540,0,12,"PELT",0.00799999999999557,1
"vary_n",3540,0,12,"SVP BIC",0.000999999999997669,1
"vary_n",3540,0,12,"SVP BIC calibrated",0,1
"vary_n",3540,0,12,"SVP BIC multiscale",0.253,1
"vary_n",3540,0,13,"PELT",0.00800000000000267,1
"vary_n",3540,0,13,"SVP BIC",0.000999999999997669,1
"vary_n",3540,0,13,"SVP BIC calibrated",0.00100000000000477,1
"vary_n",3540,0,13,"SVP BIC multiscale",0.241000000000007,1
"vary_n",3540,0,14,"PELT",0.0109999999999957,1
"vary_n",3540,0,14,"SVP BIC",0.000999999999997669,1
"vary_n",3540,0,14,"SVP BIC calibrated",0.000999999999997669,1
"vary_n",3540,0,14,"SVP BIC multiscale",0.247999999999998,1
"vary_n",3540,0,15,"PELT",0.00900000000000034,1
"vary_n",3540,0,15,"SVP BIC",0.000999999999997669,1
"vary_n",3540,0,15,"SVP BIC calibrated",0,1
"vary_n",3540,0,15,"SVP BIC multiscale",0.250999999999998,1
"vary_n",3540,0,16,"PELT",0.0120000000000005,1
"vary_n",3540,0,16,"SVP BIC",0.000999999999997669,1
"vary_n",3540,0,16,"SVP BIC calibrated",0.00100000000000477,1
"vary_n",3540,0,16,"SVP BIC multiscale",0.238,1
"vary_n",3540,0,17,"PELT",0.00600000000000023,1
"vary_n",3540,0,17,"SVP BIC",0.00100000000000477,1
"vary_n",3540,0,17,"SVP BIC calibrated",0.00100000000000477,1
"vary_n",3540,0,17,"SVP BIC multiscale",0.242000000000004,1
"vary_n",3540,0,18,"PELT",0.0200000000000031,1
"vary_n",3540,0,18,"SVP BIC",0.000999999999997669,1
"vary_n",3540,0,18,"SVP BIC calibrated",0.000999999999997669,1
"vary_n",3540,0,18,"SVP BIC multiscale",0.234000000000002,1
"vary_n",3540,0,19,"PELT",0.0109999999999957,1
"vary_n",3540,0,19,"SVP BIC",0,1
"vary_n",3540,0,19,"SVP BIC calibrated",0,1
"vary_n",3540,0,19,"SVP BIC multiscale",0.246000000000002,1
"vary_n",3540,0,20,"PELT",0.0109999999999957,1
"vary_n",3540,0,20,"SVP BIC",0,1
"vary_n",3540,0,20,"SVP BIC calibrated",0,1
"vary_n",3540,0,20,"SVP BIC multiscale",0.247999999999998,1
"vary_n",4406,0,1,"PELT",0.0110000000000028,1
"vary_n",4406,0,1,"SVP BIC",0.00100000000000477,1
"vary_n",4406,0,1,"SVP BIC calibrated",0,1
"vary_n",4406,0,1,"SVP BIC multiscale",0.378999999999998,1
"vary_n",4406,0,2,"PELT",0.0110000000000028,1
"vary_n",4406,0,2,"SVP BIC",0.000999999999997669,1
"vary_n",4406,0,2,"SVP BIC calibrated",0.000999999999997669,1
"vary_n",4406,0,2,"SVP BIC multiscale",0.378999999999998,1
"vary_n",4406,0,3,"PELT",0.0210000000000008,1
"vary_n",4406,0,3,"SVP BIC",0.000999999999997669,1
"vary_n",4406,0,3,"SVP BIC calibrated",0.00100000000000477,1
"vary_n",4406,0,3,"SVP BIC multiscale",0.382999999999996,1
"vary_n",4406,0,4,"PELT",0.00900000000000034,1
"vary_n",4406,0,4,"SVP BIC",0,1
"vary_n",4406,0,4,"SVP BIC calibrated",0.00100000000000477,1
"vary_n",4406,0,4,"SVP BIC multiscale",0.384,1
"vary_n",4406,0,5,"PELT",0.0210000000000008,1
"vary_n",4406,0,5,"SVP BIC",0,1
"vary_n",4406,0,5,"SVP BIC calibrated",0.000999999999997669,1
"vary_n",4406,0,5,"SVP BIC multiscale",0.393000000000001,1
"vary_n",4406,0,6,"PELT",0.0120000000000005,1
"vary_n",4406,0,6,"SVP BIC",0,1
"vary_n",4406,0,6,"SVP BIC calibrated",0,1
"vary_n",4406,0,6,"SVP BIC multiscale",0.370000000000005,1
"vary_n",4406,0,7,"PELT",0.00999999999999801,1
"vary_n",4406,0,7,"SVP BIC",0,1
"vary_n",4406,0,7,"SVP BIC calibrated",0.00100000000000477,1
"vary_n",4406,0,7,"SVP BIC multiscale",0.393999999999998,1
"vary_n",4406,0,8,"PELT",0.00999999999999801,1
"vary_n",4406,0,8,"SVP BIC",0,1
"vary_n",4406,0,8,"SVP BIC calibrated",0,1
"vary_n",4406,0,8,"SVP BIC multiscale",0.390000000000001,1
"vary_n",4406,0,9,"PELT",0.0139999999999958,1
"vary_n",4406,0,9,"SVP BIC",0,1
"vary_n",4406,0,9,"SVP BIC calibrated",0,1
"vary_n",4406,0,9,"SVP BIC multiscale",0.390999999999998,1
"vary_n",4406,0,10,"PELT",0.0249999999999986,1
"vary_n",4406,0,10,"SVP BIC",0,1
"vary_n",4406,0,10,"SVP BIC calibrated",0.00100000000000477,1
"vary_n",4406,0,10,"SVP BIC multiscale",0.390000000000001,1
"vary_n",4406,0,11,"PELT",0.0109999999999957,1
"vary_n",4406,0,11,"SVP BIC",0,1
"vary_n",4406,0,11,"SVP BIC calibrated",0,1
"vary_n",4406,0,11,"SVP BIC multiscale",0.372,1
"vary_n",4406,0,12,"PELT",0.0210000000000008,1
"vary_n",4406,0,12,"SVP BIC",0.000999999999997669,1
"vary_n",4406,0,12,"SVP BIC calibrated",0.00100000000000477,1
"vary_n",4406,0,12,"SVP BIC multiscale",0.370000000000005,1
"vary_n",4406,0,13,"PELT",0.0120000000000005,1
"vary_n",4406,0,13,"SVP BIC",0.000999999999997669,1
"vary_n",4406,0,13,"SVP BIC calibrated",0.224000000000004,2
"vary_n",4406,0,13,"SVP BIC multiscale",0.379000000000005,1
"vary_n",4406,0,14,"PELT",0.0169999999999959,1
"vary_n",4406,0,14,"SVP BIC",0.00100000000000477,1
"vary_n",4406,0,14,"SVP BIC calibrated",0.00100000000000477,1
"vary_n",4406,0,14,"SVP BIC multiscale",0.364999999999995,1
"vary_n",4406,0,15,"PELT",0.0220000000000056,1
"vary_n",4406,0,15,"SVP BIC",0.000999999999997669,1
"vary_n",4406,0,15,"SVP BIC calibrated",0,1
"vary_n",4406,0,15,"SVP BIC multiscale",0.359999999999999,1
"vary_n",4406,0,16,"PELT",0.0159999999999982,1
"vary_n",4406,0,16,"SVP BIC",0.000999999999997669,1
"vary_n",4406,0,16,"SVP BIC calibrated",0.000999999999997669,1
"vary_n",4406,0,16,"SVP BIC multiscale",0.369,1
"vary_n",4406,0,17,"PELT",0.0180000000000007,1
"vary_n",4406,0,17,"SVP BIC",0,1
"vary_n",4406,0,17,"SVP BIC calibrated",0.000999999999997669,1
"vary_n",4406,0,17,"SVP BIC multiscale",0.379999999999995,1
"vary_n",4406,0,18,"PELT",0.017000000000003,1
"vary_n",4406,0,18,"SVP BIC",0.000999999999997669,1
"vary_n",4406,0,18,"SVP BIC calibrated",0.00100000000000477,1
"vary_n",4406,0,18,"SVP BIC multiscale",0.387999999999998,1
"vary_n",4406,0,19,"PELT",0.0100000000000051,1
"vary_n",4406,0,19,"SVP BIC",0,1
"vary_n",4406,0,19,"SVP BIC calibrated",0,1
"vary_n",4406,0,19,"SVP BIC multiscale",0.379000000000005,1
"vary_n",4406,0,20,"PELT",0.00799999999999557,1
"vary_n",4406,0,20,"SVP BIC",0,1
"vary_n",4406,0,20,"SVP BIC calibrated",0.155000000000001,2
"vary_n",4406,0,20,"SVP BIC multiscale",0.374000000000002,1
"vary_n",5484,0,1,"PELT",0.0109999999999957,1
"vary_n",5484,0,1,"SVP BIC",0.00100000000000477,1
"vary_n",5484,0,1,"SVP BIC calibrated",0.000999999999997669,1
"vary_n",5484,0,1,"SVP BIC multiscale",0.601999999999997,1
"vary_n",5484,0,2,"PELT",0.0279999999999987,1
"vary_n",5484,0,2,"SVP BIC",0.000999999999997669,1
"vary_n",5484,0,2,"SVP BIC calibrated",0.00100000000000477,1
"vary_n",5484,0,2,"SVP BIC multiscale",0.593000000000004,1
"vary_n",5484,0,3,"PELT",0.0140000000000029,1
"vary_n",5484,0,3,"SVP BIC",0.000999999999997669,1
"vary_n",5484,0,3,"SVP BIC calibrated",0,1
"vary_n",5484,0,3,"SVP BIC multiscale",0.598999999999997,1
"vary_n",5484,0,4,"PELT",0.027000000000001,1
"vary_n",5484,0,4,"SVP BIC",0,1
"vary_n",5484,0,4,"SVP BIC calibrated",0.000999999999997669,1
"vary_n",5484,0,4,"SVP BIC multiscale",0.583999999999996,1
"vary_n",5484,0,5,"PELT",0.027000000000001,1
"vary_n",5484,0,5,"SVP BIC",0.000999999999997669,1
"vary_n",5484,0,5,"SVP BIC calibrated",0.000999999999997669,1
"vary_n",5484,0,5,"SVP BIC multiscale",0.600999999999999,1
"vary_n",5484,0,6,"PELT",0.0129999999999981,1
"vary_n",5484,0,6,"SVP BIC",0.000999999999997669,1
"vary_n",5484,0,6,"SVP BIC calibrated",0.000999999999997669,1
"vary_n",5484,0,6,"SVP BIC multiscale",0.581999999999994,1
"vary_n",5484,0,7,"PELT",0.0279999999999987,1
"vary_n",5484,0,7,"SVP BIC",0,1
"vary_n",5484,0,7,"SVP BIC calibrated",0.000999999999997669,1
"vary_n",5484,0,7,"SVP BIC multiscale",0.627000000000002,1
"vary_n",5484,0,8,"PELT",0.0240000000000009,1
"vary_n",5484,0,8,"SVP BIC",0.000999999999997669,1
"vary_n",5484,0,8,"SVP BIC calibrated",0.000999999999997669,1
"vary_n",5484,0,8,"SVP BIC multiscale",0.614999999999995,1
"vary_n",5484,0,9,"PELT",0.0210000000000008,1
"vary_n",5484,0,9,"SVP BIC",0,1
"vary_n",5484,0,9,"SVP BIC calibrated",0.000999999999997669,1
"vary_n",5484,0,9,"SVP BIC multiscale",0.607999999999997,1
"vary_n",5484,0,10,"PELT",0.0330000000000013,1
"vary_n",5484,0,10,"SVP BIC",0,1
"vary_n",5484,0,10,"SVP BIC calibrated",0.000999999999990564,1
"vary_n",5484,0,10,"SVP BIC multiscale",0.608000000000004,1
"vary_n",5484,0,11,"PELT",0.0250000000000057,1
"vary_n",5484,0,11,"SVP BIC",0.00100000000000477,1
"vary_n",5484,0,11,"SVP BIC calibrated",0.00100000000000477,1
"vary_n",5484,0,11,"SVP BIC multiscale",0.587000000000003,1
"vary_n",5484,0,12,"PELT",0.0190000000000055,1
"vary_n",5484,0,12,"SVP BIC",0,1
"vary_n",5484,0,12,"SVP BIC calibrated",0.000999999999990564,1
"vary_n",5484,0,12,"SVP BIC multiscale",0.606000000000009,1
"vary_n",5484,0,13,"PELT",0.0279999999999916,1
"vary_n",5484,0,13,"SVP BIC",0.00100000000000477,1
"vary_n",5484,0,13,"SVP BIC calibrated",0.000999999999990564,1
"vary_n",5484,0,13,"SVP BIC multiscale",0.628,1
"vary_n",5484,0,14,"PELT",0.0289999999999964,1
"vary_n",5484,0,14,"SVP BIC",0.00100000000000477,1
"vary_n",5484,0,14,"SVP BIC calibrated",0.00100000000000477,1
"vary_n",5484,0,14,"SVP BIC multiscale",0.598000000000013,1
"vary_n",5484,0,15,"PELT",0.0190000000000055,1
"vary_n",5484,0,15,"SVP BIC",0.00100000000000477,1
"vary_n",5484,0,15,"SVP BIC calibrated",0.000999999999990564,1
"vary_n",5484,0,15,"SVP BIC multiscale",0.634,1
"vary_n",5484,0,16,"PELT",0.0190000000000055,1
"vary_n",5484,0,16,"SVP BIC",0.000999999999990564,1
"vary_n",5484,0,16,"SVP BIC calibrated",0.00100000000000477,1
"vary_n",5484,0,16,"SVP BIC multiscale",0.605999999999995,1
"vary_n",5484,0,17,"PELT",0.0349999999999966,1
"vary_n",5484,0,17,"SVP BIC",0,1
"vary_n",5484,0,17,"SVP BIC calibrated",0.00100000000000477,1
"vary_n",5484,0,17,"SVP BIC multiscale",0.600999999999999,1
"vary_n",5484,0,18,"PELT",0.0130000000000052,1
"vary_n",5484,0,18,"SVP BIC",0,1
"vary_n",5484,0,18,"SVP BIC calibrated",0,1
"vary_n",5484,0,18,"SVP BIC multiscale",0.608000000000004,1
"vary_n",5484,0,19,"PELT",0.0150000000000006,1
"vary_n",5484,0,19,"SVP BIC",0.00100000000000477,1
"vary_n",5484,0,19,"SVP BIC calibrated",0.000999999999990564,1
"vary_n",5484,0,19,"SVP BIC multiscale",0.588999999999999,1
"vary_n",5484,0,20,"PELT",0.0280000000000058,1
"vary_n",5484,0,20,"SVP BIC",0,1
"vary_n",5484,0,20,"SVP BIC calibrated",0,1
"vary_n",5484,0,20,"SVP BIC multiscale",0.600999999999999,1
"vary_n",6826,0,1,"PELT",0.0409999999999968,1
"vary_n",6826,0,1,"SVP BIC",0.000999999999990564,1
"vary_n",6826,0,1,"SVP BIC calibrated",0.00100000000000477,1
"vary_n",6826,0,1,"SVP BIC multiscale",0.962000000000003,1
"vary_n",6826,0,2,"PELT",0.0429999999999922,1
"vary_n",6826,0,2,"SVP BIC",0.00100000000000477,1
"vary_n",6826,0,2,"SVP BIC calibrated",0.00100000000000477,1
"vary_n",6826,0,2,"SVP BIC multiscale",0.920000000000002,1
"vary_n",6826,0,3,"PELT",0.0259999999999962,1
"vary_n",6826,0,3,"SVP BIC",0.00100000000000477,1
"vary_n",6826,0,3,"SVP BIC calibrated",0.00100000000000477,1
"vary_n",6826,0,3,"SVP BIC multiscale",0.929000000000002,1
"vary_n",6826,0,4,"PELT",0.027000000000001,1
"vary_n",6826,0,4,"SVP BIC",0.00100000000000477,1
"vary_n",6826,0,4,"SVP BIC calibrated",0.00100000000000477,1
"vary_n",6826,0,4,"SVP BIC multiscale",0.954999999999998,1
"vary_n",6826,0,5,"PELT",0.0429999999999922,1
"vary_n",6826,0,5,"SVP BIC",0.00100000000000477,1
"vary_n",6826,0,5,"SVP BIC calibrated",0.000999999999990564,1
"vary_n",6826,0,5,"SVP BIC multiscale",0.926000000000002,1
"vary_n",6826,0,6,"PELT",0.0499999999999972,1
"vary_n",6826,0,6,"SVP BIC",0.00100000000000477,1
"vary_n",6826,0,6,"SVP BIC calibrated",0.00100000000000477,1
"vary_n",6826,0,6,"SVP BIC multiscale",0.948999999999998,1
"vary_n",6826,0,7,"PELT",0.0229999999999961,1
"vary_n",6826,0,7,"SVP BIC",0.000999999999990564,1
"vary_n",6826,0,7,"SVP BIC calibrated",0,1
"vary_n",6826,0,7,"SVP BIC multiscale",0.964999999999989,1
"vary_n",6826,0,8,"PELT",0.0409999999999968,1
"vary_n",6826,0,8,"SVP BIC",0.00100000000000477,1
"vary_n",6826,0,8,"SVP BIC calibrated",0.00100000000000477,1
"vary_n",6826,0,8,"SVP BIC multiscale",0.936000000000007,1
"vary_n",6826,0,9,"PELT",0.0420000000000016,1
"vary_n",6826,0,9,"SVP BIC",0.000999999999990564,1
"vary_n",6826,0,9,"SVP BIC calibrated",0.00100000000000477,1
"vary_n",6826,0,9,"SVP BIC multiscale",0.950000000000003,1
"vary_n",6826,0,10,"PELT",0.0319999999999965,1
"vary_n",6826,0,10,"SVP BIC",0.00199999999999534,1
"vary_n",6826,0,10,"SVP BIC calibrated",0.00100000000000477,1
"vary_n",6826,0,10,"SVP BIC multiscale",0.936000000000007,1
"vary_n",6826,0,11,"PELT",0.0440000000000111,1
"vary_n",6826,0,11,"SVP BIC",0.000999999999990564,1
"vary_n",6826,0,11,"SVP BIC calibrated",0.00100000000000477,1
"vary_n",6826,0,11,"SVP BIC multiscale",0.938000000000002,1
"vary_n",6826,0,12,"PELT",0.0309999999999917,1
"vary_n",6826,0,12,"SVP BIC",0.00100000000000477,1
"vary_n",6826,0,12,"SVP BIC calibrated",0.000999999999990564,1
"vary_n",6826,0,12,"SVP BIC multiscale",0.928999999999988,1
"vary_n",6826,0,13,"PELT",0.0489999999999924,1
"vary_n",6826,0,13,"SVP BIC",0.00100000000000477,1
"vary_n",6826,0,13,"SVP BIC calibrated",0,1
"vary_n",6826,0,13,"SVP BIC multiscale",0.951000000000008,1
"vary_n",6826,0,14,"PELT",0.0450000000000017,1
"vary_n",6826,0,14,"SVP BIC",0.000999999999990564,1
"vary_n",6826,0,14,"SVP BIC calibrated",0.00100000000000477,1
"vary_n",6826,0,14,"SVP BIC multiscale",0.951999999999998,1
"vary_n",6826,0,15,"PELT",0.0330000000000013,1
"vary_n",6826,0,15,"SVP BIC",0.000999999999990564,1
"vary_n",6826,0,15,"SVP BIC calibrated",0.000999999999990564,1
"vary_n",6826,0,15,"SVP BIC multiscale",0.961999999999989,1
"vary_n",6826,0,16,"PELT",0.0259999999999962,1
"vary_n",6826,0,16,"SVP BIC",0.00100000000000477,1
"vary_n",6826,0,16,"SVP BIC calibrated",0.00100000000000477,1
"vary_n",6826,0,16,"SVP BIC multiscale",0.942999999999998,1
"vary_n",6826,0,17,"PELT",0.0390000000000015,1
"vary_n",6826,0,17,"SVP BIC",0,1
"vary_n",6826,0,17,"SVP BIC calibrated",0,1
"vary_n",6826,0,17,"SVP BIC multiscale",1.00800000000001,1
"vary_n",6826,0,18,"PELT",0.0349999999999966,1
"vary_n",6826,0,18,"SVP BIC",0.00100000000000477,1
"vary_n",6826,0,18,"SVP BIC calibrated",0.00100000000000477,1
"vary_n",6826,0,18,"SVP BIC multiscale",0.939000000000007,1
"vary_n",6826,0,19,"PELT",0.0229999999999961,1
"vary_n",6826,0,19,"SVP BIC",0.000999999999990564,1
"vary_n",6826,0,19,"SVP BIC calibrated",0.00100000000000477,1
"vary_n",6826,0,19,"SVP BIC multiscale",0.966999999999999,1
"vary_n",6826,0,20,"PELT",0.0319999999999965,1
"vary_n",6826,0,20,"SVP BIC",0.00100000000000477,1
"vary_n",6826,0,20,"SVP BIC calibrated",0.000999999999990564,1
"vary_n",6826,0,20,"SVP BIC multiscale",0.947000000000003,1
"vary_n",8496,0,1,"PELT",0.0669999999999931,1
"vary_n",8496,0,1,"SVP BIC",0.00100000000000477,1
"vary_n",8496,0,1,"SVP BIC calibrated",0.000999999999990564,1
"vary_n",8496,0,1,"SVP BIC multiscale",1.45800000000001,1
"vary_n",8496,0,2,"PELT",0.054000000000002,1
"vary_n",8496,0,2,"SVP BIC",0.000999999999990564,1
"vary_n",8496,0,2,"SVP BIC calibrated",0.00100000000000477,1
"vary_n",8496,0,2,"SVP BIC multiscale",1.535,1
"vary_n",8496,0,3,"PELT",0.039999999999992,1
"vary_n",8496,0,3,"SVP BIC",0.000999999999990564,1
"vary_n",8496,0,3,"SVP BIC calibrated",0.00100000000000477,1
"vary_n",8496,0,3,"SVP BIC multiscale",1.518,1
"vary_n",8496,0,4,"PELT",0.0339999999999918,1
"vary_n",8496,0,4,"SVP BIC",0.000999999999990564,1
"vary_n",8496,0,4,"SVP BIC calibrated",0.00100000000000477,1
"vary_n",8496,0,4,"SVP BIC multiscale",1.47999999999999,1
"vary_n",8496,0,5,"PELT",0.039999999999992,1
"vary_n",8496,0,5,"SVP BIC",0.00100000000000477,1
"vary_n",8496,0,5,"SVP BIC calibrated",0.000999999999990564,1
"vary_n",8496,0,5,"SVP BIC multiscale",1.44199999999999,1
"vary_n",8496,0,6,"PELT",0.0260000000000105,1
"vary_n",8496,0,6,"SVP BIC",0.00100000000000477,1
"vary_n",8496,0,6,"SVP BIC calibrated",0.00100000000000477,1
"vary_n",8496,0,6,"SVP BIC multiscale",1.51300000000001,1
"vary_n",8496,0,7,"PELT",0.0429999999999922,1
"vary_n",8496,0,7,"SVP BIC",0.000999999999990564,1
"vary_n",8496,0,7,"SVP BIC calibrated",0.00100000000000477,1
"vary_n",8496,0,7,"SVP BIC multiscale",1.47099999999999,1
"vary_n",8496,0,8,"PELT",0.0649999999999977,1
"vary_n",8496,0,8,"SVP BIC",0.00100000000000477,1
"vary_n",8496,0,8,"SVP BIC calibrated",0.00100000000000477,1
"vary_n",8496,0,8,"SVP BIC multiscale",1.452,1
"vary_n",8496,0,9,"PELT",0.0679999999999978,1
"vary_n",8496,0,9,"SVP BIC",0.00100000000000477,1
"vary_n",8496,0,9,"SVP BIC calibrated",0.000999999999990564,1
"vary_n",8496,0,9,"SVP BIC multiscale",1.416,1
"vary_n",8496,0,10,"PELT",0.0419999999999874,1
"vary_n",8496,0,10,"SVP BIC",0.00100000000000477,1
"vary_n",8496,0,10,"SVP BIC calibrated",0.00199999999999534,1
"vary_n",8496,0,10,"SVP BIC multiscale",1.52,1
"vary_n",8496,0,11,"PELT",0.0390000000000015,1
"vary_n",8496,0,11,"SVP BIC",0.000999999999990564,1
"vary_n",8496,0,11,"SVP BIC calibrated",0.00100000000000477,1
"vary_n",8496,0,11,"SVP BIC multiscale",1.462,1
"vary_n",8496,0,12,"PELT",0.0450000000000017,1
"vary_n",8496,0,12,"SVP BIC",0.00100000000000477,1
"vary_n",8496,0,12,"SVP BIC calibrated",0.00100000000000477,1
"vary_n",8496,0,12,"SVP BIC multiscale",1.449,1
"vary_n",8496,0,13,"PELT",0.039999999999992,1
"vary_n",8496,0,13,"SVP BIC",0.00100000000000477,1
"vary_n",8496,0,13,"SVP BIC calibrated",0.00100000000000477,1
"vary_n",8496,0,13,"SVP BIC multiscale",1.485,1
"vary_n",8496,0,14,"PELT",0.0670000000000073,1
"vary_n",8496,0,14,"SVP BIC",0.00100000000000477,1
"vary_n",8496,0,14,"SVP BIC calibrated",0.00100000000000477,1
"vary_n",8496,0,14,"SVP BIC multiscale",1.473,1
"vary_n",8496,0,15,"PELT",0.0289999999999964,1
"vary_n",8496,0,15,"SVP BIC",0.00100000000000477,1
"vary_n",8496,0,15,"SVP BIC calibrated",0.00100000000000477,1
"vary_n",8496,0,15,"SVP BIC multiscale",1.47499999999999,1
"vary_n",8496,0,16,"PELT",0.0660000000000025,1
"vary_n",8496,0,16,"SVP BIC",0.000999999999990564,1
"vary_n",8496,0,16,"SVP BIC calibrated",0.00100000000000477,1
"vary_n",8496,0,16,"SVP BIC multiscale",1.48599999999999,1
"vary_n",8496,0,17,"PELT",0.0519999999999925,1
"vary_n",8496,0,17,"SVP BIC",0.00100000000000477,1
"vary_n",8496,0,17,"SVP BIC calibrated",0.000999999999990564,1
"vary_n",8496,0,17,"SVP BIC multiscale",1.51700000000001,1
"vary_n",8496,0,18,"PELT",0.0660000000000025,1
"vary_n",8496,0,18,"SVP BIC",0.00100000000000477,1
"vary_n",8496,0,18,"SVP BIC calibrated",0.00100000000000477,1
"vary_n",8496,0,18,"SVP BIC multiscale",1.488,1
"vary_n",8496,0,19,"PELT",0.061000000000007,1
"vary_n",8496,0,19,"SVP BIC",0.000999999999990564,1
"vary_n",8496,0,19,"SVP BIC calibrated",0.00100000000000477,1
"vary_n",8496,0,19,"SVP BIC multiscale",1.441,1
"vary_n",8496,0,20,"PELT",0.0530000000000115,1
"vary_n",8496,0,20,"SVP BIC",0.000999999999990564,1
"vary_n",8496,0,20,"SVP BIC calibrated",0.00100000000000477,1
"vary_n",8496,0,20,"SVP BIC multiscale",1.48399999999999,1
"vary_n",10575,0,1,"PELT",0.103000000000009,1
"vary_n",10575,0,1,"SVP BIC",0.00200000000000955,1
"vary_n",10575,0,1,"SVP BIC calibrated",0.00100000000000477,1
"vary_n",10575,0,1,"SVP BIC multiscale",2.24699999999999,1
"vary_n",10575,0,2,"PELT",0.0900000000000034,1
"vary_n",10575,0,2,"SVP BIC",0.00199999999998113,1
"vary_n",10575,0,2,"SVP BIC calibrated",0.00100000000000477,1
"vary_n",10575,0,2,"SVP BIC multiscale",2.274,1
"vary_n",10575,0,3,"PELT",0.108000000000004,1
"vary_n",10575,0,3,"SVP BIC",0.00100000000000477,1
"vary_n",10575,0,3,"SVP BIC calibrated",0.00100000000000477,1
"vary_n",10575,0,3,"SVP BIC multiscale",2.21100000000001,1
"vary_n",10575,0,4,"PELT",0.068000000000012,1
"vary_n",10575,0,4,"SVP BIC",0.00100000000000477,1
"vary_n",10575,0,4,"SVP BIC calibrated",0.00100000000000477,1
"vary_n",10575,0,4,"SVP BIC multiscale",2.30500000000001,1
"vary_n",10575,0,5,"PELT",0.0570000000000164,1
"vary_n",10575,0,5,"SVP BIC",0.00100000000000477,1
"vary_n",10575,0,5,"SVP BIC calibrated",1.05900000000003,2
"vary_n",10575,0,5,"SVP BIC multiscale",2.32300000000001,1
"vary_n",10575,0,6,"PELT",0.104000000000013,1
"vary_n",10575,0,6,"SVP BIC",0.00100000000000477,1
"vary_n",10575,0,6,"SVP BIC calibrated",0.00100000000000477,1
"vary_n",10575,0,6,"SVP BIC multiscale",2.35499999999999,1
"vary_n",10575,0,7,"PELT",0.0560000000000116,1
"vary_n",10575,0,7,"SVP BIC",0.00200000000000955,1
"vary_n",10575,0,7,"SVP BIC calibrated",0.00100000000000477,1
"vary_n",10575,0,7,"SVP BIC multiscale",2.29600000000002,1
"vary_n",10575,0,8,"PELT",0.0930000000000177,1
"vary_n",10575,0,8,"SVP BIC",0.00200000000000955,1
"vary_n",10575,0,8,"SVP BIC calibrated",0.00200000000000955,1
"vary_n",10575,0,8,"SVP BIC multiscale",2.327,1
"vary_n",10575,0,9,"PELT",0.0869999999999891,1
"vary_n",10575,0,9,"SVP BIC",0.00100000000000477,1
"vary_n",10575,0,9,"SVP BIC calibrated",0.00200000000000955,1
"vary_n",10575,0,9,"SVP BIC multiscale",2.321,1
"vary_n",10575,0,10,"PELT",0.10499999999999,1
"vary_n",10575,0,10,"SVP BIC",0.000999999999976353,1
"vary_n",10575,0,10,"SVP BIC calibrated",0.00100000000000477,1
"vary_n",10575,0,10,"SVP BIC multiscale",2.285,1
"vary_n",10575,0,11,"PELT",0.0819999999999936,1
"vary_n",10575,0,11,"SVP BIC",0.00100000000000477,1
"vary_n",10575,0,11,"SVP BIC calibrated",0.00100000000000477,1
"vary_n",10575,0,11,"SVP BIC multiscale",2.25799999999998,1
"vary_n",10575,0,12,"PELT",0.109999999999985,1
"vary_n",10575,0,12,"SVP BIC",0.00100000000000477,1
"vary_n",10575,0,12,"SVP BIC calibrated",0.00100000000000477,1
"vary_n",10575,0,12,"SVP BIC multiscale",2.39700000000002,1
"vary_n",10575,0,13,"PELT",0.0759999999999934,1
"vary_n",10575,0,13,"SVP BIC",0.00100000000000477,1
"vary_n",10575,0,13,"SVP BIC calibrated",0.00100000000000477,1
"vary_n",10575,0,13,"SVP BIC multiscale",2.30499999999998,1
"vary_n",10575,0,14,"PELT",0.102000000000004,1
"vary_n",10575,0,14,"SVP BIC",0.00100000000000477,1
"vary_n",10575,0,14,"SVP BIC calibrated",0.00100000000000477,1
"vary_n",10575,0,14,"SVP BIC multiscale",2.31299999999999,1
"vary_n",10575,0,15,"PELT",0.061000000000007,1
"vary_n",10575,0,15,"SVP BIC",0.00199999999998113,1
"vary_n",10575,0,15,"SVP BIC calibrated",0.00100000000000477,1
"vary_n",10575,0,15,"SVP BIC multiscale",2.261,1
"vary_n",10575,0,16,"PELT",0.063999999999993,1
"vary_n",10575,0,16,"SVP BIC",0.00200000000000955,1
"vary_n",10575,0,16,"SVP BIC calibrated",0.00100000000000477,1
"vary_n",10575,0,16,"SVP BIC multiscale",2.33599999999998,1
"vary_n",10575,0,17,"PELT",0.078000000000003,1
"vary_n",10575,0,17,"SVP BIC",0.00100000000000477,1
"vary_n",10575,0,17,"SVP BIC calibrated",0.00100000000000477,1
"vary_n",10575,0,17,"SVP BIC multiscale",1.70599999999999,2
"vary_n",10575,0,18,"PELT",0.106999999999999,1
"vary_n",10575,0,18,"SVP BIC",0.00200000000000955,1
"vary_n",10575,0,18,"SVP BIC calibrated",0.00100000000000477,1
"vary_n",10575,0,18,"SVP BIC multiscale",2.24200000000002,1
"vary_n",10575,0,19,"PELT",0.0859999999999843,1
"vary_n",10575,0,19,"SVP BIC",0.00100000000000477,1
"vary_n",10575,0,19,"SVP BIC calibrated",0.00199999999998113,1
"vary_n",10575,0,19,"SVP BIC multiscale",2.22399999999999,1
"vary_n",10575,0,20,"PELT",0.0559999999999832,1
"vary_n",10575,0,20,"SVP BIC",0.00200000000000955,1
"vary_n",10575,0,20,"SVP BIC calibrated",0.00100000000000477,1
"vary_n",10575,0,20,"SVP BIC multiscale",2.292,1
"vary_n",13163,0,1,"PELT",0.157000000000011,1
"vary_n",13163,0,1,"SVP BIC",0.00200000000000955,1
"vary_n",13163,0,1,"SVP BIC calibrated",0.00100000000000477,1
"vary_n",13163,0,1,"SVP BIC multiscale",3.649,1
"vary_n",13163,0,2,"PELT",0.157999999999987,1
"vary_n",13163,0,2,"SVP BIC",0.00199999999998113,1
"vary_n",13163,0,2,"SVP BIC calibrated",0.00199999999998113,1
"vary_n",13163,0,2,"SVP BIC multiscale",3.54599999999999,1
"vary_n",13163,0,3,"PELT",0.0679999999999836,1
"vary_n",13163,0,3,"SVP BIC",0.00100000000000477,1
"vary_n",13163,0,3,"SVP BIC calibrated",0.00100000000000477,1
"vary_n",13163,0,3,"SVP BIC multiscale",3.512,1
"vary_n",13163,0,4,"PELT",0.100000000000023,1
"vary_n",13163,0,4,"SVP BIC",0.00200000000000955,1
"vary_n",13163,0,4,"SVP BIC calibrated",0.00100000000000477,1
"vary_n",13163,0,4,"SVP BIC multiscale",3.578,1
"vary_n",13163,0,5,"PELT",0.121999999999986,1
"vary_n",13163,0,5,"SVP BIC",0.00100000000000477,1
"vary_n",13163,0,5,"SVP BIC calibrated",0.00199999999998113,1
"vary_n",13163,0,5,"SVP BIC multiscale",3.54300000000001,1
"vary_n",13163,0,6,"PELT",0.161999999999978,1
"vary_n",13163,0,6,"SVP BIC",0.00100000000000477,1
"vary_n",13163,0,6,"SVP BIC calibrated",0.00100000000000477,1
"vary_n",13163,0,6,"SVP BIC multiscale",3.57300000000001,1
"vary_n",13163,0,7,"PELT",0.12299999999999,1
"vary_n",13163,0,7,"SVP BIC",0.00199999999998113,1
"vary_n",13163,0,7,"SVP BIC calibrated",0.00200000000000955,1
"vary_n",13163,0,7,"SVP BIC multiscale",3.631,1
"vary_n",13163,0,8,"PELT",0.156000000000006,1
"vary_n",13163,0,8,"SVP BIC",0.00199999999998113,1
"vary_n",13163,0,8,"SVP BIC calibrated",0.00100000000000477,1
"vary_n",13163,0,8,"SVP BIC multiscale",3.60300000000001,1
"vary_n",13163,0,9,"PELT",0.0840000000000032,1
"vary_n",13163,0,9,"SVP BIC",0.00100000000000477,1
"vary_n",13163,0,9,"SVP BIC calibrated",0.00100000000000477,1
"vary_n",13163,0,9,"SVP BIC multiscale",3.65499999999997,1
"vary_n",13163,0,10,"PELT",0.061000000000007,1
"vary_n",13163,0,10,"SVP BIC",0.00100000000000477,1
"vary_n",13163,0,10,"SVP BIC calibrated",0.00200000000000955,1
"vary_n",13163,0,10,"SVP BIC multiscale",3.65299999999999,1
"vary_n",13163,0,11,"PELT",0.0970000000000084,1
"vary_n",13163,0,11,"SVP BIC",0.00200000000000955,1
"vary_n",13163,0,11,"SVP BIC calibrated",0.00200000000000955,1
"vary_n",13163,0,11,"SVP BIC multiscale",3.64699999999999,1
"vary_n",13163,0,12,"PELT",0.143000000000001,1
"vary_n",13163,0,12,"SVP BIC",0.00100000000000477,1
"vary_n",13163,0,12,"SVP BIC calibrated",0.00200000000000955,1
"vary_n",13163,0,12,"SVP BIC multiscale",3.61600000000001,1
"vary_n",13163,0,13,"PELT",0.0900000000000034,1
"vary_n",13163,0,13,"SVP BIC",0.00200000000000955,1
"vary_n",13163,0,13,"SVP BIC calibrated",0.00100000000000477,1
"vary_n",13163,0,13,"SVP BIC multiscale",3.68300000000002,1
"vary_n",13163,0,14,"PELT",0.0860000000000127,1
"vary_n",13163,0,14,"SVP BIC",0.00100000000000477,1
"vary_n",13163,0,14,"SVP BIC calibrated",0.00200000000000955,1
"vary_n",13163,0,14,"SVP BIC multiscale",3.58699999999999,1
"vary_n",13163,0,15,"PELT",0.171999999999997,1
"vary_n",13163,0,15,"SVP BIC",0.000999999999976353,1
"vary_n",13163,0,15,"SVP BIC calibrated",0.00200000000000955,1
"vary_n",13163,0,15,"SVP BIC multiscale",3.565,1
"vary_n",13163,0,16,"PELT",0.157000000000011,1
"vary_n",13163,0,16,"SVP BIC",0.00199999999998113,1
"vary_n",13163,0,16,"SVP BIC calibrated",0.00200000000000955,1
"vary_n",13163,0,16,"SVP BIC multiscale",3.535,1
"vary_n",13163,0,17,"PELT",0.0800000000000125,1
"vary_n",13163,0,17,"SVP BIC",0.00199999999998113,1
"vary_n",13163,0,17,"SVP BIC calibrated",0.00100000000000477,1
"vary_n",13163,0,17,"SVP BIC multiscale",3.46599999999998,1
"vary_n",13163,0,18,"PELT",0.0829999999999984,1
"vary_n",13163,0,18,"SVP BIC",0.00100000000000477,1
"vary_n",13163,0,18,"SVP BIC calibrated",0.00199999999998113,1
"vary_n",13163,0,18,"SVP BIC multiscale",3.58500000000001,1
"vary_n",13163,0,19,"PELT",0.106999999999999,1
"vary_n",13163,0,19,"SVP BIC",0.00200000000000955,1
"vary_n",13163,0,19,"SVP BIC calibrated",0.00200000000000955,1
"vary_n",13163,0,19,"SVP BIC multiscale",3.709,1
"vary_n",13163,0,20,"PELT",0.114000000000004,1
"vary_n",13163,0,20,"SVP BIC",0.00200000000000955,1
"vary_n",13163,0,20,"SVP BIC calibrated",0.00199999999998113,1
"vary_n",13163,0,20,"SVP BIC multiscale",3.62100000000001,1
"vary_n",16384,0,1,"PELT",0.157000000000011,1
"vary_n",16384,0,1,"SVP BIC",0.00399999999999068,1
"vary_n",16384,0,1,"SVP BIC calibrated",0.0040000000000191,1
"vary_n",16384,0,1,"SVP BIC multiscale",5.82599999999999,1
"vary_n",16384,0,2,"PELT",0.245999999999981,1
"vary_n",16384,0,2,"SVP BIC",0.00200000000000955,1
"vary_n",16384,0,2,"SVP BIC calibrated",0.00200000000000955,1
"vary_n",16384,0,2,"SVP BIC multiscale",5.71300000000002,1
"vary_n",16384,0,3,"PELT",0.257999999999981,1
"vary_n",16384,0,3,"SVP BIC",0.00200000000000955,1
"vary_n",16384,0,3,"SVP BIC calibrated",0.00200000000000955,1
"vary_n",16384,0,3,"SVP BIC multiscale",5.80200000000002,1
"vary_n",16384,0,4,"PELT",0.25,1
"vary_n",16384,0,4,"SVP BIC",0.00300000000004275,1
"vary_n",16384,0,4,"SVP BIC calibrated",0.00200000000000955,1
"vary_n",16384,0,4,"SVP BIC multiscale",5.767,1
"vary_n",16384,0,5,"PELT",0.257000000000005,1
"vary_n",16384,0,5,"SVP BIC",0.00200000000000955,1
"vary_n",16384,0,5,"SVP BIC calibrated",0.00200000000000955,1
"vary_n",16384,0,5,"SVP BIC multiscale",5.70600000000002,1
"vary_n",16384,0,6,"PELT",0.24799999999999,1
"vary_n",16384,0,6,"SVP BIC",0.0029999999999859,1
"vary_n",16384,0,6,"SVP BIC calibrated",0.00200000000000955,1
"vary_n",16384,0,6,"SVP BIC multiscale",5.75200000000001,1
"vary_n",16384,0,7,"PELT",0.15100000000001,1
"vary_n",16384,0,7,"SVP BIC",0.00200000000000955,1
"vary_n",16384,0,7,"SVP BIC calibrated",0.00200000000000955,1
"vary_n",16384,0,7,"SVP BIC multiscale",5.62900000000002,1
"vary_n",16384,0,8,"PELT",0.249000000000024,1
"vary_n",16384,0,8,"SVP BIC",0.00200000000000955,1
"vary_n",16384,0,8,"SVP BIC calibrated",0.00200000000000955,1
"vary_n",16384,0,8,"SVP BIC multiscale",5.87700000000001,1
"vary_n",16384,0,9,"PELT",0.173000000000002,1
"vary_n",16384,0,9,"SVP BIC",0.00199999999995271,1
"vary_n",16384,0,9,"SVP BIC calibrated",0.00200000000000955,1
"vary_n",16384,0,9,"SVP BIC multiscale",5.80100000000004,1
"vary_n",16384,0,10,"PELT",0.146000000000015,1
"vary_n",16384,0,10,"SVP BIC",0.00200000000000955,1
"vary_n",16384,0,10,"SVP BIC calibrated",0.00200000000000955,1
"vary_n",16384,0,10,"SVP BIC multiscale",5.76299999999998,1
"vary_n",16384,0,11,"PELT",0.127999999999986,1
"vary_n",16384,0,11,"SVP BIC",0.00200000000000955,1
"vary_n",16384,0,11,"SVP BIC calibrated",0.00200000000000955,1
"vary_n",16384,0,11,"SVP BIC multiscale",5.769,1
"vary_n",16384,0,12,"PELT",0.161000000000001,1
"vary_n",16384,0,12,"SVP BIC",0.00200000000000955,1
"vary_n",16384,0,12,"SVP BIC calibrated",0.00200000000000955,1
"vary_n",16384,0,12,"SVP BIC multiscale",5.60000000000002,1
"vary_n",16384,0,13,"PELT",0.134999999999991,1
"vary_n",16384,0,13,"SVP BIC",0.0010000000000332,1
"vary_n",16384,0,13,"SVP BIC calibrated",0.00200000000000955,1
"vary_n",16384,0,13,"SVP BIC multiscale",5.76299999999998,1
"vary_n",16384,0,14,"PELT",0.259000000000015,1
"vary_n",16384,0,14,"SVP BIC",0.00200000000000955,1
"vary_n",16384,0,14,"SVP BIC calibrated",0.00199999999995271,1
"vary_n",16384,0,14,"SVP BIC multiscale",5.74099999999999,1
"vary_n",16384,0,15,"PELT",0.21999999999997,1
"vary_n",16384,0,15,"SVP BIC",0.00200000000000955,1
"vary_n",16384,0,15,"SVP BIC calibrated",0.00200000000000955,1
"vary_n",16384,0,15,"SVP BIC multiscale",5.45999999999998,1
"vary_n",16384,0,16,"PELT",0.204000000000008,1
"vary_n",16384,0,16,"SVP BIC",0.00199999999995271,1
"vary_n",16384,0,16,"SVP BIC calibrated",0.00200000000000955,1
"vary_n",16384,0,16,"SVP BIC multiscale",5.57900000000001,1
"vary_n",16384,0,17,"PELT",0.230999999999995,1
"vary_n",16384,0,17,"SVP BIC",0.000999999999976353,1
"vary_n",16384,0,17,"SVP BIC calibrated",0.00200000000000955,1
"vary_n",16384,0,17,"SVP BIC multiscale",5.62,1
"vary_n",16384,0,18,"PELT",0.211999999999989,1
"vary_n",16384,0,18,"SVP BIC",0.00199999999995271,1
"vary_n",16384,0,18,"SVP BIC calibrated",0.00200000000000955,1
"vary_n",16384,0,18,"SVP BIC multiscale",5.60599999999999,1
"vary_n",16384,0,19,"PELT",0.204999999999984,1
"vary_n",16384,0,19,"SVP BIC",0.00200000000000955,1
"vary_n",16384,0,19,"SVP BIC calibrated",0.00199999999995271,1
"vary_n",16384,0,19,"SVP BIC multiscale",5.67399999999998,1
"vary_n",16384,0,20,"PELT",0.203000000000031,1
"vary_n",16384,0,20,"SVP BIC",0.0029999999999859,1
"vary_n",16384,0,20,"SVP BIC calibrated",0.00200000000000955,1
"vary_n",16384,0,20,"SVP BIC multiscale",5.59000000000003,1
"vary_k",10000,0,1,"PELT",0.0340000000000487,1
"vary_k",10000,0,1,"SVP BIC",0.000999999999976353,1
"vary_k",10000,0,1,"SVP BIC calibrated",0.0010000000000332,1
"vary_k",10000,0,1,"SVP BIC multiscale",2.04500000000002,1
"vary_k",10000,0,2,"PELT",0.0489999999999782,1
"vary_k",10000,0,2,"SVP BIC",0.000999999999976353,1
"vary_k",10000,0,2,"SVP BIC calibrated",0.0010000000000332,1
"vary_k",10000,0,2,"SVP BIC multiscale",2.02599999999995,1
"vary_k",10000,0,3,"PELT",0.0900000000000318,1
"vary_k",10000,0,3,"SVP BIC",0.00199999999995271,1
"vary_k",10000,0,3,"SVP BIC calibrated",0.000999999999976353,1
"vary_k",10000,0,3,"SVP BIC multiscale",1.99799999999999,1
"vary_k",10000,0,4,"PELT",0.0869999999999891,1
"vary_k",10000,0,4,"SVP BIC",0.00200000000000955,1
"vary_k",10000,0,4,"SVP BIC calibrated",0.0010000000000332,1
"vary_k",10000,0,4,"SVP BIC multiscale",2.11099999999999,1
"vary_k",10000,0,5,"PELT",0.0539999999999736,1
"vary_k",10000,0,5,"SVP BIC",0.0010000000000332,1
"vary_k",10000,0,5,"SVP BIC calibrated",0.00200000000000955,1
"vary_k",10000,0,5,"SVP BIC multiscale",1.99599999999998,1
"vary_k",10000,0,6,"PELT",0.0460000000000491,1
"vary_k",10000,0,6,"SVP BIC",0.0010000000000332,1
"vary_k",10000,0,6,"SVP BIC calibrated",0.000999999999976353,1
"vary_k",10000,0,6,"SVP BIC multiscale",2.05799999999999,1
"vary_k",10000,0,7,"PELT",0.0889999999999986,1
"vary_k",10000,0,7,"SVP BIC",0.000999999999976353,1
"vary_k",10000,0,7,"SVP BIC calibrated",0.000999999999976353,1
"vary_k",10000,0,7,"SVP BIC multiscale",2.06300000000005,1
"vary_k",10000,0,8,"PELT",0.0939999999999941,1
"vary_k",10000,0,8,"SVP BIC",0.000999999999976353,1
"vary_k",10000,0,8,"SVP BIC calibrated",0.00200000000000955,1
"vary_k",10000,0,8,"SVP BIC multiscale",2.036,1
"vary_k",10000,0,9,"PELT",0.0769999999999982,1
"vary_k",10000,0,9,"SVP BIC",0.00200000000000955,1
"vary_k",10000,0,9,"SVP BIC calibrated",0.000999999999976353,1
"vary_k",10000,0,9,"SVP BIC multiscale",2.05399999999997,1
"vary_k",10000,0,10,"PELT",0.0900000000000318,1
"vary_k",10000,0,10,"SVP BIC",0.000999999999976353,1
"vary_k",10000,0,10,"SVP BIC calibrated",0.000999999999976353,1
"vary_k",10000,0,10,"SVP BIC multiscale",2.04399999999998,1
"vary_k",10000,1,1,"PELT",0.0339999999999918,2
"vary_k",10000,1,1,"SVP BIC",0.848000000000013,2
"vary_k",10000,1,1,"SVP BIC calibrated",0.846000000000004,2
"vary_k",10000,1,1,"SVP BIC multiscale",0.978000000000009,2
"vary_k",10000,1,2,"PELT",0.0469999999999686,2
"vary_k",10000,1,2,"SVP BIC",0.890000000000043,2
"vary_k",10000,1,2,"SVP BIC calibrated",0.870999999999981,2
"vary_k",10000,1,2,"SVP BIC multiscale",0.993999999999971,2
"vary_k",10000,1,3,"PELT",0.0470000000000255,2
"vary_k",10000,1,3,"SVP BIC",0.847999999999956,2
"vary_k",10000,1,3,"SVP BIC calibrated",0.843999999999994,2
"vary_k",10000,1,3,"SVP BIC multiscale",0.98599999999999,2
"vary_k",10000,1,4,"PELT",0.0450000000000159,2
"vary_k",10000,1,4,"SVP BIC",0.865000000000009,2
"vary_k",10000,1,4,"SVP BIC calibrated",0.881000000000029,2
"vary_k",10000,1,4,"SVP BIC multiscale",1.01499999999999,2
"vary_k",10000,1,5,"PELT",0.0469999999999686,2
"vary_k",10000,1,5,"SVP BIC",0.871000000000038,2
"vary_k",10000,1,5,"SVP BIC calibrated",0.867999999999995,2
"vary_k",10000,1,5,"SVP BIC multiscale",0.992999999999995,2
"vary_k",10000,1,6,"PELT",0.049000000000035,2
"vary_k",10000,1,6,"SVP BIC",0.859999999999957,2
"vary_k",10000,1,6,"SVP BIC calibrated",0.86099999999999,2
"vary_k",10000,1,6,"SVP BIC multiscale",0.98399999999998,2
"vary_k",10000,1,7,"PELT",0.0460000000000491,2
"vary_k",10000,1,7,"SVP BIC",0.842999999999961,2
"vary_k",10000,1,7,"SVP BIC calibrated",0.843999999999994,2
"vary_k",10000,1,7,"SVP BIC multiscale",0.971000000000004,2
"vary_k",10000,1,8,"PELT",0.0480000000000018,2
"vary_k",10000,1,8,"SVP BIC",0.853999999999985,2
"vary_k",10000,1,8,"SVP BIC calibrated",0.850999999999999,2
"vary_k",10000,1,8,"SVP BIC multiscale",0.980000000000018,2
"vary_k",10000,1,9,"PELT",0.04200000000003,2
"vary_k",10000,1,9,"SVP BIC",0.84899999999999,2
"vary_k",10000,1,9,"SVP BIC calibrated",0.805000000000007,3
"vary_k",10000,1,9,"SVP BIC multiscale",0.953000000000031,3
"vary_k",10000,1,10,"PELT",0.0480000000000018,2
"vary_k",10000,1,10,"SVP BIC",0.850999999999999,2
"vary_k",10000,1,10,"SVP BIC calibrated",0.84899999999999,2
"vary_k",10000,1,10,"SVP BIC multiscale",0.995999999999981,2
"vary_k",10000,2,1,"PELT",0.0289999999999964,3
"vary_k",10000,2,1,"SVP BIC",0.560000000000002,3
"vary_k",10000,2,1,"SVP BIC calibrated",0.548999999999978,3
"vary_k",10000,2,1,"SVP BIC multiscale",0.636000000000024,3
"vary_k",10000,2,2,"PELT",0.0260000000000105,3
"vary_k",10000,2,2,"SVP BIC",0.56899999999996,3
"vary_k",10000,2,2,"SVP BIC calibrated",0.560000000000002,3
"vary_k",10000,2,2,"SVP BIC multiscale",0.649000000000001,3
"vary_k",10000,2,3,"PELT",0.0240000000000009,3
"vary_k",10000,2,3,"SVP BIC",0.569000000000017,3
"vary_k",10000,2,3,"SVP BIC calibrated",0.635000000000048,3
"vary_k",10000,2,3,"SVP BIC multiscale",0.692999999999984,3
"vary_k",10000,2,4,"PELT",0.0300000000000296,3
"vary_k",10000,2,4,"SVP BIC",0.576999999999998,3
"vary_k",10000,2,4,"SVP BIC calibrated",0.634999999999991,3
"vary_k",10000,2,4,"SVP BIC multiscale",0.674999999999955,3
"vary_k",10000,2,5,"PELT",0.02800000000002,3
"vary_k",10000,2,5,"SVP BIC",0.649999999999977,3
"vary_k",10000,2,5,"SVP BIC calibrated",0.603999999999985,3
"vary_k",10000,2,5,"SVP BIC multiscale",0.657000000000039,3
"vary_k",10000,2,6,"PELT",0.0340000000000487,3
"vary_k",10000,2,6,"SVP BIC",0.545000000000016,3
"vary_k",10000,2,6,"SVP BIC calibrated",0.543999999999983,3
"vary_k",10000,2,6,"SVP BIC multiscale",0.629999999999995,3
"vary_k",10000,2,7,"PELT",0.0339999999999918,3
"vary_k",10000,2,7,"SVP BIC",0.567000000000007,3
"vary_k",10000,2,7,"SVP BIC calibrated",0.579999999999984,3
"vary_k",10000,2,7,"SVP BIC multiscale",0.68199999999996,3
"vary_k",10000,2,8,"PELT",0.0230000000000246,3
"vary_k",10000,2,8,"SVP BIC",0.579000000000008,3
"vary_k",10000,2,8,"SVP BIC calibrated",0.56699999999995,3
"vary_k",10000,2,8,"SVP BIC multiscale",0.65500000000003,3
"vary_k",10000,2,9,"PELT",0.0360000000000014,3
"vary_k",10000,2,9,"SVP BIC",0.564999999999998,3
"vary_k",10000,2,9,"SVP BIC calibrated",0.562999999999988,3
"vary_k",10000,2,9,"SVP BIC multiscale",0.641999999999996,3
"vary_k",10000,2,10,"PELT",0.0329999999999586,3
"vary_k",10000,2,10,"SVP BIC",0.543000000000006,3
"vary_k",10000,2,10,"SVP BIC calibrated",0.552999999999997,3
"vary_k",10000,2,10,"SVP BIC multiscale",0.634000000000015,3
"vary_k",10000,3,1,"PELT",0.0219999999999914,4
"vary_k",10000,3,1,"SVP BIC",0.456999999999994,4
"vary_k",10000,3,1,"SVP BIC calibrated",0.418999999999983,4
"vary_k",10000,3,1,"SVP BIC multiscale",0.480000000000018,4
"vary_k",10000,3,2,"PELT",0.0249999999999773,4
"vary_k",10000,3,2,"SVP BIC",0.420999999999992,4
"vary_k",10000,3,2,"SVP BIC calibrated",0.423000000000002,4
"vary_k",10000,3,2,"SVP BIC multiscale",0.473000000000013,4
"vary_k",10000,3,3,"PELT",0.0249999999999773,4
"vary_k",10000,3,3,"SVP BIC",0.409999999999968,4
"vary_k",10000,3,3,"SVP BIC calibrated",0.467000000000041,4
"vary_k",10000,3,3,"SVP BIC multiscale",0.463999999999999,4
"vary_k",10000,3,4,"PELT",0.0229999999999677,4
"vary_k",10000,3,4,"SVP BIC",0.420000000000016,4
"vary_k",10000,3,4,"SVP BIC calibrated",0.418000000000006,4
"vary_k",10000,3,4,"SVP BIC multiscale",0.483000000000004,4
"vary_k",10000,3,5,"PELT",0.0260000000000105,4
"vary_k",10000,3,5,"SVP BIC",0.423000000000002,4
"vary_k",10000,3,5,"SVP BIC calibrated",0.436000000000035,4
"vary_k",10000,3,5,"SVP BIC multiscale",0.479000000000042,4
"vary_k",10000,3,6,"PELT",0.021000000000015,4
"vary_k",10000,3,6,"SVP BIC",0.41700000000003,4
"vary_k",10000,3,6,"SVP BIC calibrated",0.41900000000004,4
"vary_k",10000,3,6,"SVP BIC multiscale",0.473000000000013,4
"vary_k",10000,3,7,"PELT",0.0249999999999773,4
"vary_k",10000,3,7,"SVP BIC",0.413000000000011,4
"vary_k",10000,3,7,"SVP BIC calibrated",0.413999999999987,4
"vary_k",10000,3,7,"SVP BIC multiscale",0.474999999999966,4
"vary_k",10000,3,8,"PELT",0.0289999999999964,4
"vary_k",10000,3,8,"SVP BIC",0.450000000000045,4
"vary_k",10000,3,8,"SVP BIC calibrated",0.44599999999997,4
"vary_k",10000,3,8,"SVP BIC multiscale",0.489999999999952,4
"vary_k",10000,3,9,"PELT",0.0209999999999582,4
"vary_k",10000,3,9,"SVP BIC",0.41900000000004,4
"vary_k",10000,3,9,"SVP BIC calibrated",0.477000000000032,4
"vary_k",10000,3,9,"SVP BIC multiscale",0.507000000000005,4
"vary_k",10000,3,10,"PELT",0.021000000000015,4
"vary_k",10000,3,10,"SVP BIC",0.420000000000016,4
"vary_k",10000,3,10,"SVP BIC calibrated",0.420999999999992,4
"vary_k",10000,3,10,"SVP BIC multiscale",0.47399999999999,4
"vary_k",10000,4,1,"PELT",0.0190000000000055,5
"vary_k",10000,4,1,"SVP BIC",0.33499999999998,5
"vary_k",10000,4,1,"SVP BIC calibrated",0.33499999999998,5
"vary_k",10000,4,1,"SVP BIC multiscale",0.378000000000043,5
"vary_k",10000,4,2,"PELT",0.0160000000000196,5
"vary_k",10000,4,2,"SVP BIC",0.331999999999994,5
"vary_k",10000,4,2,"SVP BIC calibrated",0.331999999999994,5
"vary_k",10000,4,2,"SVP BIC multiscale",0.37299999999999,5
"vary_k",10000,4,3,"PELT",0.0209999999999582,5
"vary_k",10000,4,3,"SVP BIC",0.334000000000003,5
"vary_k",10000,4,3,"SVP BIC calibrated",0.33099999999996,5
"vary_k",10000,4,3,"SVP BIC multiscale",0.375,5
"vary_k",10000,4,4,"PELT",0.0200000000000387,5
"vary_k",10000,4,4,"SVP BIC",0.338000000000022,5
"vary_k",10000,4,4,"SVP BIC calibrated",0.334000000000003,5
"vary_k",10000,4,4,"SVP BIC multiscale",0.37700000000001,5
"vary_k",10000,4,5,"PELT",0.0199999999999818,5
"vary_k",10000,4,5,"SVP BIC",0.324000000000012,5
"vary_k",10000,4,5,"SVP BIC calibrated",0.324000000000012,5
"vary_k",10000,4,5,"SVP BIC multiscale",0.367999999999995,5
"vary_k",10000,4,6,"PELT",0.0200000000000387,5
"vary_k",10000,4,6,"SVP BIC",0.326999999999998,5
"vary_k",10000,4,6,"SVP BIC calibrated",0.325000000000045,5
"vary_k",10000,4,6,"SVP BIC multiscale",0.369000000000028,5
"vary_k",10000,4,7,"PELT",0.0190000000000055,5
"vary_k",10000,4,7,"SVP BIC",0.329000000000008,5
"vary_k",10000,4,7,"SVP BIC calibrated",0.326999999999998,5
"vary_k",10000,4,7,"SVP BIC multiscale",0.371000000000038,5
"vary_k",10000,4,8,"PELT",0.0179999999999723,5
"vary_k",10000,4,8,"SVP BIC",0.328000000000031,5
"vary_k",10000,4,8,"SVP BIC calibrated",0.326999999999998,5
"vary_k",10000,4,8,"SVP BIC multiscale",0.371999999999957,5
"vary_k",10000,4,9,"PELT",0.0190000000000055,5
"vary_k",10000,4,9,"SVP BIC",0.322000000000003,5
"vary_k",10000,4,9,"SVP BIC calibrated",0.321000000000026,5
"vary_k",10000,4,9,"SVP BIC multiscale",0.367000000000019,5
"vary_k",10000,4,10,"PELT",0.0180000000000291,5
"vary_k",10000,4,10,"SVP BIC",0.331000000000017,5
"vary_k",10000,4,10,"SVP BIC calibrated",0.331999999999994,5
"vary_k",10000,4,10,"SVP BIC multiscale",0.375,5
"vary_k",10000,5,1,"PELT",0.0219999999999914,6
"vary_k",10000,5,1,"SVP BIC",0.267999999999972,6
"vary_k",10000,5,1,"SVP BIC calibrated",0.270000000000039,6
"vary_k",10000,5,1,"SVP BIC multiscale",0.305000000000007,6
"vary_k",10000,5,2,"PELT",0.0129999999999768,6
"vary_k",10000,5,2,"SVP BIC",0.268000000000029,6
"vary_k",10000,5,2,"SVP BIC calibrated",0.269000000000005,6
"vary_k",10000,5,2,"SVP BIC multiscale",0.303999999999974,6
"vary_k",10000,5,3,"PELT",0.0199999999999818,6
"vary_k",10000,5,3,"SVP BIC",0.274000000000001,6
"vary_k",10000,5,3,"SVP BIC calibrated",0.274000000000001,6
"vary_k",10000,5,3,"SVP BIC multiscale",0.310000000000002,6
"vary_k",10000,5,4,"PELT",0.01400000000001,6
"vary_k",10000,5,4,"SVP BIC",0.269000000000005,6
"vary_k",10000,5,4,"SVP BIC calibrated",0.269000000000005,6
"vary_k",10000,5,4,"SVP BIC multiscale",0.307999999999993,6
"vary_k",10000,5,5,"PELT",0.0130000000000337,6
"vary_k",10000,5,5,"SVP BIC",0.285000000000025,6
"vary_k",10000,5,5,"SVP BIC calibrated",0.28000000000003,6
"vary_k",10000,5,5,"SVP BIC multiscale",0.314999999999998,6
"vary_k",10000,5,6,"PELT",0.0160000000000196,6
"vary_k",10000,5,6,"SVP BIC",0.269000000000005,6
"vary_k",10000,5,6,"SVP BIC calibrated",0.269999999999982,6
"vary_k",10000,5,6,"SVP BIC multiscale",0.310000000000002,6
"vary_k",10000,5,7,"PELT",0.0139999999999532,6
"vary_k",10000,5,7,"SVP BIC",0.269999999999982,6
"vary_k",10000,5,7,"SVP BIC calibrated",0.271999999999991,6
"vary_k",10000,5,7,"SVP BIC multiscale",0.305999999999983,6
"vary_k",10000,5,8,"PELT",0.0149999999999864,6
"vary_k",10000,5,8,"SVP BIC",0.265999999999963,6
"vary_k",10000,5,8,"SVP BIC calibrated",0.266999999999996,6
"vary_k",10000,5,8,"SVP BIC multiscale",0.300999999999988,6
"vary_k",10000,5,9,"PELT",0.0160000000000196,6
"vary_k",10000,5,9,"SVP BIC",0.27600000000001,6
"vary_k",10000,5,9,"SVP BIC calibrated",0.271000000000015,6
"vary_k",10000,5,9,"SVP BIC multiscale",0.305000000000007,6
"vary_k",10000,5,10,"PELT",0.0190000000000055,6
"vary_k",10000,5,10,"SVP BIC",0.281999999999982,6
"vary_k",10000,5,10,"SVP BIC calibrated",0.270000000000039,6
"vary_k",10000,5,10,"SVP BIC multiscale",0.302000000000021,6
"vary_k",10000,6,1,"PELT",0.0150000000000432,7
"vary_k",10000,6,1,"SVP BIC",0.229999999999961,7
"vary_k",10000,6,1,"SVP BIC calibrated",0.230000000000018,7
"vary_k",10000,6,1,"SVP BIC multiscale",0.255999999999972,7
"vary_k",10000,6,2,"PELT",0.0130000000000337,7
"vary_k",10000,6,2,"SVP BIC",0.230999999999995,7
"vary_k",10000,6,2,"SVP BIC calibrated",0.230999999999995,7
"vary_k",10000,6,2,"SVP BIC multiscale",0.258999999999958,7
"vary_k",10000,6,3,"PELT",0.0159999999999627,7
"vary_k",10000,6,3,"SVP BIC",0.229999999999961,7
"vary_k",10000,6,3,"SVP BIC calibrated",0.228999999999985,7
"vary_k",10000,6,3,"SVP BIC multiscale",0.256000000000029,7
"vary_k",10000,6,4,"PELT",0.0190000000000055,7
"vary_k",10000,6,4,"SVP BIC",0.228000000000009,7
"vary_k",10000,6,4,"SVP BIC calibrated",0.229000000000042,7
"vary_k",10000,6,4,"SVP BIC multiscale",0.267999999999972,7
"vary_k",10000,6,5,"PELT",0.0120000000000005,7
"vary_k",10000,6,5,"SVP BIC",0.233000000000004,7
"vary_k",10000,6,5,"SVP BIC calibrated",0.231999999999971,7
"vary_k",10000,6,5,"SVP BIC multiscale",0.262,7
"vary_k",10000,6,6,"PELT",0.0160000000000196,7
"vary_k",10000,6,6,"SVP BIC",0.234000000000037,7
"vary_k",10000,6,6,"SVP BIC calibrated",0.228999999999985,7
"vary_k",10000,6,6,"SVP BIC multiscale",0.254999999999995,7
"vary_k",10000,6,7,"PELT",0.0120000000000005,7
"vary_k",10000,6,7,"SVP BIC",0.228999999999985,7
"vary_k",10000,6,7,"SVP BIC calibrated",0.228999999999985,7
"vary_k",10000,6,7,"SVP BIC multiscale",0.254999999999995,7
"vary_k",10000,6,8,"PELT",0.0160000000000196,7
"vary_k",10000,6,8,"SVP BIC",0.230999999999995,7
"vary_k",10000,6,8,"SVP BIC calibrated",0.230999999999995,7
"vary_k",10000,6,8,"SVP BIC multiscale",0.257999999999981,7
"vary_k",10000,6,9,"PELT",0.0130000000000337,7
"vary_k",10000,6,9,"SVP BIC",0.232000000000028,7
"vary_k",10000,6,9,"SVP BIC calibrated",0.231999999999971,7
"vary_k",10000,6,9,"SVP BIC multiscale",0.257999999999981,7
"vary_k",10000,6,10,"PELT",0.0169999999999959,7
"vary_k",10000,6,10,"SVP BIC",0.232000000000028,7
"vary_k",10000,6,10,"SVP BIC calibrated",0.230999999999995,7
"vary_k",10000,6,10,"SVP BIC multiscale",0.257000000000005,7
"vary_k",10000,7,1,"PELT",0.0169999999999959,8
"vary_k",10000,7,1,"SVP BIC",0.201000000000022,8
"vary_k",10000,7,1,"SVP BIC calibrated",0.199000000000012,8
"vary_k",10000,7,1,"SVP BIC multiscale",0.223000000000013,8
"vary_k",10000,7,2,"PELT",0.0110000000000241,8
"vary_k",10000,7,2,"SVP BIC",0.204000000000008,8
"vary_k",10000,7,2,"SVP BIC calibrated",0.203999999999951,8
"vary_k",10000,7,2,"SVP BIC multiscale",0.227000000000032,8
"vary_k",10000,7,3,"PELT",0.0120000000000005,8
"vary_k",10000,7,3,"SVP BIC",0.206000000000017,8
"vary_k",10000,7,3,"SVP BIC calibrated",0.206999999999994,8
"vary_k",10000,7,3,"SVP BIC multiscale",0.228999999999985,8
"vary_k",10000,7,4,"PELT",0.0120000000000005,8
"vary_k",10000,7,4,"SVP BIC",0.209000000000003,8
"vary_k",10000,7,4,"SVP BIC calibrated",0.20599999999996,8
"vary_k",10000,7,4,"SVP BIC multiscale",0.228000000000009,8
"vary_k",10000,7,5,"PELT",0.0120000000000005,8
"vary_k",10000,7,5,"SVP BIC",0.212999999999965,8
"vary_k",10000,7,5,"SVP BIC calibrated",0.203000000000031,8
"vary_k",10000,7,5,"SVP BIC multiscale",0.221000000000004,8
"vary_k",10000,7,6,"PELT",0.0110000000000241,8
"vary_k",10000,7,6,"SVP BIC",0.206999999999994,8
"vary_k",10000,7,6,"SVP BIC calibrated",0.210000000000036,8
"vary_k",10000,7,6,"SVP BIC multiscale",0.225999999999999,8
"vary_k",10000,7,7,"PELT",0.0159999999999627,8
"vary_k",10000,7,7,"SVP BIC",0.200999999999965,8
"vary_k",10000,7,7,"SVP BIC calibrated",0.201000000000022,8
"vary_k",10000,7,7,"SVP BIC multiscale",0.228999999999985,8
"vary_k",10000,7,8,"PELT",0.01400000000001,8
"vary_k",10000,7,8,"SVP BIC",0.213999999999999,8
"vary_k",10000,7,8,"SVP BIC calibrated",0.206999999999994,8
"vary_k",10000,7,8,"SVP BIC multiscale",0.22199999999998,8
"vary_k",10000,7,9,"PELT",0.0139999999999532,8
"vary_k",10000,7,9,"SVP BIC",0.20999999999998,8
"vary_k",10000,7,9,"SVP BIC calibrated",0.204000000000008,8
"vary_k",10000,7,9,"SVP BIC multiscale",0.23599999999999,8
"vary_k",10000,7,10,"PELT",0.0130000000000337,8
"vary_k",10000,7,10,"SVP BIC",0.201000000000022,8
"vary_k",10000,7,10,"SVP BIC calibrated",0.200000000000045,8
"vary_k",10000,7,10,"SVP BIC multiscale",0.235000000000014,8
"vary_k",10000,8,1,"PELT",0.0130000000000337,9
"vary_k",10000,8,1,"SVP BIC",0.17900000000003,9
"vary_k",10000,8,1,"SVP BIC calibrated",0.187000000000012,9
"vary_k",10000,8,1,"SVP BIC multiscale",0.199999999999989,9
"vary_k",10000,8,2,"PELT",0.0130000000000337,9
"vary_k",10000,8,2,"SVP BIC",0.189000000000021,9
"vary_k",10000,8,2,"SVP BIC calibrated",0.184000000000026,9
"vary_k",10000,8,2,"SVP BIC multiscale",0.19599999999997,9
"vary_k",10000,8,3,"PELT",0.0110000000000241,10
"vary_k",10000,8,3,"SVP BIC",0.177000000000021,9
"vary_k",10000,8,3,"SVP BIC calibrated",0.178999999999974,9
"vary_k",10000,8,3,"SVP BIC multiscale",0.201999999999998,9
"vary_k",10000,8,4,"PELT",0.0120000000000005,9
"vary_k",10000,8,4,"SVP BIC",0.177999999999997,9
"vary_k",10000,8,4,"SVP BIC calibrated",0.180000000000007,9
"vary_k",10000,8,4,"SVP BIC multiscale",0.199999999999989,9
"vary_k",10000,8,5,"PELT",0.0110000000000241,9
"vary_k",10000,8,5,"SVP BIC",0.187000000000012,9
"vary_k",10000,8,5,"SVP BIC calibrated",0.17900000000003,9
"vary_k",10000,8,5,"SVP BIC multiscale",0.197000000000003,9
"vary_k",10000,8,6,"PELT",0.0120000000000005,9
"vary_k",10000,8,6,"SVP BIC",0.178999999999974,9
"vary_k",10000,8,6,"SVP BIC calibrated",0.180000000000007,9
"vary_k",10000,8,6,"SVP BIC multiscale",0.213999999999999,9
"vary_k",10000,8,7,"PELT",0.0159999999999627,9
"vary_k",10000,8,7,"SVP BIC",0.18300000000005,9
"vary_k",10000,8,7,"SVP BIC calibrated",0.182000000000016,9
"vary_k",10000,8,7,"SVP BIC multiscale",0.199000000000012,9
"vary_k",10000,8,8,"PELT",0.0129999999999768,9
"vary_k",10000,8,8,"SVP BIC",0.177000000000021,9
"vary_k",10000,8,8,"SVP BIC calibrated",0.175999999999988,9
"vary_k",10000,8,8,"SVP BIC multiscale",0.194999999999993,9
"vary_k",10000,8,9,"PELT",0.0109999999999673,9
"vary_k",10000,8,9,"SVP BIC",0.177999999999997,9
"vary_k",10000,8,9,"SVP BIC calibrated",0.178999999999974,9
"vary_k",10000,8,9,"SVP BIC multiscale",0.197000000000003,9
"vary_k",10000,8,10,"PELT",0.0110000000000241,9
"vary_k",10000,8,10,"SVP BIC",0.175999999999988,9
"vary_k",10000,8,10,"SVP BIC calibrated",0.175999999999988,9
"vary_k",10000,8,10,"SVP BIC multiscale",0.194000000000017,9
"vary_k",10000,9,1,"PELT",0.0130000000000337,10
"vary_k",10000,9,1,"SVP BIC",0.158999999999992,10
"vary_k",10000,9,1,"SVP BIC calibrated",0.158000000000015,10
"vary_k",10000,9,1,"SVP BIC multiscale",0.173999999999978,10
"vary_k",10000,9,2,"PELT",0.0149999999999864,10
"vary_k",10000,9,2,"SVP BIC",0.160000000000025,10
"vary_k",10000,9,2,"SVP BIC calibrated",0.158999999999992,10
"vary_k",10000,9,2,"SVP BIC multiscale",0.175000000000011,10
"vary_k",10000,9,3,"PELT",0.00900000000001455,10
"vary_k",10000,9,3,"SVP BIC",0.157000000000039,10
"vary_k",10000,9,3,"SVP BIC calibrated",0.156999999999982,10
"vary_k",10000,9,3,"SVP BIC multiscale",0.175000000000011,10
"vary_k",10000,9,4,"PELT",0.0110000000000241,10
"vary_k",10000,9,4,"SVP BIC",0.161999999999978,10
"vary_k",10000,9,4,"SVP BIC calibrated",0.162000000000035,10
"vary_k",10000,9,4,"SVP BIC multiscale",0.178999999999974,10
"vary_k",10000,9,5,"PELT",0.0139999999999532,10
"vary_k",10000,9,5,"SVP BIC",0.158999999999992,10
"vary_k",10000,9,5,"SVP BIC calibrated",0.157999999999959,10
"vary_k",10000,9,5,"SVP BIC multiscale",0.173999999999978,10
"vary_k",10000,9,6,"PELT",0.0110000000000241,10
"vary_k",10000,9,6,"SVP BIC",0.160000000000025,10
"vary_k",10000,9,6,"SVP BIC calibrated",0.161000000000001,10
"vary_k",10000,9,6,"SVP BIC multiscale",0.175999999999988,10
"vary_k",10000,9,7,"PELT",0.00900000000001455,10
"vary_k",10000,9,7,"SVP BIC",0.161000000000001,10
"vary_k",10000,9,7,"SVP BIC calibrated",0.161000000000001,10
"vary_k",10000,9,7,"SVP BIC multiscale",0.177000000000021,10
"vary_k",10000,9,8,"PELT",0.0129999999999768,10
"vary_k",10000,9,8,"SVP BIC",0.161000000000001,10
"vary_k",10000,9,8,"SVP BIC calibrated",0.158999999999992,10
"vary_k",10000,9,8,"SVP BIC multiscale",0.174000000000092,10
"vary_k",10000,9,9,"PELT",0.0110000000000809,10
"vary_k",10000,9,9,"SVP BIC",0.156000000000063,10
"vary_k",10000,9,9,"SVP BIC calibrated",0.155999999999949,10
"vary_k",10000,9,9,"SVP BIC multiscale",0.172000000000025,10
"vary_k",10000,9,10,"PELT",0.0099999999999909,10
"vary_k",10000,9,10,"SVP BIC",0.161000000000058,10
"vary_k",10000,9,10,"SVP BIC calibrated",0.159999999999968,10
"vary_k",10000,9,10,"SVP BIC multiscale",0.175000000000068,10
"vary_k",10000,10,1,"PELT",0.0119999999999436,11
"vary_k",10000,10,1,"SVP BIC",0.145999999999958,11
"vary_k",10000,10,1,"SVP BIC calibrated",0.145999999999958,11
"vary_k",10000,10,1,"SVP BIC multiscale",0.158000000000015,11
"vary_k",10000,10,2,"PELT",0.0109999999999673,11
"vary_k",10000,10,2,"SVP BIC",0.144000000000005,11
"vary_k",10000,10,2,"SVP BIC calibrated",0.144999999999982,11
"vary_k",10000,10,2,"SVP BIC multiscale",0.157000000000039,11
"vary_k",10000,10,3,"PELT",0.0099999999999909,11
"vary_k",10000,10,3,"SVP BIC",0.145999999999958,11
"vary_k",10000,10,3,"SVP BIC calibrated",0.145999999999958,11
"vary_k",10000,10,3,"SVP BIC multiscale",0.158000000000015,11
"vary_k",10000,10,4,"PELT",0.01400000000001,11
"vary_k",10000,10,4,"SVP BIC",0.144000000000005,11
"vary_k",10000,10,4,"SVP BIC calibrated",0.144000000000005,11
"vary_k",10000,10,4,"SVP BIC multiscale",0.158000000000015,11
"vary_k",10000,10,5,"PELT",0.01400000000001,11
"vary_k",10000,10,5,"SVP BIC",0.147999999999911,11
"vary_k",10000,10,5,"SVP BIC calibrated",0.148000000000025,11
"vary_k",10000,10,5,"SVP BIC multiscale",0.163000000000011,11
"vary_k",10000,10,6,"PELT",0.0099999999999909,11
"vary_k",10000,10,6,"SVP BIC",0.145999999999958,11
"vary_k",10000,10,6,"SVP BIC calibrated",0.146999999999935,11
"vary_k",10000,10,6,"SVP BIC multiscale",0.159999999999968,11
"vary_k",10000,10,7,"PELT",0.0110000000000809,12
"vary_k",10000,10,7,"SVP BIC",0.144999999999982,11
"vary_k",10000,10,7,"SVP BIC calibrated",0.144000000000005,11
"vary_k",10000,10,7,"SVP BIC multiscale",0.158000000000015,11
"vary_k",10000,10,8,"PELT",0.00900000000001455,11
"vary_k",10000,10,8,"SVP BIC",0.145000000000095,11
"vary_k",10000,10,8,"SVP BIC calibrated",0.144000000000005,11
"vary_k",10000,10,8,"SVP BIC multiscale",0.158000000000015,11
"vary_k",10000,10,9,"PELT",0.00899999999990087,11
"vary_k",10000,10,9,"SVP BIC",0.143000000000029,11
"vary_k",10000,10,9,"SVP BIC calibrated",0.145999999999958,11
"vary_k",10000,10,9,"SVP BIC multiscale",0.163999999999987,11
"vary_k",10000,10,10,"PELT",0.0109999999999673,11
"vary_k",10000,10,10,"SVP BIC",0.149000000000001,11
"vary_k",10000,10,10,"SVP BIC calibrated",0.148000000000025,11
"vary_k",10000,10,10,"SVP BIC multiscale",0.161000000000058,11
"vary_k",10000,11,1,"PELT",0.0099999999999909,12
"vary_k",10000,11,1,"SVP BIC",0.133000000000038,12
"vary_k",10000,11,1,"SVP BIC calibrated",0.133000000000038,12
"vary_k",10000,11,1,"SVP BIC multiscale",0.144999999999982,12
"vary_k",10000,11,2,"PELT",0.00900000000001455,12
"vary_k",10000,11,2,"SVP BIC",0.131999999999948,12
"vary_k",10000,11,2,"SVP BIC calibrated",0.131999999999948,12
"vary_k",10000,11,2,"SVP BIC multiscale",0.144000000000005,12
"vary_k",10000,11,3,"PELT",0.00900000000001455,12
"vary_k",10000,11,3,"SVP BIC",0.132999999999925,12
"vary_k",10000,11,3,"SVP BIC calibrated",0.133000000000038,12
"vary_k",10000,11,3,"SVP BIC multiscale",0.142000000000053,12
"vary_k",10000,11,4,"PELT",0.00899999999990087,12
"vary_k",10000,11,4,"SVP BIC",0.134999999999991,12
"vary_k",10000,11,4,"SVP BIC calibrated",0.134000000000015,12
"vary_k",10000,11,4,"SVP BIC multiscale",0.144999999999982,12
"vary_k",10000,11,5,"PELT",0.0109999999999673,12
"vary_k",10000,11,5,"SVP BIC",0.131000000000085,12
"vary_k",10000,11,5,"SVP BIC calibrated",0.130999999999972,12
"vary_k",10000,11,5,"SVP BIC multiscale",0.142000000000053,12
"vary_k",10000,11,6,"PELT",0.0120000000000573,12
"vary_k",10000,11,6,"SVP BIC",0.132000000000062,12
"vary_k",10000,11,6,"SVP BIC calibrated",0.131999999999948,12
"vary_k",10000,11,6,"SVP BIC multiscale",0.144000000000005,12
"vary_k",10000,11,7,"PELT",0.0120000000000573,12
"vary_k",10000,11,7,"SVP BIC",0.134000000000015,12
"vary_k",10000,11,7,"SVP BIC calibrated",0.134000000000015,12
"vary_k",10000,11,7,"SVP BIC multiscale",0.144999999999982,12
"vary_k",10000,11,8,"PELT",0.0100000000001046,12
"vary_k",10000,11,8,"SVP BIC",0.132999999999925,12
"vary_k",10000,11,8,"SVP BIC calibrated",0.130999999999972,13
"vary_k",10000,11,8,"SVP BIC multiscale",0.142999999999915,12
"vary_k",10000,11,9,"PELT",0.0099999999999909,12
"vary_k",10000,11,9,"SVP BIC",0.133000000000038,12
"vary_k",10000,11,9,"SVP BIC calibrated",0.132000000000062,12
"vary_k",10000,11,9,"SVP BIC multiscale",0.144000000000005,12
"vary_k",10000,11,10,"PELT",0.0099999999999909,12
"vary_k",10000,11,10,"SVP BIC",0.131999999999948,12
"vary_k",10000,11,10,"SVP BIC calibrated",0.130999999999972,12
"vary_k",10000,11,10,"SVP BIC multiscale",0.143000000000029,12
"vary_k",10000,12,1,"PELT",0.00799999999992451,13
"vary_k",10000,12,1,"SVP BIC",0.120000000000005,13
"vary_k",10000,12,1,"SVP BIC calibrated",0.120999999999981,13
"vary_k",10000,12,1,"SVP BIC multiscale",0.130999999999972,13
"vary_k",10000,12,2,"PELT",0.0099999999999909,13
"vary_k",10000,12,2,"SVP BIC",0.121999999999957,13
"vary_k",10000,12,2,"SVP BIC calibrated",0.12399999999991,13
"vary_k",10000,12,2,"SVP BIC multiscale",0.130999999999972,13
"vary_k",10000,12,3,"PELT",0.00900000000001455,13
"vary_k",10000,12,3,"SVP BIC",0.123000000000047,13
"vary_k",10000,12,3,"SVP BIC calibrated",0.122000000000071,13
"vary_k",10000,12,3,"SVP BIC multiscale",0.132000000000062,13
"vary_k",10000,12,4,"PELT",0.00900000000001455,13
"vary_k",10000,12,4,"SVP BIC",0.122000000000071,13
"vary_k",10000,12,4,"SVP BIC calibrated",0.123000000000047,13
"vary_k",10000,12,4,"SVP BIC multiscale",0.133000000000038,13
"vary_k",10000,12,5,"PELT",0.0099999999999909,13
"vary_k",10000,12,5,"SVP BIC",0.125,13
"vary_k",10000,12,5,"SVP BIC calibrated",0.125,13
"vary_k",10000,12,5,"SVP BIC multiscale",0.134999999999991,13
"vary_k",10000,12,6,"PELT",0.00799999999992451,13
"vary_k",10000,12,6,"SVP BIC",0.121999999999957,13
"vary_k",10000,12,6,"SVP BIC calibrated",0.120999999999981,14
"vary_k",10000,12,6,"SVP BIC multiscale",0.130000000000109,14
"vary_k",10000,12,7,"PELT",0.0099999999999909,13
"vary_k",10000,12,7,"SVP BIC",0.122999999999934,13
"vary_k",10000,12,7,"SVP BIC calibrated",0.124000000000024,13
"vary_k",10000,12,7,"SVP BIC multiscale",0.133000000000038,13
"vary_k",10000,12,8,"PELT",0.0080000000000382,13
"vary_k",10000,12,8,"SVP BIC",0.122999999999934,13
"vary_k",10000,12,8,"SVP BIC calibrated",0.12399999999991,13
"vary_k",10000,12,8,"SVP BIC multiscale",0.166999999999916,13
"vary_k",10000,12,9,"PELT",0.00900000000001455,13
"vary_k",10000,12,9,"SVP BIC",0.125,13
"vary_k",10000,12,9,"SVP BIC calibrated",0.122999999999934,13
"vary_k",10000,12,9,"SVP BIC multiscale",0.131999999999948,13
"vary_k",10000,12,10,"PELT",0.00900000000001455,13
"vary_k",10000,12,10,"SVP BIC",0.124000000000024,13
"vary_k",10000,12,10,"SVP BIC calibrated",0.122000000000071,13
"vary_k",10000,12,10,"SVP BIC multiscale",0.134000000000015,13
"vary_k",10000,13,1,"PELT",0.00799999999992451,14
"vary_k",10000,13,1,"SVP BIC",0.113999999999919,14
"vary_k",10000,13,1,"SVP BIC calibrated",0.115999999999985,14
"vary_k",10000,13,1,"SVP BIC multiscale",0.124000000000024,14
"vary_k",10000,13,2,"PELT",0.00799999999992451,14
"vary_k",10000,13,2,"SVP BIC",0.115000000000009,14
"vary_k",10000,13,2,"SVP BIC calibrated",0.114000000000033,14
"vary_k",10000,13,2,"SVP BIC multiscale",0.126999999999953,14
"vary_k",10000,13,3,"PELT",0.00700000000006185,14
"vary_k",10000,13,3,"SVP BIC",0.114000000000033,14
"vary_k",10000,13,3,"SVP BIC calibrated",0.11099999999999,15
"vary_k",10000,13,3,"SVP BIC multiscale",0.125999999999976,14
"vary_k",10000,13,4,"PELT",0.0080000000000382,14
"vary_k",10000,13,4,"SVP BIC",0.114999999999895,14
"vary_k",10000,13,4,"SVP BIC calibrated",0.116999999999962,14
"vary_k",10000,13,4,"SVP BIC multiscale",0.12600000000009,14
"vary_k",10000,13,5,"PELT",0.00700000000006185,14
"vary_k",10000,13,5,"SVP BIC",0.115999999999985,14
"vary_k",10000,13,5,"SVP BIC calibrated",0.113000000000056,14
"vary_k",10000,13,5,"SVP BIC multiscale",0.125,14
"vary_k",10000,13,6,"PELT",0.0080000000000382,14
"vary_k",10000,13,6,"SVP BIC",0.11200000000008,14
"vary_k",10000,13,6,"SVP BIC calibrated",0.114000000000033,14
"vary_k",10000,13,6,"SVP BIC multiscale",0.120999999999981,14
"vary_k",10000,13,7,"PELT",0.00699999999994816,14
"vary_k",10000,13,7,"SVP BIC",0.175000000000068,14
"vary_k",10000,13,7,"SVP BIC calibrated",0.114000000000033,14
"vary_k",10000,13,7,"SVP BIC multiscale",0.121999999999957,14
"vary_k",10000,13,8,"PELT",0.0080000000000382,14
"vary_k",10000,13,8,"SVP BIC",0.125,14
"vary_k",10000,13,8,"SVP BIC calibrated",0.119000000000028,14
"vary_k",10000,13,8,"SVP BIC multiscale",0.126999999999953,14
"vary_k",10000,13,9,"PELT",0.00900000000001455,14
"vary_k",10000,13,9,"SVP BIC",0.114000000000033,14
"vary_k",10000,13,9,"SVP BIC calibrated",0.117000000000075,14
"vary_k",10000,13,9,"SVP BIC multiscale",0.129000000000019,14
"vary_k",10000,13,10,"PELT",0.00899999999990087,14
"vary_k",10000,13,10,"SVP BIC",0.120000000000005,14
"vary_k",10000,13,10,"SVP BIC calibrated",0.120999999999981,14
"vary_k",10000,13,10,"SVP BIC multiscale",0.127000000000066,14
"vary_k",10000,14,1,"PELT",0.00699999999994816,15
"vary_k",10000,14,1,"SVP BIC",0.109000000000037,15
"vary_k",10000,14,1,"SVP BIC calibrated",0.107999999999947,15
"vary_k",10000,14,1,"SVP BIC multiscale",0.114000000000033,15
"vary_k",10000,14,2,"PELT",0.00900000000001455,15
"vary_k",10000,14,2,"SVP BIC",0.105999999999995,15
"vary_k",10000,14,2,"SVP BIC calibrated",0.104000000000042,15
"vary_k",10000,14,2,"SVP BIC multiscale",0.113000000000056,15
"vary_k",10000,14,3,"PELT",0.00699999999994816,15
"vary_k",10000,14,3,"SVP BIC",0.108999999999924,15
"vary_k",10000,14,3,"SVP BIC calibrated",0.107999999999947,15
"vary_k",10000,14,3,"SVP BIC multiscale",0.116999999999962,15
"vary_k",10000,14,4,"PELT",0.00699999999994816,15
"vary_k",10000,14,4,"SVP BIC",0.108000000000061,15
"vary_k",10000,14,4,"SVP BIC calibrated",0.107999999999947,15
"vary_k",10000,14,4,"SVP BIC multiscale",0.115999999999985,15
"vary_k",10000,14,5,"PELT",0.00699999999994816,15
"vary_k",10000,14,5,"SVP BIC",0.107999999999947,15
"vary_k",10000,14,5,"SVP BIC calibrated",0.106999999999971,15
"vary_k",10000,14,5,"SVP BIC multiscale",0.113000000000056,15
"vary_k",10000,14,6,"PELT",0.0080000000000382,15
"vary_k",10000,14,6,"SVP BIC",0.104000000000042,15
"vary_k",10000,14,6,"SVP BIC calibrated",0.104000000000042,15
"vary_k",10000,14,6,"SVP BIC multiscale",0.11200000000008,15
"vary_k",10000,14,7,"PELT",0.00900000000001455,15
"vary_k",10000,14,7,"SVP BIC",0.105999999999995,15
"vary_k",10000,14,7,"SVP BIC calibrated",0.105000000000018,15
"vary_k",10000,14,7,"SVP BIC multiscale",0.116000000000099,15
"vary_k",10000,14,8,"PELT",0.00699999999994816,15
"vary_k",10000,14,8,"SVP BIC",0.106999999999971,15
"vary_k",10000,14,8,"SVP BIC calibrated",0.105999999999995,15
"vary_k",10000,14,8,"SVP BIC multiscale",0.112999999999943,15
"vary_k",10000,14,9,"PELT",0.00799999999992451,15
"vary_k",10000,14,9,"SVP BIC",0.111999999999966,15
"vary_k",10000,14,9,"SVP BIC calibrated",0.107999999999947,15
"vary_k",10000,14,9,"SVP BIC multiscale",0.119000000000028,15
"vary_k",10000,14,10,"PELT",0.00700000000006185,15
"vary_k",10000,14,10,"SVP BIC",0.11099999999999,15
"vary_k",10000,14,10,"SVP BIC calibrated",0.109000000000037,15
"vary_k",10000,14,10,"SVP BIC multiscale",0.115000000000009,15
"vary_k",10000,15,1,"PELT",0.0080000000000382,16
"vary_k",10000,15,1,"SVP BIC",0.0990000000000464,16
"vary_k",10000,15,1,"SVP BIC calibrated",0.0989999999999327,16
"vary_k",10000,15,1,"SVP BIC multiscale",0.105999999999995,16
"vary_k",10000,15,2,"PELT",0.00599999999997181,16
"vary_k",10000,15,2,"SVP BIC",0.100999999999999,16
"vary_k",10000,15,2,"SVP BIC calibrated",0.100000000000023,16
"vary_k",10000,15,2,"SVP BIC multiscale",0.108000000000061,16
"vary_k",10000,15,3,"PELT",0.00599999999997181,16
"vary_k",10000,15,3,"SVP BIC",0.103000000000065,16
"vary_k",10000,15,3,"SVP BIC calibrated",0.0990000000000464,16
"vary_k",10000,15,3,"SVP BIC multiscale",0.105999999999995,16
"vary_k",10000,15,4,"PELT",0.0080000000000382,16
"vary_k",10000,15,4,"SVP BIC",0.0990000000000464,16
"vary_k",10000,15,4,"SVP BIC calibrated",0.0950000000000273,17
"vary_k",10000,15,4,"SVP BIC multiscale",0.104000000000042,17
"vary_k",10000,15,5,"PELT",0.00599999999997181,16
"vary_k",10000,15,5,"SVP BIC",0.100000000000023,16
"vary_k",10000,15,5,"SVP BIC calibrated",0.100000000000023,16
"vary_k",10000,15,5,"SVP BIC multiscale",0.105999999999995,16
"vary_k",10000,15,6,"PELT",0.00700000000006185,16
"vary_k",10000,15,6,"SVP BIC",0.0989999999999327,16
"vary_k",10000,15,6,"SVP BIC calibrated",0.0979999999999563,16
"vary_k",10000,15,6,"SVP BIC multiscale",0.107999999999947,16
"vary_k",10000,15,7,"PELT",0.00799999999992451,16
"vary_k",10000,15,7,"SVP BIC",0.102999999999952,16
"vary_k",10000,15,7,"SVP BIC calibrated",0.102999999999952,16
"vary_k",10000,15,7,"SVP BIC multiscale",0.11099999999999,16
"vary_k",10000,15,8,"PELT",0.00799999999992451,16
"vary_k",10000,15,8,"SVP BIC",0.103000000000065,16
"vary_k",10000,15,8,"SVP BIC calibrated",0.100000000000023,16
"vary_k",10000,15,8,"SVP BIC multiscale",0.105999999999995,16
"vary_k",10000,15,9,"PELT",0.00700000000006185,16
"vary_k",10000,15,9,"SVP BIC",0.0989999999999327,16
"vary_k",10000,15,9,"SVP BIC calibrated",0.0989999999999327,16
"vary_k",10000,15,9,"SVP BIC multiscale",0.110000000000014,16
"vary_k",10000,15,10,"PELT",0.00900000000001455,16
"vary_k",10000,15,10,"SVP BIC",0.102000000000089,16
"vary_k",10000,15,10,"SVP BIC calibrated",0.102000000000089,16
"vary_k",10000,15,10,"SVP BIC multiscale",0.1099999999999,16
"vary_k",10000,16,1,"PELT",0.00699999999994816,17
"vary_k",10000,16,1,"SVP BIC",0.0960000000000036,17
"vary_k",10000,16,1,"SVP BIC calibrated",0.0950000000000273,17
"vary_k",10000,16,1,"SVP BIC multiscale",0.100000000000023,17
"vary_k",10000,16,2,"PELT",0.00899999999990087,17
"vary_k",10000,16,2,"SVP BIC",0.0940000000000509,17
"vary_k",10000,16,2,"SVP BIC calibrated",0.0949999999999136,17
"vary_k",10000,16,2,"SVP BIC multiscale",0.0990000000000464,17
"vary_k",10000,16,3,"PELT",0.00599999999997181,18
"vary_k",10000,16,3,"SVP BIC",0.0930000000000746,17
"vary_k",10000,16,3,"SVP BIC calibrated",0.0940000000000509,17
"vary_k",10000,16,3,"SVP BIC multiscale",0.0990000000000464,17
"vary_k",10000,16,4,"PELT",0.00599999999997181,17
"vary_k",10000,16,4,"SVP BIC",0.0919999999999845,17
"vary_k",10000,16,4,"SVP BIC calibrated",0.0940000000000509,17
"vary_k",10000,16,4,"SVP BIC multiscale",0.0979999999999563,17
"vary_k",10000,16,5,"PELT",0.00700000000006185,17
"vary_k",10000,16,5,"SVP BIC",0.0920000000000982,17
"vary_k",10000,16,5,"SVP BIC calibrated",0.0919999999999845,17
"vary_k",10000,16,5,"SVP BIC multiscale",0.0990000000000464,17
"vary_k",10000,16,6,"PELT",0.00799999999992451,17
"vary_k",10000,16,6,"SVP BIC",0.0930000000000746,17
"vary_k",10000,16,6,"SVP BIC calibrated",0.0950000000000273,17
"vary_k",10000,16,6,"SVP BIC multiscale",0.101999999999975,17
"vary_k",10000,16,7,"PELT",0.00700000000006185,17
"vary_k",10000,16,7,"SVP BIC",0.0950000000000273,17
"vary_k",10000,16,7,"SVP BIC calibrated",0.0940000000000509,17
"vary_k",10000,16,7,"SVP BIC multiscale",0.100000000000023,17
"vary_k",10000,16,8,"PELT",0.00799999999992451,17
"vary_k",10000,16,8,"SVP BIC",0.0960000000000036,17
"vary_k",10000,16,8,"SVP BIC calibrated",0.0930000000000746,17
"vary_k",10000,16,8,"SVP BIC multiscale",0.0990000000000464,17
"vary_k",10000,16,9,"PELT",0.00599999999997181,17
"vary_k",10000,16,9,"SVP BIC",0.0929999999999609,17
"vary_k",10000,16,9,"SVP BIC calibrated",0.0929999999999609,17
"vary_k",10000,16,9,"SVP BIC multiscale",0.100000000000023,17
"vary_k",10000,16,10,"PELT",0.00600000000008549,17
"vary_k",10000,16,10,"SVP BIC",0.0949999999999136,17
"vary_k",10000,16,10,"SVP BIC calibrated",0.0929999999999609,17
"vary_k",10000,16,10,"SVP BIC multiscale",0.100000000000023,17
"vary_k",10000,17,1,"PELT",0.00599999999997181,18
"vary_k",10000,17,1,"SVP BIC",0.0869999999999891,18
"vary_k",10000,17,1,"SVP BIC calibrated",0.0860000000000127,18
"vary_k",10000,17,1,"SVP BIC multiscale",0.0919999999999845,18
"vary_k",10000,17,2,"PELT",0.00599999999997181,18
"vary_k",10000,17,2,"SVP BIC",0.0879999999999654,18
"vary_k",10000,17,2,"SVP BIC calibrated",0.0879999999999654,18
"vary_k",10000,17,2,"SVP BIC multiscale",0.0929999999999609,18
"vary_k",10000,17,3,"PELT",0.00600000000008549,18
"vary_k",10000,17,3,"SVP BIC",0.0860000000000127,18
"vary_k",10000,17,3,"SVP BIC calibrated",0.0860000000000127,18
"vary_k",10000,17,3,"SVP BIC multiscale",0.0919999999999845,18
"vary_k",10000,17,4,"PELT",0.0080000000000382,18
"vary_k",10000,17,4,"SVP BIC",0.0860000000000127,18
"vary_k",10000,17,4,"SVP BIC calibrated",0.0869999999999891,18
"vary_k",10000,17,4,"SVP BIC multiscale",0.0920000000000982,18
"vary_k",10000,17,5,"PELT",0.00699999999994816,18
"vary_k",10000,17,5,"SVP BIC",0.0860000000000127,18
"vary_k",10000,17,5,"SVP BIC calibrated",0.0860000000000127,18
"vary_k",10000,17,5,"SVP BIC multiscale",0.0910000000000082,18
"vary_k",10000,17,6,"PELT",0.0099999999999909,18
"vary_k",10000,17,6,"SVP BIC",0.0869999999999891,18
"vary_k",10000,17,6,"SVP BIC calibrated",0.0860000000000127,18
"vary_k",10000,17,6,"SVP BIC multiscale",0.0919999999999845,18
"vary_k",10000,17,7,"PELT",0.00599999999997181,18
"vary_k",10000,17,7,"SVP BIC",0.0860000000000127,18
"vary_k",10000,17,7,"SVP BIC calibrated",0.0869999999999891,18
"vary_k",10000,17,7,"SVP BIC multiscale",0.0919999999999845,18
"vary_k",10000,17,8,"PELT",0.00600000000008549,18
"vary_k",10000,17,8,"SVP BIC",0.0869999999999891,18
"vary_k",10000,17,8,"SVP BIC calibrated",0.0879999999999654,18
"vary_k",10000,17,8,"SVP BIC multiscale",0.0929999999999609,18
"vary_k",10000,17,9,"PELT",0.00599999999997181,18
"vary_k",10000,17,9,"SVP BIC",0.0889999999999418,18
"vary_k",10000,17,9,"SVP BIC calibrated",0.0910000000000082,18
"vary_k",10000,17,9,"SVP BIC multiscale",0.0939999999999372,18
"vary_k",10000,17,10,"PELT",0.00699999999994816,18
"vary_k",10000,17,10,"SVP BIC",0.0910000000000082,18
"vary_k",10000,17,10,"SVP BIC calibrated",0.0889999999999418,18
"vary_k",10000,17,10,"SVP BIC multiscale",0.0960000000000036,18
"vary_k",10000,18,1,"PELT",0.00699999999994816,19
"vary_k",10000,18,1,"SVP BIC",0.0869999999999891,19
"vary_k",10000,18,1,"SVP BIC calibrated",0.0860000000000127,19
"vary_k",10000,18,1,"SVP BIC multiscale",0.0900000000000318,19
"vary_k",10000,18,2,"PELT",0.00599999999997181,19
"vary_k",10000,18,2,"SVP BIC",0.08299999999997,19
"vary_k",10000,18,2,"SVP BIC calibrated",0.08299999999997,19
"vary_k",10000,18,2,"SVP BIC multiscale",0.0880000000000791,19
"vary_k",10000,18,3,"PELT",0.00900000000001455,19
"vary_k",10000,18,3,"SVP BIC",0.08299999999997,19
"vary_k",10000,18,3,"SVP BIC calibrated",0.08299999999997,19
"vary_k",10000,18,3,"SVP BIC multiscale",0.0900000000000318,19
"vary_k",10000,18,4,"PELT",0.00500000000010914,19
"vary_k",10000,18,4,"SVP BIC",0.0850000000000364,19
"vary_k",10000,18,4,"SVP BIC calibrated",0.08400000000006,19
"vary_k",10000,18,4,"SVP BIC multiscale",0.0880000000000791,19
"vary_k",10000,18,5,"PELT",0.00699999999994816,19
"vary_k",10000,18,5,"SVP BIC",0.08299999999997,19
"vary_k",10000,18,5,"SVP BIC calibrated",0.0819999999999936,19
"vary_k",10000,18,5,"SVP BIC multiscale",0.0879999999999654,19
"vary_k",10000,18,6,"PELT",0.00599999999997181,19
"vary_k",10000,18,6,"SVP BIC",0.0819999999999936,19
"vary_k",10000,18,6,"SVP BIC calibrated",0.0819999999999936,19
"vary_k",10000,18,6,"SVP BIC multiscale",0.0869999999999891,19
"vary_k",10000,18,7,"PELT",0.00499999999999545,19
"vary_k",10000,18,7,"SVP BIC",0.0830000000000837,19
"vary_k",10000,18,7,"SVP BIC calibrated",0.08299999999997,19
"vary_k",10000,18,7,"SVP BIC multiscale",0.0869999999999891,19
"vary_k",10000,18,8,"PELT",0.00600000000008549,19
"vary_k",10000,18,8,"SVP BIC",0.0830000000000837,19
"vary_k",10000,18,8,"SVP BIC calibrated",0.0830000000000837,19
"vary_k",10000,18,8,"SVP BIC multiscale",0.100999999999999,19
"vary_k",10000,18,9,"PELT",0.00699999999994816,19
"vary_k",10000,18,9,"SVP BIC",0.08400000000006,19
"vary_k",10000,18,9,"SVP BIC calibrated",0.0839999999999463,19
"vary_k",10000,18,9,"SVP BIC multiscale",0.0900000000000318,19
"vary_k",10000,18,10,"PELT",0.00599999999997181,19
"vary_k",10000,18,10,"SVP BIC",0.0860000000000127,19
"vary_k",10000,18,10,"SVP BIC calibrated",0.08400000000006,19
"vary_k",10000,18,10,"SVP BIC multiscale",0.0879999999999654,19
"vary_k",10000,19,1,"PELT",0.00599999999997181,20
"vary_k",10000,19,1,"SVP BIC",0.0779999999999745,20
"vary_k",10000,19,1,"SVP BIC calibrated",0.0790000000000646,20
"vary_k",10000,19,1,"SVP BIC multiscale",0.0890000000000555,20
"vary_k",10000,19,2,"PELT",0.00599999999997181,20
"vary_k",10000,19,2,"SVP BIC",0.0800000000000409,20
"vary_k",10000,19,2,"SVP BIC calibrated",0.0800000000000409,20
"vary_k",10000,19,2,"SVP BIC multiscale",0.0869999999999891,20
"vary_k",10000,19,3,"PELT",0.00600000000008549,20
"vary_k",10000,19,3,"SVP BIC",0.0800000000000409,20
"vary_k",10000,19,3,"SVP BIC calibrated",0.0799999999999272,20
"vary_k",10000,19,3,"SVP BIC multiscale",0.0830000000000837,20
"vary_k",10000,19,4,"PELT",0.00600000000008549,20
"vary_k",10000,19,4,"SVP BIC",0.0779999999999745,20
"vary_k",10000,19,4,"SVP BIC calibrated",0.0780000000000882,20
"vary_k",10000,19,4,"SVP BIC multiscale",0.08299999999997,20
"vary_k",10000,19,5,"PELT",0.00599999999997181,20
"vary_k",10000,19,5,"SVP BIC",0.0789999999999509,20
"vary_k",10000,19,5,"SVP BIC calibrated",0.0779999999999745,20
"vary_k",10000,19,5,"SVP BIC multiscale",0.0849999999999227,20
"vary_k",10000,19,6,"PELT",0.00599999999997181,20
"vary_k",10000,19,6,"SVP BIC",0.0780000000000882,20
"vary_k",10000,19,6,"SVP BIC calibrated",0.0779999999999745,20
"vary_k",10000,19,6,"SVP BIC multiscale",0.0820000000001073,20
"vary_k",10000,19,7,"PELT",0.00599999999997181,20
"vary_k",10000,19,7,"SVP BIC",0.0779999999999745,20
"vary_k",10000,19,7,"SVP BIC calibrated",0.0779999999999745,20
"vary_k",10000,19,7,"SVP BIC multiscale",0.0820000000001073,20
"vary_k",10000,19,8,"PELT",0.0099999999999909,20
"vary_k",10000,19,8,"SVP BIC",0.0789999999999509,20
"vary_k",10000,19,8,"SVP BIC calibrated",0.0789999999999509,20
"vary_k",10000,19,8,"SVP BIC multiscale",0.08299999999997,20
"vary_k",10000,19,9,"PELT",0.00799999999992451,20
"vary_k",10000,19,9,"SVP BIC",0.0769999999999982,20
"vary_k",10000,19,9,"SVP BIC calibrated",0.0769999999999982,20
"vary_k",10000,19,9,"SVP BIC multiscale",0.0819999999999936,20
"vary_k",10000,19,10,"PELT",0.00700000000006185,20
"vary_k",10000,19,10,"SVP BIC",0.0769999999999982,20
"vary_k",10000,19,10,"SVP BIC calibrated",0.0779999999999745,20
"vary_k",10000,19,10,"SVP BIC multiscale",0.0819999999999936,20
"vary_k",10000,20,1,"PELT",0.00700000000006185,21
"vary_k",10000,20,1,"SVP BIC",0.0750000000000455,21
"vary_k",10000,20,1,"SVP BIC calibrated",0.0740000000000691,21
"vary_k",10000,20,1,"SVP BIC multiscale",0.0790000000000646,21
"vary_k",10000,20,2,"PELT",0.00699999999994816,21
"vary_k",10000,20,2,"SVP BIC",0.0740000000000691,21
"vary_k",10000,20,2,"SVP BIC calibrated",0.0740000000000691,21
"vary_k",10000,20,2,"SVP BIC multiscale",0.0789999999999509,21
"vary_k",10000,20,3,"PELT",0.00499999999999545,21
"vary_k",10000,20,3,"SVP BIC",0.0750000000000455,21
"vary_k",10000,20,3,"SVP BIC calibrated",0.0760000000000218,21
"vary_k",10000,20,3,"SVP BIC multiscale",0.0799999999999272,21
"vary_k",10000,20,4,"PELT",0.00499999999999545,21
"vary_k",10000,20,4,"SVP BIC",0.0749999999999318,21
"vary_k",10000,20,4,"SVP BIC calibrated",0.0739999999999554,21
"vary_k",10000,20,4,"SVP BIC multiscale",0.0779999999999745,22
"vary_k",10000,20,5,"PELT",0.00499999999999545,21
"vary_k",10000,20,5,"SVP BIC",0.0739999999999554,21
"vary_k",10000,20,5,"SVP BIC calibrated",0.0729999999999791,21
"vary_k",10000,20,5,"SVP BIC multiscale",0.0779999999999745,21
"vary_k",10000,20,6,"PELT",0.00499999999999545,21
"vary_k",10000,20,6,"SVP BIC",0.0750000000000455,21
"vary_k",10000,20,6,"SVP BIC calibrated",0.0760000000000218,21
"vary_k",10000,20,6,"SVP BIC multiscale",0.0839999999999463,21
"vary_k",10000,20,7,"PELT",0.00600000000008549,21
"vary_k",10000,20,7,"SVP BIC",0.0750000000000455,21
"vary_k",10000,20,7,"SVP BIC calibrated",0.0760000000000218,21
"vary_k",10000,20,7,"SVP BIC multiscale",0.0800000000000409,21
"vary_k",10000,20,8,"PELT",0.00599999999997181,21
"vary_k",10000,20,8,"SVP BIC",0.0850000000000364,21
"vary_k",10000,20,8,"SVP BIC calibrated",0.0759999999999081,21
"vary_k",10000,20,8,"SVP BIC multiscale",0.0819999999999936,21
"vary_k",10000,20,9,"PELT",0.00499999999999545,22
"vary_k",10000,20,9,"SVP BIC",0.0760000000000218,21
"vary_k",10000,20,9,"SVP BIC calibrated",0.0749999999999318,22
"vary_k",10000,20,9,"SVP BIC multiscale",0.0800000000000409,21
"vary_k",10000,20,10,"PELT",0.00700000000006185,21
"vary_k",10000,20,10,"SVP BIC",0.0740000000000691,21
"vary_k",10000,20,10,"SVP BIC calibrated",0.0740000000000691,21
"vary_k",10000,20,10,"SVP BIC multiscale",0.0790000000000646,21
"vary_k",10000,21,1,"PELT",0.00499999999999545,22
"vary_k",10000,21,1,"SVP BIC",0.0710000000000264,22
"vary_k",10000,21,1,"SVP BIC calibrated",0.0710000000000264,22
"vary_k",10000,21,1,"SVP BIC multiscale",0.0779999999999745,22
"vary_k",10000,21,2,"PELT",0.00500000000010914,22
"vary_k",10000,21,2,"SVP BIC",0.0729999999999791,22
"vary_k",10000,21,2,"SVP BIC calibrated",0.0720000000000027,22
"vary_k",10000,21,2,"SVP BIC multiscale",0.0769999999999982,22
"vary_k",10000,21,3,"PELT",0.00499999999999545,22
"vary_k",10000,21,3,"SVP BIC",0.0729999999999791,22
"vary_k",10000,21,3,"SVP BIC calibrated",0.0739999999999554,22
"vary_k",10000,21,3,"SVP BIC multiscale",0.0760000000000218,22
"vary_k",10000,21,4,"PELT",0.00499999999999545,22
"vary_k",10000,21,4,"SVP BIC",0.07000000000005,22
"vary_k",10000,21,4,"SVP BIC calibrated",0.07000000000005,22
"vary_k",10000,21,4,"SVP BIC multiscale",0.0740000000000691,22
"vary_k",10000,21,5,"PELT",0.00599999999997181,22
"vary_k",10000,21,5,"SVP BIC",0.0720000000000027,22
"vary_k",10000,21,5,"SVP BIC calibrated",0.0729999999999791,22
"vary_k",10000,21,5,"SVP BIC multiscale",0.0779999999999745,22
"vary_k",10000,21,6,"PELT",0.00699999999994816,22
"vary_k",10000,21,6,"SVP BIC",0.0729999999999791,22
"vary_k",10000,21,6,"SVP BIC calibrated",0.0730000000000928,22
"vary_k",10000,21,6,"SVP BIC multiscale",0.0779999999999745,22
"vary_k",10000,21,7,"PELT",0.00600000000008549,22
"vary_k",10000,21,7,"SVP BIC",0.0739999999999554,22
"vary_k",10000,21,7,"SVP BIC calibrated",0.0740000000000691,22
"vary_k",10000,21,7,"SVP BIC multiscale",0.0760000000000218,22
"vary_k",10000,21,8,"PELT",0.00599999999997181,22
"vary_k",10000,21,8,"SVP BIC",0.0729999999999791,22
"vary_k",10000,21,8,"SVP BIC calibrated",0.0709999999999127,22
"vary_k",10000,21,8,"SVP BIC multiscale",0.0790000000000646,22
"vary_k",10000,21,9,"PELT",0.0040000000000191,22
"vary_k",10000,21,9,"SVP BIC",0.071999999999889,22
"vary_k",10000,21,9,"SVP BIC calibrated",0.0729999999999791,22
"vary_k",10000,21,9,"SVP BIC multiscale",0.0749999999999318,22
"vary_k",10000,21,10,"PELT",0.00699999999994816,22
"vary_k",10000,21,10,"SVP BIC",0.0709999999999127,22
"vary_k",10000,21,10,"SVP BIC calibrated",0.0699999999999363,22
"vary_k",10000,21,10,"SVP BIC multiscale",0.0749999999999318,22
"vary_k",10000,22,1,"PELT",0.00499999999999545,23
"vary_k",10000,22,1,"SVP BIC",0.0670000000000073,23
"vary_k",10000,22,1,"SVP BIC calibrated",0.0660000000000309,23
"vary_k",10000,22,1,"SVP BIC multiscale",0.07000000000005,23
"vary_k",10000,22,2,"PELT",0.00700000000006185,23
"vary_k",10000,22,2,"SVP BIC",0.0670000000000073,23
"vary_k",10000,22,2,"SVP BIC calibrated",0.0680000000000973,23
"vary_k",10000,22,2,"SVP BIC multiscale",0.07000000000005,23
"vary_k",10000,22,3,"PELT",0.0040000000000191,23
"vary_k",10000,22,3,"SVP BIC",0.0670000000000073,23
"vary_k",10000,22,3,"SVP BIC calibrated",0.0670000000000073,23
"vary_k",10000,22,3,"SVP BIC multiscale",0.0720000000000027,23
"vary_k",10000,22,4,"PELT",0.00499999999999545,23
"vary_k",10000,22,4,"SVP BIC",0.07000000000005,23
"vary_k",10000,22,4,"SVP BIC calibrated",0.0679999999999836,23
"vary_k",10000,22,4,"SVP BIC multiscale",0.0720000000000027,23
"vary_k",10000,22,5,"PELT",0.00500000000010914,23
"vary_k",10000,22,5,"SVP BIC",0.0679999999999836,23
"vary_k",10000,22,5,"SVP BIC calibrated",0.0670000000000073,23
"vary_k",10000,22,5,"SVP BIC multiscale",0.0730000000000928,23
"vary_k",10000,22,6,"PELT",0.00599999999997181,23
"vary_k",10000,22,6,"SVP BIC",0.0670000000000073,23
"vary_k",10000,22,6,"SVP BIC calibrated",0.0670000000000073,23
"vary_k",10000,22,6,"SVP BIC multiscale",0.0710000000000264,23
"vary_k",10000,22,7,"PELT",0.00600000000008549,23
"vary_k",10000,22,7,"SVP BIC",0.0679999999999836,23
"vary_k",10000,22,7,"SVP BIC calibrated",0.0679999999999836,23
"vary_k",10000,22,7,"SVP BIC multiscale",0.0720000000000027,23
"vary_k",10000,22,8,"PELT",0.00600000000008549,23
"vary_k",10000,22,8,"SVP BIC",0.0729999999999791,23
"vary_k",10000,22,8,"SVP BIC calibrated",0.0720000000000027,23
"vary_k",10000,22,8,"SVP BIC multiscale",0.0749999999999318,23
"vary_k",10000,22,9,"PELT",0.00499999999999545,24
"vary_k",10000,22,9,"SVP BIC",0.06899999999996,23
"vary_k",10000,22,9,"SVP BIC calibrated",0.06899999999996,23
"vary_k",10000,22,9,"SVP BIC multiscale",0.0709999999999127,23
"vary_k",10000,22,10,"PELT",0.00499999999999545,23
"vary_k",10000,22,10,"SVP BIC",0.0679999999999836,23
"vary_k",10000,22,10,"SVP BIC calibrated",0.0670000000000073,23
"vary_k",10000,22,10,"SVP BIC multiscale",0.0709999999999127,23
"vary_k",10000,23,1,"PELT",0.00599999999997181,24
"vary_k",10000,23,1,"SVP BIC",0.0640000000000782,24
"vary_k",10000,23,1,"SVP BIC calibrated",0.0639999999999645,24
"vary_k",10000,23,1,"SVP BIC multiscale",0.0679999999999836,24
"vary_k",10000,23,2,"PELT",0.00599999999997181,24
"vary_k",10000,23,2,"SVP BIC",0.0660000000000309,24
"vary_k",10000,23,2,"SVP BIC calibrated",0.0650000000000546,24
"vary_k",10000,23,2,"SVP BIC multiscale",0.0679999999999836,24
"vary_k",10000,23,3,"PELT",0.00499999999999545,24
"vary_k",10000,23,3,"SVP BIC",0.0649999999999409,24
"vary_k",10000,23,3,"SVP BIC calibrated",0.0650000000000546,24
"vary_k",10000,23,3,"SVP BIC multiscale",0.0680000000000973,24
"vary_k",10000,23,4,"PELT",0.00499999999999545,24
"vary_k",10000,23,4,"SVP BIC",0.0650000000000546,24
"vary_k",10000,23,4,"SVP BIC calibrated",0.0650000000000546,24
"vary_k",10000,23,4,"SVP BIC multiscale",0.0690000000000737,24
"vary_k",10000,23,5,"PELT",0.00600000000008549,24
"vary_k",10000,23,5,"SVP BIC",0.0650000000000546,24
"vary_k",10000,23,5,"SVP BIC calibrated",0.0650000000000546,24
"vary_k",10000,23,5,"SVP BIC multiscale",0.0699999999999363,24
"vary_k",10000,23,6,"PELT",0.00699999999994816,24
"vary_k",10000,23,6,"SVP BIC",0.0640000000000782,24
"vary_k",10000,23,6,"SVP BIC calibrated",0.0640000000000782,24
"vary_k",10000,23,6,"SVP BIC multiscale",0.0670000000000073,24
"vary_k",10000,23,7,"PELT",0.00500000000010914,24
"vary_k",10000,23,7,"SVP BIC",0.0659999999999172,24
"vary_k",10000,23,7,"SVP BIC calibrated",0.0660000000000309,24
"vary_k",10000,23,7,"SVP BIC multiscale",0.0679999999999836,24
"vary_k",10000,23,8,"PELT",0.00599999999997181,24
"vary_k",10000,23,8,"SVP BIC",0.0650000000000546,24
"vary_k",10000,23,8,"SVP BIC calibrated",0.0650000000000546,24
"vary_k",10000,23,8,"SVP BIC multiscale",0.0679999999999836,24
"vary_k",10000,23,9,"PELT",0.0040000000000191,24
"vary_k",10000,23,9,"SVP BIC",0.0660000000000309,24
"vary_k",10000,23,9,"SVP BIC calibrated",0.0670000000000073,24
"vary_k",10000,23,9,"SVP BIC multiscale",0.0699999999999363,24
"vary_k",10000,23,10,"PELT",0.00499999999999545,24
"vary_k",10000,23,10,"SVP BIC",0.0670000000000073,24
"vary_k",10000,23,10,"SVP BIC calibrated",0.0669999999998936,24
"vary_k",10000,23,10,"SVP BIC multiscale",0.06899999999996,24
"vary_k",10000,24,1,"PELT",0.0040000000000191,25
"vary_k",10000,24,1,"SVP BIC",0.0639999999999645,25
"vary_k",10000,24,1,"SVP BIC calibrated",0.0639999999999645,25
"vary_k",10000,24,1,"SVP BIC multiscale",0.0679999999999836,25
"vary_k",10000,24,2,"PELT",0.00499999999999545,25
"vary_k",10000,24,2,"SVP BIC",0.0620000000000118,25
"vary_k",10000,24,2,"SVP BIC calibrated",0.0609999999999218,25
"vary_k",10000,24,2,"SVP BIC multiscale",0.0650000000000546,25
"vary_k",10000,24,3,"PELT",0.00499999999999545,25
"vary_k",10000,24,3,"SVP BIC",0.0670000000000073,25
"vary_k",10000,24,3,"SVP BIC calibrated",0.0640000000000782,25
"vary_k",10000,24,3,"SVP BIC multiscale",0.0680000000000973,25
"vary_k",10000,24,4,"PELT",0.00499999999999545,25
"vary_k",10000,24,4,"SVP BIC",0.0650000000000546,25
"vary_k",10000,24,4,"SVP BIC calibrated",0.0649999999999409,25
"vary_k",10000,24,4,"SVP BIC multiscale",0.0679999999999836,25
"vary_k",10000,24,5,"PELT",0.0040000000000191,25
"vary_k",10000,24,5,"SVP BIC",0.0649999999999409,25
"vary_k",10000,24,5,"SVP BIC calibrated",0.0649999999999409,25
"vary_k",10000,24,5,"SVP BIC multiscale",0.06899999999996,25
"vary_k",10000,24,6,"PELT",0.00499999999999545,25
"vary_k",10000,24,6,"SVP BIC",0.0639999999999645,25
"vary_k",10000,24,6,"SVP BIC calibrated",0.0639999999999645,25
"vary_k",10000,24,6,"SVP BIC multiscale",0.0679999999999836,25
"vary_k",10000,24,7,"PELT",0.00599999999997181,25
"vary_k",10000,24,7,"SVP BIC",0.0629999999999882,25
"vary_k",10000,24,7,"SVP BIC calibrated",0.0629999999999882,25
"vary_k",10000,24,7,"SVP BIC multiscale",0.0679999999999836,25
"vary_k",10000,24,8,"PELT",0.00499999999999545,25
"vary_k",10000,24,8,"SVP BIC",0.0639999999999645,25
"vary_k",10000,24,8,"SVP BIC calibrated",0.0639999999999645,25
"vary_k",10000,24,8,"SVP BIC multiscale",0.0679999999999836,25
"vary_k",10000,24,9,"PELT",0.0040000000000191,25
"vary_k",10000,24,9,"SVP BIC",0.0629999999999882,25
"vary_k",10000,24,9,"SVP BIC calibrated",0.0629999999999882,25
"vary_k",10000,24,9,"SVP BIC multiscale",0.0679999999999836,25
"vary_k",10000,24,10,"PELT",0.00599999999997181,25
"vary_k",10000,24,10,"SVP BIC",0.0650000000000546,25
"vary_k",10000,24,10,"SVP BIC calibrated",0.0640000000000782,25
"vary_k",10000,24,10,"SVP BIC multiscale",0.0659999999999172,25
"vary_k",10000,25,1,"PELT",0.0040000000000191,26
"vary_k",10000,25,1,"SVP BIC",0.0620000000000118,26
"vary_k",10000,25,1,"SVP BIC calibrated",0.0620000000000118,26
"vary_k",10000,25,1,"SVP BIC multiscale",0.0629999999999882,26
"vary_k",10000,25,2,"PELT",0.00499999999999545,26
"vary_k",10000,25,2,"SVP BIC",0.0600000000000591,26
"vary_k",10000,25,2,"SVP BIC calibrated",0.0610000000000355,26
"vary_k",10000,25,2,"SVP BIC multiscale",0.0629999999999882,26
"vary_k",10000,25,3,"PELT",0.00499999999999545,26
"vary_k",10000,25,3,"SVP BIC",0.0610000000000355,26
"vary_k",10000,25,3,"SVP BIC calibrated",0.0609999999999218,26
"vary_k",10000,25,3,"SVP BIC multiscale",0.0640000000000782,26
"vary_k",10000,25,4,"PELT",0.00499999999999545,26
"vary_k",10000,25,4,"SVP BIC",0.0610000000000355,26
"vary_k",10000,25,4,"SVP BIC calibrated",0.0610000000000355,26
"vary_k",10000,25,4,"SVP BIC multiscale",0.0629999999999882,26
"vary_k",10000,25,5,"PELT",0.00499999999999545,26
"vary_k",10000,25,5,"SVP BIC",0.0600000000000591,26
"vary_k",10000,25,5,"SVP BIC calibrated",0.0600000000000591,26
"vary_k",10000,25,5,"SVP BIC multiscale",0.0639999999999645,26
"vary_k",10000,25,6,"PELT",0.0040000000000191,26
"vary_k",10000,25,6,"SVP BIC",0.0599999999999454,26
"vary_k",10000,25,6,"SVP BIC calibrated",0.0599999999999454,26
"vary_k",10000,25,6,"SVP BIC multiscale",0.0639999999999645,26
"vary_k",10000,25,7,"PELT",0.00500000000010914,26
"vary_k",10000,25,7,"SVP BIC",0.0600000000000591,26
"vary_k",10000,25,7,"SVP BIC calibrated",0.0599999999999454,26
"vary_k",10000,25,7,"SVP BIC multiscale",0.0639999999999645,26
"vary_k",10000,25,8,"PELT",0.00499999999999545,26
"vary_k",10000,25,8,"SVP BIC",0.0620000000000118,26
"vary_k",10000,25,8,"SVP BIC calibrated",0.0610000000000355,26
"vary_k",10000,25,8,"SVP BIC multiscale",0.0670000000000073,26
"vary_k",10000,25,9,"PELT",0.00499999999999545,26
"vary_k",10000,25,9,"SVP BIC",0.0610000000000355,26
"vary_k",10000,25,9,"SVP BIC calibrated",0.0609999999999218,26
"vary_k",10000,25,9,"SVP BIC multiscale",0.0649999999999409,26
"vary_k",10000,25,10,"PELT",0.0040000000000191,26
"vary_k",10000,25,10,"SVP BIC",0.0630000000001019,26
"vary_k",10000,25,10,"SVP BIC calibrated",0.0620000000000118,26
"vary_k",10000,25,10,"SVP BIC multiscale",0.0660000000000309,26
"vary_k",10000,26,1,"PELT",0.00499999999999545,27
"vary_k",10000,26,1,"SVP BIC",0.0600000000000591,27
"vary_k",10000,26,1,"SVP BIC calibrated",0.0610000000000355,27
"vary_k",10000,26,1,"SVP BIC multiscale",0.0629999999999882,27
"vary_k",10000,26,2,"PELT",0.00499999999999545,27
"vary_k",10000,26,2,"SVP BIC",0.0599999999999454,27
"vary_k",10000,26,2,"SVP BIC calibrated",0.0589999999999691,27
"vary_k",10000,26,2,"SVP BIC multiscale",0.0620000000000118,27
"vary_k",10000,26,3,"PELT",0.00499999999999545,27
"vary_k",10000,26,3,"SVP BIC",0.0590000000000828,27
"vary_k",10000,26,3,"SVP BIC calibrated",0.0579999999999927,27
"vary_k",10000,26,3,"SVP BIC multiscale",0.0609999999999218,27
"vary_k",10000,26,4,"PELT",0.00499999999999545,27
"vary_k",10000,26,4,"SVP BIC",0.0590000000000828,27
"vary_k",10000,26,4,"SVP BIC calibrated",0.0579999999999927,27
"vary_k",10000,26,4,"SVP BIC multiscale",0.0599999999999454,27
"vary_k",10000,26,5,"PELT",0.0040000000000191,27
"vary_k",10000,26,5,"SVP BIC",0.0559999999999263,27
"vary_k",10000,26,5,"SVP BIC calibrated",0.0570000000000164,27
"vary_k",10000,26,5,"SVP BIC multiscale",0.0629999999999882,27
"vary_k",10000,26,6,"PELT",0.0040000000000191,27
"vary_k",10000,26,6,"SVP BIC",0.0610000000000355,27
"vary_k",10000,26,6,"SVP BIC calibrated",0.0620000000000118,27
"vary_k",10000,26,6,"SVP BIC multiscale",0.0660000000000309,27
"vary_k",10000,26,7,"PELT",0.00499999999999545,27
"vary_k",10000,26,7,"SVP BIC",0.0600000000000591,27
"vary_k",10000,26,7,"SVP BIC calibrated",0.0600000000000591,27
"vary_k",10000,26,7,"SVP BIC multiscale",0.0629999999999882,27
"vary_k",10000,26,8,"PELT",0.0040000000000191,27
"vary_k",10000,26,8,"SVP BIC",0.0589999999999691,27
"vary_k",10000,26,8,"SVP BIC calibrated",0.0590000000000828,27
"vary_k",10000,26,8,"SVP BIC multiscale",0.0610000000000355,27
"vary_k",10000,26,9,"PELT",0.00499999999999545,27
"vary_k",10000,26,9,"SVP BIC",0.0579999999999927,27
"vary_k",10000,26,9,"SVP BIC calibrated",0.0589999999999691,27
"vary_k",10000,26,9,"SVP BIC multiscale",0.0620000000000118,27
"vary_k",10000,26,10,"PELT",0.0040000000000191,27
"vary_k",10000,26,10,"SVP BIC",0.0590000000000828,27
"vary_k",10000,26,10,"SVP BIC calibrated",0.0579999999999927,27
"vary_k",10000,26,10,"SVP BIC multiscale",0.0599999999999454,27
"vary_k",10000,27,1,"PELT",0.00599999999997181,28
"vary_k",10000,27,1,"SVP BIC",0.0559999999999263,28
"vary_k",10000,27,1,"SVP BIC calibrated",0.0559999999999263,28
"vary_k",10000,27,1,"SVP BIC multiscale",0.0579999999999927,28
"vary_k",10000,27,2,"PELT",0.0040000000000191,28
"vary_k",10000,27,2,"SVP BIC",0.05600000000004,28
"vary_k",10000,27,2,"SVP BIC calibrated",0.0589999999999691,28
"vary_k",10000,27,2,"SVP BIC multiscale",0.0600000000000591,28
"vary_k",10000,27,3,"PELT",0.00499999999999545,28
"vary_k",10000,27,3,"SVP BIC",0.0550000000000637,28
"vary_k",10000,27,3,"SVP BIC calibrated",0.0540000000000873,28
"vary_k",10000,27,3,"SVP BIC multiscale",0.0579999999999927,28
"vary_k",10000,27,4,"PELT",0.0040000000000191,28
"vary_k",10000,27,4,"SVP BIC",0.05499999999995,28
"vary_k",10000,27,4,"SVP BIC calibrated",0.0550000000000637,28
"vary_k",10000,27,4,"SVP BIC multiscale",0.0570000000000164,28
"vary_k",10000,27,5,"PELT",0.00399999999990541,28
"vary_k",10000,27,5,"SVP BIC",0.05499999999995,28
"vary_k",10000,27,5,"SVP BIC calibrated",0.0550000000000637,28
"vary_k",10000,27,5,"SVP BIC multiscale",0.0579999999999927,28
"vary_k",10000,27,6,"PELT",0.00399999999990541,28
"vary_k",10000,27,6,"SVP BIC",0.05499999999995,28
"vary_k",10000,27,6,"SVP BIC calibrated",0.0539999999999736,28
"vary_k",10000,27,6,"SVP BIC multiscale",0.0589999999999691,28
"vary_k",10000,27,7,"PELT",0.00499999999999545,28
"vary_k",10000,27,7,"SVP BIC",0.0570000000000164,28
"vary_k",10000,27,7,"SVP BIC calibrated",0.0570000000000164,28
"vary_k",10000,27,7,"SVP BIC multiscale",0.0589999999999691,28
"vary_k",10000,27,8,"PELT",0.0040000000000191,28
"vary_k",10000,27,8,"SVP BIC",0.0570000000000164,28
"vary_k",10000,27,8,"SVP BIC calibrated",0.0589999999999691,28
"vary_k",10000,27,8,"SVP BIC multiscale",0.0600000000000591,28
"vary_k",10000,27,9,"PELT",0.00399999999990541,28
"vary_k",10000,27,9,"SVP BIC",0.0570000000000164,28
"vary_k",10000,27,9,"SVP BIC calibrated",0.0579999999999927,28
"vary_k",10000,27,9,"SVP BIC multiscale",0.0589999999999691,28
"vary_k",10000,27,10,"PELT",0.00499999999999545,28
"vary_k",10000,27,10,"SVP BIC",0.05600000000004,28
"vary_k",10000,27,10,"SVP BIC calibrated",0.0550000000000637,28
"vary_k",10000,27,10,"SVP BIC multiscale",0.0579999999999927,28
"vary_k",10000,28,1,"PELT",0.00499999999999545,29
"vary_k",10000,28,1,"SVP BIC",0.0529999999999973,29
"vary_k",10000,28,1,"SVP BIC calibrated",0.0529999999999973,29
"vary_k",10000,28,1,"SVP BIC multiscale",0.0550000000000637,29
"vary_k",10000,28,2,"PELT",0.00499999999999545,29
"vary_k",10000,28,2,"SVP BIC",0.0570000000000164,29
"vary_k",10000,28,2,"SVP BIC calibrated",0.05600000000004,29
"vary_k",10000,28,2,"SVP BIC multiscale",0.0579999999999927,29
"vary_k",10000,28,3,"PELT",0.00499999999999545,29
"vary_k",10000,28,3,"SVP BIC",0.0540000000000873,29
"vary_k",10000,28,3,"SVP BIC calibrated",0.05600000000004,29
"vary_k",10000,28,3,"SVP BIC multiscale",0.0559999999999263,29
"vary_k",10000,28,4,"PELT",0.0040000000000191,30
"vary_k",10000,28,4,"SVP BIC",0.0539999999999736,29
"vary_k",10000,28,4,"SVP BIC calibrated",0.0539999999999736,29
"vary_k",10000,28,4,"SVP BIC multiscale",0.0570000000000164,29
"vary_k",10000,28,5,"PELT",0.0040000000000191,30
"vary_k",10000,28,5,"SVP BIC",0.05499999999995,29
"vary_k",10000,28,5,"SVP BIC calibrated",0.0539999999999736,29
"vary_k",10000,28,5,"SVP BIC multiscale",0.05600000000004,29
"vary_k",10000,28,6,"PELT",0.0040000000000191,29
"vary_k",10000,28,6,"SVP BIC",0.0550000000000637,29
"vary_k",10000,28,6,"SVP BIC calibrated",0.05600000000004,29
"vary_k",10000,28,6,"SVP BIC multiscale",0.0600000000000591,29
"vary_k",10000,28,7,"PELT",0.00399999999990541,29
"vary_k",10000,28,7,"SVP BIC",0.0550000000000637,29
"vary_k",10000,28,7,"SVP BIC calibrated",0.0539999999999736,29
"vary_k",10000,28,7,"SVP BIC multiscale",0.0570000000000164,29
"vary_k",10000,28,8,"PELT",0.00499999999999545,29
"vary_k",10000,28,8,"SVP BIC",0.0550000000000637,29
"vary_k",10000,28,8,"SVP BIC calibrated",0.0529999999999973,29
"vary_k",10000,28,8,"SVP BIC multiscale",0.05499999999995,29
"vary_k",10000,28,9,"PELT",0.0040000000000191,29
"vary_k",10000,28,9,"SVP BIC",0.0539999999999736,29
"vary_k",10000,28,9,"SVP BIC calibrated",0.05499999999995,29
"vary_k",10000,28,9,"SVP BIC multiscale",0.0570000000000164,29
"vary_k",10000,28,10,"PELT",0.0040000000000191,29
"vary_k",10000,28,10,"SVP BIC",0.0570000000000164,29
"vary_k",10000,28,10,"SVP BIC calibrated",0.0570000000000164,29
"vary_k",10000,28,10,"SVP BIC multiscale",0.0589999999999691,29
"vary_k",10000,29,1,"PELT",0.00600000000008549,30
"vary_k",10000,29,1,"SVP BIC",0.0550000000000637,30
"vary_k",10000,29,1,"SVP BIC calibrated",0.0540000000000873,30
"vary_k",10000,29,1,"SVP BIC multiscale",0.0579999999999927,30
"vary_k",10000,29,2,"PELT",0.0040000000000191,30
"vary_k",10000,29,2,"SVP BIC",0.0539999999999736,30
"vary_k",10000,29,2,"SVP BIC calibrated",0.0520000000000209,30
"vary_k",10000,29,2,"SVP BIC multiscale",0.0550000000000637,30
"vary_k",10000,29,3,"PELT",0.0040000000000191,30
"vary_k",10000,29,3,"SVP BIC",0.0519999999999072,30
"vary_k",10000,29,3,"SVP BIC calibrated",0.0529999999999973,30
"vary_k",10000,29,3,"SVP BIC multiscale",0.0559999999999263,30
"vary_k",10000,29,4,"PELT",0.00599999999997181,30
"vary_k",10000,29,4,"SVP BIC",0.0520000000000209,30
"vary_k",10000,29,4,"SVP BIC calibrated",0.0520000000000209,30
"vary_k",10000,29,4,"SVP BIC multiscale",0.0600000000000591,30
"vary_k",10000,29,5,"PELT",0.00600000000008549,30
"vary_k",10000,29,5,"SVP BIC",0.0539999999999736,30
"vary_k",10000,29,5,"SVP BIC calibrated",0.0520000000000209,30
"vary_k",10000,29,5,"SVP BIC multiscale",0.0559999999999263,30
"vary_k",10000,29,6,"PELT",0.0040000000000191,30
"vary_k",10000,29,6,"SVP BIC",0.0509999999999309,30
"vary_k",10000,29,6,"SVP BIC calibrated",0.0519999999999072,30
"vary_k",10000,29,6,"SVP BIC multiscale",0.0570000000000164,30
"vary_k",10000,29,7,"PELT",0.0040000000000191,31
"vary_k",10000,29,7,"SVP BIC",0.0519999999999072,30
"vary_k",10000,29,7,"SVP BIC calibrated",0.0529999999999973,30
"vary_k",10000,29,7,"SVP BIC multiscale",0.0579999999999927,30
"vary_k",10000,29,8,"PELT",0.00399999999990541,30
"vary_k",10000,29,8,"SVP BIC",0.0529999999999973,30
"vary_k",10000,29,8,"SVP BIC calibrated",0.0529999999999973,30
"vary_k",10000,29,8,"SVP BIC multiscale",0.05499999999995,30
"vary_k",10000,29,9,"PELT",0.0040000000000191,30
"vary_k",10000,29,9,"SVP BIC",0.0520000000000209,30
"vary_k",10000,29,9,"SVP BIC calibrated",0.0550000000000637,30
"vary_k",10000,29,9,"SVP BIC multiscale",0.0539999999999736,30
"vary_k",10000,29,10,"PELT",0.0040000000000191,30
"vary_k",10000,29,10,"SVP BIC",0.0520000000000209,30
"vary_k",10000,29,10,"SVP BIC calibrated",0.0510000000000446,30
"vary_k",10000,29,10,"SVP BIC multiscale",0.0529999999999973,30
"vary_k",10000,30,1,"PELT",0.0040000000000191,31
"vary_k",10000,30,1,"SVP BIC",0.0499999999999545,31
"vary_k",10000,30,1,"SVP BIC calibrated",0.0499999999999545,31
"vary_k",10000,30,1,"SVP BIC multiscale",0.0520000000000209,31
"vary_k",10000,30,2,"PELT",0.00499999999999545,31
"vary_k",10000,30,2,"SVP BIC",0.0499999999999545,31
"vary_k",10000,30,2,"SVP BIC calibrated",0.0499999999999545,31
"vary_k",10000,30,2,"SVP BIC multiscale",0.0519999999999072,31
"vary_k",10000,30,3,"PELT",0.0040000000000191,31
"vary_k",10000,30,3,"SVP BIC",0.0500000000000682,31
"vary_k",10000,30,3,"SVP BIC calibrated",0.0500000000000682,31
"vary_k",10000,30,3,"SVP BIC multiscale",0.0509999999999309,31
"vary_k",10000,30,4,"PELT",0.0040000000000191,32
"vary_k",10000,30,4,"SVP BIC",0.0499999999999545,31
"vary_k",10000,30,4,"SVP BIC calibrated",0.0499999999999545,31
"vary_k",10000,30,4,"SVP BIC multiscale",0.0520000000000209,31
"vary_k",10000,30,5,"PELT",0.0040000000000191,31
"vary_k",10000,30,5,"SVP BIC",0.0500000000000682,31
"vary_k",10000,30,5,"SVP BIC calibrated",0.0489999999999782,31
"vary_k",10000,30,5,"SVP BIC multiscale",0.0509999999999309,31
"vary_k",10000,30,6,"PELT",0.00499999999999545,31
"vary_k",10000,30,6,"SVP BIC",0.0499999999999545,31
"vary_k",10000,30,6,"SVP BIC calibrated",0.0509999999999309,31
"vary_k",10000,30,6,"SVP BIC multiscale",0.0520000000000209,31
"vary_k",10000,30,7,"PELT",0.0040000000000191,31
"vary_k",10000,30,7,"SVP BIC",0.0499999999999545,31
"vary_k",10000,30,7,"SVP BIC calibrated",0.0499999999999545,31
"vary_k",10000,30,7,"SVP BIC multiscale",0.0509999999999309,31
"vary_k",10000,30,8,"PELT",0.00499999999999545,31
"vary_k",10000,30,8,"SVP BIC",0.0499999999999545,31
"vary_k",10000,30,8,"SVP BIC calibrated",0.0499999999999545,31
"vary_k",10000,30,8,"SVP BIC multiscale",0.0519999999999072,31
"vary_k",10000,30,9,"PELT",0.00599999999997181,31
"vary_k",10000,30,9,"SVP BIC",0.0500000000000682,31
"vary_k",10000,30,9,"SVP BIC calibrated",0.0499999999999545,31
"vary_k",10000,30,9,"SVP BIC multiscale",0.0520000000000209,31
"vary_k",10000,30,10,"PELT",0.0040000000000191,31
"vary_k",10000,30,10,"SVP BIC",0.0500000000000682,31
"vary_k",10000,30,10,"SVP BIC calibrated",0.0499999999999545,31
"vary_k",10000,30,10,"SVP BIC multiscale",0.0519999999999072,31
"vary_k",10000,31,1,"PELT",0.0040000000000191,32
"vary_k",10000,31,1,"SVP BIC",0.0480000000000018,32
"vary_k",10000,31,1,"SVP BIC calibrated",0.0480000000000018,32
"vary_k",10000,31,1,"SVP BIC multiscale",0.0500000000000682,32
"vary_k",10000,31,2,"PELT",0.00499999999999545,32
"vary_k",10000,31,2,"SVP BIC",0.0490000000000919,32
"vary_k",10000,31,2,"SVP BIC calibrated",0.0490000000000919,32
"vary_k",10000,31,2,"SVP BIC multiscale",0.0539999999999736,32
"vary_k",10000,31,3,"PELT",0.0040000000000191,32
"vary_k",10000,31,3,"SVP BIC",0.0489999999999782,32
"vary_k",10000,31,3,"SVP BIC calibrated",0.0489999999999782,32
"vary_k",10000,31,3,"SVP BIC multiscale",0.0520000000000209,32
"vary_k",10000,31,4,"PELT",0.0040000000000191,32
"vary_k",10000,31,4,"SVP BIC",0.0499999999999545,32
"vary_k",10000,31,4,"SVP BIC calibrated",0.0489999999999782,32
"vary_k",10000,31,4,"SVP BIC multiscale",0.0509999999999309,32
"vary_k",10000,31,5,"PELT",0.00399999999990541,32
"vary_k",10000,31,5,"SVP BIC",0.0489999999999782,32
"vary_k",10000,31,5,"SVP BIC calibrated",0.0480000000000018,32
"vary_k",10000,31,5,"SVP BIC multiscale",0.0499999999999545,32
"vary_k",10000,31,6,"PELT",0.00499999999999545,32
"vary_k",10000,31,6,"SVP BIC",0.0489999999999782,32
"vary_k",10000,31,6,"SVP BIC calibrated",0.0490000000000919,32
"vary_k",10000,31,6,"SVP BIC multiscale",0.0499999999999545,32
"vary_k",10000,31,7,"PELT",0.0040000000000191,32
"vary_k",10000,31,7,"SVP BIC",0.0480000000000018,32
"vary_k",10000,31,7,"SVP BIC calibrated",0.0480000000000018,32
"vary_k",10000,31,7,"SVP BIC multiscale",0.0509999999999309,32
"vary_k",10000,31,8,"PELT",0.0040000000000191,32
"vary_k",10000,31,8,"SVP BIC",0.0489999999999782,32
"vary_k",10000,31,8,"SVP BIC calibrated",0.0489999999999782,32
"vary_k",10000,31,8,"SVP BIC multiscale",0.0510000000000446,32
"vary_k",10000,31,9,"PELT",0.00499999999999545,32
"vary_k",10000,31,9,"SVP BIC",0.0489999999999782,32
"vary_k",10000,31,9,"SVP BIC calibrated",0.0489999999999782,32
"vary_k",10000,31,9,"SVP BIC multiscale",0.0499999999999545,32
"vary_k",10000,31,10,"PELT",0.00399999999990541,32
"vary_k",10000,31,10,"SVP BIC",0.0480000000000018,32
"vary_k",10000,31,10,"SVP BIC calibrated",0.0480000000000018,32
"vary_k",10000,31,10,"SVP BIC multiscale",0.0510000000000446,32
"vary_k",10000,32,1,"PELT",0.0040000000000191,33
"vary_k",10000,32,1,"SVP BIC",0.0470000000000255,33
"vary_k",10000,32,1,"SVP BIC calibrated",0.0469999999999118,33
"vary_k",10000,32,1,"SVP BIC multiscale",0.0489999999999782,33
"vary_k",10000,32,2,"PELT",0.0040000000000191,33
"vary_k",10000,32,2,"SVP BIC",0.0460000000000491,33
"vary_k",10000,32,2,"SVP BIC calibrated",0.0460000000000491,33
"vary_k",10000,32,2,"SVP BIC multiscale",0.0480000000000018,33
"vary_k",10000,32,3,"PELT",0.0040000000000191,33
"vary_k",10000,32,3,"SVP BIC",0.0469999999999118,33
"vary_k",10000,32,3,"SVP BIC calibrated",0.0470000000000255,33
"vary_k",10000,32,3,"SVP BIC multiscale",0.0480000000000018,33
"vary_k",10000,32,4,"PELT",0.00299999999992906,33
"vary_k",10000,32,4,"SVP BIC",0.0469999999999118,33
"vary_k",10000,32,4,"SVP BIC calibrated",0.0460000000000491,33
"vary_k",10000,32,4,"SVP BIC multiscale",0.0489999999999782,33
"vary_k",10000,32,5,"PELT",0.0040000000000191,33
"vary_k",10000,32,5,"SVP BIC",0.0470000000000255,33
"vary_k",10000,32,5,"SVP BIC calibrated",0.0470000000000255,33
"vary_k",10000,32,5,"SVP BIC multiscale",0.0480000000000018,33
"vary_k",10000,32,6,"PELT",0.00499999999999545,33
"vary_k",10000,32,6,"SVP BIC",0.0470000000000255,33
"vary_k",10000,32,6,"SVP BIC calibrated",0.0470000000000255,33
"vary_k",10000,32,6,"SVP BIC multiscale",0.0489999999999782,33
"vary_k",10000,32,7,"PELT",0.0040000000000191,33
"vary_k",10000,32,7,"SVP BIC",0.0459999999999354,33
"vary_k",10000,32,7,"SVP BIC calibrated",0.0460000000000491,33
"vary_k",10000,32,7,"SVP BIC multiscale",0.0480000000000018,33
"vary_k",10000,32,8,"PELT",0.00499999999999545,33
"vary_k",10000,32,8,"SVP BIC",0.0470000000000255,33
"vary_k",10000,32,8,"SVP BIC calibrated",0.0470000000000255,33
"vary_k",10000,32,8,"SVP BIC multiscale",0.0480000000000018,33
"vary_k",10000,32,9,"PELT",0.0040000000000191,33
"vary_k",10000,32,9,"SVP BIC",0.0470000000000255,33
"vary_k",10000,32,9,"SVP BIC calibrated",0.0460000000000491,33
"vary_k",10000,32,9,"SVP BIC multiscale",0.0489999999999782,33
"vary_k",10000,32,10,"PELT",0.00299999999992906,33
"vary_k",10000,32,10,"SVP BIC",0.0470000000000255,33
"vary_k",10000,32,10,"SVP BIC calibrated",0.0470000000000255,33
"vary_k",10000,32,10,"SVP BIC multiscale",0.0480000000000018,33
"vary_k",10000,33,1,"PELT",0.00500000000010914,34
"vary_k",10000,33,1,"SVP BIC",0.0459999999999354,34
"vary_k",10000,33,1,"SVP BIC calibrated",0.0449999999999591,34
"vary_k",10000,33,1,"SVP BIC multiscale",0.0469999999999118,34
"vary_k",10000,33,2,"PELT",0.00499999999999545,34
"vary_k",10000,33,2,"SVP BIC",0.0470000000000255,34
"vary_k",10000,33,2,"SVP BIC calibrated",0.0459999999999354,34
"vary_k",10000,33,2,"SVP BIC multiscale",0.0469999999999118,34
"vary_k",10000,33,3,"PELT",0.00499999999999545,34
"vary_k",10000,33,3,"SVP BIC",0.0449999999999591,34
"vary_k",10000,33,3,"SVP BIC calibrated",0.0449999999999591,34
"vary_k",10000,33,3,"SVP BIC multiscale",0.0509999999999309,34
"vary_k",10000,33,4,"PELT",0.0040000000000191,34
"vary_k",10000,33,4,"SVP BIC",0.0480000000000018,34
"vary_k",10000,33,4,"SVP BIC calibrated",0.0460000000000491,34
"vary_k",10000,33,4,"SVP BIC multiscale",0.0499999999999545,34
"vary_k",10000,33,5,"PELT",0.0040000000000191,34
"vary_k",10000,33,5,"SVP BIC",0.0459999999999354,34
"vary_k",10000,33,5,"SVP BIC calibrated",0.0460000000000491,34
"vary_k",10000,33,5,"SVP BIC multiscale",0.0480000000000018,34
"vary_k",10000,33,6,"PELT",0.00499999999999545,34
"vary_k",10000,33,6,"SVP BIC",0.0459999999999354,34
"vary_k",10000,33,6,"SVP BIC calibrated",0.0460000000000491,34
"vary_k",10000,33,6,"SVP BIC multiscale",0.0489999999999782,34
"vary_k",10000,33,7,"PELT",0.0040000000000191,34
"vary_k",10000,33,7,"SVP BIC",0.0450000000000728,34
"vary_k",10000,33,7,"SVP BIC calibrated",0.0449999999999591,34
"vary_k",10000,33,7,"SVP BIC multiscale",0.0470000000000255,34
"vary_k",10000,33,8,"PELT",0.00299999999992906,34
"vary_k",10000,33,8,"SVP BIC",0.0460000000000491,34
"vary_k",10000,33,8,"SVP BIC calibrated",0.0459999999999354,34
"vary_k",10000,33,8,"SVP BIC multiscale",0.0480000000000018,34
"vary_k",10000,33,9,"PELT",0.0040000000000191,35
"vary_k",10000,33,9,"SVP BIC",0.0450000000000728,34
"vary_k",10000,33,9,"SVP BIC calibrated",0.0449999999999591,34
"vary_k",10000,33,9,"SVP BIC multiscale",0.0469999999999118,34
"vary_k",10000,33,10,"PELT",0.0040000000000191,34
"vary_k",10000,33,10,"SVP BIC",0.0449999999999591,34
"vary_k",10000,33,10,"SVP BIC calibrated",0.0449999999999591,34
"vary_k",10000,33,10,"SVP BIC multiscale",0.0480000000000018,34
"vary_k",10000,34,1,"PELT",0.0040000000000191,35
"vary_k",10000,34,1,"SVP BIC",0.0450000000000728,35
"vary_k",10000,34,1,"SVP BIC calibrated",0.0440000000000964,35
"vary_k",10000,34,1,"SVP BIC multiscale",0.0450000000000728,35
"vary_k",10000,34,2,"PELT",0.0040000000000191,35
"vary_k",10000,34,2,"SVP BIC",0.0439999999999827,35
"vary_k",10000,34,2,"SVP BIC calibrated",0.0439999999999827,35
"vary_k",10000,34,2,"SVP BIC multiscale",0.0620000000000118,35
"vary_k",10000,34,3,"PELT",0.0040000000000191,35
"vary_k",10000,34,3,"SVP BIC",0.0470000000000255,35
"vary_k",10000,34,3,"SVP BIC calibrated",0.0459999999999354,35
"vary_k",10000,34,3,"SVP BIC multiscale",0.0480000000000018,35
"vary_k",10000,34,4,"PELT",0.00300000000004275,35
"vary_k",10000,34,4,"SVP BIC",0.0449999999999591,35
"vary_k",10000,34,4,"SVP BIC calibrated",0.0439999999999827,35
"vary_k",10000,34,4,"SVP BIC multiscale",0.0460000000000491,35
"vary_k",10000,34,5,"PELT",0.0040000000000191,35
"vary_k",10000,34,5,"SVP BIC",0.0449999999999591,35
"vary_k",10000,34,5,"SVP BIC calibrated",0.0449999999999591,35
"vary_k",10000,34,5,"SVP BIC multiscale",0.0480000000000018,35
"vary_k",10000,34,6,"PELT",0.00299999999992906,35
"vary_k",10000,34,6,"SVP BIC",0.0450000000000728,35
"vary_k",10000,34,6,"SVP BIC calibrated",0.0449999999999591,35
"vary_k",10000,34,6,"SVP BIC multiscale",0.0470000000000255,35
"vary_k",10000,34,7,"PELT",0.00299999999992906,36
"vary_k",10000,34,7,"SVP BIC",0.0450000000000728,35
"vary_k",10000,34,7,"SVP BIC calibrated",0.0459999999999354,35
"vary_k",10000,34,7,"SVP BIC multiscale",0.0490000000000919,35
"vary_k",10000,34,8,"PELT",0.0040000000000191,35
"vary_k",10000,34,8,"SVP BIC",0.0459999999999354,35
"vary_k",10000,34,8,"SVP BIC calibrated",0.0449999999999591,35
"vary_k",10000,34,8,"SVP BIC multiscale",0.0489999999999782,35
"vary_k",10000,34,9,"PELT",0.00300000000004275,35
"vary_k",10000,34,9,"SVP BIC",0.0460000000000491,35
"vary_k",10000,34,9,"SVP BIC calibrated",0.0449999999999591,35
"vary_k",10000,34,9,"SVP BIC multiscale",0.0470000000000255,35
"vary_k",10000,34,10,"PELT",0.0040000000000191,35
"vary_k",10000,34,10,"SVP BIC",0.0449999999999591,35
"vary_k",10000,34,10,"SVP BIC calibrated",0.0449999999999591,35
"vary_k",10000,34,10,"SVP BIC multiscale",0.0480000000000018,35
"vary_k",10000,35,1,"PELT",0.00399999999990541,36
"vary_k",10000,35,1,"SVP BIC",0.0430000000000064,36
"vary_k",10000,35,1,"SVP BIC calibrated",0.0440000000000964,36
"vary_k",10000,35,1,"SVP BIC multiscale",0.0470000000000255,36
"vary_k",10000,35,2,"PELT",0.00300000000004275,36
"vary_k",10000,35,2,"SVP BIC",0.0439999999999827,36
"vary_k",10000,35,2,"SVP BIC calibrated",0.0439999999999827,36
"vary_k",10000,35,2,"SVP BIC multiscale",0.0460000000000491,36
"vary_k",10000,35,3,"PELT",0.00499999999999545,36
"vary_k",10000,35,3,"SVP BIC",0.04200000000003,36
"vary_k",10000,35,3,"SVP BIC calibrated",0.0439999999999827,36
"vary_k",10000,35,3,"SVP BIC multiscale",0.0460000000000491,36
"vary_k",10000,35,4,"PELT",0.00300000000004275,36
"vary_k",10000,35,4,"SVP BIC",0.0449999999999591,36
"vary_k",10000,35,4,"SVP BIC calibrated",0.0439999999999827,36
"vary_k",10000,35,4,"SVP BIC multiscale",0.0450000000000728,36
"vary_k",10000,35,5,"PELT",0.00300000000004275,36
"vary_k",10000,35,5,"SVP BIC",0.0440000000000964,36
"vary_k",10000,35,5,"SVP BIC calibrated",0.0419999999999163,36
"vary_k",10000,35,5,"SVP BIC multiscale",0.0450000000000728,36
"vary_k",10000,35,6,"PELT",0.00300000000004275,36
"vary_k",10000,35,6,"SVP BIC",0.0430000000000064,36
"vary_k",10000,35,6,"SVP BIC calibrated",0.04200000000003,36
"vary_k",10000,35,6,"SVP BIC multiscale",0.0439999999999827,36
"vary_k",10000,35,7,"PELT",0.00499999999999545,36
"vary_k",10000,35,7,"SVP BIC",0.04200000000003,36
"vary_k",10000,35,7,"SVP BIC calibrated",0.04200000000003,36
"vary_k",10000,35,7,"SVP BIC multiscale",0.0439999999999827,36
"vary_k",10000,35,8,"PELT",0.00300000000004275,37
"vary_k",10000,35,8,"SVP BIC",0.0429999999998927,36
"vary_k",10000,35,8,"SVP BIC calibrated",0.04200000000003,36
"vary_k",10000,35,8,"SVP BIC multiscale",0.0520000000000209,36
"vary_k",10000,35,9,"PELT",0.0040000000000191,36
"vary_k",10000,35,9,"SVP BIC",0.0430000000000064,36
"vary_k",10000,35,9,"SVP BIC calibrated",0.0430000000000064,36
"vary_k",10000,35,9,"SVP BIC multiscale",0.0439999999999827,36
"vary_k",10000,35,10,"PELT",0.00300000000004275,36
"vary_k",10000,35,10,"SVP BIC",0.04200000000003,36
"vary_k",10000,35,10,"SVP BIC calibrated",0.0430000000000064,36
"vary_k",10000,35,10,"SVP BIC multiscale",0.0489999999999782,36
"vary_k",10000,36,1,"PELT",0.00399999999990541,37
"vary_k",10000,36,1,"SVP BIC",0.04099999999994,37
"vary_k",10000,36,1,"SVP BIC calibrated",0.04200000000003,37
"vary_k",10000,36,1,"SVP BIC multiscale",0.0439999999999827,37
"vary_k",10000,36,2,"PELT",0.00499999999999545,37
"vary_k",10000,36,2,"SVP BIC",0.04099999999994,37
"vary_k",10000,36,2,"SVP BIC calibrated",0.04099999999994,37
"vary_k",10000,36,2,"SVP BIC multiscale",0.0439999999999827,37
"vary_k",10000,36,3,"PELT",0.0040000000000191,37
"vary_k",10000,36,3,"SVP BIC",0.0410000000000537,37
"vary_k",10000,36,3,"SVP BIC calibrated",0.0410000000000537,37
"vary_k",10000,36,3,"SVP BIC multiscale",0.0430000000000064,37
"vary_k",10000,36,4,"PELT",0.0040000000000191,37
"vary_k",10000,36,4,"SVP BIC",0.04200000000003,37
"vary_k",10000,36,4,"SVP BIC calibrated",0.04099999999994,37
"vary_k",10000,36,4,"SVP BIC multiscale",0.0430000000000064,37
"vary_k",10000,36,5,"PELT",0.00399999999990541,37
"vary_k",10000,36,5,"SVP BIC",0.04099999999994,37
"vary_k",10000,36,5,"SVP BIC calibrated",0.0410000000000537,37
"vary_k",10000,36,5,"SVP BIC multiscale",0.0439999999999827,37
"vary_k",10000,36,6,"PELT",0.0040000000000191,37
"vary_k",10000,36,6,"SVP BIC",0.0430000000000064,37
"vary_k",10000,36,6,"SVP BIC calibrated",0.04200000000003,37
"vary_k",10000,36,6,"SVP BIC multiscale",0.0430000000000064,37
"vary_k",10000,36,7,"PELT",0.00399999999990541,37
"vary_k",10000,36,7,"SVP BIC",0.04099999999994,37
"vary_k",10000,36,7,"SVP BIC calibrated",0.04099999999994,37
"vary_k",10000,36,7,"SVP BIC multiscale",0.0430000000000064,37
"vary_k",10000,36,8,"PELT",0.00499999999999545,37
"vary_k",10000,36,8,"SVP BIC",0.04200000000003,37
"vary_k",10000,36,8,"SVP BIC calibrated",0.04200000000003,37
"vary_k",10000,36,8,"SVP BIC multiscale",0.0439999999999827,37
"vary_k",10000,36,9,"PELT",0.00399999999990541,37
"vary_k",10000,36,9,"SVP BIC",0.04200000000003,37
"vary_k",10000,36,9,"SVP BIC calibrated",0.0410000000000537,37
"vary_k",10000,36,9,"SVP BIC multiscale",0.0440000000000964,37
"vary_k",10000,36,10,"PELT",0.0040000000000191,37
"vary_k",10000,36,10,"SVP BIC",0.0410000000000537,37
"vary_k",10000,36,10,"SVP BIC calibrated",0.0419999999999163,37
"vary_k",10000,36,10,"SVP BIC multiscale",0.0440000000000964,37
"vary_k",10000,37,1,"PELT",0.0040000000000191,38
"vary_k",10000,37,1,"SVP BIC",0.0399999999999636,38
"vary_k",10000,37,1,"SVP BIC calibrated",0.0400000000000773,38
"vary_k",10000,37,1,"SVP BIC multiscale",0.04200000000003,38
"vary_k",10000,37,2,"PELT",0.0040000000000191,38
"vary_k",10000,37,2,"SVP BIC",0.0400000000000773,38
"vary_k",10000,37,2,"SVP BIC calibrated",0.0410000000000537,38
"vary_k",10000,37,2,"SVP BIC multiscale",0.04200000000003,38
"vary_k",10000,37,3,"PELT",0.0040000000000191,38
"vary_k",10000,37,3,"SVP BIC",0.0410000000000537,38
"vary_k",10000,37,3,"SVP BIC calibrated",0.04200000000003,38
"vary_k",10000,37,3,"SVP BIC multiscale",0.0430000000000064,38
"vary_k",10000,37,4,"PELT",0.00300000000004275,38
"vary_k",10000,37,4,"SVP BIC",0.0399999999999636,38
"vary_k",10000,37,4,"SVP BIC calibrated",0.04099999999994,38
"vary_k",10000,37,4,"SVP BIC multiscale",0.04200000000003,38
"vary_k",10000,37,5,"PELT",0.0040000000000191,38
"vary_k",10000,37,5,"SVP BIC",0.0399999999999636,38
"vary_k",10000,37,5,"SVP BIC calibrated",0.0389999999999873,39
"vary_k",10000,37,5,"SVP BIC multiscale",0.04099999999994,38
"vary_k",10000,37,6,"PELT",0.00299999999992906,38
"vary_k",10000,37,6,"SVP BIC",0.0399999999999636,38
"vary_k",10000,37,6,"SVP BIC calibrated",0.0400000000000773,38
"vary_k",10000,37,6,"SVP BIC multiscale",0.04200000000003,38
"vary_k",10000,37,7,"PELT",0.0040000000000191,38
"vary_k",10000,37,7,"SVP BIC",0.0399999999999636,38
"vary_k",10000,37,7,"SVP BIC calibrated",0.0400000000000773,38
"vary_k",10000,37,7,"SVP BIC multiscale",0.0410000000000537,38
"vary_k",10000,37,8,"PELT",0.00300000000004275,38
"vary_k",10000,37,8,"SVP BIC",0.0399999999999636,38
"vary_k",10000,37,8,"SVP BIC calibrated",0.0399999999999636,38
"vary_k",10000,37,8,"SVP BIC multiscale",0.0419999999999163,38
"vary_k",10000,37,9,"PELT",0.00299999999992906,38
"vary_k",10000,37,9,"SVP BIC",0.04099999999994,38
"vary_k",10000,37,9,"SVP BIC calibrated",0.0410000000000537,38
"vary_k",10000,37,9,"SVP BIC multiscale",0.04200000000003,38
"vary_k",10000,37,10,"PELT",0.00499999999999545,38
"vary_k",10000,37,10,"SVP BIC",0.04099999999994,38
"vary_k",10000,37,10,"SVP BIC calibrated",0.0410000000000537,38
"vary_k",10000,37,10,"SVP BIC multiscale",0.04200000000003,38
"vary_k",10000,38,1,"PELT",0.0040000000000191,39
"vary_k",10000,38,1,"SVP BIC",0.0410000000000537,39
"vary_k",10000,38,1,"SVP BIC calibrated",0.0389999999999873,39
"vary_k",10000,38,1,"SVP BIC multiscale",0.0410000000000537,39
"vary_k",10000,38,2,"PELT",0.00300000000004275,39
"vary_k",10000,38,2,"SVP BIC",0.0389999999999873,39
"vary_k",10000,38,2,"SVP BIC calibrated",0.0410000000000537,39
"vary_k",10000,38,2,"SVP BIC multiscale",0.0430000000000064,39
"vary_k",10000,38,3,"PELT",0.0040000000000191,39
"vary_k",10000,38,3,"SVP BIC",0.04099999999994,39
"vary_k",10000,38,3,"SVP BIC calibrated",0.0419999999999163,39
"vary_k",10000,38,3,"SVP BIC multiscale",0.0410000000000537,39
"vary_k",10000,38,4,"PELT",0.0040000000000191,39
"vary_k",10000,38,4,"SVP BIC",0.0389999999999873,39
"vary_k",10000,38,4,"SVP BIC calibrated",0.0389999999999873,39
"vary_k",10000,38,4,"SVP BIC multiscale",0.04099999999994,39
"vary_k",10000,38,5,"PELT",0.00300000000004275,39
"vary_k",10000,38,5,"SVP BIC",0.0389999999999873,39
"vary_k",10000,38,5,"SVP BIC calibrated",0.0389999999999873,39
"vary_k",10000,38,5,"SVP BIC multiscale",0.0410000000000537,39
"vary_k",10000,38,6,"PELT",0.0040000000000191,39
"vary_k",10000,38,6,"SVP BIC",0.0399999999999636,39
"vary_k",10000,38,6,"SVP BIC calibrated",0.04200000000003,39
"vary_k",10000,38,6,"SVP BIC multiscale",0.04200000000003,39
"vary_k",10000,38,7,"PELT",0.0040000000000191,39
"vary_k",10000,38,7,"SVP BIC",0.0389999999999873,39
"vary_k",10000,38,7,"SVP BIC calibrated",0.0389999999999873,40
"vary_k",10000,38,7,"SVP BIC multiscale",0.0399999999999636,39
"vary_k",10000,38,8,"PELT",0.00299999999992906,40
"vary_k",10000,38,8,"SVP BIC",0.0389999999999873,39
"vary_k",10000,38,8,"SVP BIC calibrated",0.0389999999999873,39
"vary_k",10000,38,8,"SVP BIC multiscale",0.0439999999999827,39
"vary_k",10000,38,9,"PELT",0.00499999999999545,39
"vary_k",10000,38,9,"SVP BIC",0.04099999999994,39
"vary_k",10000,38,9,"SVP BIC calibrated",0.0410000000000537,39
"vary_k",10000,38,9,"SVP BIC multiscale",0.0430000000000064,39
"vary_k",10000,38,10,"PELT",0.0040000000000191,39
"vary_k",10000,38,10,"SVP BIC",0.04099999999994,39
"vary_k",10000,38,10,"SVP BIC calibrated",0.0400000000000773,39
"vary_k",10000,38,10,"SVP BIC multiscale",0.0430000000000064,39
"vary_k",10000,39,1,"PELT",0.00299999999992906,40
"vary_k",10000,39,1,"SVP BIC",0.0399999999999636,40
"vary_k",10000,39,1,"SVP BIC calibrated",0.0399999999999636,40
"vary_k",10000,39,1,"SVP BIC multiscale",0.04200000000003,40
"vary_k",10000,39,2,"PELT",0.00300000000004275,40
"vary_k",10000,39,2,"SVP BIC",0.0460000000000491,40
"vary_k",10000,39,2,"SVP BIC calibrated",0.0400000000000773,40
"vary_k",10000,39,2,"SVP BIC multiscale",0.0489999999999782,40
"vary_k",10000,39,3,"PELT",0.0040000000000191,40
"vary_k",10000,39,3,"SVP BIC",0.0389999999999873,40
"vary_k",10000,39,3,"SVP BIC calibrated",0.0399999999999636,40
"vary_k",10000,39,3,"SVP BIC multiscale",0.0410000000000537,40
"vary_k",10000,39,4,"PELT",0.0040000000000191,40
"vary_k",10000,39,4,"SVP BIC",0.0389999999999873,40
"vary_k",10000,39,4,"SVP BIC calibrated",0.0389999999999873,40
"vary_k",10000,39,4,"SVP BIC multiscale",0.0399999999999636,40
"vary_k",10000,39,5,"PELT",0.0040000000000191,40
"vary_k",10000,39,5,"SVP BIC",0.0389999999999873,40
"vary_k",10000,39,5,"SVP BIC calibrated",0.0380000000000109,40
"vary_k",10000,39,5,"SVP BIC multiscale",0.04099999999994,40
"vary_k",10000,39,6,"PELT",0.00300000000004275,40
"vary_k",10000,39,6,"SVP BIC",0.0399999999999636,40
"vary_k",10000,39,6,"SVP BIC calibrated",0.0380000000000109,40
"vary_k",10000,39,6,"SVP BIC multiscale",0.04200000000003,40
"vary_k",10000,39,7,"PELT",0.0040000000000191,40
"vary_k",10000,39,7,"SVP BIC",0.0399999999999636,40
"vary_k",10000,39,7,"SVP BIC calibrated",0.0389999999999873,40
"vary_k",10000,39,7,"SVP BIC multiscale",0.04099999999994,40
"vary_k",10000,39,8,"PELT",0.0040000000000191,40
"vary_k",10000,39,8,"SVP BIC",0.0380000000000109,40
"vary_k",10000,39,8,"SVP BIC calibrated",0.0379999999998972,40
"vary_k",10000,39,8,"SVP BIC multiscale",0.0539999999999736,40
"vary_k",10000,39,9,"PELT",0.0040000000000191,40
"vary_k",10000,39,9,"SVP BIC",0.0439999999999827,40
"vary_k",10000,39,9,"SVP BIC calibrated",0.0389999999999873,40
"vary_k",10000,39,9,"SVP BIC multiscale",0.04200000000003,40
"vary_k",10000,39,10,"PELT",0.00299999999992906,40
"vary_k",10000,39,10,"SVP BIC",0.0410000000000537,40
"vary_k",10000,39,10,"SVP BIC calibrated",0.0389999999999873,40
"vary_k",10000,39,10,"SVP BIC multiscale",0.04099999999994,40
"vary_k",10000,40,1,"PELT",0.00299999999992906,42
"vary_k",10000,40,1,"SVP BIC",0.0389999999999873,41
"vary_k",10000,40,1,"SVP BIC calibrated",0.0370000000000346,41
"vary_k",10000,40,1,"SVP BIC multiscale",0.0389999999999873,41
"vary_k",10000,40,2,"PELT",0.00300000000004275,41
"vary_k",10000,40,2,"SVP BIC",0.0389999999999873,41
"vary_k",10000,40,2,"SVP BIC calibrated",0.0389999999999873,41
"vary_k",10000,40,2,"SVP BIC multiscale",0.0400000000000773,41
"vary_k",10000,40,3,"PELT",0.00399999999990541,41
"vary_k",10000,40,3,"SVP BIC",0.0389999999999873,41
"vary_k",10000,40,3,"SVP BIC calibrated",0.0380000000000109,41
"vary_k",10000,40,3,"SVP BIC multiscale",0.0410000000000537,41
"vary_k",10000,40,4,"PELT",0.0040000000000191,41
"vary_k",10000,40,4,"SVP BIC",0.0399999999999636,41
"vary_k",10000,40,4,"SVP BIC calibrated",0.0389999999999873,41
"vary_k",10000,40,4,"SVP BIC multiscale",0.04099999999994,41
"vary_k",10000,40,5,"PELT",0.0040000000000191,41
"vary_k",10000,40,5,"SVP BIC",0.0389999999999873,41
"vary_k",10000,40,5,"SVP BIC calibrated",0.039000000000101,41
"vary_k",10000,40,5,"SVP BIC multiscale",0.04099999999994,41
"vary_k",10000,40,6,"PELT",0.00300000000004275,41
"vary_k",10000,40,6,"SVP BIC",0.0380000000000109,41
"vary_k",10000,40,6,"SVP BIC calibrated",0.0370000000000346,41
"vary_k",10000,40,6,"SVP BIC multiscale",0.0389999999999873,41
"vary_k",10000,40,7,"PELT",0.00300000000004275,41
"vary_k",10000,40,7,"SVP BIC",0.0370000000000346,41
"vary_k",10000,40,7,"SVP BIC calibrated",0.0370000000000346,41
"vary_k",10000,40,7,"SVP BIC multiscale",0.0389999999999873,41
"vary_k",10000,40,8,"PELT",0.00300000000004275,41
"vary_k",10000,40,8,"SVP BIC",0.0370000000000346,41
"vary_k",10000,40,8,"SVP BIC calibrated",0.0379999999998972,41
"vary_k",10000,40,8,"SVP BIC multiscale",0.0389999999999873,41
"vary_k",10000,40,9,"PELT",0.0040000000000191,41
"vary_k",10000,40,9,"SVP BIC",0.0369999999999209,41
"vary_k",10000,40,9,"SVP BIC calibrated",0.0380000000000109,41
"vary_k",10000,40,9,"SVP BIC multiscale",0.0399999999999636,41
"vary_k",10000,40,10,"PELT",0.00300000000004275,41
"vary_k",10000,40,10,"SVP BIC",0.0380000000000109,41
"vary_k",10000,40,10,"SVP BIC calibrated",0.0370000000000346,41
"vary_k",10000,40,10,"SVP BIC multiscale",0.0399999999999636,41
"vary_k",10000,41,1,"PELT",0.00299999999992906,42
"vary_k",10000,41,1,"SVP BIC",0.0369999999999209,42
"vary_k",10000,41,1,"SVP BIC calibrated",0.0369999999999209,42
"vary_k",10000,41,1,"SVP BIC multiscale",0.0369999999999209,42
"vary_k",10000,41,2,"PELT",0.0040000000000191,42
"vary_k",10000,41,2,"SVP BIC",0.0360000000000582,42
"vary_k",10000,41,2,"SVP BIC calibrated",0.0360000000000582,42
"vary_k",10000,41,2,"SVP BIC multiscale",0.0370000000000346,42
"vary_k",10000,41,3,"PELT",0.00300000000004275,42
"vary_k",10000,41,3,"SVP BIC",0.0360000000000582,42
"vary_k",10000,41,3,"SVP BIC calibrated",0.0360000000000582,42
"vary_k",10000,41,3,"SVP BIC multiscale",0.0380000000000109,42
"vary_k",10000,41,4,"PELT",0.00300000000004275,42
"vary_k",10000,41,4,"SVP BIC",0.0380000000000109,42
"vary_k",10000,41,4,"SVP BIC calibrated",0.0370000000000346,42
"vary_k",10000,41,4,"SVP BIC multiscale",0.0379999999998972,42
"vary_k",10000,41,5,"PELT",0.00299999999992906,42
"vary_k",10000,41,5,"SVP BIC",0.0359999999999445,42
"vary_k",10000,41,5,"SVP BIC calibrated",0.0520000000000209,42
"vary_k",10000,41,5,"SVP BIC multiscale",0.0430000000000064,42
"vary_k",10000,41,6,"PELT",0.00300000000004275,42
"vary_k",10000,41,6,"SVP BIC",0.0360000000000582,42
"vary_k",10000,41,6,"SVP BIC calibrated",0.0370000000000346,42
"vary_k",10000,41,6,"SVP BIC multiscale",0.0380000000000109,42
"vary_k",10000,41,7,"PELT",0.00299999999992906,42
"vary_k",10000,41,7,"SVP BIC",0.0360000000000582,42
"vary_k",10000,41,7,"SVP BIC calibrated",0.0359999999999445,42
"vary_k",10000,41,7,"SVP BIC multiscale",0.0380000000000109,42
"vary_k",10000,41,8,"PELT",0.00399999999990541,42
"vary_k",10000,41,8,"SVP BIC",0.0380000000000109,42
"vary_k",10000,41,8,"SVP BIC calibrated",0.0380000000000109,42
"vary_k",10000,41,8,"SVP BIC multiscale",0.04099999999994,42
"vary_k",10000,41,9,"PELT",0.00300000000004275,42
"vary_k",10000,41,9,"SVP BIC",0.0440000000000964,42
"vary_k",10000,41,9,"SVP BIC calibrated",0.0410000000000537,42
"vary_k",10000,41,9,"SVP BIC multiscale",0.04200000000003,42
"vary_k",10000,41,10,"PELT",0.00300000000004275,42
"vary_k",10000,41,10,"SVP BIC",0.0399999999999636,42
"vary_k",10000,41,10,"SVP BIC calibrated",0.0370000000000346,42
"vary_k",10000,41,10,"SVP BIC multiscale",0.0389999999999873,42
"vary_k",10000,42,1,"PELT",0.00300000000004275,43
"vary_k",10000,42,1,"SVP BIC",0.0359999999999445,43
"vary_k",10000,42,1,"SVP BIC calibrated",0.0359999999999445,43
"vary_k",10000,42,1,"SVP BIC multiscale",0.0370000000000346,43
"vary_k",10000,42,2,"PELT",0.00499999999999545,43
"vary_k",10000,42,2,"SVP BIC",0.0349999999999682,43
"vary_k",10000,42,2,"SVP BIC calibrated",0.0349999999999682,43
"vary_k",10000,42,2,"SVP BIC multiscale",0.0370000000000346,43
"vary_k",10000,42,3,"PELT",0.00300000000004275,43
"vary_k",10000,42,3,"SVP BIC",0.0359999999999445,43
"vary_k",10000,42,3,"SVP BIC calibrated",0.0359999999999445,43
"vary_k",10000,42,3,"SVP BIC multiscale",0.0370000000000346,43
"vary_k",10000,42,4,"PELT",0.00299999999992906,43
"vary_k",10000,42,4,"SVP BIC",0.0360000000000582,43
"vary_k",10000,42,4,"SVP BIC calibrated",0.0360000000000582,43
"vary_k",10000,42,4,"SVP BIC multiscale",0.0370000000000346,43
"vary_k",10000,42,5,"PELT",0.00299999999992906,43
"vary_k",10000,42,5,"SVP BIC",0.0349999999999682,43
"vary_k",10000,42,5,"SVP BIC calibrated",0.0359999999999445,43
"vary_k",10000,42,5,"SVP BIC multiscale",0.0360000000000582,43
"vary_k",10000,42,6,"PELT",0.0040000000000191,43
"vary_k",10000,42,6,"SVP BIC",0.0350000000000819,43
"vary_k",10000,42,6,"SVP BIC calibrated",0.0349999999999682,43
"vary_k",10000,42,6,"SVP BIC multiscale",0.0360000000000582,43
"vary_k",10000,42,7,"PELT",0.00300000000004275,43
"vary_k",10000,42,7,"SVP BIC",0.0360000000000582,43
"vary_k",10000,42,7,"SVP BIC calibrated",0.0360000000000582,43
"vary_k",10000,42,7,"SVP BIC multiscale",0.0370000000000346,43
"vary_k",10000,42,8,"PELT",0.00299999999992906,43
"vary_k",10000,42,8,"SVP BIC",0.0360000000000582,43
"vary_k",10000,42,8,"SVP BIC calibrated",0.0350000000000819,43
"vary_k",10000,42,8,"SVP BIC multiscale",0.0370000000000346,43
"vary_k",10000,42,9,"PELT",0.00300000000004275,43
"vary_k",10000,42,9,"SVP BIC",0.0360000000000582,43
"vary_k",10000,42,9,"SVP BIC calibrated",0.0360000000000582,43
"vary_k",10000,42,9,"SVP BIC multiscale",0.0370000000000346,43
"vary_k",10000,42,10,"PELT",0.0040000000000191,43
"vary_k",10000,42,10,"SVP BIC",0.0360000000000582,43
"vary_k",10000,42,10,"SVP BIC calibrated",0.0349999999999682,43
"vary_k",10000,42,10,"SVP BIC multiscale",0.0359999999999445,43
"vary_k",10000,43,1,"PELT",0.00299999999992906,44
"vary_k",10000,43,1,"SVP BIC",0.0349999999999682,44
"vary_k",10000,43,1,"SVP BIC calibrated",0.0349999999999682,44
"vary_k",10000,43,1,"SVP BIC multiscale",0.0359999999999445,44
"vary_k",10000,43,2,"PELT",0.00299999999992906,44
"vary_k",10000,43,2,"SVP BIC",0.0339999999999918,44
"vary_k",10000,43,2,"SVP BIC calibrated",0.0339999999999918,44
"vary_k",10000,43,2,"SVP BIC multiscale",0.0360000000000582,44
"vary_k",10000,43,3,"PELT",0.00300000000004275,44
"vary_k",10000,43,3,"SVP BIC",0.0349999999999682,44
"vary_k",10000,43,3,"SVP BIC calibrated",0.0339999999999918,44
"vary_k",10000,43,3,"SVP BIC multiscale",0.0360000000000582,44
"vary_k",10000,43,4,"PELT",0.0040000000000191,44
"vary_k",10000,43,4,"SVP BIC",0.0350000000000819,44
"vary_k",10000,43,4,"SVP BIC calibrated",0.0359999999999445,44
"vary_k",10000,43,4,"SVP BIC multiscale",0.0370000000000346,44
"vary_k",10000,43,5,"PELT",0.0040000000000191,44
"vary_k",10000,43,5,"SVP BIC",0.0360000000000582,44
"vary_k",10000,43,5,"SVP BIC calibrated",0.0349999999999682,44
"vary_k",10000,43,5,"SVP BIC multiscale",0.0379999999998972,44
"vary_k",10000,43,6,"PELT",0.00299999999992906,44
"vary_k",10000,43,6,"SVP BIC",0.0370000000000346,44
"vary_k",10000,43,6,"SVP BIC calibrated",0.0360000000000582,44
"vary_k",10000,43,6,"SVP BIC multiscale",0.0380000000000109,44
"vary_k",10000,43,7,"PELT",0.00299999999992906,44
"vary_k",10000,43,7,"SVP BIC",0.0370000000000346,44
"vary_k",10000,43,7,"SVP BIC calibrated",0.0360000000000582,44
"vary_k",10000,43,7,"SVP BIC multiscale",0.0370000000000346,44
"vary_k",10000,43,8,"PELT",0.00300000000004275,44
"vary_k",10000,43,8,"SVP BIC",0.0350000000000819,44
"vary_k",10000,43,8,"SVP BIC calibrated",0.0350000000000819,44
"vary_k",10000,43,8,"SVP BIC multiscale",0.0369999999999209,44
"vary_k",10000,43,9,"PELT",0.00399999999990541,44
"vary_k",10000,43,9,"SVP BIC",0.0349999999999682,44
"vary_k",10000,43,9,"SVP BIC calibrated",0.0349999999999682,44
"vary_k",10000,43,9,"SVP BIC multiscale",0.0430000000000064,44
"vary_k",10000,43,10,"PELT",0.0040000000000191,44
"vary_k",10000,43,10,"SVP BIC",0.0349999999999682,44
"vary_k",10000,43,10,"SVP BIC calibrated",0.0389999999999873,44
"vary_k",10000,43,10,"SVP BIC multiscale",0.0380000000000109,44
"vary_k",10000,44,1,"PELT",0.00300000000004275,45
"vary_k",10000,44,1,"SVP BIC",0.0350000000000819,45
"vary_k",10000,44,1,"SVP BIC calibrated",0.0339999999999918,45
"vary_k",10000,44,1,"SVP BIC multiscale",0.0369999999999209,45
"vary_k",10000,44,2,"PELT",0.0040000000000191,45
"vary_k",10000,44,2,"SVP BIC",0.0339999999999918,45
"vary_k",10000,44,2,"SVP BIC calibrated",0.0350000000000819,45
"vary_k",10000,44,2,"SVP BIC multiscale",0.0369999999999209,45
"vary_k",10000,44,3,"PELT",0.0040000000000191,45
"vary_k",10000,44,3,"SVP BIC",0.0350000000000819,45
"vary_k",10000,44,3,"SVP BIC calibrated",0.0349999999999682,45
"vary_k",10000,44,3,"SVP BIC multiscale",0.0370000000000346,45
"vary_k",10000,44,4,"PELT",0.0040000000000191,45
"vary_k",10000,44,4,"SVP BIC",0.0349999999999682,45
"vary_k",10000,44,4,"SVP BIC calibrated",0.0339999999999918,45
"vary_k",10000,44,4,"SVP BIC multiscale",0.0360000000000582,45
"vary_k",10000,44,5,"PELT",0.00300000000004275,45
"vary_k",10000,44,5,"SVP BIC",0.0339999999999918,45
"vary_k",10000,44,5,"SVP BIC calibrated",0.0350000000000819,45
"vary_k",10000,44,5,"SVP BIC multiscale",0.0349999999999682,45
"vary_k",10000,44,6,"PELT",0.00300000000004275,45
"vary_k",10000,44,6,"SVP BIC",0.0339999999999918,45
"vary_k",10000,44,6,"SVP BIC calibrated",0.0350000000000819,45
"vary_k",10000,44,6,"SVP BIC multiscale",0.0369999999999209,45
"vary_k",10000,44,7,"PELT",0.00300000000004275,45
"vary_k",10000,44,7,"SVP BIC",0.0339999999999918,45
"vary_k",10000,44,7,"SVP BIC calibrated",0.0339999999999918,46
"vary_k",10000,44,7,"SVP BIC multiscale",0.0349999999999682,45
"vary_k",10000,44,8,"PELT",0.00300000000004275,45
"vary_k",10000,44,8,"SVP BIC",0.0339999999999918,45
"vary_k",10000,44,8,"SVP BIC calibrated",0.0339999999999918,45
"vary_k",10000,44,8,"SVP BIC multiscale",0.0370000000000346,45
"vary_k",10000,44,9,"PELT",0.00300000000004275,45
"vary_k",10000,44,9,"SVP BIC",0.0350000000000819,45
"vary_k",10000,44,9,"SVP BIC calibrated",0.0350000000000819,45
"vary_k",10000,44,9,"SVP BIC multiscale",0.0369999999999209,45
"vary_k",10000,44,10,"PELT",0.00300000000004275,45
"vary_k",10000,44,10,"SVP BIC",0.0349999999999682,45
"vary_k",10000,44,10,"SVP BIC calibrated",0.0349999999999682,45
"vary_k",10000,44,10,"SVP BIC multiscale",0.0370000000000346,45
"vary_k",10000,45,1,"PELT",0.00300000000004275,46
"vary_k",10000,45,1,"SVP BIC",0.04200000000003,46
"vary_k",10000,45,1,"SVP BIC calibrated",0.0389999999999873,46
"vary_k",10000,45,1,"SVP BIC multiscale",0.0370000000000346,46
"vary_k",10000,45,2,"PELT",0.00300000000004275,46
"vary_k",10000,45,2,"SVP BIC",0.0360000000000582,46
"vary_k",10000,45,2,"SVP BIC calibrated",0.0369999999999209,46
"vary_k",10000,45,2,"SVP BIC multiscale",0.0350000000000819,46
"vary_k",10000,45,3,"PELT",0.00299999999992906,46
"vary_k",10000,45,3,"SVP BIC",0.0349999999999682,46
"vary_k",10000,45,3,"SVP BIC calibrated",0.0339999999999918,46
"vary_k",10000,45,3,"SVP BIC multiscale",0.0360000000000582,46
"vary_k",10000,45,4,"PELT",0.00299999999992906,47
"vary_k",10000,45,4,"SVP BIC",0.0350000000000819,46
"vary_k",10000,45,4,"SVP BIC calibrated",0.0339999999999918,46
"vary_k",10000,45,4,"SVP BIC multiscale",0.0349999999999682,46
"vary_k",10000,45,5,"PELT",0.00300000000004275,46
"vary_k",10000,45,5,"SVP BIC",0.0339999999999918,46
"vary_k",10000,45,5,"SVP BIC calibrated",0.0339999999999918,46
"vary_k",10000,45,5,"SVP BIC multiscale",0.0349999999999682,46
"vary_k",10000,45,6,"PELT",0.00300000000004275,46
"vary_k",10000,45,6,"SVP BIC",0.0340000000001055,46
"vary_k",10000,45,6,"SVP BIC calibrated",0.0340000000001055,46
"vary_k",10000,45,6,"SVP BIC multiscale",0.0360000000000582,46
"vary_k",10000,45,7,"PELT",0.00300000000004275,46
"vary_k",10000,45,7,"SVP BIC",0.0350000000000819,46
"vary_k",10000,45,7,"SVP BIC calibrated",0.0339999999999918,46
"vary_k",10000,45,7,"SVP BIC multiscale",0.0349999999999682,46
"vary_k",10000,45,8,"PELT",0.00300000000004275,46
"vary_k",10000,45,8,"SVP BIC",0.0349999999999682,46
"vary_k",10000,45,8,"SVP BIC calibrated",0.0339999999999918,46
"vary_k",10000,45,8,"SVP BIC multiscale",0.0350000000000819,46
"vary_k",10000,45,9,"PELT",0.00299999999992906,46
"vary_k",10000,45,9,"SVP BIC",0.0349999999999682,46
"vary_k",10000,45,9,"SVP BIC calibrated",0.0340000000001055,46
"vary_k",10000,45,9,"SVP BIC multiscale",0.0359999999999445,46
"vary_k",10000,45,10,"PELT",0.00300000000004275,46
"vary_k",10000,45,10,"SVP BIC",0.0339999999999918,46
"vary_k",10000,45,10,"SVP BIC calibrated",0.0339999999999918,46
"vary_k",10000,45,10,"SVP BIC multiscale",0.0359999999999445,46
"vary_k",10000,46,1,"PELT",0.00300000000004275,47
"vary_k",10000,46,1,"SVP BIC",0.0339999999999918,47
"vary_k",10000,46,1,"SVP BIC calibrated",0.0339999999999918,47
"vary_k",10000,46,1,"SVP BIC multiscale",0.0359999999999445,47
"vary_k",10000,46,2,"PELT",0.00300000000004275,47
"vary_k",10000,46,2,"SVP BIC",0.0339999999999918,47
"vary_k",10000,46,2,"SVP BIC calibrated",0.0329999999999018,47
"vary_k",10000,46,2,"SVP BIC multiscale",0.0349999999999682,47
"vary_k",10000,46,3,"PELT",0.00300000000004275,47
"vary_k",10000,46,3,"SVP BIC",0.0329999999999018,47
"vary_k",10000,46,3,"SVP BIC calibrated",0.0329999999999018,47
"vary_k",10000,46,3,"SVP BIC multiscale",0.0360000000000582,47
"vary_k",10000,46,4,"PELT",0.00299999999992906,47
"vary_k",10000,46,4,"SVP BIC",0.0349999999999682,47
"vary_k",10000,46,4,"SVP BIC calibrated",0.0339999999999918,47
"vary_k",10000,46,4,"SVP BIC multiscale",0.0359999999999445,47
"vary_k",10000,46,5,"PELT",0.00300000000004275,47
"vary_k",10000,46,5,"SVP BIC",0.0339999999999918,47
"vary_k",10000,46,5,"SVP BIC calibrated",0.0329999999999018,47
"vary_k",10000,46,5,"SVP BIC multiscale",0.0349999999999682,47
"vary_k",10000,46,6,"PELT",0.00300000000004275,47
"vary_k",10000,46,6,"SVP BIC",0.0330000000000155,47
"vary_k",10000,46,6,"SVP BIC calibrated",0.0330000000000155,47
"vary_k",10000,46,6,"SVP BIC multiscale",0.0349999999999682,47
"vary_k",10000,46,7,"PELT",0.00300000000004275,47
"vary_k",10000,46,7,"SVP BIC",0.0340000000001055,47
"vary_k",10000,46,7,"SVP BIC calibrated",0.0330000000000155,47
"vary_k",10000,46,7,"SVP BIC multiscale",0.0359999999999445,47
"vary_k",10000,46,8,"PELT",0.0040000000000191,47
"vary_k",10000,46,8,"SVP BIC",0.0339999999999918,47
"vary_k",10000,46,8,"SVP BIC calibrated",0.0330000000000155,47
"vary_k",10000,46,8,"SVP BIC multiscale",0.0349999999999682,47
"vary_k",10000,46,9,"PELT",0.0040000000000191,47
"vary_k",10000,46,9,"SVP BIC",0.0349999999999682,47
"vary_k",10000,46,9,"SVP BIC calibrated",0.0339999999999918,47
"vary_k",10000,46,9,"SVP BIC multiscale",0.0350000000000819,47
"vary_k",10000,46,10,"PELT",0.00299999999992906,47
"vary_k",10000,46,10,"SVP BIC",0.0339999999999918,47
"vary_k",10000,46,10,"SVP BIC calibrated",0.0330000000000155,47
"vary_k",10000,46,10,"SVP BIC multiscale",0.0359999999999445,47
"vary_k",10000,47,1,"PELT",0.00299999999992906,48
"vary_k",10000,47,1,"SVP BIC",0.0330000000000155,48
"vary_k",10000,47,1,"SVP BIC calibrated",0.0330000000000155,48
"vary_k",10000,47,1,"SVP BIC multiscale",0.0349999999999682,48
"vary_k",10000,47,2,"PELT",0.00300000000004275,48
"vary_k",10000,47,2,"SVP BIC",0.0320000000000391,48
"vary_k",10000,47,2,"SVP BIC calibrated",0.0320000000000391,48
"vary_k",10000,47,2,"SVP BIC multiscale",0.0339999999999918,48
"vary_k",10000,47,3,"PELT",0.00300000000004275,48
"vary_k",10000,47,3,"SVP BIC",0.0329999999999018,48
"vary_k",10000,47,3,"SVP BIC calibrated",0.0330000000000155,48
"vary_k",10000,47,3,"SVP BIC multiscale",0.0330000000000155,48
"vary_k",10000,47,4,"PELT",0.00300000000004275,48
"vary_k",10000,47,4,"SVP BIC",0.0330000000000155,48
"vary_k",10000,47,4,"SVP BIC calibrated",0.0329999999999018,48
"vary_k",10000,47,4,"SVP BIC multiscale",0.0339999999999918,48
"vary_k",10000,47,5,"PELT",0.00300000000004275,48
"vary_k",10000,47,5,"SVP BIC",0.0330000000000155,48
"vary_k",10000,47,5,"SVP BIC calibrated",0.0330000000000155,48
"vary_k",10000,47,5,"SVP BIC multiscale",0.0339999999999918,48
"vary_k",10000,47,6,"PELT",0.00299999999992906,48
"vary_k",10000,47,6,"SVP BIC",0.0340000000001055,48
"vary_k",10000,47,6,"SVP BIC calibrated",0.0330000000000155,48
"vary_k",10000,47,6,"SVP BIC multiscale",0.0339999999999918,48
"vary_k",10000,47,7,"PELT",0.00300000000004275,48
"vary_k",10000,47,7,"SVP BIC",0.0339999999999918,48
"vary_k",10000,47,7,"SVP BIC calibrated",0.0339999999999918,48
"vary_k",10000,47,7,"SVP BIC multiscale",0.0359999999999445,48
"vary_k",10000,47,8,"PELT",0.00300000000004275,48
"vary_k",10000,47,8,"SVP BIC",0.0330000000000155,48
"vary_k",10000,47,8,"SVP BIC calibrated",0.0330000000000155,48
"vary_k",10000,47,8,"SVP BIC multiscale",0.0339999999999918,48
"vary_k",10000,47,9,"PELT",0.00299999999992906,48
"vary_k",10000,47,9,"SVP BIC",0.0320000000000391,48
"vary_k",10000,47,9,"SVP BIC calibrated",0.0330000000000155,48
"vary_k",10000,47,9,"SVP BIC multiscale",0.0339999999999918,48
"vary_k",10000,47,10,"PELT",0.00300000000004275,48
"vary_k",10000,47,10,"SVP BIC",0.0330000000000155,48
"vary_k",10000,47,10,"SVP BIC calibrated",0.0319999999999254,48
"vary_k",10000,47,10,"SVP BIC multiscale",0.0349999999999682,48
"vary_k",10000,48,1,"PELT",0.00399999999990541,49
"vary_k",10000,48,1,"SVP BIC",0.0320000000000391,49
"vary_k",10000,48,1,"SVP BIC calibrated",0.0310000000000628,49
"vary_k",10000,48,1,"SVP BIC multiscale",0.0339999999999918,49
"vary_k",10000,48,2,"PELT",0.00199999999995271,51
"vary_k",10000,48,2,"SVP BIC",0.0330000000000155,49
"vary_k",10000,48,2,"SVP BIC calibrated",0.0320000000000391,50
"vary_k",10000,48,2,"SVP BIC multiscale",0.0329999999999018,50
"vary_k",10000,48,3,"PELT",0.00299999999992906,49
"vary_k",10000,48,3,"SVP BIC",0.0320000000000391,49
"vary_k",10000,48,3,"SVP BIC calibrated",0.0320000000000391,49
"vary_k",10000,48,3,"SVP BIC multiscale",0.0339999999999918,49
"vary_k",10000,48,4,"PELT",0.00299999999992906,49
"vary_k",10000,48,4,"SVP BIC",0.0320000000000391,49
"vary_k",10000,48,4,"SVP BIC calibrated",0.0309999999999491,49
"vary_k",10000,48,4,"SVP BIC multiscale",0.0339999999999918,49
"vary_k",10000,48,5,"PELT",0.00299999999992906,49
"vary_k",10000,48,5,"SVP BIC",0.0319999999999254,49
"vary_k",10000,48,5,"SVP BIC calibrated",0.0319999999999254,49
"vary_k",10000,48,5,"SVP BIC multiscale",0.0330000000000155,49
"vary_k",10000,48,6,"PELT",0.0040000000000191,49
"vary_k",10000,48,6,"SVP BIC",0.0320000000000391,49
"vary_k",10000,48,6,"SVP BIC calibrated",0.0319999999999254,49
"vary_k",10000,48,6,"SVP BIC multiscale",0.0340000000001055,49
"vary_k",10000,48,7,"PELT",0.00299999999992906,49
"vary_k",10000,48,7,"SVP BIC",0.0319999999999254,49
"vary_k",10000,48,7,"SVP BIC calibrated",0.0320000000000391,49
"vary_k",10000,48,7,"SVP BIC multiscale",0.0330000000000155,49
"vary_k",10000,48,8,"PELT",0.00300000000004275,49
"vary_k",10000,48,8,"SVP BIC",0.0309999999999491,49
"vary_k",10000,48,8,"SVP BIC calibrated",0.0309999999999491,49
"vary_k",10000,48,8,"SVP BIC multiscale",0.0319999999999254,49
"vary_k",10000,48,9,"PELT",0.0040000000000191,49
"vary_k",10000,48,9,"SVP BIC",0.0320000000000391,49
"vary_k",10000,48,9,"SVP BIC calibrated",0.0310000000000628,49
"vary_k",10000,48,9,"SVP BIC multiscale",0.0339999999999918,49
"vary_k",10000,48,10,"PELT",0.00199999999995271,49
"vary_k",10000,48,10,"SVP BIC",0.0310000000000628,49
"vary_k",10000,48,10,"SVP BIC calibrated",0.0309999999999491,49
"vary_k",10000,48,10,"SVP BIC multiscale",0.0320000000000391,49
"vary_k",10000,49,1,"PELT",0.00300000000004275,50
"vary_k",10000,49,1,"SVP BIC",0.0299999999999727,50
"vary_k",10000,49,1,"SVP BIC calibrated",0.0299999999999727,50
"vary_k",10000,49,1,"SVP BIC multiscale",0.0320000000000391,50
"vary_k",10000,49,2,"PELT",0.00299999999992906,50
"vary_k",10000,49,2,"SVP BIC",0.0299999999999727,50
"vary_k",10000,49,2,"SVP BIC calibrated",0.0299999999999727,50
"vary_k",10000,49,2,"SVP BIC multiscale",0.0310000000000628,50
"vary_k",10000,49,3,"PELT",0.0040000000000191,50
"vary_k",10000,49,3,"SVP BIC",0.0299999999999727,50
"vary_k",10000,49,3,"SVP BIC calibrated",0.0300000000000864,50
"vary_k",10000,49,3,"SVP BIC multiscale",0.0310000000000628,50
"vary_k",10000,49,4,"PELT",0.00300000000004275,50
"vary_k",10000,49,4,"SVP BIC",0.0309999999999491,50
"vary_k",10000,49,4,"SVP BIC calibrated",0.0309999999999491,50
"vary_k",10000,49,4,"SVP BIC multiscale",0.0319999999999254,50
"vary_k",10000,49,5,"PELT",0.00300000000004275,50
"vary_k",10000,49,5,"SVP BIC",0.0300000000000864,50
"vary_k",10000,49,5,"SVP BIC calibrated",0.0309999999999491,50
"vary_k",10000,49,5,"SVP BIC multiscale",0.0309999999999491,50
"vary_k",10000,49,6,"PELT",0.00199999999995271,50
"vary_k",10000,49,6,"SVP BIC",0.0299999999999727,50
"vary_k",10000,49,6,"SVP BIC calibrated",0.0299999999999727,50
"vary_k",10000,49,6,"SVP BIC multiscale",0.0330000000000155,50
"vary_k",10000,49,7,"PELT",0.00299999999992906,50
"vary_k",10000,49,7,"SVP BIC",0.0310000000000628,50
"vary_k",10000,49,7,"SVP BIC calibrated",0.0310000000000628,50
"vary_k",10000,49,7,"SVP BIC multiscale",0.0319999999999254,50
"vary_k",10000,49,8,"PELT",0.00300000000004275,50
"vary_k",10000,49,8,"SVP BIC",0.0299999999999727,50
"vary_k",10000,49,8,"SVP BIC calibrated",0.0310000000000628,50
"vary_k",10000,49,8,"SVP BIC multiscale",0.0310000000000628,50
"vary_k",10000,49,9,"PELT",0.00300000000004275,50
"vary_k",10000,49,9,"SVP BIC",0.0310000000000628,50
"vary_k",10000,49,9,"SVP BIC calibrated",0.0309999999999491,50
"vary_k",10000,49,9,"SVP BIC multiscale",0.0319999999999254,50
"vary_k",10000,49,10,"PELT",0.00299999999992906,50
"vary_k",10000,49,10,"SVP BIC",0.0299999999999727,50
"vary_k",10000,49,10,"SVP BIC calibrated",0.0299999999999727,50
"vary_k",10000,49,10,"SVP BIC multiscale",0.0320000000000391,50
"vary_k",10000,50,1,"PELT",0.00300000000004275,51
"vary_k",10000,50,1,"SVP BIC",0.0299999999999727,51
"vary_k",10000,50,1,"SVP BIC calibrated",0.0289999999999964,51
"vary_k",10000,50,1,"SVP BIC multiscale",0.0310000000000628,51
"vary_k",10000,50,2,"PELT",0.0040000000000191,51
"vary_k",10000,50,2,"SVP BIC",0.0289999999999964,51
"vary_k",10000,50,2,"SVP BIC calibrated",0.0289999999999964,51
"vary_k",10000,50,2,"SVP BIC multiscale",0.0310000000000628,51
"vary_k",10000,50,3,"PELT",0.00300000000004275,52
"vary_k",10000,50,3,"SVP BIC",0.0289999999999964,51
"vary_k",10000,50,3,"SVP BIC calibrated",0.0299999999999727,51
"vary_k",10000,50,3,"SVP BIC multiscale",0.0310000000000628,51
"vary_k",10000,50,4,"PELT",0.00199999999995271,51
"vary_k",10000,50,4,"SVP BIC",0.0289999999999964,51
"vary_k",10000,50,4,"SVP BIC calibrated",0.0289999999999964,51
"vary_k",10000,50,4,"SVP BIC multiscale",0.0310000000000628,51
"vary_k",10000,50,5,"PELT",0.00200000000006639,51
"vary_k",10000,50,5,"SVP BIC",0.0300000000000864,51
"vary_k",10000,50,5,"SVP BIC calibrated",0.0299999999999727,51
"vary_k",10000,50,5,"SVP BIC multiscale",0.0309999999999491,51
"vary_k",10000,50,6,"PELT",0.00300000000004275,51
"vary_k",10000,50,6,"SVP BIC",0.0300000000000864,51
"vary_k",10000,50,6,"SVP BIC calibrated",0.0300000000000864,51
"vary_k",10000,50,6,"SVP BIC multiscale",0.0310000000000628,51
"vary_k",10000,50,7,"PELT",0.00300000000004275,51
"vary_k",10000,50,7,"SVP BIC",0.0299999999999727,51
"vary_k",10000,50,7,"SVP BIC calibrated",0.0299999999999727,51
"vary_k",10000,50,7,"SVP BIC multiscale",0.0310000000000628,51
"vary_k",10000,50,8,"PELT",0.00300000000004275,51
"vary_k",10000,50,8,"SVP BIC",0.0299999999999727,51
"vary_k",10000,50,8,"SVP BIC calibrated",0.0289999999999964,51
"vary_k",10000,50,8,"SVP BIC multiscale",0.0299999999999727,51
"vary_k",10000,50,9,"PELT",0.00300000000004275,51
"vary_k",10000,50,9,"SVP BIC",0.0289999999999964,51
"vary_k",10000,50,9,"SVP BIC calibrated",0.0299999999999727,51
"vary_k",10000,50,9,"SVP BIC multiscale",0.0319999999999254,51
"vary_k",10000,50,10,"PELT",0.00200000000006639,51
"vary_k",10000,50,10,"SVP BIC",0.0289999999999964,51
"vary_k",10000,50,10,"SVP BIC calibrated",0.0299999999999727,51
"vary_k",10000,50,10,"SVP BIC multiscale",0.0309999999999491,51
"vary_k",10000,51,1,"PELT",0.0040000000000191,52
"vary_k",10000,51,1,"SVP BIC",0.0299999999999727,52
"vary_k",10000,51,1,"SVP BIC calibrated",0.0299999999999727,52
"vary_k",10000,51,1,"SVP BIC multiscale",0.0309999999999491,52
"vary_k",10000,51,2,"PELT",0.00199999999995271,52
"vary_k",10000,51,2,"SVP BIC",0.0289999999999964,52
"vary_k",10000,51,2,"SVP BIC calibrated",0.02800000000002,52
"vary_k",10000,51,2,"SVP BIC multiscale",0.0299999999999727,52
"vary_k",10000,51,3,"PELT",0.00300000000004275,52
"vary_k",10000,51,3,"SVP BIC",0.0289999999999964,52
"vary_k",10000,51,3,"SVP BIC calibrated",0.0299999999999727,52
"vary_k",10000,51,3,"SVP BIC multiscale",0.0310000000000628,52
"vary_k",10000,51,4,"PELT",0.00300000000004275,52
"vary_k",10000,51,4,"SVP BIC",0.0289999999999964,52
"vary_k",10000,51,4,"SVP BIC calibrated",0.0299999999999727,52
"vary_k",10000,51,4,"SVP BIC multiscale",0.0300000000000864,52
"vary_k",10000,51,5,"PELT",0.00300000000004275,52
"vary_k",10000,51,5,"SVP BIC",0.0289999999999964,52
"vary_k",10000,51,5,"SVP BIC calibrated",0.0289999999999964,52
"vary_k",10000,51,5,"SVP BIC multiscale",0.0299999999999727,52
"vary_k",10000,51,6,"PELT",0.00300000000004275,52
"vary_k",10000,51,6,"SVP BIC",0.0289999999999964,52
"vary_k",10000,51,6,"SVP BIC calibrated",0.0289999999999964,52
"vary_k",10000,51,6,"SVP BIC multiscale",0.0309999999999491,52
"vary_k",10000,51,7,"PELT",0.00300000000004275,52
"vary_k",10000,51,7,"SVP BIC",0.02800000000002,52
"vary_k",10000,51,7,"SVP BIC calibrated",0.0289999999999964,52
"vary_k",10000,51,7,"SVP BIC multiscale",0.0300000000000864,52
"vary_k",10000,51,8,"PELT",0.00300000000004275,52
"vary_k",10000,51,8,"SVP BIC",0.0289999999999964,52
"vary_k",10000,51,8,"SVP BIC calibrated",0.0289999999999964,52
"vary_k",10000,51,8,"SVP BIC multiscale",0.0299999999999727,52
"vary_k",10000,51,9,"PELT",0.00300000000004275,53
"vary_k",10000,51,9,"SVP BIC",0.0289999999999964,52
"vary_k",10000,51,9,"SVP BIC calibrated",0.0289999999999964,52
"vary_k",10000,51,9,"SVP BIC multiscale",0.0299999999999727,52
"vary_k",10000,51,10,"PELT",0.00299999999992906,52
"vary_k",10000,51,10,"SVP BIC",0.0289999999999964,52
"vary_k",10000,51,10,"SVP BIC calibrated",0.0289999999999964,52
"vary_k",10000,51,10,"SVP BIC multiscale",0.0309999999999491,52
"vary_k",10000,52,1,"PELT",0.0040000000000191,53
"vary_k",10000,52,1,"SVP BIC",0.0289999999999964,53
"vary_k",10000,52,1,"SVP BIC calibrated",0.02800000000002,53
"vary_k",10000,52,1,"SVP BIC multiscale",0.0300000000000864,53
"vary_k",10000,52,2,"PELT",0.00300000000004275,53
"vary_k",10000,52,2,"SVP BIC",0.02800000000002,53
"vary_k",10000,52,2,"SVP BIC calibrated",0.0289999999999964,53
"vary_k",10000,52,2,"SVP BIC multiscale",0.0299999999999727,53
"vary_k",10000,52,3,"PELT",0.00300000000004275,53
"vary_k",10000,52,3,"SVP BIC",0.0289999999999964,53
"vary_k",10000,52,3,"SVP BIC calibrated",0.0289999999999964,53
"vary_k",10000,52,3,"SVP BIC multiscale",0.0289999999999964,53
"vary_k",10000,52,4,"PELT",0.00299999999992906,53
"vary_k",10000,52,4,"SVP BIC",0.02800000000002,53
"vary_k",10000,52,4,"SVP BIC calibrated",0.02800000000002,53
"vary_k",10000,52,4,"SVP BIC multiscale",0.0310000000000628,53
"vary_k",10000,52,5,"PELT",0.00300000000004275,53
"vary_k",10000,52,5,"SVP BIC",0.02900000000011,53
"vary_k",10000,52,5,"SVP BIC calibrated",0.0289999999999964,53
"vary_k",10000,52,5,"SVP BIC multiscale",0.0299999999999727,53
"vary_k",10000,52,6,"PELT",0.00300000000004275,53
"vary_k",10000,52,6,"SVP BIC",0.0289999999999964,53
"vary_k",10000,52,6,"SVP BIC calibrated",0.0289999999999964,53
"vary_k",10000,52,6,"SVP BIC multiscale",0.0309999999999491,53
"vary_k",10000,52,7,"PELT",0.00300000000004275,53
"vary_k",10000,52,7,"SVP BIC",0.0309999999999491,53
"vary_k",10000,52,7,"SVP BIC calibrated",0.0300000000000864,53
"vary_k",10000,52,7,"SVP BIC multiscale",0.0309999999999491,53
"vary_k",10000,52,8,"PELT",0.00300000000004275,53
"vary_k",10000,52,8,"SVP BIC",0.0289999999999964,53
"vary_k",10000,52,8,"SVP BIC calibrated",0.0289999999999964,53
"vary_k",10000,52,8,"SVP BIC multiscale",0.0309999999999491,53
"vary_k",10000,52,9,"PELT",0.00300000000004275,53
"vary_k",10000,52,9,"SVP BIC",0.0289999999999964,53
"vary_k",10000,52,9,"SVP BIC calibrated",0.02800000000002,53
"vary_k",10000,52,9,"SVP BIC multiscale",0.0299999999999727,53
"vary_k",10000,52,10,"PELT",0.00300000000004275,53
"vary_k",10000,52,10,"SVP BIC",0.0289999999999964,53
"vary_k",10000,52,10,"SVP BIC calibrated",0.02800000000002,53
"vary_k",10000,52,10,"SVP BIC multiscale",0.0299999999999727,53
"vary_k",10000,53,1,"PELT",0.00299999999992906,54
"vary_k",10000,53,1,"SVP BIC",0.0279999999999063,54
"vary_k",10000,53,1,"SVP BIC calibrated",0.02800000000002,54
"vary_k",10000,53,1,"SVP BIC multiscale",0.0289999999999964,54
"vary_k",10000,53,2,"PELT",0.00200000000006639,54
"vary_k",10000,53,2,"SVP BIC",0.0279999999999063,54
"vary_k",10000,53,2,"SVP BIC calibrated",0.02800000000002,54
"vary_k",10000,53,2,"SVP BIC multiscale",0.0289999999999964,54
"vary_k",10000,53,3,"PELT",0.00300000000004275,55
"vary_k",10000,53,3,"SVP BIC",0.02800000000002,54
"vary_k",10000,53,3,"SVP BIC calibrated",0.02800000000002,55
"vary_k",10000,53,3,"SVP BIC multiscale",0.0299999999999727,54
"vary_k",10000,53,4,"PELT",0.00299999999992906,54
"vary_k",10000,53,4,"SVP BIC",0.0289999999999964,54
"vary_k",10000,53,4,"SVP BIC calibrated",0.0289999999999964,54
"vary_k",10000,53,4,"SVP BIC multiscale",0.0289999999999964,54
"vary_k",10000,53,5,"PELT",0.00299999999992906,54
"vary_k",10000,53,5,"SVP BIC",0.02800000000002,54
"vary_k",10000,53,5,"SVP BIC calibrated",0.02800000000002,54
"vary_k",10000,53,5,"SVP BIC multiscale",0.0289999999999964,54
"vary_k",10000,53,6,"PELT",0.00299999999992906,54
"vary_k",10000,53,6,"SVP BIC",0.0289999999999964,54
"vary_k",10000,53,6,"SVP BIC calibrated",0.0289999999999964,54
"vary_k",10000,53,6,"SVP BIC multiscale",0.0299999999999727,54
"vary_k",10000,53,7,"PELT",0.00199999999995271,54
"vary_k",10000,53,7,"SVP BIC",0.02900000000011,54
"vary_k",10000,53,7,"SVP BIC calibrated",0.0289999999999964,54
"vary_k",10000,53,7,"SVP BIC multiscale",0.0289999999999964,54
"vary_k",10000,53,8,"PELT",0.00200000000006639,54
"vary_k",10000,53,8,"SVP BIC",0.02800000000002,54
"vary_k",10000,53,8,"SVP BIC calibrated",0.02800000000002,54
"vary_k",10000,53,8,"SVP BIC multiscale",0.0299999999999727,54
"vary_k",10000,53,9,"PELT",0.00200000000006639,54
"vary_k",10000,53,9,"SVP BIC",0.02800000000002,54
"vary_k",10000,53,9,"SVP BIC calibrated",0.02800000000002,54
"vary_k",10000,53,9,"SVP BIC multiscale",0.02900000000011,54
"vary_k",10000,53,10,"PELT",0.00199999999995271,54
"vary_k",10000,53,10,"SVP BIC",0.02800000000002,54
"vary_k",10000,53,10,"SVP BIC calibrated",0.0279999999999063,54
"vary_k",10000,53,10,"SVP BIC multiscale",0.0289999999999964,54
"vary_k",10000,54,1,"PELT",0.00199999999995271,55
"vary_k",10000,54,1,"SVP BIC",0.02800000000002,55
"vary_k",10000,54,1,"SVP BIC calibrated",0.0279999999999063,56
"vary_k",10000,54,1,"SVP BIC multiscale",0.02800000000002,55
"vary_k",10000,54,2,"PELT",0.00199999999995271,55
"vary_k",10000,54,2,"SVP BIC",0.0270000000000437,55
"vary_k",10000,54,2,"SVP BIC calibrated",0.02699999999993,55
"vary_k",10000,54,2,"SVP BIC multiscale",0.0289999999999964,55
"vary_k",10000,54,3,"PELT",0.00299999999992906,55
"vary_k",10000,54,3,"SVP BIC",0.02800000000002,55
"vary_k",10000,54,3,"SVP BIC calibrated",0.0279999999999063,55
"vary_k",10000,54,3,"SVP BIC multiscale",0.02800000000002,55
"vary_k",10000,54,4,"PELT",0.00299999999992906,55
"vary_k",10000,54,4,"SVP BIC",0.02699999999993,55
"vary_k",10000,54,4,"SVP BIC calibrated",0.02800000000002,55
"vary_k",10000,54,4,"SVP BIC multiscale",0.02800000000002,55
"vary_k",10000,54,5,"PELT",0.00300000000004275,55
"vary_k",10000,54,5,"SVP BIC",0.0270000000000437,55
"vary_k",10000,54,5,"SVP BIC calibrated",0.0289999999999964,55
"vary_k",10000,54,5,"SVP BIC multiscale",0.0360000000000582,55
"vary_k",10000,54,6,"PELT",0.00200000000006639,55
"vary_k",10000,54,6,"SVP BIC",0.02800000000002,55
"vary_k",10000,54,6,"SVP BIC calibrated",0.0270000000000437,55
"vary_k",10000,54,6,"SVP BIC multiscale",0.0289999999999964,55
"vary_k",10000,54,7,"PELT",0.00300000000004275,55
"vary_k",10000,54,7,"SVP BIC",0.02699999999993,55
"vary_k",10000,54,7,"SVP BIC calibrated",0.0279999999999063,55
"vary_k",10000,54,7,"SVP BIC multiscale",0.0289999999999964,55
"vary_k",10000,54,8,"PELT",0.00200000000006639,55
"vary_k",10000,54,8,"SVP BIC",0.02800000000002,55
"vary_k",10000,54,8,"SVP BIC calibrated",0.0289999999999964,55
"vary_k",10000,54,8,"SVP BIC multiscale",0.0310000000000628,55
"vary_k",10000,54,9,"PELT",0.00199999999995271,55
"vary_k",10000,54,9,"SVP BIC",0.0279999999999063,55
"vary_k",10000,54,9,"SVP BIC calibrated",0.0289999999999964,55
"vary_k",10000,54,9,"SVP BIC multiscale",0.0299999999999727,55
"vary_k",10000,54,10,"PELT",0.00300000000004275,55
"vary_k",10000,54,10,"SVP BIC",0.02800000000002,55
"vary_k",10000,54,10,"SVP BIC calibrated",0.0279999999999063,55
"vary_k",10000,54,10,"SVP BIC multiscale",0.02800000000002,55
"vary_k",10000,55,1,"PELT",0.00300000000004275,56
"vary_k",10000,55,1,"SVP BIC",0.02699999999993,56
"vary_k",10000,55,1,"SVP BIC calibrated",0.02800000000002,56
"vary_k",10000,55,1,"SVP BIC multiscale",0.0289999999999964,56
"vary_k",10000,55,2,"PELT",0.00299999999992906,56
"vary_k",10000,55,2,"SVP BIC",0.0270000000000437,56
"vary_k",10000,55,2,"SVP BIC calibrated",0.0279999999999063,56
"vary_k",10000,55,2,"SVP BIC multiscale",0.02800000000002,56
"vary_k",10000,55,3,"PELT",0.00300000000004275,56
"vary_k",10000,55,3,"SVP BIC",0.02800000000002,56
"vary_k",10000,55,3,"SVP BIC calibrated",0.02699999999993,56
"vary_k",10000,55,3,"SVP BIC multiscale",0.0289999999999964,56
"vary_k",10000,55,4,"PELT",0.00199999999995271,56
"vary_k",10000,55,4,"SVP BIC",0.0270000000000437,56
"vary_k",10000,55,4,"SVP BIC calibrated",0.02699999999993,56
"vary_k",10000,55,4,"SVP BIC multiscale",0.02800000000002,56
"vary_k",10000,55,5,"PELT",0.00300000000004275,56
"vary_k",10000,55,5,"SVP BIC",0.0279999999999063,56
"vary_k",10000,55,5,"SVP BIC calibrated",0.0270000000000437,56
"vary_k",10000,55,5,"SVP BIC multiscale",0.0289999999999964,56
"vary_k",10000,55,6,"PELT",0.00300000000004275,56
"vary_k",10000,55,6,"SVP BIC",0.02800000000002,56
"vary_k",10000,55,6,"SVP BIC calibrated",0.0289999999999964,56
"vary_k",10000,55,6,"SVP BIC multiscale",0.0289999999999964,56
"vary_k",10000,55,7,"PELT",0.00299999999992906,56
"vary_k",10000,55,7,"SVP BIC",0.02800000000002,56
"vary_k",10000,55,7,"SVP BIC calibrated",0.02800000000002,56
"vary_k",10000,55,7,"SVP BIC multiscale",0.0289999999999964,56
"vary_k",10000,55,8,"PELT",0.00300000000004275,56
"vary_k",10000,55,8,"SVP BIC",0.02800000000002,56
"vary_k",10000,55,8,"SVP BIC calibrated",0.02800000000002,56
"vary_k",10000,55,8,"SVP BIC multiscale",0.0289999999999964,56
"vary_k",10000,55,9,"PELT",0.00299999999992906,56
"vary_k",10000,55,9,"SVP BIC",0.02800000000002,56
"vary_k",10000,55,9,"SVP BIC calibrated",0.02800000000002,56
"vary_k",10000,55,9,"SVP BIC multiscale",0.0299999999999727,56
"vary_k",10000,55,10,"PELT",0.00200000000006639,56
"vary_k",10000,55,10,"SVP BIC",0.0289999999999964,56
"vary_k",10000,55,10,"SVP BIC calibrated",0.02800000000002,56
"vary_k",10000,55,10,"SVP BIC multiscale",0.0299999999999727,56
"vary_k",10000,56,1,"PELT",0.00300000000004275,57
"vary_k",10000,56,1,"SVP BIC",0.02800000000002,57
"vary_k",10000,56,1,"SVP BIC calibrated",0.0270000000000437,57
"vary_k",10000,56,1,"SVP BIC multiscale",0.0289999999999964,57
"vary_k",10000,56,2,"PELT",0.00299999999992906,57
"vary_k",10000,56,2,"SVP BIC",0.0270000000000437,57
"vary_k",10000,56,2,"SVP BIC calibrated",0.02800000000002,57
"vary_k",10000,56,2,"SVP BIC multiscale",0.0289999999999964,57
"vary_k",10000,56,3,"PELT",0.00199999999995271,57
"vary_k",10000,56,3,"SVP BIC",0.02699999999993,57
"vary_k",10000,56,3,"SVP BIC calibrated",0.0270000000000437,57
"vary_k",10000,56,3,"SVP BIC multiscale",0.0289999999999964,57
"vary_k",10000,56,4,"PELT",0.00299999999992906,57
"vary_k",10000,56,4,"SVP BIC",0.0270000000000437,57
"vary_k",10000,56,4,"SVP BIC calibrated",0.0270000000000437,57
"vary_k",10000,56,4,"SVP BIC multiscale",0.0289999999999964,57
"vary_k",10000,56,5,"PELT",0.00199999999995271,57
"vary_k",10000,56,5,"SVP BIC",0.02800000000002,57
"vary_k",10000,56,5,"SVP BIC calibrated",0.0270000000000437,57
"vary_k",10000,56,5,"SVP BIC multiscale",0.0299999999999727,57
"vary_k",10000,56,6,"PELT",0.00300000000004275,57
"vary_k",10000,56,6,"SVP BIC",0.02800000000002,57
"vary_k",10000,56,6,"SVP BIC calibrated",0.0270000000000437,57
"vary_k",10000,56,6,"SVP BIC multiscale",0.02800000000002,57
"vary_k",10000,56,7,"PELT",0.00300000000004275,57
"vary_k",10000,56,7,"SVP BIC",0.02699999999993,57
"vary_k",10000,56,7,"SVP BIC calibrated",0.0259999999999536,57
"vary_k",10000,56,7,"SVP BIC multiscale",0.0289999999999964,57
"vary_k",10000,56,8,"PELT",0.00199999999995271,57
"vary_k",10000,56,8,"SVP BIC",0.02699999999993,57
"vary_k",10000,56,8,"SVP BIC calibrated",0.02800000000002,57
"vary_k",10000,56,8,"SVP BIC multiscale",0.0289999999999964,57
"vary_k",10000,56,9,"PELT",0.00199999999995271,57
"vary_k",10000,56,9,"SVP BIC",0.02800000000002,57
"vary_k",10000,56,9,"SVP BIC calibrated",0.0270000000000437,57
"vary_k",10000,56,9,"SVP BIC multiscale",0.0289999999999964,57
"vary_k",10000,56,10,"PELT",0.00299999999992906,57
"vary_k",10000,56,10,"SVP BIC",0.0279999999999063,57
"vary_k",10000,56,10,"SVP BIC calibrated",0.02800000000002,57
"vary_k",10000,56,10,"SVP BIC multiscale",0.0299999999999727,57
"vary_k",10000,57,1,"PELT",0.00300000000004275,58
"vary_k",10000,57,1,"SVP BIC",0.0259999999999536,58
"vary_k",10000,57,1,"SVP BIC calibrated",0.0270000000000437,58
"vary_k",10000,57,1,"SVP BIC multiscale",0.02800000000002,58
"vary_k",10000,57,2,"PELT",0.00300000000004275,58
"vary_k",10000,57,2,"SVP BIC",0.02699999999993,58
"vary_k",10000,57,2,"SVP BIC calibrated",0.0270000000000437,58
"vary_k",10000,57,2,"SVP BIC multiscale",0.0289999999999964,58
"vary_k",10000,57,3,"PELT",0.00300000000004275,58
"vary_k",10000,57,3,"SVP BIC",0.02699999999993,58
"vary_k",10000,57,3,"SVP BIC calibrated",0.02800000000002,58
"vary_k",10000,57,3,"SVP BIC multiscale",0.0289999999999964,58
"vary_k",10000,57,4,"PELT",0.00199999999995271,58
"vary_k",10000,57,4,"SVP BIC",0.0270000000000437,58
"vary_k",10000,57,4,"SVP BIC calibrated",0.02699999999993,58
"vary_k",10000,57,4,"SVP BIC multiscale",0.02800000000002,58
"vary_k",10000,57,5,"PELT",0.00300000000004275,58
"vary_k",10000,57,5,"SVP BIC",0.0289999999999964,58
"vary_k",10000,57,5,"SVP BIC calibrated",0.0270000000000437,58
"vary_k",10000,57,5,"SVP BIC multiscale",0.0289999999999964,58
"vary_k",10000,57,6,"PELT",0.00299999999992906,58
"vary_k",10000,57,6,"SVP BIC",0.0259999999999536,58
"vary_k",10000,57,6,"SVP BIC calibrated",0.0270000000000437,58
"vary_k",10000,57,6,"SVP BIC multiscale",0.02800000000002,58
"vary_k",10000,57,7,"PELT",0.00200000000006639,58
"vary_k",10000,57,7,"SVP BIC",0.0270000000000437,58
"vary_k",10000,57,7,"SVP BIC calibrated",0.02699999999993,58
"vary_k",10000,57,7,"SVP BIC multiscale",0.0289999999999964,58
"vary_k",10000,57,8,"PELT",0.00300000000004275,58
"vary_k",10000,57,8,"SVP BIC",0.0270000000000437,58
"vary_k",10000,57,8,"SVP BIC calibrated",0.02699999999993,58
"vary_k",10000,57,8,"SVP BIC multiscale",0.0270000000000437,58
"vary_k",10000,57,9,"PELT",0.00300000000004275,58
"vary_k",10000,57,9,"SVP BIC",0.0289999999999964,58
"vary_k",10000,57,9,"SVP BIC calibrated",0.02800000000002,58
"vary_k",10000,57,9,"SVP BIC multiscale",0.02800000000002,58
"vary_k",10000,57,10,"PELT",0.00299999999992906,58
"vary_k",10000,57,10,"SVP BIC",0.02800000000002,58
"vary_k",10000,57,10,"SVP BIC calibrated",0.0260000000000673,58
"vary_k",10000,57,10,"SVP BIC multiscale",0.02800000000002,58
"vary_k",10000,58,1,"PELT",0.00300000000004275,59
"vary_k",10000,58,1,"SVP BIC",0.02699999999993,59
"vary_k",10000,58,1,"SVP BIC calibrated",0.0260000000000673,59
"vary_k",10000,58,1,"SVP BIC multiscale",0.02800000000002,59
"vary_k",10000,58,2,"PELT",0.00300000000004275,59
"vary_k",10000,58,2,"SVP BIC",0.0270000000000437,59
"vary_k",10000,58,2,"SVP BIC calibrated",0.02699999999993,59
"vary_k",10000,58,2,"SVP BIC multiscale",0.0279999999999063,59
"vary_k",10000,58,3,"PELT",0.00200000000006639,59
"vary_k",10000,58,3,"SVP BIC",0.0270000000000437,59
"vary_k",10000,58,3,"SVP BIC calibrated",0.0270000000000437,59
"vary_k",10000,58,3,"SVP BIC multiscale",0.0289999999999964,59
"vary_k",10000,58,4,"PELT",0.00200000000006639,59
"vary_k",10000,58,4,"SVP BIC",0.0259999999999536,59
"vary_k",10000,58,4,"SVP BIC calibrated",0.02699999999993,59
"vary_k",10000,58,4,"SVP BIC multiscale",0.0279999999999063,59
"vary_k",10000,58,5,"PELT",0.00199999999995271,59
"vary_k",10000,58,5,"SVP BIC",0.0260000000000673,59
"vary_k",10000,58,5,"SVP BIC calibrated",0.0259999999999536,59
"vary_k",10000,58,5,"SVP BIC multiscale",0.02800000000002,59
"vary_k",10000,58,6,"PELT",0.00299999999992906,59
"vary_k",10000,58,6,"SVP BIC",0.0249999999999773,59
"vary_k",10000,58,6,"SVP BIC calibrated",0.0259999999999536,59
"vary_k",10000,58,6,"SVP BIC multiscale",0.0270000000000437,59
"vary_k",10000,58,7,"PELT",0.00299999999992906,59
"vary_k",10000,58,7,"SVP BIC",0.0259999999999536,59
"vary_k",10000,58,7,"SVP BIC calibrated",0.0259999999999536,59
"vary_k",10000,58,7,"SVP BIC multiscale",0.0259999999999536,59
"vary_k",10000,58,8,"PELT",0.00199999999995271,59
"vary_k",10000,58,8,"SVP BIC",0.02699999999993,59
"vary_k",10000,58,8,"SVP BIC calibrated",0.0259999999999536,59
"vary_k",10000,58,8,"SVP BIC multiscale",0.0270000000000437,59
"vary_k",10000,58,9,"PELT",0.00299999999992906,59
"vary_k",10000,58,9,"SVP BIC",0.0259999999999536,59
"vary_k",10000,58,9,"SVP BIC calibrated",0.0260000000000673,59
"vary_k",10000,58,9,"SVP BIC multiscale",0.0270000000000437,59
"vary_k",10000,58,10,"PELT",0.00300000000004275,59
"vary_k",10000,58,10,"SVP BIC",0.0260000000000673,59
"vary_k",10000,58,10,"SVP BIC calibrated",0.0249999999999773,59
"vary_k",10000,58,10,"SVP BIC multiscale",0.02699999999993,59
"vary_k",10000,59,1,"PELT",0.00299999999992906,60
"vary_k",10000,59,1,"SVP BIC",0.0249999999999773,60
"vary_k",10000,59,1,"SVP BIC calibrated",0.0249999999999773,60
"vary_k",10000,59,1,"SVP BIC multiscale",0.0260000000000673,60
"vary_k",10000,59,2,"PELT",0.00300000000004275,60
"vary_k",10000,59,2,"SVP BIC",0.0249999999999773,60
"vary_k",10000,59,2,"SVP BIC calibrated",0.0249999999999773,60
"vary_k",10000,59,2,"SVP BIC multiscale",0.0260000000000673,60
"vary_k",10000,59,3,"PELT",0.00199999999995271,60
"vary_k",10000,59,3,"SVP BIC",0.0259999999999536,60
"vary_k",10000,59,3,"SVP BIC calibrated",0.0249999999999773,60
"vary_k",10000,59,3,"SVP BIC multiscale",0.0259999999999536,60
"vary_k",10000,59,4,"PELT",0.00299999999992906,60
"vary_k",10000,59,4,"SVP BIC",0.0249999999999773,60
"vary_k",10000,59,4,"SVP BIC calibrated",0.025000000000091,60
"vary_k",10000,59,4,"SVP BIC multiscale",0.0270000000000437,60
"vary_k",10000,59,5,"PELT",0.00200000000006639,60
"vary_k",10000,59,5,"SVP BIC",0.0249999999999773,60
"vary_k",10000,59,5,"SVP BIC calibrated",0.0259999999999536,60
"vary_k",10000,59,5,"SVP BIC multiscale",0.0259999999999536,60
"vary_k",10000,59,6,"PELT",0.00299999999992906,60
"vary_k",10000,59,6,"SVP BIC",0.0260000000000673,60
"vary_k",10000,59,6,"SVP BIC calibrated",0.025000000000091,60
"vary_k",10000,59,6,"SVP BIC multiscale",0.0270000000000437,60
"vary_k",10000,59,7,"PELT",0.00300000000004275,60
"vary_k",10000,59,7,"SVP BIC",0.025000000000091,60
"vary_k",10000,59,7,"SVP BIC calibrated",0.0259999999999536,60
"vary_k",10000,59,7,"SVP BIC multiscale",0.0259999999999536,60
"vary_k",10000,59,8,"PELT",0.00199999999995271,60
"vary_k",10000,59,8,"SVP BIC",0.0260000000000673,60
"vary_k",10000,59,8,"SVP BIC calibrated",0.0260000000000673,60
"vary_k",10000,59,8,"SVP BIC multiscale",0.02800000000002,60
"vary_k",10000,59,9,"PELT",0.00199999999995271,60
"vary_k",10000,59,9,"SVP BIC",0.02699999999993,60
"vary_k",10000,59,9,"SVP BIC calibrated",0.0270000000000437,60
"vary_k",10000,59,9,"SVP BIC multiscale",0.0260000000000673,60
"vary_k",10000,59,10,"PELT",0.00199999999995271,61
"vary_k",10000,59,10,"SVP BIC",0.0309999999999491,60
"vary_k",10000,59,10,"SVP BIC calibrated",0.0249999999999773,61
"vary_k",10000,59,10,"SVP BIC multiscale",0.0259999999999536,61
"vary_k",10000,60,1,"PELT",0.00199999999995271,61
"vary_k",10000,60,1,"SVP BIC",0.0240000000000009,61
"vary_k",10000,60,1,"SVP BIC calibrated",0.0249999999999773,61
"vary_k",10000,60,1,"SVP BIC multiscale",0.0259999999999536,61
"vary_k",10000,60,2,"PELT",0.00199999999995271,61
"vary_k",10000,60,2,"SVP BIC",0.0259999999999536,61
"vary_k",10000,60,2,"SVP BIC calibrated",0.02699999999993,61
"vary_k",10000,60,2,"SVP BIC multiscale",0.0260000000000673,61
"vary_k",10000,60,3,"PELT",0.00200000000006639,61
"vary_k",10000,60,3,"SVP BIC",0.0240000000000009,61
"vary_k",10000,60,3,"SVP BIC calibrated",0.0249999999999773,61
"vary_k",10000,60,3,"SVP BIC multiscale",0.0260000000000673,61
"vary_k",10000,60,4,"PELT",0.00199999999995271,61
"vary_k",10000,60,4,"SVP BIC",0.0260000000000673,61
"vary_k",10000,60,4,"SVP BIC calibrated",0.0249999999999773,61
"vary_k",10000,60,4,"SVP BIC multiscale",0.0259999999999536,61
"vary_k",10000,60,5,"PELT",0.00200000000006639,61
"vary_k",10000,60,5,"SVP BIC",0.0249999999999773,61
"vary_k",10000,60,5,"SVP BIC calibrated",0.0249999999999773,61
"vary_k",10000,60,5,"SVP BIC multiscale",0.0249999999999773,61
"vary_k",10000,60,6,"PELT",0.00299999999992906,61
"vary_k",10000,60,6,"SVP BIC",0.0249999999999773,61
"vary_k",10000,60,6,"SVP BIC calibrated",0.0249999999999773,61
"vary_k",10000,60,6,"SVP BIC multiscale",0.0249999999999773,61
"vary_k",10000,60,7,"PELT",0.00200000000006639,61
"vary_k",10000,60,7,"SVP BIC",0.0270000000000437,61
"vary_k",10000,60,7,"SVP BIC calibrated",0.02800000000002,61
"vary_k",10000,60,7,"SVP BIC multiscale",0.0270000000000437,61
"vary_k",10000,60,8,"PELT",0.00199999999995271,61
"vary_k",10000,60,8,"SVP BIC",0.0259999999999536,61
"vary_k",10000,60,8,"SVP BIC calibrated",0.0270000000000437,61
"vary_k",10000,60,8,"SVP BIC multiscale",0.0260000000000673,61
"vary_k",10000,60,9,"PELT",0.00299999999992906,61
"vary_k",10000,60,9,"SVP BIC",0.025000000000091,61
"vary_k",10000,60,9,"SVP BIC calibrated",0.025000000000091,61
"vary_k",10000,60,9,"SVP BIC multiscale",0.0259999999999536,61
"vary_k",10000,60,10,"PELT",0.00199999999995271,61
"vary_k",10000,60,10,"SVP BIC",0.02800000000002,61
"vary_k",10000,60,10,"SVP BIC calibrated",0.0259999999999536,61
"vary_k",10000,60,10,"SVP BIC multiscale",0.0270000000000437,61
"vary_k",10000,61,1,"PELT",0.00199999999995271,62
"vary_k",10000,61,1,"SVP BIC",0.025000000000091,62
"vary_k",10000,61,1,"SVP BIC calibrated",0.0249999999999773,62
"vary_k",10000,61,1,"SVP BIC multiscale",0.0259999999999536,62
"vary_k",10000,61,2,"PELT",0.00300000000004275,62
"vary_k",10000,61,2,"SVP BIC",0.0240000000000009,62
"vary_k",10000,61,2,"SVP BIC calibrated",0.0249999999999773,62
"vary_k",10000,61,2,"SVP BIC multiscale",0.0249999999999773,62
"vary_k",10000,61,3,"PELT",0.00300000000004275,62
"vary_k",10000,61,3,"SVP BIC",0.0240000000000009,62
"vary_k",10000,61,3,"SVP BIC calibrated",0.0249999999999773,62
"vary_k",10000,61,3,"SVP BIC multiscale",0.0270000000000437,62
"vary_k",10000,61,4,"PELT",0.00199999999995271,62
"vary_k",10000,61,4,"SVP BIC",0.0260000000000673,62
"vary_k",10000,61,4,"SVP BIC calibrated",0.0260000000000673,62
"vary_k",10000,61,4,"SVP BIC multiscale",0.0249999999999773,62
"vary_k",10000,61,5,"PELT",0.00299999999992906,62
"vary_k",10000,61,5,"SVP BIC",0.0249999999999773,62
"vary_k",10000,61,5,"SVP BIC calibrated",0.025000000000091,62
"vary_k",10000,61,5,"SVP BIC multiscale",0.0259999999999536,62
"vary_k",10000,61,6,"PELT",0.00300000000004275,62
"vary_k",10000,61,6,"SVP BIC",0.0240000000000009,62
"vary_k",10000,61,6,"SVP BIC calibrated",0.0240000000000009,62
"vary_k",10000,61,6,"SVP BIC multiscale",0.0249999999999773,62
"vary_k",10000,61,7,"PELT",0.00199999999995271,62
"vary_k",10000,61,7,"SVP BIC",0.0239999999998872,62
"vary_k",10000,61,7,"SVP BIC calibrated",0.0249999999999773,62
"vary_k",10000,61,7,"SVP BIC multiscale",0.0260000000000673,62
"vary_k",10000,61,8,"PELT",0.00200000000006639,62
"vary_k",10000,61,8,"SVP BIC",0.0240000000000009,62
"vary_k",10000,61,8,"SVP BIC calibrated",0.0240000000000009,62
"vary_k",10000,61,8,"SVP BIC multiscale",0.0249999999999773,62
"vary_k",10000,61,9,"PELT",0.00300000000004275,62
"vary_k",10000,61,9,"SVP BIC",0.0240000000000009,62
"vary_k",10000,61,9,"SVP BIC calibrated",0.0240000000000009,62
"vary_k",10000,61,9,"SVP BIC multiscale",0.0259999999999536,62
"vary_k",10000,61,10,"PELT",0.00199999999995271,62
"vary_k",10000,61,10,"SVP BIC",0.0240000000000009,62
"vary_k",10000,61,10,"SVP BIC calibrated",0.0249999999999773,62
"vary_k",10000,61,10,"SVP BIC multiscale",0.0249999999999773,62
"vary_k",10000,62,1,"PELT",0.00300000000004275,63
"vary_k",10000,62,1,"SVP BIC",0.0240000000000009,63
"vary_k",10000,62,1,"SVP BIC calibrated",0.0230000000000246,63
"vary_k",10000,62,1,"SVP BIC multiscale",0.0249999999999773,63
"vary_k",10000,62,2,"PELT",0.00300000000004275,63
"vary_k",10000,62,2,"SVP BIC",0.0240000000000009,63
"vary_k",10000,62,2,"SVP BIC calibrated",0.0240000000000009,63
"vary_k",10000,62,2,"SVP BIC multiscale",0.0249999999999773,63
"vary_k",10000,62,3,"PELT",0.00299999999992906,63
"vary_k",10000,62,3,"SVP BIC",0.0240000000000009,63
"vary_k",10000,62,3,"SVP BIC calibrated",0.0240000000000009,63
"vary_k",10000,62,3,"SVP BIC multiscale",0.025000000000091,63
"vary_k",10000,62,4,"PELT",0.00300000000004275,63
"vary_k",10000,62,4,"SVP BIC",0.0240000000000009,63
"vary_k",10000,62,4,"SVP BIC calibrated",0.0240000000000009,63
"vary_k",10000,62,4,"SVP BIC multiscale",0.0249999999999773,63
"vary_k",10000,62,5,"PELT",0.00299999999992906,63
"vary_k",10000,62,5,"SVP BIC",0.0240000000000009,63
"vary_k",10000,62,5,"SVP BIC calibrated",0.0240000000000009,63
"vary_k",10000,62,5,"SVP BIC multiscale",0.0240000000000009,63
"vary_k",10000,62,6,"PELT",0.00300000000004275,63
"vary_k",10000,62,6,"SVP BIC",0.0240000000000009,63
"vary_k",10000,62,6,"SVP BIC calibrated",0.0240000000000009,63
"vary_k",10000,62,6,"SVP BIC multiscale",0.0249999999999773,63
"vary_k",10000,62,7,"PELT",0.00300000000004275,63
"vary_k",10000,62,7,"SVP BIC",0.0240000000000009,63
"vary_k",10000,62,7,"SVP BIC calibrated",0.0240000000000009,63
"vary_k",10000,62,7,"SVP BIC multiscale",0.0249999999999773,63
"vary_k",10000,62,8,"PELT",0.00300000000004275,63
"vary_k",10000,62,8,"SVP BIC",0.0240000000000009,63
"vary_k",10000,62,8,"SVP BIC calibrated",0.0240000000000009,63
"vary_k",10000,62,8,"SVP BIC multiscale",0.0249999999999773,63
"vary_k",10000,62,9,"PELT",0.00299999999992906,63
"vary_k",10000,62,9,"SVP BIC",0.0240000000000009,63
"vary_k",10000,62,9,"SVP BIC calibrated",0.0240000000000009,63
"vary_k",10000,62,9,"SVP BIC multiscale",0.0249999999999773,63
"vary_k",10000,62,10,"PELT",0.00299999999992906,63
"vary_k",10000,62,10,"SVP BIC",0.0240000000000009,63
"vary_k",10000,62,10,"SVP BIC calibrated",0.0240000000000009,63
"vary_k",10000,62,10,"SVP BIC multiscale",0.025000000000091,63
"vary_k",10000,63,1,"PELT",0.00200000000006639,64
"vary_k",10000,63,1,"SVP BIC",0.0240000000000009,64
"vary_k",10000,63,1,"SVP BIC calibrated",0.0240000000000009,64
"vary_k",10000,63,1,"SVP BIC multiscale",0.0240000000000009,64
"vary_k",10000,63,2,"PELT",0.00300000000004275,64
"vary_k",10000,63,2,"SVP BIC",0.0230000000000246,64
"vary_k",10000,63,2,"SVP BIC calibrated",0.0240000000000009,64
"vary_k",10000,63,2,"SVP BIC multiscale",0.0240000000000009,64
"vary_k",10000,63,3,"PELT",0.00199999999995271,64
"vary_k",10000,63,3,"SVP BIC",0.0240000000000009,64
"vary_k",10000,63,3,"SVP BIC calibrated",0.0240000000000009,64
"vary_k",10000,63,3,"SVP BIC multiscale",0.0240000000000009,64
"vary_k",10000,63,4,"PELT",0.00299999999992906,64
"vary_k",10000,63,4,"SVP BIC",0.0240000000000009,64
"vary_k",10000,63,4,"SVP BIC calibrated",0.0230000000000246,64
"vary_k",10000,63,4,"SVP BIC multiscale",0.025000000000091,64
"vary_k",10000,63,5,"PELT",0.00300000000004275,64
"vary_k",10000,63,5,"SVP BIC",0.0240000000000009,64
"vary_k",10000,63,5,"SVP BIC calibrated",0.0240000000000009,64
"vary_k",10000,63,5,"SVP BIC multiscale",0.025000000000091,64
"vary_k",10000,63,6,"PELT",0.00299999999992906,64
"vary_k",10000,63,6,"SVP BIC",0.0229999999999109,64
"vary_k",10000,63,6,"SVP BIC calibrated",0.0230000000000246,64
"vary_k",10000,63,6,"SVP BIC multiscale",0.0240000000000009,64
"vary_k",10000,63,7,"PELT",0.00199999999995271,64
"vary_k",10000,63,7,"SVP BIC",0.0240000000000009,64
"vary_k",10000,63,7,"SVP BIC calibrated",0.0240000000000009,64
"vary_k",10000,63,7,"SVP BIC multiscale",0.0240000000000009,64
"vary_k",10000,63,8,"PELT",0.00299999999992906,64
"vary_k",10000,63,8,"SVP BIC",0.0240000000000009,64
"vary_k",10000,63,8,"SVP BIC calibrated",0.0230000000000246,64
"vary_k",10000,63,8,"SVP BIC multiscale",0.0240000000000009,64
"vary_k",10000,63,9,"PELT",0.00199999999995271,64
"vary_k",10000,63,9,"SVP BIC",0.0229999999999109,64
"vary_k",10000,63,9,"SVP BIC calibrated",0.0240000000000009,64
"vary_k",10000,63,9,"SVP BIC multiscale",0.0240000000000009,64
"vary_k",10000,63,10,"PELT",0.00299999999992906,64
"vary_k",10000,63,10,"SVP BIC",0.0240000000000009,64
"vary_k",10000,63,10,"SVP BIC calibrated",0.0229999999999109,64
"vary_k",10000,63,10,"SVP BIC multiscale",0.0249999999999773,64
"vary_k",10000,64,1,"PELT",0.00200000000006639,65
"vary_k",10000,64,1,"SVP BIC",0.0230000000000246,65
"vary_k",10000,64,1,"SVP BIC calibrated",0.0240000000000009,65
"vary_k",10000,64,1,"SVP BIC multiscale",0.0240000000000009,65
"vary_k",10000,64,2,"PELT",0.00300000000004275,65
"vary_k",10000,64,2,"SVP BIC",0.0240000000000009,65
"vary_k",10000,64,2,"SVP BIC calibrated",0.0229999999999109,65
"vary_k",10000,64,2,"SVP BIC multiscale",0.0240000000000009,65
"vary_k",10000,64,3,"PELT",0.00300000000004275,65
"vary_k",10000,64,3,"SVP BIC",0.0230000000000246,65
"vary_k",10000,64,3,"SVP BIC calibrated",0.0249999999999773,65
"vary_k",10000,64,3,"SVP BIC multiscale",0.0249999999999773,65
"vary_k",10000,64,4,"PELT",0.00200000000006639,65
"vary_k",10000,64,4,"SVP BIC",0.0240000000000009,65
"vary_k",10000,64,4,"SVP BIC calibrated",0.0229999999999109,65
"vary_k",10000,64,4,"SVP BIC multiscale",0.0230000000000246,65
"vary_k",10000,64,5,"PELT",0.00199999999995271,65
"vary_k",10000,64,5,"SVP BIC",0.0230000000000246,65
"vary_k",10000,64,5,"SVP BIC calibrated",0.0230000000000246,65
"vary_k",10000,64,5,"SVP BIC multiscale",0.0240000000000009,65
"vary_k",10000,64,6,"PELT",0.00299999999992906,65
"vary_k",10000,64,6,"SVP BIC",0.0239999999998872,65
"vary_k",10000,64,6,"SVP BIC calibrated",0.0230000000000246,66
"vary_k",10000,64,6,"SVP BIC multiscale",0.0240000000000009,66
"vary_k",10000,64,7,"PELT",0.00300000000004275,65
"vary_k",10000,64,7,"SVP BIC",0.0240000000000009,65
"vary_k",10000,64,7,"SVP BIC calibrated",0.0240000000000009,65
"vary_k",10000,64,7,"SVP BIC multiscale",0.0240000000000009,65
"vary_k",10000,64,8,"PELT",0.00300000000004275,65
"vary_k",10000,64,8,"SVP BIC",0.0230000000000246,65
"vary_k",10000,64,8,"SVP BIC calibrated",0.0240000000000009,65
"vary_k",10000,64,8,"SVP BIC multiscale",0.0240000000000009,65
"vary_k",10000,64,9,"PELT",0.00299999999992906,65
"vary_k",10000,64,9,"SVP BIC",0.0230000000000246,65
"vary_k",10000,64,9,"SVP BIC calibrated",0.0229999999999109,65
"vary_k",10000,64,9,"SVP BIC multiscale",0.0240000000000009,65
"vary_k",10000,64,10,"PELT",0.00200000000006639,65
"vary_k",10000,64,10,"SVP BIC",0.0230000000000246,65
"vary_k",10000,64,10,"SVP BIC calibrated",0.0240000000000009,65
"vary_k",10000,64,10,"SVP BIC multiscale",0.0240000000000009,65
"vary_k",10000,65,1,"PELT",0.00300000000004275,66
"vary_k",10000,65,1,"SVP BIC",0.0230000000000246,66
"vary_k",10000,65,1,"SVP BIC calibrated",0.0220000000000482,66
"vary_k",10000,65,1,"SVP BIC multiscale",0.0230000000000246,66
"vary_k",10000,65,2,"PELT",0.00200000000006639,66
"vary_k",10000,65,2,"SVP BIC",0.0230000000000246,66
"vary_k",10000,65,2,"SVP BIC calibrated",0.0219999999999345,66
"vary_k",10000,65,2,"SVP BIC multiscale",0.0240000000000009,66
"vary_k",10000,65,3,"PELT",0.00300000000004275,67
"vary_k",10000,65,3,"SVP BIC",0.0230000000000246,66
"vary_k",10000,65,3,"SVP BIC calibrated",0.0230000000000246,66
"vary_k",10000,65,3,"SVP BIC multiscale",0.0229999999999109,66
"vary_k",10000,65,4,"PELT",0.00299999999992906,66
"vary_k",10000,65,4,"SVP BIC",0.0229999999999109,66
"vary_k",10000,65,4,"SVP BIC calibrated",0.0219999999999345,66
"vary_k",10000,65,4,"SVP BIC multiscale",0.0230000000000246,66
"vary_k",10000,65,5,"PELT",0.00300000000004275,66
"vary_k",10000,65,5,"SVP BIC",0.0230000000000246,66
"vary_k",10000,65,5,"SVP BIC calibrated",0.0230000000000246,66
"vary_k",10000,65,5,"SVP BIC multiscale",0.0239999999998872,66
"vary_k",10000,65,6,"PELT",0.00300000000004275,66
"vary_k",10000,65,6,"SVP BIC",0.0230000000000246,66
"vary_k",10000,65,6,"SVP BIC calibrated",0.0230000000000246,66
"vary_k",10000,65,6,"SVP BIC multiscale",0.0240000000000009,66
"vary_k",10000,65,7,"PELT",0.00299999999992906,66
"vary_k",10000,65,7,"SVP BIC",0.0229999999999109,66
"vary_k",10000,65,7,"SVP BIC calibrated",0.0219999999999345,66
"vary_k",10000,65,7,"SVP BIC multiscale",0.0240000000000009,66
"vary_k",10000,65,8,"PELT",0.00200000000006639,66
"vary_k",10000,65,8,"SVP BIC",0.0220000000000482,66
"vary_k",10000,65,8,"SVP BIC calibrated",0.0230000000000246,66
"vary_k",10000,65,8,"SVP BIC multiscale",0.0249999999999773,66
"vary_k",10000,65,9,"PELT",0.00199999999995271,66
"vary_k",10000,65,9,"SVP BIC",0.0220000000000482,66
"vary_k",10000,65,9,"SVP BIC calibrated",0.0240000000000009,66
"vary_k",10000,65,9,"SVP BIC multiscale",0.025000000000091,66
"vary_k",10000,65,10,"PELT",0.00299999999992906,66
"vary_k",10000,65,10,"SVP BIC",0.0240000000000009,66
"vary_k",10000,65,10,"SVP BIC calibrated",0.0229999999999109,66
"vary_k",10000,65,10,"SVP BIC multiscale",0.0240000000000009,66
"vary_k",10000,66,1,"PELT",0.00199999999995271,67
"vary_k",10000,66,1,"SVP BIC",0.0230000000000246,67
"vary_k",10000,66,1,"SVP BIC calibrated",0.0220000000000482,67
"vary_k",10000,66,1,"SVP BIC multiscale",0.0229999999999109,67
"vary_k",10000,66,2,"PELT",0.00299999999992906,67
"vary_k",10000,66,2,"SVP BIC",0.0229999999999109,67
"vary_k",10000,66,2,"SVP BIC calibrated",0.0230000000000246,67
"vary_k",10000,66,2,"SVP BIC multiscale",0.0240000000000009,67
"vary_k",10000,66,3,"PELT",0.00299999999992906,67
"vary_k",10000,66,3,"SVP BIC",0.02699999999993,67
"vary_k",10000,66,3,"SVP BIC calibrated",0.0230000000000246,67
"vary_k",10000,66,3,"SVP BIC multiscale",0.0240000000000009,67
"vary_k",10000,66,4,"PELT",0.00199999999995271,67
"vary_k",10000,66,4,"SVP BIC",0.0249999999999773,67
"vary_k",10000,66,4,"SVP BIC calibrated",0.0249999999999773,67
"vary_k",10000,66,4,"SVP BIC multiscale",0.0240000000000009,67
"vary_k",10000,66,5,"PELT",0.00299999999992906,67
"vary_k",10000,66,5,"SVP BIC",0.0240000000000009,67
"vary_k",10000,66,5,"SVP BIC calibrated",0.0229999999999109,67
"vary_k",10000,66,5,"SVP BIC multiscale",0.0259999999999536,67
"vary_k",10000,66,6,"PELT",0.00300000000004275,67
"vary_k",10000,66,6,"SVP BIC",0.0229999999999109,67
"vary_k",10000,66,6,"SVP BIC calibrated",0.0330000000000155,67
"vary_k",10000,66,6,"SVP BIC multiscale",0.0259999999999536,67
"vary_k",10000,66,7,"PELT",0.00300000000004275,67
"vary_k",10000,66,7,"SVP BIC",0.0249999999999773,67
"vary_k",10000,66,7,"SVP BIC calibrated",0.0249999999999773,67
"vary_k",10000,66,7,"SVP BIC multiscale",0.0240000000000009,67
"vary_k",10000,66,8,"PELT",0.00300000000004275,67
"vary_k",10000,66,8,"SVP BIC",0.0219999999999345,67
"vary_k",10000,66,8,"SVP BIC calibrated",0.0230000000000246,67
"vary_k",10000,66,8,"SVP BIC multiscale",0.0229999999999109,67
"vary_k",10000,66,9,"PELT",0.00199999999995271,67
"vary_k",10000,66,9,"SVP BIC",0.0230000000000246,67
"vary_k",10000,66,9,"SVP BIC calibrated",0.0220000000000482,67
"vary_k",10000,66,9,"SVP BIC multiscale",0.0230000000000246,67
"vary_k",10000,66,10,"PELT",0.00199999999995271,67
"vary_k",10000,66,10,"SVP BIC",0.0230000000000246,67
"vary_k",10000,66,10,"SVP BIC calibrated",0.0230000000000246,67
"vary_k",10000,66,10,"SVP BIC multiscale",0.0240000000000009,67
"vary_k",10000,67,1,"PELT",0.00199999999995271,68
"vary_k",10000,67,1,"SVP BIC",0.0219999999999345,68
"vary_k",10000,67,1,"SVP BIC calibrated",0.0229999999999109,68
"vary_k",10000,67,1,"SVP BIC multiscale",0.0230000000000246,68
"vary_k",10000,67,2,"PELT",0.00200000000006639,68
"vary_k",10000,67,2,"SVP BIC",0.0220000000000482,68
"vary_k",10000,67,2,"SVP BIC calibrated",0.0259999999999536,68
"vary_k",10000,67,2,"SVP BIC multiscale",0.0230000000000246,68
"vary_k",10000,67,3,"PELT",0.00199999999995271,68
"vary_k",10000,67,3,"SVP BIC",0.0219999999999345,68
"vary_k",10000,67,3,"SVP BIC calibrated",0.0230000000000246,68
"vary_k",10000,67,3,"SVP BIC multiscale",0.0230000000000246,68
"vary_k",10000,67,4,"PELT",0.00199999999995271,68
"vary_k",10000,67,4,"SVP BIC",0.0220000000000482,68
"vary_k",10000,67,4,"SVP BIC calibrated",0.0220000000000482,68
"vary_k",10000,67,4,"SVP BIC multiscale",0.0230000000000246,68
"vary_k",10000,67,5,"PELT",0.00199999999995271,68
"vary_k",10000,67,5,"SVP BIC",0.0240000000000009,68
"vary_k",10000,67,5,"SVP BIC calibrated",0.0230000000000246,68
"vary_k",10000,67,5,"SVP BIC multiscale",0.0240000000000009,68
"vary_k",10000,67,6,"PELT",0.00300000000004275,68
"vary_k",10000,67,6,"SVP BIC",0.0230000000000246,68
"vary_k",10000,67,6,"SVP BIC calibrated",0.0220000000000482,68
"vary_k",10000,67,6,"SVP BIC multiscale",0.0240000000000009,68
"vary_k",10000,67,7,"PELT",0.00199999999995271,68
"vary_k",10000,67,7,"SVP BIC",0.0240000000000009,68
"vary_k",10000,67,7,"SVP BIC calibrated",0.0230000000000246,68
"vary_k",10000,67,7,"SVP BIC multiscale",0.0230000000000246,68
"vary_k",10000,67,8,"PELT",0.00299999999992906,68
"vary_k",10000,67,8,"SVP BIC",0.0230000000000246,68
"vary_k",10000,67,8,"SVP BIC calibrated",0.0229999999999109,68
"vary_k",10000,67,8,"SVP BIC multiscale",0.0240000000000009,68
"vary_k",10000,67,9,"PELT",0.00299999999992906,68
"vary_k",10000,67,9,"SVP BIC",0.0230000000000246,68
"vary_k",10000,67,9,"SVP BIC calibrated",0.0230000000000246,68
"vary_k",10000,67,9,"SVP BIC multiscale",0.0240000000000009,68
"vary_k",10000,67,10,"PELT",0.00300000000004275,68
"vary_k",10000,67,10,"SVP BIC",0.0220000000000482,68
"vary_k",10000,67,10,"SVP BIC calibrated",0.0219999999999345,68
"vary_k",10000,67,10,"SVP BIC multiscale",0.0229999999999109,68
"vary_k",10000,68,1,"PELT",0.00199999999995271,69
"vary_k",10000,68,1,"SVP BIC",0.0220000000000482,69
"vary_k",10000,68,1,"SVP BIC calibrated",0.0229999999999109,69
"vary_k",10000,68,1,"SVP BIC multiscale",0.0229999999999109,69
"vary_k",10000,68,2,"PELT",0.00200000000006639,69
"vary_k",10000,68,2,"SVP BIC",0.0209999999999582,69
"vary_k",10000,68,2,"SVP BIC calibrated",0.0219999999999345,69
"vary_k",10000,68,2,"SVP BIC multiscale",0.0220000000000482,69
"vary_k",10000,68,3,"PELT",0.00300000000004275,69
"vary_k",10000,68,3,"SVP BIC",0.0220000000000482,69
"vary_k",10000,68,3,"SVP BIC calibrated",0.0230000000000246,69
"vary_k",10000,68,3,"SVP BIC multiscale",0.0240000000000009,69
"vary_k",10000,68,4,"PELT",0.00199999999995271,69
"vary_k",10000,68,4,"SVP BIC",0.0220000000000482,69
"vary_k",10000,68,4,"SVP BIC calibrated",0.0219999999999345,69
"vary_k",10000,68,4,"SVP BIC multiscale",0.0230000000000246,69
"vary_k",10000,68,5,"PELT",0.00200000000006639,69
"vary_k",10000,68,5,"SVP BIC",0.0220000000000482,69
"vary_k",10000,68,5,"SVP BIC calibrated",0.0219999999999345,69
"vary_k",10000,68,5,"SVP BIC multiscale",0.0319999999999254,69
"vary_k",10000,68,6,"PELT",0.00200000000006639,69
"vary_k",10000,68,6,"SVP BIC",0.0240000000000009,69
"vary_k",10000,68,6,"SVP BIC calibrated",0.0219999999999345,69
"vary_k",10000,68,6,"SVP BIC multiscale",0.0240000000000009,69
"vary_k",10000,68,7,"PELT",0.00199999999995271,69
"vary_k",10000,68,7,"SVP BIC",0.0220000000000482,69
"vary_k",10000,68,7,"SVP BIC calibrated",0.0220000000000482,69
"vary_k",10000,68,7,"SVP BIC multiscale",0.0230000000000246,69
"vary_k",10000,68,8,"PELT",0.00299999999992906,69
"vary_k",10000,68,8,"SVP BIC",0.0220000000000482,69
"vary_k",10000,68,8,"SVP BIC calibrated",0.0219999999999345,69
"vary_k",10000,68,8,"SVP BIC multiscale",0.0219999999999345,69
"vary_k",10000,68,9,"PELT",0.00300000000004275,69
"vary_k",10000,68,9,"SVP BIC",0.0229999999999109,69
"vary_k",10000,68,9,"SVP BIC calibrated",0.0219999999999345,69
"vary_k",10000,68,9,"SVP BIC multiscale",0.0230000000000246,69
"vary_k",10000,68,10,"PELT",0.00199999999995271,69
"vary_k",10000,68,10,"SVP BIC",0.0220000000000482,69
"vary_k",10000,68,10,"SVP BIC calibrated",0.0220000000000482,69
"vary_k",10000,68,10,"SVP BIC multiscale",0.0230000000000246,69
"vary_k",10000,69,1,"PELT",0.00199999999995271,70
"vary_k",10000,69,1,"SVP BIC",0.0220000000000482,70
"vary_k",10000,69,1,"SVP BIC calibrated",0.0210000000000719,70
"vary_k",10000,69,1,"SVP BIC multiscale",0.0219999999999345,70
"vary_k",10000,69,2,"PELT",0.00200000000006639,70
"vary_k",10000,69,2,"SVP BIC",0.0220000000000482,70
"vary_k",10000,69,2,"SVP BIC calibrated",0.0219999999999345,70
"vary_k",10000,69,2,"SVP BIC multiscale",0.0240000000000009,70
"vary_k",10000,69,3,"PELT",0.00300000000004275,70
"vary_k",10000,69,3,"SVP BIC",0.0229999999999109,70
"vary_k",10000,69,3,"SVP BIC calibrated",0.0230000000000246,70
"vary_k",10000,69,3,"SVP BIC multiscale",0.0229999999999109,70
"vary_k",10000,69,4,"PELT",0.00300000000004275,70
"vary_k",10000,69,4,"SVP BIC",0.0220000000000482,70
"vary_k",10000,69,4,"SVP BIC calibrated",0.0230000000000246,70
"vary_k",10000,69,4,"SVP BIC multiscale",0.0230000000000246,70
"vary_k",10000,69,5,"PELT",0.00200000000006639,70
"vary_k",10000,69,5,"SVP BIC",0.0230000000000246,70
"vary_k",10000,69,5,"SVP BIC calibrated",0.0220000000000482,70
"vary_k",10000,69,5,"SVP BIC multiscale",0.0220000000000482,70
"vary_k",10000,69,6,"PELT",0.00299999999992906,70
"vary_k",10000,69,6,"SVP BIC",0.0209999999999582,70
"vary_k",10000,69,6,"SVP BIC calibrated",0.0220000000000482,70
"vary_k",10000,69,6,"SVP BIC multiscale",0.0229999999999109,70
"vary_k",10000,69,7,"PELT",0.00199999999995271,70
"vary_k",10000,69,7,"SVP BIC",0.0220000000000482,70
"vary_k",10000,69,7,"SVP BIC calibrated",0.0220000000000482,70
"vary_k",10000,69,7,"SVP BIC multiscale",0.0230000000000246,70
"vary_k",10000,69,8,"PELT",0.00199999999995271,70
"vary_k",10000,69,8,"SVP BIC",0.0209999999999582,70
"vary_k",10000,69,8,"SVP BIC calibrated",0.0210000000000719,70
"vary_k",10000,69,8,"SVP BIC multiscale",0.0220000000000482,70
"vary_k",10000,69,9,"PELT",0.00200000000006639,70
"vary_k",10000,69,9,"SVP BIC",0.0220000000000482,70
"vary_k",10000,69,9,"SVP BIC calibrated",0.0219999999999345,70
"vary_k",10000,69,9,"SVP BIC multiscale",0.0219999999999345,70
"vary_k",10000,69,10,"PELT",0.00300000000004275,70
"vary_k",10000,69,10,"SVP BIC",0.0209999999999582,70
"vary_k",10000,69,10,"SVP BIC calibrated",0.0220000000000482,70
"vary_k",10000,69,10,"SVP BIC multiscale",0.0230000000000246,70
"vary_k",10000,70,1,"PELT",0.00300000000004275,71
"vary_k",10000,70,1,"SVP BIC",0.0210000000000719,71
"vary_k",10000,70,1,"SVP BIC calibrated",0.0210000000000719,71
"vary_k",10000,70,1,"SVP BIC multiscale",0.0220000000000482,71
"vary_k",10000,70,2,"PELT",0.00200000000006639,71
"vary_k",10000,70,2,"SVP BIC",0.0210000000000719,71
"vary_k",10000,70,2,"SVP BIC calibrated",0.0210000000000719,71
"vary_k",10000,70,2,"SVP BIC multiscale",0.0220000000000482,71
"vary_k",10000,70,3,"PELT",0.00200000000006639,71
"vary_k",10000,70,3,"SVP BIC",0.0210000000000719,71
"vary_k",10000,70,3,"SVP BIC calibrated",0.0210000000000719,71
"vary_k",10000,70,3,"SVP BIC multiscale",0.0220000000000482,71
"vary_k",10000,70,4,"PELT",0.00200000000006639,71
"vary_k",10000,70,4,"SVP BIC",0.0210000000000719,71
"vary_k",10000,70,4,"SVP BIC calibrated",0.0209999999999582,71
"vary_k",10000,70,4,"SVP BIC multiscale",0.0219999999999345,71
"vary_k",10000,70,5,"PELT",0.00199999999995271,71
"vary_k",10000,70,5,"SVP BIC",0.0209999999999582,71
"vary_k",10000,70,5,"SVP BIC calibrated",0.0209999999999582,71
"vary_k",10000,70,5,"SVP BIC multiscale",0.0219999999999345,71
"vary_k",10000,70,6,"PELT",0.00299999999992906,71
"vary_k",10000,70,6,"SVP BIC",0.0219999999999345,71
"vary_k",10000,70,6,"SVP BIC calibrated",0.0209999999999582,71
"vary_k",10000,70,6,"SVP BIC multiscale",0.0219999999999345,71
"vary_k",10000,70,7,"PELT",0.00300000000004275,71
"vary_k",10000,70,7,"SVP BIC",0.0210000000000719,71
"vary_k",10000,70,7,"SVP BIC calibrated",0.0210000000000719,71
"vary_k",10000,70,7,"SVP BIC multiscale",0.0220000000000482,71
"vary_k",10000,70,8,"PELT",0.00300000000004275,71
"vary_k",10000,70,8,"SVP BIC",0.0220000000000482,71
"vary_k",10000,70,8,"SVP BIC calibrated",0.0210000000000719,71
"vary_k",10000,70,8,"SVP BIC multiscale",0.0220000000000482,71
"vary_k",10000,70,9,"PELT",0.00199999999995271,71
"vary_k",10000,70,9,"SVP BIC",0.0209999999999582,71
"vary_k",10000,70,9,"SVP BIC calibrated",0.0209999999999582,71
"vary_k",10000,70,9,"SVP BIC multiscale",0.0219999999999345,71
"vary_k",10000,70,10,"PELT",0.00299999999992906,71
"vary_k",10000,70,10,"SVP BIC",0.0209999999999582,71
"vary_k",10000,70,10,"SVP BIC calibrated",0.0209999999999582,71
"vary_k",10000,70,10,"SVP BIC multiscale",0.0220000000000482,71
"vary_k",10000,71,1,"PELT",0.00299999999992906,72
"vary_k",10000,71,1,"SVP BIC",0.0209999999999582,72
"vary_k",10000,71,1,"SVP BIC calibrated",0.0209999999999582,72
"vary_k",10000,71,1,"SVP BIC multiscale",0.0219999999999345,72
"vary_k",10000,71,2,"PELT",0.00299999999992906,72
"vary_k",10000,71,2,"SVP BIC",0.0209999999999582,72
"vary_k",10000,71,2,"SVP BIC calibrated",0.0209999999999582,72
"vary_k",10000,71,2,"SVP BIC multiscale",0.0219999999999345,72
"vary_k",10000,71,3,"PELT",0.00300000000004275,72
"vary_k",10000,71,3,"SVP BIC",0.0209999999999582,72
"vary_k",10000,71,3,"SVP BIC calibrated",0.0209999999999582,72
"vary_k",10000,71,3,"SVP BIC multiscale",0.0219999999999345,72
"vary_k",10000,71,4,"PELT",0.00199999999995271,72
"vary_k",10000,71,4,"SVP BIC",0.0219999999999345,72
"vary_k",10000,71,4,"SVP BIC calibrated",0.0209999999999582,72
"vary_k",10000,71,4,"SVP BIC multiscale",0.0209999999999582,72
"vary_k",10000,71,5,"PELT",0.00200000000006639,72
"vary_k",10000,71,5,"SVP BIC",0.0210000000000719,72
"vary_k",10000,71,5,"SVP BIC calibrated",0.0210000000000719,72
"vary_k",10000,71,5,"SVP BIC multiscale",0.0209999999999582,72
"vary_k",10000,71,6,"PELT",0.00199999999995271,72
"vary_k",10000,71,6,"SVP BIC",0.0210000000000719,72
"vary_k",10000,71,6,"SVP BIC calibrated",0.0220000000000482,72
"vary_k",10000,71,6,"SVP BIC multiscale",0.0219999999999345,72
"vary_k",10000,71,7,"PELT",0.00299999999992906,72
"vary_k",10000,71,7,"SVP BIC",0.0209999999999582,72
"vary_k",10000,71,7,"SVP BIC calibrated",0.0219999999999345,72
"vary_k",10000,71,7,"SVP BIC multiscale",0.0220000000000482,72
"vary_k",10000,71,8,"PELT",0.00199999999995271,72
"vary_k",10000,71,8,"SVP BIC",0.0209999999999582,72
"vary_k",10000,71,8,"SVP BIC calibrated",0.0209999999999582,72
"vary_k",10000,71,8,"SVP BIC multiscale",0.0220000000000482,72
"vary_k",10000,71,9,"PELT",0.00300000000004275,72
"vary_k",10000,71,9,"SVP BIC",0.0210000000000719,72
"vary_k",10000,71,9,"SVP BIC calibrated",0.0210000000000719,72
"vary_k",10000,71,9,"SVP BIC multiscale",0.0220000000000482,72
"vary_k",10000,71,10,"PELT",0.00200000000006639,72
"vary_k",10000,71,10,"SVP BIC",0.0210000000000719,72
"vary_k",10000,71,10,"SVP BIC calibrated",0.0209999999999582,72
"vary_k",10000,71,10,"SVP BIC multiscale",0.0209999999999582,72
"vary_k",10000,72,1,"PELT",0.00199999999995271,73
"vary_k",10000,72,1,"SVP BIC",0.0209999999999582,73
"vary_k",10000,72,1,"SVP BIC calibrated",0.0199999999999818,73
"vary_k",10000,72,1,"SVP BIC multiscale",0.0220000000000482,73
"vary_k",10000,72,2,"PELT",0.00300000000004275,73
"vary_k",10000,72,2,"SVP BIC",0.0209999999999582,73
"vary_k",10000,72,2,"SVP BIC calibrated",0.0209999999999582,73
"vary_k",10000,72,2,"SVP BIC multiscale",0.0209999999999582,73
"vary_k",10000,72,3,"PELT",0.00199999999995271,73
"vary_k",10000,72,3,"SVP BIC",0.0199999999999818,73
"vary_k",10000,72,3,"SVP BIC calibrated",0.0209999999999582,73
"vary_k",10000,72,3,"SVP BIC multiscale",0.0209999999999582,73
"vary_k",10000,72,4,"PELT",0.00299999999992906,73
"vary_k",10000,72,4,"SVP BIC",0.0209999999999582,73
"vary_k",10000,72,4,"SVP BIC calibrated",0.0209999999999582,73
"vary_k",10000,72,4,"SVP BIC multiscale",0.0220000000000482,73
"vary_k",10000,72,5,"PELT",0.00300000000004275,73
"vary_k",10000,72,5,"SVP BIC",0.0210000000000719,73
"vary_k",10000,72,5,"SVP BIC calibrated",0.0199999999999818,73
"vary_k",10000,72,5,"SVP BIC multiscale",0.0220000000000482,73
"vary_k",10000,72,6,"PELT",0.00300000000004275,73
"vary_k",10000,72,6,"SVP BIC",0.0210000000000719,73
"vary_k",10000,72,6,"SVP BIC calibrated",0.0210000000000719,73
"vary_k",10000,72,6,"SVP BIC multiscale",0.0220000000000482,73
"vary_k",10000,72,7,"PELT",0.00200000000006639,73
"vary_k",10000,72,7,"SVP BIC",0.0209999999999582,73
"vary_k",10000,72,7,"SVP BIC calibrated",0.0209999999999582,73
"vary_k",10000,72,7,"SVP BIC multiscale",0.0219999999999345,73
"vary_k",10000,72,8,"PELT",0.00199999999995271,73
"vary_k",10000,72,8,"SVP BIC",0.0199999999999818,73
"vary_k",10000,72,8,"SVP BIC calibrated",0.0209999999999582,73
"vary_k",10000,72,8,"SVP BIC multiscale",0.0209999999999582,73
"vary_k",10000,72,9,"PELT",0.00200000000006639,73
"vary_k",10000,72,9,"SVP BIC",0.0209999999999582,73
"vary_k",10000,72,9,"SVP BIC calibrated",0.0209999999999582,73
"vary_k",10000,72,9,"SVP BIC multiscale",0.0209999999999582,73
"vary_k",10000,72,10,"PELT",0.00199999999995271,73
"vary_k",10000,72,10,"SVP BIC",0.0209999999999582,73
"vary_k",10000,72,10,"SVP BIC calibrated",0.0209999999999582,73
"vary_k",10000,72,10,"SVP BIC multiscale",0.0209999999999582,73
"vary_k",10000,73,1,"PELT",0.00199999999995271,74
"vary_k",10000,73,1,"SVP BIC",0.0199999999999818,74
"vary_k",10000,73,1,"SVP BIC calibrated",0.0210000000000719,74
"vary_k",10000,73,1,"SVP BIC multiscale",0.0220000000000482,74
"vary_k",10000,73,2,"PELT",0.00300000000004275,74
"vary_k",10000,73,2,"SVP BIC",0.0200000000000955,74
"vary_k",10000,73,2,"SVP BIC calibrated",0.0199999999999818,74
"vary_k",10000,73,2,"SVP BIC multiscale",0.0209999999999582,74
"vary_k",10000,73,3,"PELT",0.00299999999992906,74
"vary_k",10000,73,3,"SVP BIC",0.0210000000000719,74
"vary_k",10000,73,3,"SVP BIC calibrated",0.0210000000000719,74
"vary_k",10000,73,3,"SVP BIC multiscale",0.0210000000000719,74
"vary_k",10000,73,4,"PELT",0.00200000000006639,74
"vary_k",10000,73,4,"SVP BIC",0.0210000000000719,74
"vary_k",10000,73,4,"SVP BIC calibrated",0.0200000000000955,74
"vary_k",10000,73,4,"SVP BIC multiscale",0.0210000000000719,74
"vary_k",10000,73,5,"PELT",0.00200000000006639,74
"vary_k",10000,73,5,"SVP BIC",0.0199999999999818,74
"vary_k",10000,73,5,"SVP BIC calibrated",0.0199999999999818,74
"vary_k",10000,73,5,"SVP BIC multiscale",0.0209999999999582,74
"vary_k",10000,73,6,"PELT",0.00199999999995271,74
"vary_k",10000,73,6,"SVP BIC",0.0200000000000955,74
"vary_k",10000,73,6,"SVP BIC calibrated",0.0209999999999582,74
"vary_k",10000,73,6,"SVP BIC multiscale",0.0209999999999582,74
"vary_k",10000,73,7,"PELT",0.00199999999995271,74
"vary_k",10000,73,7,"SVP BIC",0.0209999999999582,74
"vary_k",10000,73,7,"SVP BIC calibrated",0.0209999999999582,74
"vary_k",10000,73,7,"SVP BIC multiscale",0.0210000000000719,74
"vary_k",10000,73,8,"PELT",0.00200000000006639,74
"vary_k",10000,73,8,"SVP BIC",0.0210000000000719,74
"vary_k",10000,73,8,"SVP BIC calibrated",0.0199999999999818,74
"vary_k",10000,73,8,"SVP BIC multiscale",0.0209999999999582,74
"vary_k",10000,73,9,"PELT",0.00199999999995271,74
"vary_k",10000,73,9,"SVP BIC",0.0199999999999818,74
"vary_k",10000,73,9,"SVP BIC calibrated",0.0200000000000955,74
"vary_k",10000,73,9,"SVP BIC multiscale",0.0209999999999582,74
"vary_k",10000,73,10,"PELT",0.00199999999995271,74
"vary_k",10000,73,10,"SVP BIC",0.0209999999999582,74
"vary_k",10000,73,10,"SVP BIC calibrated",0.0199999999999818,74
"vary_k",10000,73,10,"SVP BIC multiscale",0.0209999999999582,74
"vary_k",10000,74,1,"PELT",0.00199999999995271,75
"vary_k",10000,74,1,"SVP BIC",0.0200000000000955,75
"vary_k",10000,74,1,"SVP BIC calibrated",0.0199999999999818,75
"vary_k",10000,74,1,"SVP BIC multiscale",0.0209999999999582,75
"vary_k",10000,74,2,"PELT",0.00199999999995271,75
"vary_k",10000,74,2,"SVP BIC",0.0199999999999818,75
"vary_k",10000,74,2,"SVP BIC calibrated",0.0199999999999818,75
"vary_k",10000,74,2,"SVP BIC multiscale",0.0209999999999582,75
"vary_k",10000,74,3,"PELT",0.00199999999995271,76
"vary_k",10000,74,3,"SVP BIC",0.0199999999999818,75
"vary_k",10000,74,3,"SVP BIC calibrated",0.0199999999999818,75
"vary_k",10000,74,3,"SVP BIC multiscale",0.0200000000000955,75
"vary_k",10000,74,4,"PELT",0.00200000000006639,75
"vary_k",10000,74,4,"SVP BIC",0.0200000000000955,75
"vary_k",10000,74,4,"SVP BIC calibrated",0.0199999999999818,75
"vary_k",10000,74,4,"SVP BIC multiscale",0.0209999999999582,75
"vary_k",10000,74,5,"PELT",0.00200000000006639,76
"vary_k",10000,74,5,"SVP BIC",0.0200000000000955,75
"vary_k",10000,74,5,"SVP BIC calibrated",0.0199999999999818,75
"vary_k",10000,74,5,"SVP BIC multiscale",0.0209999999999582,75
"vary_k",10000,74,6,"PELT",0.00300000000004275,75
"vary_k",10000,74,6,"SVP BIC",0.0209999999999582,75
"vary_k",10000,74,6,"SVP BIC calibrated",0.0199999999999818,75
"vary_k",10000,74,6,"SVP BIC multiscale",0.0199999999999818,75
"vary_k",10000,74,7,"PELT",0.00200000000006639,75
"vary_k",10000,74,7,"SVP BIC",0.0199999999999818,75
"vary_k",10000,74,7,"SVP BIC calibrated",0.0199999999999818,75
"vary_k",10000,74,7,"SVP BIC multiscale",0.0199999999999818,75
"vary_k",10000,74,8,"PELT",0.00299999999992906,75
"vary_k",10000,74,8,"SVP BIC",0.0200000000000955,75
"vary_k",10000,74,8,"SVP BIC calibrated",0.0199999999999818,75
"vary_k",10000,74,8,"SVP BIC multiscale",0.0209999999999582,75
"vary_k",10000,74,9,"PELT",0.00199999999995271,75
"vary_k",10000,74,9,"SVP BIC",0.0200000000000955,75
"vary_k",10000,74,9,"SVP BIC calibrated",0.0199999999999818,75
"vary_k",10000,74,9,"SVP BIC multiscale",0.0199999999999818,75
"vary_k",10000,74,10,"PELT",0.00300000000004275,75
"vary_k",10000,74,10,"SVP BIC",0.0199999999999818,75
"vary_k",10000,74,10,"SVP BIC calibrated",0.0209999999999582,75
"vary_k",10000,74,10,"SVP BIC multiscale",0.0220000000000482,75
"vary_k",10000,75,1,"PELT",0.00199999999995271,76
"vary_k",10000,75,1,"SVP BIC",0.0199999999999818,76
"vary_k",10000,75,1,"SVP BIC calibrated",0.0199999999999818,76
"vary_k",10000,75,1,"SVP BIC multiscale",0.0200000000000955,76
"vary_k",10000,75,2,"PELT",0.00200000000006639,76
"vary_k",10000,75,2,"SVP BIC",0.0199999999999818,76
"vary_k",10000,75,2,"SVP BIC calibrated",0.0199999999999818,76
"vary_k",10000,75,2,"SVP BIC multiscale",0.0209999999999582,76
"vary_k",10000,75,3,"PELT",0.00299999999992906,76
"vary_k",10000,75,3,"SVP BIC",0.0199999999999818,76
"vary_k",10000,75,3,"SVP BIC calibrated",0.0190000000000055,76
"vary_k",10000,75,3,"SVP BIC multiscale",0.0199999999999818,76
"vary_k",10000,75,4,"PELT",0.00199999999995271,76
"vary_k",10000,75,4,"SVP BIC",0.0199999999999818,76
"vary_k",10000,75,4,"SVP BIC calibrated",0.0199999999999818,76
"vary_k",10000,75,4,"SVP BIC multiscale",0.0209999999999582,76
"vary_k",10000,75,5,"PELT",0.00299999999992906,76
"vary_k",10000,75,5,"SVP BIC",0.0199999999999818,76
"vary_k",10000,75,5,"SVP BIC calibrated",0.0190000000000055,76
"vary_k",10000,75,5,"SVP BIC multiscale",0.0199999999999818,76
"vary_k",10000,75,6,"PELT",0.00199999999995271,76
"vary_k",10000,75,6,"SVP BIC",0.0199999999999818,76
"vary_k",10000,75,6,"SVP BIC calibrated",0.0199999999999818,76
"vary_k",10000,75,6,"SVP BIC multiscale",0.0210000000000719,76
"vary_k",10000,75,7,"PELT",0.00200000000006639,76
"vary_k",10000,75,7,"SVP BIC",0.0199999999999818,76
"vary_k",10000,75,7,"SVP BIC calibrated",0.0199999999999818,76
"vary_k",10000,75,7,"SVP BIC multiscale",0.0199999999999818,76
"vary_k",10000,75,8,"PELT",0.00199999999995271,76
"vary_k",10000,75,8,"SVP BIC",0.0199999999999818,76
"vary_k",10000,75,8,"SVP BIC calibrated",0.0199999999999818,76
"vary_k",10000,75,8,"SVP BIC multiscale",0.0199999999999818,76
"vary_k",10000,75,9,"PELT",0.00200000000006639,76
"vary_k",10000,75,9,"SVP BIC",0.0199999999999818,76
"vary_k",10000,75,9,"SVP BIC calibrated",0.0199999999999818,76
"vary_k",10000,75,9,"SVP BIC multiscale",0.0210000000000719,76
"vary_k",10000,75,10,"PELT",0.00300000000004275,76
"vary_k",10000,75,10,"SVP BIC",0.0190000000000055,76
"vary_k",10000,75,10,"SVP BIC calibrated",0.0199999999999818,76
"vary_k",10000,75,10,"SVP BIC multiscale",0.0199999999999818,76
"vary_k",10000,76,1,"PELT",0.00199999999995271,77
"vary_k",10000,76,1,"SVP BIC",0.0200000000000955,77
"vary_k",10000,76,1,"SVP BIC calibrated",0.0190000000000055,77
"vary_k",10000,76,1,"SVP BIC multiscale",0.0210000000000719,77
"vary_k",10000,76,2,"PELT",0.00200000000006639,77
"vary_k",10000,76,2,"SVP BIC",0.0190000000000055,77
"vary_k",10000,76,2,"SVP BIC calibrated",0.0190000000000055,77
"vary_k",10000,76,2,"SVP BIC multiscale",0.0199999999999818,77
"vary_k",10000,76,3,"PELT",0.00300000000004275,77
"vary_k",10000,76,3,"SVP BIC",0.0190000000000055,77
"vary_k",10000,76,3,"SVP BIC calibrated",0.0199999999999818,77
"vary_k",10000,76,3,"SVP BIC multiscale",0.0199999999999818,77
"vary_k",10000,76,4,"PELT",0.00300000000004275,77
"vary_k",10000,76,4,"SVP BIC",0.0199999999999818,77
"vary_k",10000,76,4,"SVP BIC calibrated",0.0190000000000055,77
"vary_k",10000,76,4,"SVP BIC multiscale",0.0200000000000955,77
"vary_k",10000,76,5,"PELT",0.00200000000006639,77
"vary_k",10000,76,5,"SVP BIC",0.0190000000000055,77
"vary_k",10000,76,5,"SVP BIC calibrated",0.0190000000000055,77
"vary_k",10000,76,5,"SVP BIC multiscale",0.0199999999999818,77
"vary_k",10000,76,6,"PELT",0.00200000000006639,77
"vary_k",10000,76,6,"SVP BIC",0.0190000000000055,77
"vary_k",10000,76,6,"SVP BIC calibrated",0.0190000000000055,77
"vary_k",10000,76,6,"SVP BIC multiscale",0.0199999999999818,77
"vary_k",10000,76,7,"PELT",0.00199999999995271,77
"vary_k",10000,76,7,"SVP BIC",0.0199999999999818,77
"vary_k",10000,76,7,"SVP BIC calibrated",0.0189999999998918,77
"vary_k",10000,76,7,"SVP BIC multiscale",0.0199999999999818,77
"vary_k",10000,76,8,"PELT",0.00199999999995271,78
"vary_k",10000,76,8,"SVP BIC",0.0199999999999818,77
"vary_k",10000,76,8,"SVP BIC calibrated",0.0199999999999818,77
"vary_k",10000,76,8,"SVP BIC multiscale",0.0200000000000955,77
"vary_k",10000,76,9,"PELT",0.00300000000004275,77
"vary_k",10000,76,9,"SVP BIC",0.0190000000000055,77
"vary_k",10000,76,9,"SVP BIC calibrated",0.0189999999998918,77
"vary_k",10000,76,9,"SVP BIC multiscale",0.0199999999999818,77
"vary_k",10000,76,10,"PELT",0.00299999999992906,77
"vary_k",10000,76,10,"SVP BIC",0.0190000000000055,77
"vary_k",10000,76,10,"SVP BIC calibrated",0.0200000000000955,77
"vary_k",10000,76,10,"SVP BIC multiscale",0.0199999999999818,77
"vary_k",10000,77,1,"PELT",0.00199999999995271,78
"vary_k",10000,77,1,"SVP BIC",0.0200000000000955,78
"vary_k",10000,77,1,"SVP BIC calibrated",0.0199999999999818,78
"vary_k",10000,77,1,"SVP BIC multiscale",0.0199999999999818,78
"vary_k",10000,77,2,"PELT",0.00199999999995271,78
"vary_k",10000,77,2,"SVP BIC",0.0199999999999818,78
"vary_k",10000,77,2,"SVP BIC calibrated",0.0190000000000055,78
"vary_k",10000,77,2,"SVP BIC multiscale",0.0199999999999818,78
"vary_k",10000,77,3,"PELT",0.00199999999995271,78
"vary_k",10000,77,3,"SVP BIC",0.0190000000000055,78
"vary_k",10000,77,3,"SVP BIC calibrated",0.0190000000000055,78
"vary_k",10000,77,3,"SVP BIC multiscale",0.0199999999999818,78
"vary_k",10000,77,4,"PELT",0.00199999999995271,78
"vary_k",10000,77,4,"SVP BIC",0.0190000000000055,78
"vary_k",10000,77,4,"SVP BIC calibrated",0.0190000000000055,78
"vary_k",10000,77,4,"SVP BIC multiscale",0.0200000000000955,78
"vary_k",10000,77,5,"PELT",0.00300000000004275,78
"vary_k",10000,77,5,"SVP BIC",0.0190000000000055,78
"vary_k",10000,77,5,"SVP BIC calibrated",0.0190000000000055,78
"vary_k",10000,77,5,"SVP BIC multiscale",0.0200000000000955,78
"vary_k",10000,77,6,"PELT",0.00200000000006639,78
"vary_k",10000,77,6,"SVP BIC",0.0190000000000055,78
"vary_k",10000,77,6,"SVP BIC calibrated",0.0190000000000055,78
"vary_k",10000,77,6,"SVP BIC multiscale",0.0200000000000955,78
"vary_k",10000,77,7,"PELT",0.00199999999995271,78
"vary_k",10000,77,7,"SVP BIC",0.0190000000000055,78
"vary_k",10000,77,7,"SVP BIC calibrated",0.0190000000000055,78
"vary_k",10000,77,7,"SVP BIC multiscale",0.0199999999999818,78
"vary_k",10000,77,8,"PELT",0.00300000000004275,78
"vary_k",10000,77,8,"SVP BIC",0.0199999999999818,78
"vary_k",10000,77,8,"SVP BIC calibrated",0.0190000000000055,78
"vary_k",10000,77,8,"SVP BIC multiscale",0.0199999999999818,78
"vary_k",10000,77,9,"PELT",0.00199999999995271,78
"vary_k",10000,77,9,"SVP BIC",0.0190000000000055,78
"vary_k",10000,77,9,"SVP BIC calibrated",0.0190000000000055,78
"vary_k",10000,77,9,"SVP BIC multiscale",0.0199999999999818,78
"vary_k",10000,77,10,"PELT",0.00200000000006639,78
"vary_k",10000,77,10,"SVP BIC",0.0190000000000055,78
"vary_k",10000,77,10,"SVP BIC calibrated",0.0190000000000055,78
"vary_k",10000,77,10,"SVP BIC multiscale",0.0200000000000955,78
"vary_k",10000,78,1,"PELT",0.00200000000006639,79
"vary_k",10000,78,1,"SVP BIC",0.0190000000000055,79
"vary_k",10000,78,1,"SVP BIC calibrated",0.0190000000000055,79
"vary_k",10000,78,1,"SVP BIC multiscale",0.0190000000000055,79
"vary_k",10000,78,2,"PELT",0.00199999999995271,79
"vary_k",10000,78,2,"SVP BIC",0.0190000000000055,79
"vary_k",10000,78,2,"SVP BIC calibrated",0.0199999999999818,79
"vary_k",10000,78,2,"SVP BIC multiscale",0.0199999999999818,79
"vary_k",10000,78,3,"PELT",0.00199999999995271,79
"vary_k",10000,78,3,"SVP BIC",0.0190000000000055,79
"vary_k",10000,78,3,"SVP BIC calibrated",0.0190000000000055,79
"vary_k",10000,78,3,"SVP BIC multiscale",0.0199999999999818,79
"vary_k",10000,78,4,"PELT",0.00299999999992906,79
"vary_k",10000,78,4,"SVP BIC",0.0190000000000055,79
"vary_k",10000,78,4,"SVP BIC calibrated",0.0199999999999818,79
"vary_k",10000,78,4,"SVP BIC multiscale",0.0199999999999818,79
"vary_k",10000,78,5,"PELT",0.00199999999995271,79
"vary_k",10000,78,5,"SVP BIC",0.0190000000000055,79
"vary_k",10000,78,5,"SVP BIC calibrated",0.0190000000000055,79
"vary_k",10000,78,5,"SVP BIC multiscale",0.0199999999999818,79
"vary_k",10000,78,6,"PELT",0.00199999999995271,79
"vary_k",10000,78,6,"SVP BIC",0.0199999999999818,79
"vary_k",10000,78,6,"SVP BIC calibrated",0.0199999999999818,79
"vary_k",10000,78,6,"SVP BIC multiscale",0.0199999999999818,79
"vary_k",10000,78,7,"PELT",0.00199999999995271,80
"vary_k",10000,78,7,"SVP BIC",0.0190000000000055,79
"vary_k",10000,78,7,"SVP BIC calibrated",0.0190000000000055,79
"vary_k",10000,78,7,"SVP BIC multiscale",0.0199999999999818,79
"vary_k",10000,78,8,"PELT",0.00199999999995271,79
"vary_k",10000,78,8,"SVP BIC",0.0189999999998918,79
"vary_k",10000,78,8,"SVP BIC calibrated",0.0190000000000055,79
"vary_k",10000,78,8,"SVP BIC multiscale",0.0199999999999818,79
"vary_k",10000,78,9,"PELT",0.00200000000006639,79
"vary_k",10000,78,9,"SVP BIC",0.0190000000000055,79
"vary_k",10000,78,9,"SVP BIC calibrated",0.0190000000000055,79
"vary_k",10000,78,9,"SVP BIC multiscale",0.0200000000000955,79
"vary_k",10000,78,10,"PELT",0.00300000000004275,79
"vary_k",10000,78,10,"SVP BIC",0.0190000000000055,79
"vary_k",10000,78,10,"SVP BIC calibrated",0.0190000000000055,79
"vary_k",10000,78,10,"SVP BIC multiscale",0.0199999999999818,79
"vary_k",10000,79,1,"PELT",0.00199999999995271,80
"vary_k",10000,79,1,"SVP BIC",0.0190000000000055,80
"vary_k",10000,79,1,"SVP BIC calibrated",0.0190000000000055,80
"vary_k",10000,79,1,"SVP BIC multiscale",0.0199999999999818,80
"vary_k",10000,79,2,"PELT",0.00200000000006639,80
"vary_k",10000,79,2,"SVP BIC",0.0190000000000055,80
"vary_k",10000,79,2,"SVP BIC calibrated",0.0190000000000055,80
"vary_k",10000,79,2,"SVP BIC multiscale",0.0190000000000055,80
"vary_k",10000,79,3,"PELT",0.00200000000006639,80
"vary_k",10000,79,3,"SVP BIC",0.0190000000000055,80
"vary_k",10000,79,3,"SVP BIC calibrated",0.0190000000000055,80
"vary_k",10000,79,3,"SVP BIC multiscale",0.0189999999998918,80
"vary_k",10000,79,4,"PELT",0.00200000000006639,80
"vary_k",10000,79,4,"SVP BIC",0.0190000000000055,80
"vary_k",10000,79,4,"SVP BIC calibrated",0.0190000000000055,80
"vary_k",10000,79,4,"SVP BIC multiscale",0.0199999999999818,80
"vary_k",10000,79,5,"PELT",0.00299999999992906,80
"vary_k",10000,79,5,"SVP BIC",0.0190000000000055,80
"vary_k",10000,79,5,"SVP BIC calibrated",0.0190000000000055,80
"vary_k",10000,79,5,"SVP BIC multiscale",0.0190000000000055,80
"vary_k",10000,79,6,"PELT",0.00200000000006639,80
"vary_k",10000,79,6,"SVP BIC",0.0190000000000055,80
"vary_k",10000,79,6,"SVP BIC calibrated",0.0180000000000291,80
"vary_k",10000,79,6,"SVP BIC multiscale",0.0190000000000055,80
"vary_k",10000,79,7,"PELT",0.00199999999995271,81
"vary_k",10000,79,7,"SVP BIC",0.0190000000000055,80
"vary_k",10000,79,7,"SVP BIC calibrated",0.0190000000000055,80
"vary_k",10000,79,7,"SVP BIC multiscale",0.0199999999999818,80
"vary_k",10000,79,8,"PELT",0.00200000000006639,80
"vary_k",10000,79,8,"SVP BIC",0.0179999999999154,80
"vary_k",10000,79,8,"SVP BIC calibrated",0.0190000000000055,80
"vary_k",10000,79,8,"SVP BIC multiscale",0.0190000000000055,80
"vary_k",10000,79,9,"PELT",0.00200000000006639,80
"vary_k",10000,79,9,"SVP BIC",0.0190000000000055,80
"vary_k",10000,79,9,"SVP BIC calibrated",0.0190000000000055,80
"vary_k",10000,79,9,"SVP BIC multiscale",0.0199999999999818,80
"vary_k",10000,79,10,"PELT",0.00200000000006639,80
"vary_k",10000,79,10,"SVP BIC",0.0190000000000055,80
"vary_k",10000,79,10,"SVP BIC calibrated",0.0189999999998918,80
"vary_k",10000,79,10,"SVP BIC multiscale",0.0190000000000055,80
"vary_k",10000,80,1,"PELT",0.00199999999995271,81
"vary_k",10000,80,1,"SVP BIC",0.0190000000000055,81
"vary_k",10000,80,1,"SVP BIC calibrated",0.0190000000000055,81
"vary_k",10000,80,1,"SVP BIC multiscale",0.0190000000000055,81
"vary_k",10000,80,2,"PELT",0.00199999999995271,81
"vary_k",10000,80,2,"SVP BIC",0.0180000000000291,81
"vary_k",10000,80,2,"SVP BIC calibrated",0.0190000000000055,81
"vary_k",10000,80,2,"SVP BIC multiscale",0.0190000000000055,81
"vary_k",10000,80,3,"PELT",0.00199999999995271,81
"vary_k",10000,80,3,"SVP BIC",0.0190000000000055,81
"vary_k",10000,80,3,"SVP BIC calibrated",0.0190000000000055,81
"vary_k",10000,80,3,"SVP BIC multiscale",0.0190000000000055,81
"vary_k",10000,80,4,"PELT",0.00200000000006639,81
"vary_k",10000,80,4,"SVP BIC",0.0190000000000055,81
"vary_k",10000,80,4,"SVP BIC calibrated",0.0180000000000291,81
"vary_k",10000,80,4,"SVP BIC multiscale",0.0190000000000055,81
"vary_k",10000,80,5,"PELT",0.00199999999995271,81
"vary_k",10000,80,5,"SVP BIC",0.0190000000000055,81
"vary_k",10000,80,5,"SVP BIC calibrated",0.0189999999998918,81
"vary_k",10000,80,5,"SVP BIC multiscale",0.0190000000000055,81
"vary_k",10000,80,6,"PELT",0.00200000000006639,81
"vary_k",10000,80,6,"SVP BIC",0.0190000000000055,81
"vary_k",10000,80,6,"SVP BIC calibrated",0.0190000000000055,81
"vary_k",10000,80,6,"SVP BIC multiscale",0.0190000000000055,81
"vary_k",10000,80,7,"PELT",0.00300000000004275,81
"vary_k",10000,80,7,"SVP BIC",0.0180000000000291,81
"vary_k",10000,80,7,"SVP BIC calibrated",0.0189999999998918,81
"vary_k",10000,80,7,"SVP BIC multiscale",0.0190000000000055,81
"vary_k",10000,80,8,"PELT",0.00199999999995271,81
"vary_k",10000,80,8,"SVP BIC",0.0190000000000055,81
"vary_k",10000,80,8,"SVP BIC calibrated",0.0190000000000055,81
"vary_k",10000,80,8,"SVP BIC multiscale",0.0190000000000055,81
"vary_k",10000,80,9,"PELT",0.00200000000006639,81
"vary_k",10000,80,9,"SVP BIC",0.0180000000000291,81
"vary_k",10000,80,9,"SVP BIC calibrated",0.0190000000000055,81
"vary_k",10000,80,9,"SVP BIC multiscale",0.0199999999999818,81
"vary_k",10000,80,10,"PELT",0.00200000000006639,82
"vary_k",10000,80,10,"SVP BIC",0.0180000000000291,81
"vary_k",10000,80,10,"SVP BIC calibrated",0.0190000000000055,81
"vary_k",10000,80,10,"SVP BIC multiscale",0.0190000000000055,81
"vary_k",10000,81,1,"PELT",0.00199999999995271,82
"vary_k",10000,81,1,"SVP BIC",0.0179999999999154,82
"vary_k",10000,81,1,"SVP BIC calibrated",0.0190000000000055,82
"vary_k",10000,81,1,"SVP BIC multiscale",0.0190000000000055,82
"vary_k",10000,81,2,"PELT",0.00299999999992906,82
"vary_k",10000,81,2,"SVP BIC",0.0190000000000055,82
"vary_k",10000,81,2,"SVP BIC calibrated",0.0190000000000055,82
"vary_k",10000,81,2,"SVP BIC multiscale",0.0190000000000055,82
"vary_k",10000,81,3,"PELT",0.00200000000006639,82
"vary_k",10000,81,3,"SVP BIC",0.0180000000000291,82
"vary_k",10000,81,3,"SVP BIC calibrated",0.0179999999999154,82
"vary_k",10000,81,3,"SVP BIC multiscale",0.0190000000000055,82
"vary_k",10000,81,4,"PELT",0.00200000000006639,82
"vary_k",10000,81,4,"SVP BIC",0.0190000000000055,82
"vary_k",10000,81,4,"SVP BIC calibrated",0.0179999999999154,82
"vary_k",10000,81,4,"SVP BIC multiscale",0.0199999999999818,82
"vary_k",10000,81,5,"PELT",0.00199999999995271,82
"vary_k",10000,81,5,"SVP BIC",0.0190000000000055,82
"vary_k",10000,81,5,"SVP BIC calibrated",0.0179999999999154,82
"vary_k",10000,81,5,"SVP BIC multiscale",0.0190000000000055,82
"vary_k",10000,81,6,"PELT",0.00199999999995271,82
"vary_k",10000,81,6,"SVP BIC",0.0180000000000291,82
"vary_k",10000,81,6,"SVP BIC calibrated",0.0180000000000291,82
"vary_k",10000,81,6,"SVP BIC multiscale",0.0190000000000055,82
"vary_k",10000,81,7,"PELT",0.00200000000006639,82
"vary_k",10000,81,7,"SVP BIC",0.0189999999998918,82
"vary_k",10000,81,7,"SVP BIC calibrated",0.0180000000000291,83
"vary_k",10000,81,7,"SVP BIC multiscale",0.0199999999999818,82
"vary_k",10000,81,8,"PELT",0.00199999999995271,82
"vary_k",10000,81,8,"SVP BIC",0.0180000000000291,82
"vary_k",10000,81,8,"SVP BIC calibrated",0.0180000000000291,82
"vary_k",10000,81,8,"SVP BIC multiscale",0.0190000000000055,82
"vary_k",10000,81,9,"PELT",0.00299999999992906,82
"vary_k",10000,81,9,"SVP BIC",0.0190000000000055,82
"vary_k",10000,81,9,"SVP BIC calibrated",0.0190000000000055,82
"vary_k",10000,81,9,"SVP BIC multiscale",0.0200000000000955,82
"vary_k",10000,81,10,"PELT",0.00199999999995271,82
"vary_k",10000,81,10,"SVP BIC",0.0190000000000055,82
"vary_k",10000,81,10,"SVP BIC calibrated",0.0200000000000955,82
"vary_k",10000,81,10,"SVP BIC multiscale",0.0190000000000055,82
"vary_k",10000,82,1,"PELT",0.00200000000006639,83
"vary_k",10000,82,1,"SVP BIC",0.0190000000000055,83
"vary_k",10000,82,1,"SVP BIC calibrated",0.0180000000000291,83
"vary_k",10000,82,1,"SVP BIC multiscale",0.0190000000000055,83
"vary_k",10000,82,2,"PELT",0.00200000000006639,83
"vary_k",10000,82,2,"SVP BIC",0.0190000000000055,83
"vary_k",10000,82,2,"SVP BIC calibrated",0.0180000000000291,83
"vary_k",10000,82,2,"SVP BIC multiscale",0.0190000000000055,83
"vary_k",10000,82,3,"PELT",0.00200000000006639,83
"vary_k",10000,82,3,"SVP BIC",0.0189999999998918,83
"vary_k",10000,82,3,"SVP BIC calibrated",0.0190000000000055,83
"vary_k",10000,82,3,"SVP BIC multiscale",0.0190000000000055,83
"vary_k",10000,82,4,"PELT",0.00199999999995271,83
"vary_k",10000,82,4,"SVP BIC",0.0180000000000291,83
"vary_k",10000,82,4,"SVP BIC calibrated",0.0179999999999154,83
"vary_k",10000,82,4,"SVP BIC multiscale",0.0190000000000055,83
"vary_k",10000,82,5,"PELT",0.00300000000004275,83
"vary_k",10000,82,5,"SVP BIC",0.0189999999998918,83
"vary_k",10000,82,5,"SVP BIC calibrated",0.0190000000000055,83
"vary_k",10000,82,5,"SVP BIC multiscale",0.0180000000000291,83
"vary_k",10000,82,6,"PELT",0.00199999999995271,83
"vary_k",10000,82,6,"SVP BIC",0.0180000000000291,83
"vary_k",10000,82,6,"SVP BIC calibrated",0.0180000000000291,83
"vary_k",10000,82,6,"SVP BIC multiscale",0.0190000000000055,83
"vary_k",10000,82,7,"PELT",0.00300000000004275,83
"vary_k",10000,82,7,"SVP BIC",0.0180000000000291,83
"vary_k",10000,82,7,"SVP BIC calibrated",0.0179999999999154,83
"vary_k",10000,82,7,"SVP BIC multiscale",0.0180000000000291,83
"vary_k",10000,82,8,"PELT",0.00300000000004275,83
"vary_k",10000,82,8,"SVP BIC",0.0180000000000291,83
"vary_k",10000,82,8,"SVP BIC calibrated",0.0180000000000291,83
"vary_k",10000,82,8,"SVP BIC multiscale",0.0180000000000291,83
"vary_k",10000,82,9,"PELT",0.00199999999995271,83
"vary_k",10000,82,9,"SVP BIC",0.0180000000000291,83
"vary_k",10000,82,9,"SVP BIC calibrated",0.0190000000000055,83
"vary_k",10000,82,9,"SVP BIC multiscale",0.0190000000000055,83
"vary_k",10000,82,10,"PELT",0.00199999999995271,83
"vary_k",10000,82,10,"SVP BIC",0.0199999999999818,83
"vary_k",10000,82,10,"SVP BIC calibrated",0.0180000000000291,83
"vary_k",10000,82,10,"SVP BIC multiscale",0.0190000000000055,83
"vary_k",10000,83,1,"PELT",0.00199999999995271,84
"vary_k",10000,83,1,"SVP BIC",0.0180000000000291,84
"vary_k",10000,83,1,"SVP BIC calibrated",0.0179999999999154,84
"vary_k",10000,83,1,"SVP BIC multiscale",0.0180000000000291,84
"vary_k",10000,83,2,"PELT",0.00200000000006639,84
"vary_k",10000,83,2,"SVP BIC",0.0179999999999154,84
"vary_k",10000,83,2,"SVP BIC calibrated",0.0170000000000528,84
"vary_k",10000,83,2,"SVP BIC multiscale",0.0190000000000055,84
"vary_k",10000,83,3,"PELT",0.00199999999995271,84
"vary_k",10000,83,3,"SVP BIC",0.0180000000000291,84
"vary_k",10000,83,3,"SVP BIC calibrated",0.0190000000000055,84
"vary_k",10000,83,3,"SVP BIC multiscale",0.0190000000000055,84
"vary_k",10000,83,4,"PELT",0.00200000000006639,84
"vary_k",10000,83,4,"SVP BIC",0.0179999999999154,84
"vary_k",10000,83,4,"SVP BIC calibrated",0.0180000000000291,84
"vary_k",10000,83,4,"SVP BIC multiscale",0.0180000000000291,84
"vary_k",10000,83,5,"PELT",0.00199999999995271,84
"vary_k",10000,83,5,"SVP BIC",0.0179999999999154,84
"vary_k",10000,83,5,"SVP BIC calibrated",0.0190000000000055,84
"vary_k",10000,83,5,"SVP BIC multiscale",0.0190000000000055,84
"vary_k",10000,83,6,"PELT",0.00200000000006639,84
"vary_k",10000,83,6,"SVP BIC",0.0190000000000055,84
"vary_k",10000,83,6,"SVP BIC calibrated",0.0190000000000055,84
"vary_k",10000,83,6,"SVP BIC multiscale",0.0179999999999154,84
"vary_k",10000,83,7,"PELT",0.00199999999995271,84
"vary_k",10000,83,7,"SVP BIC",0.0190000000000055,84
"vary_k",10000,83,7,"SVP BIC calibrated",0.0190000000000055,84
"vary_k",10000,83,7,"SVP BIC multiscale",0.0199999999999818,84
"vary_k",10000,83,8,"PELT",0.00200000000006639,84
"vary_k",10000,83,8,"SVP BIC",0.0190000000000055,84
"vary_k",10000,83,8,"SVP BIC calibrated",0.0179999999999154,84
"vary_k",10000,83,8,"SVP BIC multiscale",0.0190000000000055,84
"vary_k",10000,83,9,"PELT",0.00199999999995271,84
"vary_k",10000,83,9,"SVP BIC",0.0179999999999154,84
"vary_k",10000,83,9,"SVP BIC calibrated",0.0180000000000291,84
"vary_k",10000,83,9,"SVP BIC multiscale",0.0190000000000055,84
"vary_k",10000,83,10,"PELT",0.00199999999995271,84
"vary_k",10000,83,10,"SVP BIC",0.0180000000000291,84
"vary_k",10000,83,10,"SVP BIC calibrated",0.0179999999999154,84
"vary_k",10000,83,10,"SVP BIC multiscale",0.0199999999999818,84
"vary_k",10000,84,1,"PELT",0.00199999999995271,86
"vary_k",10000,84,1,"SVP BIC",0.0190000000000055,85
"vary_k",10000,84,1,"SVP BIC calibrated",0.0190000000000055,85
"vary_k",10000,84,1,"SVP BIC multiscale",0.0190000000000055,85
"vary_k",10000,84,2,"PELT",0.00200000000006639,85
"vary_k",10000,84,2,"SVP BIC",0.0190000000000055,85
"vary_k",10000,84,2,"SVP BIC calibrated",0.0190000000000055,85
"vary_k",10000,84,2,"SVP BIC multiscale",0.0180000000000291,85
"vary_k",10000,84,3,"PELT",0.00200000000006639,85
"vary_k",10000,84,3,"SVP BIC",0.0180000000000291,85
"vary_k",10000,84,3,"SVP BIC calibrated",0.0180000000000291,85
"vary_k",10000,84,3,"SVP BIC multiscale",0.0199999999999818,85
"vary_k",10000,84,4,"PELT",0.00300000000004275,85
"vary_k",10000,84,4,"SVP BIC",0.0179999999999154,85
"vary_k",10000,84,4,"SVP BIC calibrated",0.0180000000000291,85
"vary_k",10000,84,4,"SVP BIC multiscale",0.0190000000000055,85
"vary_k",10000,84,5,"PELT",0.00200000000006639,85
"vary_k",10000,84,5,"SVP BIC",0.0180000000000291,85
"vary_k",10000,84,5,"SVP BIC calibrated",0.0180000000000291,85
"vary_k",10000,84,5,"SVP BIC multiscale",0.0180000000000291,85
"vary_k",10000,84,6,"PELT",0.00199999999995271,85
"vary_k",10000,84,6,"SVP BIC",0.0179999999999154,85
"vary_k",10000,84,6,"SVP BIC calibrated",0.0180000000000291,85
"vary_k",10000,84,6,"SVP BIC multiscale",0.0179999999999154,85
"vary_k",10000,84,7,"PELT",0.00299999999992906,85
"vary_k",10000,84,7,"SVP BIC",0.0190000000000055,85
"vary_k",10000,84,7,"SVP BIC calibrated",0.0180000000000291,85
"vary_k",10000,84,7,"SVP BIC multiscale",0.0190000000000055,85
"vary_k",10000,84,8,"PELT",0.00199999999995271,85
"vary_k",10000,84,8,"SVP BIC",0.0170000000000528,85
"vary_k",10000,84,8,"SVP BIC calibrated",0.0169999999999391,85
"vary_k",10000,84,8,"SVP BIC multiscale",0.0190000000000055,85
"vary_k",10000,84,9,"PELT",0.00200000000006639,85
"vary_k",10000,84,9,"SVP BIC",0.0180000000000291,85
"vary_k",10000,84,9,"SVP BIC calibrated",0.0180000000000291,85
"vary_k",10000,84,9,"SVP BIC multiscale",0.0179999999999154,85
"vary_k",10000,84,10,"PELT",0.00199999999995271,85
"vary_k",10000,84,10,"SVP BIC",0.0180000000000291,85
"vary_k",10000,84,10,"SVP BIC calibrated",0.0179999999999154,85
"vary_k",10000,84,10,"SVP BIC multiscale",0.0190000000000055,85
"vary_k",10000,85,1,"PELT",0.00199999999995271,86
"vary_k",10000,85,1,"SVP BIC",0.0190000000000055,86
"vary_k",10000,85,1,"SVP BIC calibrated",0.0190000000000055,86
"vary_k",10000,85,1,"SVP BIC multiscale",0.0190000000000055,86
"vary_k",10000,85,2,"PELT",0.00199999999995271,87
"vary_k",10000,85,2,"SVP BIC",0.0180000000000291,86
"vary_k",10000,85,2,"SVP BIC calibrated",0.0180000000000291,87
"vary_k",10000,85,2,"SVP BIC multiscale",0.0180000000000291,86
"vary_k",10000,85,3,"PELT",0.00200000000006639,86
"vary_k",10000,85,3,"SVP BIC",0.0180000000000291,86
"vary_k",10000,85,3,"SVP BIC calibrated",0.0190000000000055,86
"vary_k",10000,85,3,"SVP BIC multiscale",0.0190000000000055,86
"vary_k",10000,85,4,"PELT",0.00200000000006639,86
"vary_k",10000,85,4,"SVP BIC",0.0179999999999154,86
"vary_k",10000,85,4,"SVP BIC calibrated",0.0180000000000291,86
"vary_k",10000,85,4,"SVP BIC multiscale",0.0190000000000055,86
"vary_k",10000,85,5,"PELT",0.00300000000004275,86
"vary_k",10000,85,5,"SVP BIC",0.0180000000000291,86
"vary_k",10000,85,5,"SVP BIC calibrated",0.0180000000000291,86
"vary_k",10000,85,5,"SVP BIC multiscale",0.0190000000000055,86
"vary_k",10000,85,6,"PELT",0.00199999999995271,86
"vary_k",10000,85,6,"SVP BIC",0.0170000000000528,86
"vary_k",10000,85,6,"SVP BIC calibrated",0.0180000000000291,86
"vary_k",10000,85,6,"SVP BIC multiscale",0.0180000000000291,86
"vary_k",10000,85,7,"PELT",0.00200000000006639,86
"vary_k",10000,85,7,"SVP BIC",0.0180000000000291,86
"vary_k",10000,85,7,"SVP BIC calibrated",0.0180000000000291,86
"vary_k",10000,85,7,"SVP BIC multiscale",0.0190000000000055,86
"vary_k",10000,85,8,"PELT",0.00199999999995271,86
"vary_k",10000,85,8,"SVP BIC",0.0190000000000055,86
"vary_k",10000,85,8,"SVP BIC calibrated",0.0190000000000055,86
"vary_k",10000,85,8,"SVP BIC multiscale",0.0199999999999818,86
"vary_k",10000,85,9,"PELT",0.00200000000006639,86
"vary_k",10000,85,9,"SVP BIC",0.0180000000000291,86
"vary_k",10000,85,9,"SVP BIC calibrated",0.0190000000000055,86
"vary_k",10000,85,9,"SVP BIC multiscale",0.0190000000000055,86
"vary_k",10000,85,10,"PELT",0.00199999999995271,86
"vary_k",10000,85,10,"SVP BIC",0.0180000000000291,86
"vary_k",10000,85,10,"SVP BIC calibrated",0.0190000000000055,86
"vary_k",10000,85,10,"SVP BIC multiscale",0.0190000000000055,86
"vary_k",10000,86,1,"PELT",0.00200000000006639,87
"vary_k",10000,86,1,"SVP BIC",0.0169999999999391,87
"vary_k",10000,86,1,"SVP BIC calibrated",0.0179999999999154,87
"vary_k",10000,86,1,"SVP BIC multiscale",0.0190000000000055,87
"vary_k",10000,86,2,"PELT",0.00199999999995271,87
"vary_k",10000,86,2,"SVP BIC",0.0170000000000528,87
"vary_k",10000,86,2,"SVP BIC calibrated",0.0180000000000291,87
"vary_k",10000,86,2,"SVP BIC multiscale",0.0180000000000291,87
"vary_k",10000,86,3,"PELT",0.00199999999995271,87
"vary_k",10000,86,3,"SVP BIC",0.0179999999999154,87
"vary_k",10000,86,3,"SVP BIC calibrated",0.0179999999999154,87
"vary_k",10000,86,3,"SVP BIC multiscale",0.0189999999998918,88
"vary_k",10000,86,4,"PELT",0.00199999999995271,87
"vary_k",10000,86,4,"SVP BIC",0.0180000000000291,87
"vary_k",10000,86,4,"SVP BIC calibrated",0.0180000000000291,87
"vary_k",10000,86,4,"SVP BIC multiscale",0.0190000000000055,87
"vary_k",10000,86,5,"PELT",0.00200000000006639,88
"vary_k",10000,86,5,"SVP BIC",0.0180000000000291,87
"vary_k",10000,86,5,"SVP BIC calibrated",0.0180000000000291,87
"vary_k",10000,86,5,"SVP BIC multiscale",0.0190000000000055,87
"vary_k",10000,86,6,"PELT",0.00300000000004275,88
"vary_k",10000,86,6,"SVP BIC",0.0179999999999154,87
"vary_k",10000,86,6,"SVP BIC calibrated",0.0179999999999154,87
"vary_k",10000,86,6,"SVP BIC multiscale",0.0190000000000055,87
"vary_k",10000,86,7,"PELT",0.00199999999995271,87
"vary_k",10000,86,7,"SVP BIC",0.0180000000000291,87
"vary_k",10000,86,7,"SVP BIC calibrated",0.0169999999999391,87
"vary_k",10000,86,7,"SVP BIC multiscale",0.0190000000000055,87
"vary_k",10000,86,8,"PELT",0.00200000000006639,87
"vary_k",10000,86,8,"SVP BIC",0.0169999999999391,87
"vary_k",10000,86,8,"SVP BIC calibrated",0.0169999999999391,87
"vary_k",10000,86,8,"SVP BIC multiscale",0.0180000000000291,87
"vary_k",10000,86,9,"PELT",0.00300000000004275,87
"vary_k",10000,86,9,"SVP BIC",0.0170000000000528,87
"vary_k",10000,86,9,"SVP BIC calibrated",0.0170000000000528,87
"vary_k",10000,86,9,"SVP BIC multiscale",0.0180000000000291,87
"vary_k",10000,86,10,"PELT",0.00200000000006639,87
"vary_k",10000,86,10,"SVP BIC",0.0180000000000291,87
"vary_k",10000,86,10,"SVP BIC calibrated",0.0180000000000291,87
"vary_k",10000,86,10,"SVP BIC multiscale",0.0180000000000291,87
"vary_k",10000,87,1,"PELT",0.00200000000006639,88
"vary_k",10000,87,1,"SVP BIC",0.0170000000000528,88
"vary_k",10000,87,1,"SVP BIC calibrated",0.0180000000000291,88
"vary_k",10000,87,1,"SVP BIC multiscale",0.0180000000000291,88
"vary_k",10000,87,2,"PELT",0.00199999999995271,88
"vary_k",10000,87,2,"SVP BIC",0.0169999999999391,88
"vary_k",10000,87,2,"SVP BIC calibrated",0.0169999999999391,88
"vary_k",10000,87,2,"SVP BIC multiscale",0.0169999999999391,88
"vary_k",10000,87,3,"PELT",0.00199999999995271,88
"vary_k",10000,87,3,"SVP BIC",0.0169999999999391,88
"vary_k",10000,87,3,"SVP BIC calibrated",0.0170000000000528,88
"vary_k",10000,87,3,"SVP BIC multiscale",0.0170000000000528,88
"vary_k",10000,87,4,"PELT",0.00199999999995271,88
"vary_k",10000,87,4,"SVP BIC",0.0180000000000291,88
"vary_k",10000,87,4,"SVP BIC calibrated",0.0180000000000291,88
"vary_k",10000,87,4,"SVP BIC multiscale",0.0170000000000528,88
"vary_k",10000,87,5,"PELT",0.00300000000004275,88
"vary_k",10000,87,5,"SVP BIC",0.0180000000000291,88
"vary_k",10000,87,5,"SVP BIC calibrated",0.0170000000000528,88
"vary_k",10000,87,5,"SVP BIC multiscale",0.0180000000000291,88
"vary_k",10000,87,6,"PELT",0.00200000000006639,88
"vary_k",10000,87,6,"SVP BIC",0.0190000000000055,88
"vary_k",10000,87,6,"SVP BIC calibrated",0.0179999999999154,88
"vary_k",10000,87,6,"SVP BIC multiscale",0.0190000000000055,88
"vary_k",10000,87,7,"PELT",0.00200000000006639,88
"vary_k",10000,87,7,"SVP BIC",0.0180000000000291,88
"vary_k",10000,87,7,"SVP BIC calibrated",0.0170000000000528,88
"vary_k",10000,87,7,"SVP BIC multiscale",0.0180000000000291,88
"vary_k",10000,87,8,"PELT",0.000999999999976353,88
"vary_k",10000,87,8,"SVP BIC",0.0169999999999391,88
"vary_k",10000,87,8,"SVP BIC calibrated",0.0169999999999391,88
"vary_k",10000,87,8,"SVP BIC multiscale",0.0180000000000291,88
"vary_k",10000,87,9,"PELT",0.00300000000004275,88
"vary_k",10000,87,9,"SVP BIC",0.0180000000000291,88
"vary_k",10000,87,9,"SVP BIC calibrated",0.0180000000000291,88
"vary_k",10000,87,9,"SVP BIC multiscale",0.0180000000000291,88
"vary_k",10000,87,10,"PELT",0.00200000000006639,88
"vary_k",10000,87,10,"SVP BIC",0.0179999999999154,88
"vary_k",10000,87,10,"SVP BIC calibrated",0.0179999999999154,88
"vary_k",10000,87,10,"SVP BIC multiscale",0.0180000000000291,88
"vary_k",10000,88,1,"PELT",0.00200000000006639,89
"vary_k",10000,88,1,"SVP BIC",0.0169999999999391,89
"vary_k",10000,88,1,"SVP BIC calibrated",0.0180000000000291,89
"vary_k",10000,88,1,"SVP BIC multiscale",0.0180000000000291,89
"vary_k",10000,88,2,"PELT",0.00200000000006639,89
"vary_k",10000,88,2,"SVP BIC",0.0180000000000291,89
"vary_k",10000,88,2,"SVP BIC calibrated",0.0169999999999391,89
"vary_k",10000,88,2,"SVP BIC multiscale",0.0179999999999154,89
"vary_k",10000,88,3,"PELT",0.00199999999995271,89
"vary_k",10000,88,3,"SVP BIC",0.0180000000000291,89
"vary_k",10000,88,3,"SVP BIC calibrated",0.0170000000000528,89
"vary_k",10000,88,3,"SVP BIC multiscale",0.0180000000000291,89
"vary_k",10000,88,4,"PELT",0.00200000000006639,89
"vary_k",10000,88,4,"SVP BIC",0.0170000000000528,89
"vary_k",10000,88,4,"SVP BIC calibrated",0.0169999999999391,89
"vary_k",10000,88,4,"SVP BIC multiscale",0.0180000000000291,89
"vary_k",10000,88,5,"PELT",0.00200000000006639,89
"vary_k",10000,88,5,"SVP BIC",0.0180000000000291,89
"vary_k",10000,88,5,"SVP BIC calibrated",0.0179999999999154,89
"vary_k",10000,88,5,"SVP BIC multiscale",0.0179999999999154,89
"vary_k",10000,88,6,"PELT",0.00199999999995271,89
"vary_k",10000,88,6,"SVP BIC",0.0180000000000291,89
"vary_k",10000,88,6,"SVP BIC calibrated",0.0169999999999391,89
"vary_k",10000,88,6,"SVP BIC multiscale",0.0190000000000055,89
"vary_k",10000,88,7,"PELT",0.00199999999995271,89
"vary_k",10000,88,7,"SVP BIC",0.0180000000000291,89
"vary_k",10000,88,7,"SVP BIC calibrated",0.0170000000000528,89
"vary_k",10000,88,7,"SVP BIC multiscale",0.0179999999999154,89
"vary_k",10000,88,8,"PELT",0.00199999999995271,89
"vary_k",10000,88,8,"SVP BIC",0.0180000000000291,89
"vary_k",10000,88,8,"SVP BIC calibrated",0.0170000000000528,89
"vary_k",10000,88,8,"SVP BIC multiscale",0.0180000000000291,89
"vary_k",10000,88,9,"PELT",0.00200000000006639,89
"vary_k",10000,88,9,"SVP BIC",0.0180000000000291,89
"vary_k",10000,88,9,"SVP BIC calibrated",0.0180000000000291,90
"vary_k",10000,88,9,"SVP BIC multiscale",0.0180000000000291,89
"vary_k",10000,88,10,"PELT",0.00200000000006639,90
"vary_k",10000,88,10,"SVP BIC",0.0180000000000291,89
"vary_k",10000,88,10,"SVP BIC calibrated",0.0170000000000528,89
"vary_k",10000,88,10,"SVP BIC multiscale",0.0180000000000291,89
"vary_k",10000,89,1,"PELT",0.00199999999995271,90
"vary_k",10000,89,1,"SVP BIC",0.0179999999999154,90
"vary_k",10000,89,1,"SVP BIC calibrated",0.0169999999999391,90
"vary_k",10000,89,1,"SVP BIC multiscale",0.0180000000000291,90
"vary_k",10000,89,2,"PELT",0.00199999999995271,90
"vary_k",10000,89,2,"SVP BIC",0.0169999999999391,90
"vary_k",10000,89,2,"SVP BIC calibrated",0.0169999999999391,90
"vary_k",10000,89,2,"SVP BIC multiscale",0.0170000000000528,90
"vary_k",10000,89,3,"PELT",0.00199999999995271,91
"vary_k",10000,89,3,"SVP BIC",0.0169999999999391,90
"vary_k",10000,89,3,"SVP BIC calibrated",0.0170000000000528,90
"vary_k",10000,89,3,"SVP BIC multiscale",0.0179999999999154,90
"vary_k",10000,89,4,"PELT",0.00199999999995271,90
"vary_k",10000,89,4,"SVP BIC",0.0170000000000528,90
"vary_k",10000,89,4,"SVP BIC calibrated",0.0170000000000528,90
"vary_k",10000,89,4,"SVP BIC multiscale",0.0180000000000291,90
"vary_k",10000,89,5,"PELT",0.00199999999995271,91
"vary_k",10000,89,5,"SVP BIC",0.0169999999999391,90
"vary_k",10000,89,5,"SVP BIC calibrated",0.0170000000000528,90
"vary_k",10000,89,5,"SVP BIC multiscale",0.0180000000000291,90
"vary_k",10000,89,6,"PELT",0.00199999999995271,90
"vary_k",10000,89,6,"SVP BIC",0.0170000000000528,90
"vary_k",10000,89,6,"SVP BIC calibrated",0.0169999999999391,90
"vary_k",10000,89,6,"SVP BIC multiscale",0.0190000000000055,90
"vary_k",10000,89,7,"PELT",0.00199999999995271,90
"vary_k",10000,89,7,"SVP BIC",0.0180000000000291,90
"vary_k",10000,89,7,"SVP BIC calibrated",0.0170000000000528,90
"vary_k",10000,89,7,"SVP BIC multiscale",0.0180000000000291,90
"vary_k",10000,89,8,"PELT",0.00199999999995271,90
"vary_k",10000,89,8,"SVP BIC",0.0169999999999391,90
"vary_k",10000,89,8,"SVP BIC calibrated",0.0169999999999391,90
"vary_k",10000,89,8,"SVP BIC multiscale",0.0169999999999391,90
"vary_k",10000,89,9,"PELT",0.00199999999995271,90
"vary_k",10000,89,9,"SVP BIC",0.0169999999999391,90
"vary_k",10000,89,9,"SVP BIC calibrated",0.0159999999999627,90
"vary_k",10000,89,9,"SVP BIC multiscale",0.0169999999999391,90
"vary_k",10000,89,10,"PELT",0.00199999999995271,90
"vary_k",10000,89,10,"SVP BIC",0.0169999999999391,90
"vary_k",10000,89,10,"SVP BIC calibrated",0.0170000000000528,90
"vary_k",10000,89,10,"SVP BIC multiscale",0.0190000000000055,90
"vary_k",10000,90,1,"PELT",0.00200000000006639,91
"vary_k",10000,90,1,"SVP BIC",0.0170000000000528,91
"vary_k",10000,90,1,"SVP BIC calibrated",0.0169999999999391,91
"vary_k",10000,90,1,"SVP BIC multiscale",0.0179999999999154,91
"vary_k",10000,90,2,"PELT",0.00199999999995271,91
"vary_k",10000,90,2,"SVP BIC",0.0180000000000291,91
"vary_k",10000,90,2,"SVP BIC calibrated",0.0170000000000528,91
"vary_k",10000,90,2,"SVP BIC multiscale",0.0179999999999154,91
"vary_k",10000,90,3,"PELT",0.00199999999995271,91
"vary_k",10000,90,3,"SVP BIC",0.0179999999999154,91
"vary_k",10000,90,3,"SVP BIC calibrated",0.0179999999999154,91
"vary_k",10000,90,3,"SVP BIC multiscale",0.0180000000000291,91
"vary_k",10000,90,4,"PELT",0.00300000000004275,91
"vary_k",10000,90,4,"SVP BIC",0.0180000000000291,91
"vary_k",10000,90,4,"SVP BIC calibrated",0.0180000000000291,91
"vary_k",10000,90,4,"SVP BIC multiscale",0.0260000000000673,91
"vary_k",10000,90,5,"PELT",0.00199999999995271,92
"vary_k",10000,90,5,"SVP BIC",0.0180000000000291,91
"vary_k",10000,90,5,"SVP BIC calibrated",0.0179999999999154,91
"vary_k",10000,90,5,"SVP BIC multiscale",0.0180000000000291,91
"vary_k",10000,90,6,"PELT",0.00200000000006639,91
"vary_k",10000,90,6,"SVP BIC",0.0170000000000528,91
"vary_k",10000,90,6,"SVP BIC calibrated",0.0170000000000528,91
"vary_k",10000,90,6,"SVP BIC multiscale",0.0180000000000291,91
"vary_k",10000,90,7,"PELT",0.00199999999995271,91
"vary_k",10000,90,7,"SVP BIC",0.0169999999999391,91
"vary_k",10000,90,7,"SVP BIC calibrated",0.0169999999999391,91
"vary_k",10000,90,7,"SVP BIC multiscale",0.0180000000000291,91
"vary_k",10000,90,8,"PELT",0.00200000000006639,91
"vary_k",10000,90,8,"SVP BIC",0.0169999999999391,91
"vary_k",10000,90,8,"SVP BIC calibrated",0.0170000000000528,91
"vary_k",10000,90,8,"SVP BIC multiscale",0.0170000000000528,91
"vary_k",10000,90,9,"PELT",0.00199999999995271,91
"vary_k",10000,90,9,"SVP BIC",0.0170000000000528,91
"vary_k",10000,90,9,"SVP BIC calibrated",0.0169999999999391,91
"vary_k",10000,90,9,"SVP BIC multiscale",0.0180000000000291,91
"vary_k",10000,90,10,"PELT",0.00200000000006639,91
"vary_k",10000,90,10,"SVP BIC",0.0169999999999391,91
"vary_k",10000,90,10,"SVP BIC calibrated",0.0169999999999391,91
"vary_k",10000,90,10,"SVP BIC multiscale",0.0180000000000291,91
"vary_k",10000,91,1,"PELT",0.00199999999995271,92
"vary_k",10000,91,1,"SVP BIC",0.0170000000000528,92
"vary_k",10000,91,1,"SVP BIC calibrated",0.0170000000000528,92
"vary_k",10000,91,1,"SVP BIC multiscale",0.0179999999999154,92
"vary_k",10000,91,2,"PELT",0.00200000000006639,92
"vary_k",10000,91,2,"SVP BIC",0.0159999999999627,92
"vary_k",10000,91,2,"SVP BIC calibrated",0.0169999999999391,92
"vary_k",10000,91,2,"SVP BIC multiscale",0.0170000000000528,92
"vary_k",10000,91,3,"PELT",0.00200000000006639,92
"vary_k",10000,91,3,"SVP BIC",0.0160000000000764,92
"vary_k",10000,91,3,"SVP BIC calibrated",0.0160000000000764,92
"vary_k",10000,91,3,"SVP BIC multiscale",0.0170000000000528,92
"vary_k",10000,91,4,"PELT",0.00200000000006639,92
"vary_k",10000,91,4,"SVP BIC",0.0170000000000528,92
"vary_k",10000,91,4,"SVP BIC calibrated",0.0170000000000528,92
"vary_k",10000,91,4,"SVP BIC multiscale",0.0170000000000528,92
"vary_k",10000,91,5,"PELT",0.00199999999995271,92
"vary_k",10000,91,5,"SVP BIC",0.0159999999999627,92
"vary_k",10000,91,5,"SVP BIC calibrated",0.0169999999999391,92
"vary_k",10000,91,5,"SVP BIC multiscale",0.0170000000000528,92
"vary_k",10000,91,6,"PELT",0.00200000000006639,92
"vary_k",10000,91,6,"SVP BIC",0.0170000000000528,92
"vary_k",10000,91,6,"SVP BIC calibrated",0.0159999999999627,92
"vary_k",10000,91,6,"SVP BIC multiscale",0.0169999999999391,92
"vary_k",10000,91,7,"PELT",0.00199999999995271,92
"vary_k",10000,91,7,"SVP BIC",0.0170000000000528,92
"vary_k",10000,91,7,"SVP BIC calibrated",0.0170000000000528,92
"vary_k",10000,91,7,"SVP BIC multiscale",0.0170000000000528,92
"vary_k",10000,91,8,"PELT",0.00200000000006639,92
"vary_k",10000,91,8,"SVP BIC",0.0169999999999391,92
"vary_k",10000,91,8,"SVP BIC calibrated",0.0169999999999391,92
"vary_k",10000,91,8,"SVP BIC multiscale",0.0169999999999391,92
"vary_k",10000,91,9,"PELT",0.00199999999995271,92
"vary_k",10000,91,9,"SVP BIC",0.0160000000000764,92
"vary_k",10000,91,9,"SVP BIC calibrated",0.0170000000000528,92
"vary_k",10000,91,9,"SVP BIC multiscale",0.0160000000000764,92
"vary_k",10000,91,10,"PELT",0.00200000000006639,92
"vary_k",10000,91,10,"SVP BIC",0.0160000000000764,92
"vary_k",10000,91,10,"SVP BIC calibrated",0.0159999999999627,92
"vary_k",10000,91,10,"SVP BIC multiscale",0.0170000000000528,92
"vary_k",10000,92,1,"PELT",0.00300000000004275,93
"vary_k",10000,92,1,"SVP BIC",0.0160000000000764,93
"vary_k",10000,92,1,"SVP BIC calibrated",0.0170000000000528,93
"vary_k",10000,92,1,"SVP BIC multiscale",0.0170000000000528,93
"vary_k",10000,92,2,"PELT",0.00199999999995271,93
"vary_k",10000,92,2,"SVP BIC",0.0170000000000528,93
"vary_k",10000,92,2,"SVP BIC calibrated",0.0160000000000764,93
"vary_k",10000,92,2,"SVP BIC multiscale",0.0170000000000528,93
"vary_k",10000,92,3,"PELT",0.00200000000006639,93
"vary_k",10000,92,3,"SVP BIC",0.0160000000000764,93
"vary_k",10000,92,3,"SVP BIC calibrated",0.0159999999999627,93
"vary_k",10000,92,3,"SVP BIC multiscale",0.0159999999999627,93
"vary_k",10000,92,4,"PELT",0.00199999999995271,93
"vary_k",10000,92,4,"SVP BIC",0.0159999999999627,93
"vary_k",10000,92,4,"SVP BIC calibrated",0.0159999999999627,93
"vary_k",10000,92,4,"SVP BIC multiscale",0.0160000000000764,93
"vary_k",10000,92,5,"PELT",0.00200000000006639,93
"vary_k",10000,92,5,"SVP BIC",0.0159999999999627,93
"vary_k",10000,92,5,"SVP BIC calibrated",0.0159999999999627,93
"vary_k",10000,92,5,"SVP BIC multiscale",0.0159999999999627,93
"vary_k",10000,92,6,"PELT",0.00199999999995271,93
"vary_k",10000,92,6,"SVP BIC",0.0160000000000764,93
"vary_k",10000,92,6,"SVP BIC calibrated",0.0160000000000764,93
"vary_k",10000,92,6,"SVP BIC multiscale",0.0169999999999391,93
"vary_k",10000,92,7,"PELT",0.00199999999995271,93
"vary_k",10000,92,7,"SVP BIC",0.0159999999999627,93
"vary_k",10000,92,7,"SVP BIC calibrated",0.0170000000000528,93
"vary_k",10000,92,7,"SVP BIC multiscale",0.0160000000000764,93
"vary_k",10000,92,8,"PELT",0.00200000000006639,94
"vary_k",10000,92,8,"SVP BIC",0.0160000000000764,93
"vary_k",10000,92,8,"SVP BIC calibrated",0.0159999999999627,93
"vary_k",10000,92,8,"SVP BIC multiscale",0.0169999999999391,93
"vary_k",10000,92,9,"PELT",0.00299999999992906,93
"vary_k",10000,92,9,"SVP BIC",0.0159999999999627,93
"vary_k",10000,92,9,"SVP BIC calibrated",0.0169999999999391,93
"vary_k",10000,92,9,"SVP BIC multiscale",0.0169999999999391,93
"vary_k",10000,92,10,"PELT",0.000999999999976353,93
"vary_k",10000,92,10,"SVP BIC",0.0160000000000764,93
"vary_k",10000,92,10,"SVP BIC calibrated",0.0170000000000528,93
"vary_k",10000,92,10,"SVP BIC multiscale",0.0170000000000528,93
"vary_k",10000,93,1,"PELT",0.00200000000006639,94
"vary_k",10000,93,1,"SVP BIC",0.0160000000000764,94
"vary_k",10000,93,1,"SVP BIC calibrated",0.0160000000000764,94
"vary_k",10000,93,1,"SVP BIC multiscale",0.0160000000000764,94
"vary_k",10000,93,2,"PELT",0.00200000000006639,94
"vary_k",10000,93,2,"SVP BIC",0.0160000000000764,94
"vary_k",10000,93,2,"SVP BIC calibrated",0.0170000000000528,94
"vary_k",10000,93,2,"SVP BIC multiscale",0.0160000000000764,94
"vary_k",10000,93,3,"PELT",0.00200000000006639,94
"vary_k",10000,93,3,"SVP BIC",0.0170000000000528,94
"vary_k",10000,93,3,"SVP BIC calibrated",0.0160000000000764,94
"vary_k",10000,93,3,"SVP BIC multiscale",0.0160000000000764,94
"vary_k",10000,93,4,"PELT",0.00200000000006639,94
"vary_k",10000,93,4,"SVP BIC",0.0159999999999627,94
"vary_k",10000,93,4,"SVP BIC calibrated",0.0159999999999627,94
"vary_k",10000,93,4,"SVP BIC multiscale",0.0170000000000528,94
"vary_k",10000,93,5,"PELT",0.00199999999995271,94
"vary_k",10000,93,5,"SVP BIC",0.0170000000000528,94
"vary_k",10000,93,5,"SVP BIC calibrated",0.0159999999999627,94
"vary_k",10000,93,5,"SVP BIC multiscale",0.0170000000000528,94
"vary_k",10000,93,6,"PELT",0.00200000000006639,94
"vary_k",10000,93,6,"SVP BIC",0.0169999999999391,94
"vary_k",10000,93,6,"SVP BIC calibrated",0.0160000000000764,94
"vary_k",10000,93,6,"SVP BIC multiscale",0.0170000000000528,94
"vary_k",10000,93,7,"PELT",0.00199999999995271,94
"vary_k",10000,93,7,"SVP BIC",0.0160000000000764,94
"vary_k",10000,93,7,"SVP BIC calibrated",0.0160000000000764,94
"vary_k",10000,93,7,"SVP BIC multiscale",0.0170000000000528,94
"vary_k",10000,93,8,"PELT",0.00200000000006639,94
"vary_k",10000,93,8,"SVP BIC",0.0170000000000528,94
"vary_k",10000,93,8,"SVP BIC calibrated",0.0159999999999627,94
"vary_k",10000,93,8,"SVP BIC multiscale",0.0179999999999154,94
"vary_k",10000,93,9,"PELT",0.00200000000006639,94
"vary_k",10000,93,9,"SVP BIC",0.0169999999999391,94
"vary_k",10000,93,9,"SVP BIC calibrated",0.0160000000000764,94
"vary_k",10000,93,9,"SVP BIC multiscale",0.0160000000000764,94
"vary_k",10000,93,10,"PELT",0.00200000000006639,94
"vary_k",10000,93,10,"SVP BIC",0.0159999999999627,94
"vary_k",10000,93,10,"SVP BIC calibrated",0.0160000000000764,94
"vary_k",10000,93,10,"SVP BIC multiscale",0.0199999999999818,94
"vary_k",10000,94,1,"PELT",0.00200000000006639,95
"vary_k",10000,94,1,"SVP BIC",0.0160000000000764,95
"vary_k",10000,94,1,"SVP BIC calibrated",0.0170000000000528,95
"vary_k",10000,94,1,"SVP BIC multiscale",0.0169999999999391,95
"vary_k",10000,94,2,"PELT",0.00300000000004275,95
"vary_k",10000,94,2,"SVP BIC",0.0159999999999627,95
"vary_k",10000,94,2,"SVP BIC calibrated",0.0159999999999627,95
"vary_k",10000,94,2,"SVP BIC multiscale",0.0169999999999391,95
"vary_k",10000,94,3,"PELT",0.00299999999992906,95
"vary_k",10000,94,3,"SVP BIC",0.0159999999999627,95
"vary_k",10000,94,3,"SVP BIC calibrated",0.0170000000000528,95
"vary_k",10000,94,3,"SVP BIC multiscale",0.0179999999999154,95
"vary_k",10000,94,4,"PELT",0.00200000000006639,95
"vary_k",10000,94,4,"SVP BIC",0.0170000000000528,95
"vary_k",10000,94,4,"SVP BIC calibrated",0.0169999999999391,95
"vary_k",10000,94,4,"SVP BIC multiscale",0.0169999999999391,95
"vary_k",10000,94,5,"PELT",0.00200000000006639,95
"vary_k",10000,94,5,"SVP BIC",0.0170000000000528,95
"vary_k",10000,94,5,"SVP BIC calibrated",0.0169999999999391,95
"vary_k",10000,94,5,"SVP BIC multiscale",0.0169999999999391,95
"vary_k",10000,94,6,"PELT",0.00200000000006639,95
"vary_k",10000,94,6,"SVP BIC",0.0170000000000528,95
"vary_k",10000,94,6,"SVP BIC calibrated",0.0159999999999627,95
"vary_k",10000,94,6,"SVP BIC multiscale",0.0180000000000291,95
"vary_k",10000,94,7,"PELT",0.00199999999995271,95
"vary_k",10000,94,7,"SVP BIC",0.0159999999999627,95
"vary_k",10000,94,7,"SVP BIC calibrated",0.0159999999999627,95
"vary_k",10000,94,7,"SVP BIC multiscale",0.0159999999999627,95
"vary_k",10000,94,8,"PELT",0.00199999999995271,95
"vary_k",10000,94,8,"SVP BIC",0.0159999999999627,95
"vary_k",10000,94,8,"SVP BIC calibrated",0.0159999999999627,95
"vary_k",10000,94,8,"SVP BIC multiscale",0.0159999999999627,95
"vary_k",10000,94,9,"PELT",0.00200000000006639,95
"vary_k",10000,94,9,"SVP BIC",0.0160000000000764,95
"vary_k",10000,94,9,"SVP BIC calibrated",0.0209999999999582,95
"vary_k",10000,94,9,"SVP BIC multiscale",0.0159999999999627,95
"vary_k",10000,94,10,"PELT",0.00199999999995271,95
"vary_k",10000,94,10,"SVP BIC",0.0159999999999627,95
"vary_k",10000,94,10,"SVP BIC calibrated",0.0159999999999627,95
"vary_k",10000,94,10,"SVP BIC multiscale",0.0170000000000528,95
"vary_k",10000,95,1,"PELT",0.00200000000006639,96
"vary_k",10000,95,1,"SVP BIC",0.0169999999999391,96
"vary_k",10000,95,1,"SVP BIC calibrated",0.0159999999999627,96
"vary_k",10000,95,1,"SVP BIC multiscale",0.0170000000000528,97
"vary_k",10000,95,2,"PELT",0.00199999999995271,96
"vary_k",10000,95,2,"SVP BIC",0.0160000000000764,96
"vary_k",10000,95,2,"SVP BIC calibrated",0.0160000000000764,96
"vary_k",10000,95,2,"SVP BIC multiscale",0.0199999999999818,96
"vary_k",10000,95,3,"PELT",0.00199999999995271,96
"vary_k",10000,95,3,"SVP BIC",0.0159999999999627,96
"vary_k",10000,95,3,"SVP BIC calibrated",0.0149999999999864,96
"vary_k",10000,95,3,"SVP BIC multiscale",0.0169999999999391,96
"vary_k",10000,95,4,"PELT",0.00200000000006639,96
"vary_k",10000,95,4,"SVP BIC",0.0169999999999391,96
"vary_k",10000,95,4,"SVP BIC calibrated",0.0159999999999627,96
"vary_k",10000,95,4,"SVP BIC multiscale",0.0159999999999627,96
"vary_k",10000,95,5,"PELT",0.000999999999976353,97
"vary_k",10000,95,5,"SVP BIC",0.0159999999999627,96
"vary_k",10000,95,5,"SVP BIC calibrated",0.0160000000000764,96
"vary_k",10000,95,5,"SVP BIC multiscale",0.0160000000000764,96
"vary_k",10000,95,6,"PELT",0.00200000000006639,96
"vary_k",10000,95,6,"SVP BIC",0.0160000000000764,96
"vary_k",10000,95,6,"SVP BIC calibrated",0.0160000000000764,96
"vary_k",10000,95,6,"SVP BIC multiscale",0.0159999999999627,96
"vary_k",10000,95,7,"PELT",0.00199999999995271,96
"vary_k",10000,95,7,"SVP BIC",0.0159999999999627,96
"vary_k",10000,95,7,"SVP BIC calibrated",0.0149999999999864,96
"vary_k",10000,95,7,"SVP BIC multiscale",0.0170000000000528,96
"vary_k",10000,95,8,"PELT",0.000999999999976353,96
"vary_k",10000,95,8,"SVP BIC",0.0159999999999627,96
"vary_k",10000,95,8,"SVP BIC calibrated",0.0160000000000764,96
"vary_k",10000,95,8,"SVP BIC multiscale",0.0160000000000764,96
"vary_k",10000,95,9,"PELT",0.00199999999995271,96
"vary_k",10000,95,9,"SVP BIC",0.0159999999999627,96
"vary_k",10000,95,9,"SVP BIC calibrated",0.0149999999999864,96
"vary_k",10000,95,9,"SVP BIC multiscale",0.0159999999999627,96
"vary_k",10000,95,10,"PELT",0.00199999999995271,96
"vary_k",10000,95,10,"SVP BIC",0.0159999999999627,96
"vary_k",10000,95,10,"SVP BIC calibrated",0.0149999999999864,96
"vary_k",10000,95,10,"SVP BIC multiscale",0.0159999999999627,96
"vary_k",10000,96,1,"PELT",0.00199999999995271,97
"vary_k",10000,96,1,"SVP BIC",0.0159999999999627,97
"vary_k",10000,96,1,"SVP BIC calibrated",0.0159999999999627,97
"vary_k",10000,96,1,"SVP BIC multiscale",0.0160000000000764,97
"vary_k",10000,96,2,"PELT",0.00200000000006639,97
"vary_k",10000,96,2,"SVP BIC",0.0150000000001,97
"vary_k",10000,96,2,"SVP BIC calibrated",0.0159999999999627,97
"vary_k",10000,96,2,"SVP BIC multiscale",0.0159999999999627,97
"vary_k",10000,96,3,"PELT",0.00199999999995271,97
"vary_k",10000,96,3,"SVP BIC",0.0159999999999627,97
"vary_k",10000,96,3,"SVP BIC calibrated",0.0159999999999627,97
"vary_k",10000,96,3,"SVP BIC multiscale",0.0159999999999627,97
"vary_k",10000,96,4,"PELT",0.00199999999995271,97
"vary_k",10000,96,4,"SVP BIC",0.0149999999999864,97
"vary_k",10000,96,4,"SVP BIC calibrated",0.0149999999999864,97
"vary_k",10000,96,4,"SVP BIC multiscale",0.0159999999999627,97
"vary_k",10000,96,5,"PELT",0.00200000000006639,97
"vary_k",10000,96,5,"SVP BIC",0.0159999999999627,97
"vary_k",10000,96,5,"SVP BIC calibrated",0.0159999999999627,97
"vary_k",10000,96,5,"SVP BIC multiscale",0.0159999999999627,97
"vary_k",10000,96,6,"PELT",0.00199999999995271,97
"vary_k",10000,96,6,"SVP BIC",0.0149999999999864,97
"vary_k",10000,96,6,"SVP BIC calibrated",0.0160000000000764,97
"vary_k",10000,96,6,"SVP BIC multiscale",0.0170000000000528,97
"vary_k",10000,96,7,"PELT",0.00199999999995271,97
"vary_k",10000,96,7,"SVP BIC",0.0170000000000528,97
"vary_k",10000,96,7,"SVP BIC calibrated",0.0199999999999818,97
"vary_k",10000,96,7,"SVP BIC multiscale",0.0169999999999391,97
"vary_k",10000,96,8,"PELT",0.00199999999995271,97
"vary_k",10000,96,8,"SVP BIC",0.0159999999999627,97
"vary_k",10000,96,8,"SVP BIC calibrated",0.0159999999999627,97
"vary_k",10000,96,8,"SVP BIC multiscale",0.0170000000000528,97
"vary_k",10000,96,9,"PELT",0.00100000000009004,97
"vary_k",10000,96,9,"SVP BIC",0.0160000000000764,97
"vary_k",10000,96,9,"SVP BIC calibrated",0.0159999999999627,97
"vary_k",10000,96,9,"SVP BIC multiscale",0.0159999999999627,97
"vary_k",10000,96,10,"PELT",0.00199999999995271,97
"vary_k",10000,96,10,"SVP BIC",0.0159999999999627,97
"vary_k",10000,96,10,"SVP BIC calibrated",0.0160000000000764,97
"vary_k",10000,96,10,"SVP BIC multiscale",0.0180000000000291,97
"vary_k",10000,97,1,"PELT",0.00199999999995271,98
"vary_k",10000,97,1,"SVP BIC",0.0159999999999627,98
"vary_k",10000,97,1,"SVP BIC calibrated",0.0159999999999627,98
"vary_k",10000,97,1,"SVP BIC multiscale",0.0169999999999391,98
"vary_k",10000,97,2,"PELT",0.000999999999976353,98
"vary_k",10000,97,2,"SVP BIC",0.0159999999999627,98
"vary_k",10000,97,2,"SVP BIC calibrated",0.0169999999999391,99
"vary_k",10000,97,2,"SVP BIC multiscale",0.0170000000000528,99
"vary_k",10000,97,3,"PELT",0.00200000000006639,98
"vary_k",10000,97,3,"SVP BIC",0.0169999999999391,98
"vary_k",10000,97,3,"SVP BIC calibrated",0.0159999999999627,98
"vary_k",10000,97,3,"SVP BIC multiscale",0.0170000000000528,98
"vary_k",10000,97,4,"PELT",0.00199999999995271,98
"vary_k",10000,97,4,"SVP BIC",0.0160000000000764,98
"vary_k",10000,97,4,"SVP BIC calibrated",0.0159999999999627,98
"vary_k",10000,97,4,"SVP BIC multiscale",0.0169999999999391,98
"vary_k",10000,97,5,"PELT",0.00399999999990541,98
"vary_k",10000,97,5,"SVP BIC",0.0159999999999627,98
"vary_k",10000,97,5,"SVP BIC calibrated",0.0160000000000764,98
"vary_k",10000,97,5,"SVP BIC multiscale",0.0170000000000528,98
"vary_k",10000,97,6,"PELT",0.00199999999995271,98
"vary_k",10000,97,6,"SVP BIC",0.0160000000000764,98
"vary_k",10000,97,6,"SVP BIC calibrated",0.0160000000000764,98
"vary_k",10000,97,6,"SVP BIC multiscale",0.0579999999999927,98
"vary_k",10000,97,7,"PELT",0.00200000000006639,98
"vary_k",10000,97,7,"SVP BIC",0.0160000000000764,98
"vary_k",10000,97,7,"SVP BIC calibrated",0.0159999999999627,98
"vary_k",10000,97,7,"SVP BIC multiscale",0.0170000000000528,98
"vary_k",10000,97,8,"PELT",0.00200000000006639,98
"vary_k",10000,97,8,"SVP BIC",0.0199999999999818,98
"vary_k",10000,97,8,"SVP BIC calibrated",0.0430000000000064,98
"vary_k",10000,97,8,"SVP BIC multiscale",0.0240000000000009,98
"vary_k",10000,97,9,"PELT",0.0080000000000382,98
"vary_k",10000,97,9,"SVP BIC",0.0529999999999973,98
"vary_k",10000,97,9,"SVP BIC calibrated",0.0249999999999773,98
"vary_k",10000,97,9,"SVP BIC multiscale",0.0169999999999391,98
"vary_k",10000,97,10,"PELT",0.000999999999976353,98
"vary_k",10000,97,10,"SVP BIC",0.0159999999999627,98
"vary_k",10000,97,10,"SVP BIC calibrated",0.0159999999999627,98
"vary_k",10000,97,10,"SVP BIC multiscale",0.0159999999999627,98
"vary_k",10000,98,1,"PELT",0.00199999999995271,99
"vary_k",10000,98,1,"SVP BIC",0.0159999999999627,99
"vary_k",10000,98,1,"SVP BIC calibrated",0.0159999999999627,99
"vary_k",10000,98,1,"SVP BIC multiscale",0.0169999999999391,99
"vary_k",10000,98,2,"PELT",0.00299999999992906,99
"vary_k",10000,98,2,"SVP BIC",0.0149999999999864,99
"vary_k",10000,98,2,"SVP BIC calibrated",0.0149999999999864,99
"vary_k",10000,98,2,"SVP BIC multiscale",0.0159999999999627,99
"vary_k",10000,98,3,"PELT",0.00200000000006639,99
"vary_k",10000,98,3,"SVP BIC",0.0159999999999627,99
"vary_k",10000,98,3,"SVP BIC calibrated",0.0159999999999627,99
"vary_k",10000,98,3,"SVP BIC multiscale",0.0170000000000528,99
"vary_k",10000,98,4,"PELT",0.00200000000006639,99
"vary_k",10000,98,4,"SVP BIC",0.0159999999999627,99
"vary_k",10000,98,4,"SVP BIC calibrated",0.0160000000000764,99
"vary_k",10000,98,4,"SVP BIC multiscale",0.0149999999999864,99
"vary_k",10000,98,5,"PELT",0.00199999999995271,99
"vary_k",10000,98,5,"SVP BIC",0.0159999999999627,99
"vary_k",10000,98,5,"SVP BIC calibrated",0.0159999999999627,99
"vary_k",10000,98,5,"SVP BIC multiscale",0.0160000000000764,99
"vary_k",10000,98,6,"PELT",0.00199999999995271,99
"vary_k",10000,98,6,"SVP BIC",0.0149999999999864,99
"vary_k",10000,98,6,"SVP BIC calibrated",0.0159999999999627,99
"vary_k",10000,98,6,"SVP BIC multiscale",0.0159999999999627,99
"vary_k",10000,98,7,"PELT",0.00300000000004275,99
"vary_k",10000,98,7,"SVP BIC",0.0160000000000764,99
"vary_k",10000,98,7,"SVP BIC calibrated",0.0149999999999864,99
"vary_k",10000,98,7,"SVP BIC multiscale",0.0160000000000764,99
"vary_k",10000,98,8,"PELT",0.00199999999995271,99
"vary_k",10000,98,8,"SVP BIC",0.0169999999999391,99
"vary_k",10000,98,8,"SVP BIC calibrated",0.0169999999999391,99
"vary_k",10000,98,8,"SVP BIC multiscale",0.0159999999999627,99
"vary_k",10000,98,9,"PELT",0.00200000000006639,99
"vary_k",10000,98,9,"SVP BIC",0.0159999999999627,99
"vary_k",10000,98,9,"SVP BIC calibrated",0.0159999999999627,99
"vary_k",10000,98,9,"SVP BIC multiscale",0.0159999999999627,99
"vary_k",10000,98,10,"PELT",0.00199999999995271,99
"vary_k",10000,98,10,"SVP BIC",0.0159999999999627,99
"vary_k",10000,98,10,"SVP BIC calibrated",0.0160000000000764,99
"vary_k",10000,98,10,"SVP BIC multiscale",0.0169999999999391,99
"vary_k",10000,99,1,"PELT",0.00299999999992906,100
"vary_k",10000,99,1,"SVP BIC",0.0159999999999627,100
"vary_k",10000,99,1,"SVP BIC calibrated",0.0160000000000764,100
"vary_k",10000,99,1,"SVP BIC multiscale",0.0159999999999627,100
"vary_k",10000,99,2,"PELT",0.00199999999995271,100
"vary_k",10000,99,2,"SVP BIC",0.0159999999999627,100
"vary_k",10000,99,2,"SVP BIC calibrated",0.0159999999999627,100
"vary_k",10000,99,2,"SVP BIC multiscale",0.0169999999999391,100
"vary_k",10000,99,3,"PELT",0.00199999999995271,100
"vary_k",10000,99,3,"SVP BIC",0.0159999999999627,100
"vary_k",10000,99,3,"SVP BIC calibrated",0.0149999999999864,100
"vary_k",10000,99,3,"SVP BIC multiscale",0.0170000000000528,100
"vary_k",10000,99,4,"PELT",0.00200000000006639,100
"vary_k",10000,99,4,"SVP BIC",0.0159999999999627,100
"vary_k",10000,99,4,"SVP BIC calibrated",0.0160000000000764,100
"vary_k",10000,99,4,"SVP BIC multiscale",0.0159999999999627,100
"vary_k",10000,99,5,"PELT",0.00100000000009004,101
"vary_k",10000,99,5,"SVP BIC",0.0160000000000764,100
"vary_k",10000,99,5,"SVP BIC calibrated",0.0159999999999627,100
"vary_k",10000,99,5,"SVP BIC multiscale",0.0170000000000528,100
"vary_k",10000,99,6,"PELT",0.00200000000006639,100
"vary_k",10000,99,6,"SVP BIC",0.0159999999999627,100
"vary_k",10000,99,6,"SVP BIC calibrated",0.0149999999999864,100
"vary_k",10000,99,6,"SVP BIC multiscale",0.0159999999999627,100
"vary_k",10000,99,7,"PELT",0.00199999999995271,100
"vary_k",10000,99,7,"SVP BIC",0.0159999999999627,100
"vary_k",10000,99,7,"SVP BIC calibrated",0.0160000000000764,100
"vary_k",10000,99,7,"SVP BIC multiscale",0.0149999999999864,100
"vary_k",10000,99,8,"PELT",0.00199999999995271,100
"vary_k",10000,99,8,"SVP BIC",0.0159999999999627,100
"vary_k",10000,99,8,"SVP BIC calibrated",0.0160000000000764,100
"vary_k",10000,99,8,"SVP BIC multiscale",0.0160000000000764,100
"vary_k",10000,99,9,"PELT",0.00199999999995271,100
"vary_k",10000,99,9,"SVP BIC",0.0149999999999864,100
"vary_k",10000,99,9,"SVP BIC calibrated",0.0159999999999627,100
"vary_k",10000,99,9,"SVP BIC multiscale",0.0160000000000764,100
"vary_k",10000,99,10,"PELT",0.00200000000006639,100
"vary_k",10000,99,10,"SVP BIC",0.0159999999999627,100
"vary_k",10000,99,10,"SVP BIC calibrated",0.0149999999999864,100
"vary_k",10000,99,10,"SVP BIC multiscale",0.0159999999999627,100
"vary_k",10000,100,1,"PELT",0.00200000000006639,101
"vary_k",10000,100,1,"SVP BIC",0.0159999999999627,101
"vary_k",10000,100,1,"SVP BIC calibrated",0.0149999999999864,101
"vary_k",10000,100,1,"SVP BIC multiscale",0.0160000000000764,101
"vary_k",10000,100,2,"PELT",0.00199999999995271,101
"vary_k",10000,100,2,"SVP BIC",0.0149999999999864,101
"vary_k",10000,100,2,"SVP BIC calibrated",0.0149999999999864,101
"vary_k",10000,100,2,"SVP BIC multiscale",0.0159999999999627,101
"vary_k",10000,100,3,"PELT",0.00200000000006639,101
"vary_k",10000,100,3,"SVP BIC",0.0149999999999864,101
"vary_k",10000,100,3,"SVP BIC calibrated",0.0149999999999864,101
"vary_k",10000,100,3,"SVP BIC multiscale",0.0150000000001,101
"vary_k",10000,100,4,"PELT",0.00199999999995271,101
"vary_k",10000,100,4,"SVP BIC",0.0149999999999864,101
"vary_k",10000,100,4,"SVP BIC calibrated",0.0159999999999627,101
"vary_k",10000,100,4,"SVP BIC multiscale",0.0159999999999627,101
"vary_k",10000,100,5,"PELT",0.00200000000006639,101
"vary_k",10000,100,5,"SVP BIC",0.0159999999999627,101
"vary_k",10000,100,5,"SVP BIC calibrated",0.0160000000000764,101
"vary_k",10000,100,5,"SVP BIC multiscale",0.0160000000000764,101
"vary_k",10000,100,6,"PELT",0.00200000000006639,101
"vary_k",10000,100,6,"SVP BIC",0.0159999999999627,101
"vary_k",10000,100,6,"SVP BIC calibrated",0.0159999999999627,101
"vary_k",10000,100,6,"SVP BIC multiscale",0.0159999999999627,101
"vary_k",10000,100,7,"PELT",0.00200000000006639,101
"vary_k",10000,100,7,"SVP BIC",0.0160000000000764,101
"vary_k",10000,100,7,"SVP BIC calibrated",0.0150000000001,101
"vary_k",10000,100,7,"SVP BIC multiscale",0.0170000000000528,101
"vary_k",10000,100,8,"PELT",0.00199999999995271,101
"vary_k",10000,100,8,"SVP BIC",0.0159999999999627,101
"vary_k",10000,100,8,"SVP BIC calibrated",0.0159999999999627,101
"vary_k",10000,100,8,"SVP BIC multiscale",0.0169999999999391,101
"vary_k",10000,100,9,"PELT",0.00199999999995271,101
"vary_k",10000,100,9,"SVP BIC",0.0159999999999627,101
"vary_k",10000,100,9,"SVP BIC calibrated",0.0149999999999864,101
"vary_k",10000,100,9,"SVP BIC multiscale",0.0160000000000764,101
"vary_k",10000,100,10,"PELT",0.00199999999995271,101
"vary_k",10000,100,10,"SVP BIC",0.0149999999999864,101
"vary_k",10000,100,10,"SVP BIC calibrated",0.0159999999999627,101
"vary_k",10000,100,10,"SVP BIC multiscale",0.0160000000000764,101
