"pattern","jump","method","new_F1","new_Precision","new_Recall","new_CorrectNumCP","new_MSE","new_NumSegments","old_F1","old_Precision","old_Recall","old_CorrectNumCP","old_MSE","old_NumSegments","delta_F1","delta_Precision","delta_Recall","delta_CorrectNumCP","delta_MSE","delta_NumSegments"
"none",0.1,"PELT",0,0,0,0,11.4491121107793,77.36,0.0259917626053824,0.0131706831517978,1,0,11.4491121107793,77.36,-0.0259917626053824,-0.0131706831517978,-1,0,0,0
"none",0.1,"RFPOP",1,1,1,1,0.00190299648291495,1,0.954,0.9375,1,0.9,0.00746468057158761,1.18,0.046,0.0625,0,0.1,-0.00556168408867267,-0.18
"none",0.1,"SVP MedianMood",1,1,1,1,0.0160446700757966,1,0.996666666666667,0.995,1,0.99,0.0162111300031253,1.01,0.0033333333333333,0.005,0,0.01,-0.000166459927328638,-0.01
"none",0.1,"SVP Wilcoxon",1,1,1,1,0.0160446700757966,1,1,1,1,1,0.0160446700757966,1,0,0,0,0,0,0
"none",0.2,"PELT",0,0,0,0,7.931073590614,76.57,0.0265012128241105,0.0134339960927602,1,0,7.931073590614,76.57,-0.0265012128241105,-0.0134339960927602,-1,0,0,0
"none",0.2,"RFPOP",1,1,1,1,0.00253452420180692,1,0.959,0.944166666666667,1,0.91,0.00742669546424351,1.16,0.041,0.0558333333333334,0,0.0900000000000001,-0.0048921712624366,-0.16
"none",0.2,"SVP MedianMood",1,1,1,1,0.0110154658654385,1,1,1,1,1,0.0110154658654385,1,0,0,0,0,0,0
"none",0.2,"SVP Wilcoxon",0.99,0.99,0.99,0.99,0.0120607305448313,1.01,0.993333333333333,0.99,1,0.98,0.0123359699191073,1.02,-0.0033333333333333,0,-0.01,0.01,-0.00027523937427594,-0.01
"none",0.3,"PELT",0,0,0,0,11.2647887363159,78.3,0.0259040369128068,0.013126995684306,1,0,11.2647887363159,78.3,-0.0259040369128068,-0.013126995684306,-1,0,0,0
"none",0.3,"RFPOP",1,1,1,1,0.00210004335822276,1,0.946666666666667,0.926666666666667,1,0.88,0.0089105814959184,1.2,0.0533333333333333,0.0733333333333334,0,0.12,-0.00681053813769564,-0.2
"none",0.3,"SVP MedianMood",1,1,1,1,0.011736752563011,1,0.983333333333333,0.975,1,0.95,0.0129543859330578,1.05,0.0166666666666667,0.025,0,0.05,-0.00121763337004677,-0.05
"none",0.3,"SVP Wilcoxon",0.98,0.98,0.98,0.98,0.0127199343885836,1.02,0.98,0.97,1,0.94,0.0175118267495613,1.06,0,0.01,-0.02,0.04,-0.00479189236097766,-0.04
"none",0.4,"PELT",0,0,0,0,12.4067349693613,80.81,0.0251686721100857,0.0127502028611962,1,0,12.4067349693613,80.81,-0.0251686721100857,-0.0127502028611962,-1,0,0,0
"none",0.4,"RFPOP",0.99,0.99,0.99,0.99,0.00274953065753799,1.01,0.953333333333333,0.936666666666667,1,0.9,0.00893850672787484,1.18,0.0366666666666666,0.0533333333333333,-0.01,0.09,-0.00618897607033685,-0.17
"none",0.4,"SVP MedianMood",1,1,1,1,0.0139354503765212,1,1,1,1,1,0.0139354503765212,1,0,0,0,0,0,0
"none",0.4,"SVP Wilcoxon",0.99,0.99,0.99,0.99,0.0146690866850632,1.01,0.993333333333333,0.99,1,0.98,0.0152800005975361,1.02,-0.0033333333333333,0,-0.01,0.01,-0.000610913912472984,-0.01
"none",0.5,"PELT",0,0,0,0,13.002908601684,79.46,0.0255670142070672,0.0129542057592146,1,0,13.002908601684,79.46,-0.0255670142070672,-0.0129542057592146,-1,0,0,0
"none",0.5,"RFPOP",1,1,1,1,0.00233704478793677,1,0.948333333333333,0.928666666666667,1,0.88,0.00967105502055094,1.2,0.0516666666666666,0.0713333333333334,0,0.12,-0.00733401023261417,-0.2
"none",0.5,"SVP MedianMood",1,1,1,1,0.0159802827275061,1,0.996666666666667,0.995,1,0.99,0.0164348838981658,1.01,0.0033333333333333,0.005,0,0.01,-0.000454601170659649,-0.01
"none",0.5,"SVP Wilcoxon",1,1,1,1,0.0159802827275061,1,1,1,1,1,0.0159802827275061,1,0,0,0,0,0,0
"none",0.6,"PELT",0,0,0,0,14.608727506519,77.31,0.0258665967483664,0.0131050753465624,1,0,14.608727506519,77.31,-0.0258665967483664,-0.0131050753465624,-1,0,0,0
"none",0.6,"RFPOP",1,1,1,1,0.00233867993581749,1,0.966333333333333,0.955333333333333,1,0.93,0.00743352070612378,1.15,0.0336666666666666,0.0446666666666666,0,0.0700000000000001,-0.00509484077030629,-0.15
"none",0.6,"SVP MedianMood",1,1,1,1,0.018611646934044,1,0.996666666666667,0.995,1,0.99,0.0188849874867432,1.01,0.0033333333333333,0.005,0,0.01,-0.000273340552699262,-0.01
"none",0.6,"SVP Wilcoxon",0.99,0.99,0.99,0.99,0.0191984917884248,1.01,0.993333333333333,0.99,1,0.98,0.0198788873220561,1.02,-0.0033333333333333,0,-0.01,0.01,-0.000680395533631348,-0.01
"none",0.7,"PELT",0,0,0,0,10.1452947978792,77.3,0.0260150009172704,0.0131822164731647,1,0,10.1452947978792,77.3,-0.0260150009172704,-0.0131822164731647,-1,0,0,0
"none",0.7,"RFPOP",0.99,0.99,0.99,0.99,0.0025084624972642,1.01,0.934333333333333,0.911666666666667,1,0.86,0.0111105335099283,1.27,0.0556666666666666,0.0783333333333333,-0.01,0.13,-0.00860207101266408,-0.26
"none",0.7,"SVP MedianMood",1,1,1,1,0.0129431744799924,1,0.996666666666667,0.995,1,0.99,0.0130489629149255,1.01,0.0033333333333333,0.005,0,0.01,-0.000105788434933071,-0.01
"none",0.7,"SVP Wilcoxon",0.99,0.99,0.99,0.99,0.0138626710717317,1.01,0.986666666666667,0.98,1,0.96,0.0156649083451157,1.04,0.0033333333333333,0.01,-0.01,0.03,-0.00180223727338403,-0.03
"none",0.8,"PELT",0,0,0,0,10.4718200284764,77.56,0.0260643347444052,0.0132084864131019,1,0,10.4718200284764,77.56,-0.0260643347444052,-0.0132084864131019,-1,0,0,0
"none",0.8,"RFPOP",0.99,0.99,0.99,0.99,0.00332599788240161,1.01,0.937333333333333,0.914166666666667,1,0.86,0.0104257956791215,1.24,0.0526666666666666,0.0758333333333333,-0.01,0.13,-0.00709979779671987,-0.23
"none",0.8,"SVP MedianMood",1,1,1,1,0.0128550561384639,1,0.993333333333333,0.99,1,0.98,0.0131810870588055,1.02,0.00666666666666671,0.01,0,0.02,-0.000326030920341624,-0.02
"none",0.8,"SVP Wilcoxon",1,1,1,1,0.0128550561384639,1,0.996666666666667,0.995,1,0.99,0.0135854695838575,1.01,0.0033333333333333,0.005,0,0.01,-0.00073041344539361,-0.01
"none",0.9,"PELT",0,0,0,0,8.65021297312406,78.37,0.0257952005470379,0.0130703972984722,1,0,8.65021297312406,78.37,-0.0257952005470379,-0.0130703972984722,-1,0,0,0
"none",0.9,"RFPOP",1,1,1,1,0.00228989077710999,1,0.931666666666667,0.905,1,0.84,0.00939561256892292,1.25,0.0683333333333334,0.095,0,0.16,-0.00710572179181294,-0.25
"none",0.9,"SVP MedianMood",1,1,1,1,0.00896670715531631,1,0.996666666666667,0.995,1,0.99,0.00943049592790901,1.01,0.0033333333333333,0.005,0,0.01,-0.000463788772592701,-0.01
"none",0.9,"SVP Wilcoxon",1,1,1,1,0.00896670715531631,1,0.986666666666667,0.98,1,0.96,0.0113725060913766,1.04,0.0133333333333333,0.02,0,0.04,-0.00240579893606025,-0.04
"none",1,"PELT",0,0,0,0,7.24147231283392,78.55,0.0256082286009067,0.0129733604239361,1,0,7.24147231283392,78.55,-0.0256082286009067,-0.0129733604239361,-1,0,0,0
"none",1,"RFPOP",1,1,1,1,0.00194751753596857,1,0.95,0.93,1,0.88,0.00807833626956333,1.18,0.05,0.07,0,0.12,-0.00613081873359476,-0.18
"none",1,"SVP MedianMood",1,1,1,1,0.00760988509912182,1,0.996666666666667,0.995,1,0.99,0.00817741358752015,1.01,0.0033333333333333,0.005,0,0.01,-0.000567528488398329,-0.01
"none",1,"SVP Wilcoxon",1,1,1,1,0.00760988509912182,1,0.986666666666667,0.98,1,0.96,0.0106778700674829,1.04,0.0133333333333333,0.02,0,0.04,-0.00306798496836111,-0.04
"none",1.1,"PELT",0,0,0,0,9.0770756089652,78.72,0.0255056019293166,0.012920330711466,1,0,9.0770756089652,78.72,-0.0255056019293166,-0.012920330711466,-1,0,0,0
"none",1.1,"RFPOP",1,1,1,1,0.0026642344974823,1,0.946666666666667,0.929,1,0.89,0.0108454664298708,1.23,0.0533333333333333,0.071,0,0.11,-0.00818123193238847,-0.23
"none",1.1,"SVP MedianMood",0.99,0.99,0.99,0.99,0.0135209976603295,1.01,0.996666666666667,0.995,1,0.99,0.0134413116025729,1.01,-0.00666666666666671,-0.005,-0.01,0,7.96860577566335e-05,0
"none",1.1,"SVP Wilcoxon",0.99,0.99,0.99,0.99,0.0135594216687287,1.01,0.986666666666667,0.98,1,0.96,0.0175754649939007,1.04,0.0033333333333333,0.01,-0.01,0.03,-0.00401604332517194,-0.03
"none",1.2,"PELT",0,0,0,0,7.46340678608258,75.79,0.0268459638519398,0.0136122589320742,1,0,7.46340678608258,75.79,-0.0268459638519398,-0.0136122589320742,-1,0,0,0
"none",1.2,"RFPOP",1,1,1,1,0.00216743081107192,1,0.968333333333333,0.956666666666667,1,0.93,0.00550757193252528,1.12,0.0316666666666666,0.0433333333333333,0,0.0700000000000001,-0.00334014112145336,-0.12
"none",1.2,"SVP MedianMood",1,1,1,1,0.00795082048842736,1,0.983333333333333,0.975,1,0.95,0.00947545825684263,1.05,0.0166666666666667,0.025,0,0.05,-0.00152463776841527,-0.05
"none",1.2,"SVP Wilcoxon",1,1,1,1,0.00795082048842736,1,1,1,1,1,0.00795082048842736,1,0,0,0,0,0,0
"none",1.3,"PELT",0,0,0,0,14.9704638241452,77.31,0.0262980004080158,0.0133302820901844,1,0,14.9704638241452,77.31,-0.0262980004080158,-0.0133302820901844,-1,0,0,0
"none",1.3,"RFPOP",1,1,1,1,0.00264937743905609,1,0.961666666666667,0.948333333333333,1,0.92,0.0078354685552659,1.15,0.0383333333333333,0.0516666666666666,0,0.08,-0.00518609111620981,-0.15
"none",1.3,"SVP MedianMood",1,1,1,1,0.0155225156892837,1,0.993333333333333,0.99,1,0.98,0.0167800986624937,1.02,0.00666666666666671,0.01,0,0.02,-0.00125758297320997,-0.02
"none",1.3,"SVP Wilcoxon",1,1,1,1,0.0155225156892837,1,0.99,0.985,1,0.97,0.0171017236999363,1.03,0.01,0.015,0,0.03,-0.00157920801065262,-0.03
"none",1.4,"PELT",0,0,0,0,8.68199699279921,76.66,0.0263083546807589,0.0133335197722419,1,0,8.68199699279921,76.66,-0.0263083546807589,-0.0133335197722419,-1,0,0,0
"none",1.4,"RFPOP",0.98,0.98,0.98,0.98,0.00287702381022347,1.02,0.921857142857143,0.895833333333333,1,0.84,0.0132813874566274,1.33,0.0581428571428572,0.0841666666666666,-0.02,0.14,-0.0104043636464039,-0.31
"none",1.4,"SVP MedianMood",1,1,1,1,0.0103211194464687,1,1,1,1,1,0.0103211194464687,1,0,0,0,0,0,0
"none",1.4,"SVP Wilcoxon",1,1,1,1,0.0103211194464687,1,0.993333333333333,0.99,1,0.98,0.0120344510975373,1.02,0.00666666666666671,0.01,0,0.02,-0.00171333165106863,-0.02
"none",1.5,"PELT",0,0,0,0,7.86005887185143,76.9,0.0261957319076139,0.0132754427515836,1,0,7.86005887185143,76.9,-0.0261957319076139,-0.0132754427515836,-1,0,0,0
"none",1.5,"RFPOP",0.99,0.99,0.99,0.99,0.00313457112586029,1.01,0.935,0.910333333333333,1,0.85,0.0106987804495992,1.25,0.0549999999999999,0.0796666666666667,-0.01,0.14,-0.0075642093237389,-0.24
"none",1.5,"SVP MedianMood",1,1,1,1,0.00815542933002175,1,1,1,1,1,0.00815542933002175,1,0,0,0,0,0,0
"none",1.5,"SVP Wilcoxon",0.99,0.99,0.99,0.99,0.00843556155680338,1.01,0.993333333333333,0.99,1,0.98,0.00907761755998297,1.02,-0.0033333333333333,0,-0.01,0.01,-0.000642056003179596,-0.01
"none",1.6,"PELT",0,0,0,0,11.4107420219262,76.91,0.0261440813465793,0.0132486127882317,1,0,11.4107420219262,76.91,-0.0261440813465793,-0.0132486127882317,-1,0,0,0
"none",1.6,"RFPOP",0.99,0.99,0.99,0.99,0.00269202014215183,1.02,0.935,0.91,1,0.85,0.0105190941918699,1.24,0.0549999999999999,0.0800000000000001,-0.01,0.14,-0.00782707404971809,-0.22
"none",1.6,"SVP MedianMood",0.99,0.99,0.99,0.99,0.0157587975464125,1.01,0.993333333333333,0.99,1,0.98,0.0158155338443008,1.02,-0.0033333333333333,0,-0.01,0.01,-5.67362978883441e-05,-0.01
"none",1.6,"SVP Wilcoxon",1,1,1,1,0.0154547963950271,1,0.996666666666667,0.995,1,0.99,0.0162430118303601,1.01,0.0033333333333333,0.005,0,0.01,-0.000788215435333002,-0.01
"none",1.7,"PELT",0,0,0,0,8.91720772716803,78.12,0.0257230719202328,0.0130322227090071,1,0,8.91720772716803,78.12,-0.0257230719202328,-0.0130322227090071,-1,0,0,0
"none",1.7,"RFPOP",1,1,1,1,0.00214465493192065,1,0.953333333333333,0.936666666666667,1,0.9,0.0096084275615717,1.18,0.0466666666666666,0.0633333333333334,0,0.0999999999999999,-0.00746377262965105,-0.18
"none",1.7,"SVP MedianMood",0.99,0.99,0.99,0.99,0.0103715149642529,1.01,0.996666666666667,0.995,1,0.99,0.0103715149642529,1.01,-0.00666666666666671,-0.005,-0.01,0,0,0
"none",1.7,"SVP Wilcoxon",0.98,0.98,0.98,0.98,0.0114196673959714,1.02,0.99,0.985,1,0.97,0.0125562981337007,1.03,-0.01,-0.005,-0.02,0.01,-0.0011366307377293,-0.01
"none",1.8,"PELT",0,0,0,0,13.298076209305,79.32,0.0253572970013857,0.0128445702944457,1,0,13.298076209305,79.32,-0.0253572970013857,-0.0128445702944457,-1,0,0,0
"none",1.8,"RFPOP",1,1,1,1,0.00213875279451308,1,0.950666666666667,0.9325,1,0.89,0.00765819140164177,1.19,0.0493333333333333,0.0675,0,0.11,-0.00551943860712869,-0.19
"none",1.8,"SVP MedianMood",1,1,1,1,0.0144460635604784,1,0.996666666666667,0.995,1,0.99,0.0146034911736425,1.01,0.0033333333333333,0.005,0,0.01,-0.000157427613164132,-0.01
"none",1.8,"SVP Wilcoxon",1,1,1,1,0.0144460635604784,1,0.993333333333333,0.99,1,0.98,0.0196966369793933,1.02,0.00666666666666671,0.01,0,0.02,-0.00525057341891496,-0.02
"none",1.9,"PELT",0,0,0,0,9.37723669925553,79.79,0.0252730765315747,0.0128016477184539,1,0,9.37723669925553,79.79,-0.0252730765315747,-0.0128016477184539,-1,0,0,0
"none",1.9,"RFPOP",0.99,0.99,0.99,0.99,0.00350759111764699,1.01,0.961666666666667,0.948333333333333,1,0.92,0.00794886153200901,1.15,0.0283333333333333,0.0416666666666666,-0.01,0.07,-0.00444127041436202,-0.14
"none",1.9,"SVP MedianMood",1,1,1,1,0.0109773169224736,1,0.993333333333333,0.99,1,0.98,0.0115615070219929,1.02,0.00666666666666671,0.01,0,0.02,-0.000584190099519282,-0.02
"none",1.9,"SVP Wilcoxon",1,1,1,1,0.0109773169224736,1,0.993333333333333,0.99,1,0.98,0.0117665847686207,1.02,0.00666666666666671,0.01,0,0.02,-0.000789267846147133,-0.02
"none",2,"PELT",0,0,0,0,15.9620299932843,78.46,0.0256493580943828,0.0129945440010144,1,0,15.9620299932843,78.46,-0.0256493580943828,-0.0129945440010144,-1,0,0,0
"none",2,"RFPOP",0.99,0.99,0.99,0.99,0.00274723626379612,1.01,0.930190476190476,0.906166666666667,1,0.85,0.0124788167161037,1.3,0.0598095238095238,0.0838333333333333,-0.01,0.14,-0.00973158045230757,-0.29
"none",2,"SVP MedianMood",1,1,1,1,0.0206941653477644,1,0.996666666666667,0.995,1,0.99,0.0213636330021044,1.01,0.0033333333333333,0.005,0,0.01,-0.000669467654340058,-0.01
"none",2,"SVP Wilcoxon",1,1,1,1,0.0206941653477644,1,0.993333333333333,0.99,1,0.98,0.0220586105271046,1.02,0.00666666666666671,0.01,0,0.02,-0.00136444517934021,-0.02
"none",2.1,"PELT",0,0,0,0,7.94641400327529,77.19,0.0260755897084243,0.0132134201170227,1,0,7.94641400327529,77.19,-0.0260755897084243,-0.0132134201170227,-1,0,0,0
"none",2.1,"RFPOP",0.99,0.99,0.99,0.99,0.00342322043670908,1.01,0.975666666666667,0.9675,1,0.95,0.00625322819496954,1.1,0.0143333333333333,0.0225,-0.01,0.04,-0.00283000775826047,-0.0900000000000001
"none",2.1,"SVP MedianMood",0.99,0.99,0.99,0.99,0.00998357637025941,1.01,0.996666666666667,0.995,1,0.99,0.00998357637025941,1.01,-0.00666666666666671,-0.005,-0.01,0,0,0
"none",2.1,"SVP Wilcoxon",1,1,1,1,0.00943804805635648,1,1,1,1,1,0.00943804805635648,1,0,0,0,0,0,0
"none",2.2,"PELT",0,0,0,0,8.01211391923821,77.7,0.0259270194750393,0.013137399592772,1,0,8.01211391923821,77.7,-0.0259270194750393,-0.013137399592772,-1,0,0,0
"none",2.2,"RFPOP",1,1,1,1,0.00185936436077049,1,0.935,0.913666666666667,1,0.87,0.0106754035768204,1.27,0.065,0.0863333333333334,0,0.13,-0.00881603921604988,-0.27
"none",2.2,"SVP MedianMood",1,1,1,1,0.0073656331969896,1,0.993333333333333,0.99,1,0.98,0.00773743393375541,1.02,0.00666666666666671,0.01,0,0.02,-0.000371800736765814,-0.02
"none",2.2,"SVP Wilcoxon",0.99,0.99,0.99,0.99,0.00887578327351851,1.01,0.99,0.985,1,0.97,0.01060241153449,1.03,0,0.005,-0.01,0.02,-0.00172662826097149,-0.02
"none",2.3,"PELT",0,0,0,0,11.8451511654057,78.43,0.0257100195987828,0.013026301445745,1,0,11.8451511654057,78.43,-0.0257100195987828,-0.013026301445745,-1,0,0,0
"none",2.3,"RFPOP",0.97,0.97,0.97,0.97,0.00317317517722173,1.03,0.941666666666667,0.918333333333333,1,0.86,0.00870028967413531,1.21,0.0283333333333333,0.0516666666666666,-0.03,0.11,-0.00552711449691358,-0.18
"none",2.3,"SVP MedianMood",1,1,1,1,0.0120782042147707,1,0.99,0.985,1,0.97,0.0144707024518923,1.03,0.01,0.015,0,0.03,-0.00239249823712165,-0.03
"none",2.3,"SVP Wilcoxon",1,1,1,1,0.0120782042147707,1,0.99,0.985,1,0.97,0.0160445046564855,1.03,0.01,0.015,0,0.03,-0.00396630044171483,-0.03
"none",2.4,"PELT",0,0,0,0,10.5907118874386,79,0.025566213484589,0.0129527217171794,1,0,10.5907118874386,79,-0.025566213484589,-0.0129527217171794,-1,0,0,0
"none",2.4,"RFPOP",1,1,1,1,0.00217955257631302,1,0.951666666666667,0.933666666666667,1,0.89,0.0084501186817824,1.19,0.0483333333333333,0.0663333333333334,0,0.11,-0.00627056610546938,-0.19
"none",2.4,"SVP MedianMood",1,1,1,1,0.00845157178992531,1,0.993333333333333,0.99,1,0.98,0.00885781401638397,1.02,0.00666666666666671,0.01,0,0.02,-0.00040624222645866,-0.02
"none",2.4,"SVP Wilcoxon",1,1,1,1,0.00845157178992531,1,0.983333333333333,0.975,1,0.95,0.0110878272922747,1.05,0.0166666666666667,0.025,0,0.05,-0.00263625550234943,-0.05
"none",2.5,"PELT",0,0,0,0,11.035380806764,79.9,0.0251486513880807,0.0127372790706089,1,0,11.035380806764,79.9,-0.0251486513880807,-0.0127372790706089,-1,0,0,0
"none",2.5,"RFPOP",1,1,1,1,0.00247809685871618,1,0.940555555555556,0.919916666666667,1,0.87,0.0130883166233732,1.27,0.0594444444444444,0.0800833333333333,0,0.13,-0.010610219764657,-0.27
"none",2.5,"SVP MedianMood",0.99,0.99,0.99,0.99,0.0139091497784058,1.01,0.99,0.985,1,0.97,0.0145809925512927,1.03,0,0.005,-0.01,0.02,-0.000671842772886903,-0.02
"none",2.5,"SVP Wilcoxon",1,1,1,1,0.0137399045675631,1,0.996666666666667,0.995,1,0.99,0.0143124930422234,1.01,0.0033333333333333,0.005,0,0.01,-0.000572588474660312,-0.01
"none",2.6,"PELT",0,0,0,0,14.8601820432756,78.46,0.0256679975049571,0.013004256750828,1,0,14.8601820432756,78.46,-0.0256679975049571,-0.013004256750828,-1,0,0,0
"none",2.6,"RFPOP",0.99,0.99,0.99,0.99,0.00344829757769047,1.02,0.909666666666667,0.878333333333333,1,0.81,0.0153896118544516,1.36,0.0803333333333334,0.111666666666667,-0.01,0.18,-0.0119413142767612,-0.34
"none",2.6,"SVP MedianMood",1,1,1,1,0.0185517498398661,1,0.996666666666667,0.995,1,0.99,0.0195862747032658,1.01,0.0033333333333333,0.005,0,0.01,-0.00103452486339974,-0.01
"none",2.6,"SVP Wilcoxon",0.99,0.99,0.99,0.99,0.0195862747032658,1.01,0.993333333333333,0.99,1,0.98,0.0200711826336878,1.02,-0.0033333333333333,0,-0.01,0.01,-0.000484907930422003,-0.01
"none",2.7,"PELT",0,0,0,0,8.79263624722039,78.26,0.0258423018596899,0.0130946703158677,1,0,8.79263624722039,78.26,-0.0258423018596899,-0.0130946703158677,-1,0,0,0
"none",2.7,"RFPOP",1,1,1,1,0.00226320958575669,1,0.940666666666667,0.920833333333333,1,0.88,0.00929038741040569,1.24,0.0593333333333332,0.0791666666666667,0,0.12,-0.007027177824649,-0.24
"none",2.7,"SVP MedianMood",1,1,1,1,0.0107382044976003,1,1,1,1,1,0.0107382044976003,1,0,0,0,0,0,0
"none",2.7,"SVP Wilcoxon",1,1,1,1,0.0107382044976003,1,0.996666666666667,0.995,1,0.99,0.0113454117242329,1.01,0.0033333333333333,0.005,0,0.01,-0.000607207226632626,-0.01
"none",2.8,"PELT",0,0,0,0,10.7431451861687,78.45,0.0257985859314135,0.0130725915965889,1,0,10.7431451861687,78.45,-0.0257985859314135,-0.0130725915965889,-1,0,0,0
"none",2.8,"RFPOP",1,1,1,1,0.00241887779311541,1,0.958333333333333,0.94,1,0.89,0.00666081490208547,1.14,0.0416666666666666,0.06,0,0.11,-0.00424193710897006,-0.14
"none",2.8,"SVP MedianMood",0.99,0.99,0.99,0.99,0.0159952232471382,1.01,0.986666666666667,0.98,1,0.96,0.0170206661854136,1.04,0.0033333333333333,0.01,-0.01,0.03,-0.00102544293827548,-0.03
"none",2.8,"SVP Wilcoxon",1,1,1,1,0.0156799133620358,1,0.996666666666667,0.995,1,0.99,0.0159952232471382,1.01,0.0033333333333333,0.005,0,0.01,-0.000315309885102383,-0.01
"none",2.9,"PELT",0,0,0,0,8.57085036598871,76.57,0.0265887882136291,0.0134792547671639,1,0,8.57085036598871,76.57,-0.0265887882136291,-0.0134792547671639,-1,0,0,0
"none",2.9,"RFPOP",1,1,1,1,0.00232300676685182,1,0.969666666666667,0.96,1,0.94,0.00575286305461358,1.13,0.0303333333333333,0.04,0,0.06,-0.00342985628776175,-0.13
"none",2.9,"SVP MedianMood",1,1,1,1,0.0112681899909794,1,1,1,1,1,0.0112681899909794,1,0,0,0,0,0,0
"none",2.9,"SVP Wilcoxon",0.99,0.99,0.99,0.99,0.0117227064415367,1.01,0.99,0.985,1,0.97,0.0129614783638318,1.03,0,0.005,-0.01,0.02,-0.00123877192229511,-0.02
"none",3,"PELT",0,0,0,0,8.92783908475144,78.62,0.025723443350978,0.0130338731268445,1,0,8.92783908475144,78.62,-0.025723443350978,-0.0130338731268445,-1,0,0,0
"none",3,"RFPOP",1,1,1,1,0.00228481298549876,1,0.955666666666667,0.941166666666667,1,0.91,0.0105487264199818,1.19,0.0443333333333333,0.0588333333333334,0,0.0900000000000001,-0.00826391343448301,-0.19
"none",3,"SVP MedianMood",1,1,1,1,0.0127468081205231,1,0.993333333333333,0.99,1,0.98,0.0129991659859696,1.02,0.00666666666666671,0.01,0,0.02,-0.000252357865446461,-0.02
"none",3,"SVP Wilcoxon",1,1,1,1,0.0127468081205231,1,0.996666666666667,0.995,1,0.99,0.0145733652889785,1.01,0.0033333333333333,0.005,0,0.01,-0.00182655716845533,-0.01
"none",3.1,"PELT",0,0,0,0,7.5030328409857,78.17,0.0258691568792594,0.0131083833143298,1,0,7.5030328409857,78.17,-0.0258691568792594,-0.0131083833143298,-1,0,0,0
"none",3.1,"RFPOP",1,1,1,1,0.00208650561640514,1,0.922333333333333,0.896166666666667,1,0.84,0.0130287155685497,1.32,0.0776666666666668,0.103833333333333,0,0.16,-0.0109422099521445,-0.32
"none",3.1,"SVP MedianMood",1,1,1,1,0.00817387186243548,1,0.986666666666667,0.98,1,0.96,0.0100810651130591,1.04,0.0133333333333333,0.02,0,0.04,-0.00190719325062362,-0.04
"none",3.1,"SVP Wilcoxon",0.99,0.99,0.99,0.99,0.0086572287296803,1.01,0.986666666666667,0.98,1,0.96,0.00996458147443445,1.04,0.0033333333333333,0.01,-0.01,0.03,-0.00130735274475415,-0.03
"none",3.2,"PELT",0,0,0,0,11.1106927254409,78.63,0.0257997086208928,0.0130735888503315,1,0,11.1106927254409,78.63,-0.0257997086208928,-0.0130735888503315,-1,0,0,0
"none",3.2,"RFPOP",0.99,0.99,0.99,0.99,0.00360758441078937,1.02,0.95,0.93,1,0.88,0.00893894417761383,1.18,0.04,0.0599999999999999,-0.01,0.11,-0.00533135976682445,-0.16
"none",3.2,"SVP MedianMood",1,1,1,1,0.0115197324742148,1,0.986666666666667,0.98,1,0.96,0.013011586853634,1.04,0.0133333333333333,0.02,0,0.04,-0.00149185437941926,-0.04
"none",3.2,"SVP Wilcoxon",0.99,0.99,0.99,0.99,0.0121284785127902,1.01,0.986666666666667,0.98,1,0.96,0.0153910774061064,1.04,0.0033333333333333,0.01,-0.01,0.03,-0.00326259889331618,-0.03
"none",3.3,"PELT",0,0,0,0,7.55650945273829,76.61,0.0263607508779594,0.0133611392500918,1,0,7.55650945273829,76.61,-0.0263607508779594,-0.0133611392500918,-1,0,0,0
"none",3.3,"RFPOP",0.99,0.99,0.99,0.99,0.00267444242512741,1.01,0.963,0.95,1,0.92,0.00702913927229694,1.15,0.027,0.04,-0.01,0.07,-0.00435469684716953,-0.14
"none",3.3,"SVP MedianMood",1,1,1,1,0.00822609703787366,1,0.99,0.985,1,0.97,0.00885616286695999,1.03,0.01,0.015,0,0.03,-0.000630065829086328,-0.03
"none",3.3,"SVP Wilcoxon",0.99,0.99,0.99,0.99,0.00849193947456699,1.01,0.983333333333333,0.975,1,0.95,0.0127519808451237,1.05,0.00666666666666671,0.015,-0.01,0.04,-0.00426004137055672,-0.04
"none",3.4,"PELT",0,0,0,0,10.3207648355588,81,0.0248196461731586,0.0125689304544734,1,0,10.3207648355588,81,-0.0248196461731586,-0.0125689304544734,-1,0,0,0
"none",3.4,"RFPOP",1,1,1,1,0.00250667526089622,1,0.935666666666667,0.912833333333333,1,0.86,0.0120289273687243,1.26,0.0643333333333334,0.0871666666666667,0,0.14,-0.00952225210782811,-0.26
"none",3.4,"SVP MedianMood",1,1,1,1,0.0133568414074524,1,0.996666666666667,0.995,1,0.99,0.0137454389876515,1.01,0.0033333333333333,0.005,0,0.01,-0.000388597580199077,-0.01
"none",3.4,"SVP Wilcoxon",1,1,1,1,0.0133568414074524,1,0.993333333333333,0.99,1,0.98,0.0146374799664002,1.02,0.00666666666666671,0.01,0,0.02,-0.00128063855894783,-0.02
"none",3.5,"PELT",0,0,0,0,79.3076646020792,76.64,0.0263545783760461,0.0133576299681306,1,0,79.3076646020792,76.64,-0.0263545783760461,-0.0133576299681306,-1,0,0,0
"none",3.5,"RFPOP",1,1,1,1,0.00261129191708149,1,0.967333333333333,0.955833333333333,1,0.93,0.0065376303191868,1.13,0.0326666666666666,0.0441666666666667,0,0.0700000000000001,-0.00392633840210531,-0.13
"none",3.5,"SVP MedianMood",1,1,1,1,0.0895128955459031,1,0.993333333333333,0.99,1,0.98,0.0902320662222026,1.02,0.00666666666666671,0.01,0,0.02,-0.000719170676299535,-0.02
"none",3.5,"SVP Wilcoxon",1,1,1,1,0.0895128955459031,1,0.996666666666667,0.995,1,0.99,0.0898437690095745,1.01,0.0033333333333333,0.005,0,0.01,-0.000330873463671444,-0.01
"none",3.6,"PELT",0,0,0,0,8.47589586385618,79.01,0.0254987408559416,0.0129176531698795,1,0,8.47589586385618,79.01,-0.0254987408559416,-0.0129176531698795,-1,0,0,0
"none",3.6,"RFPOP",0.99,0.99,0.99,0.99,0.00276839619268106,1.01,0.961666666666667,0.946666666666667,1,0.91,0.00658051781745708,1.14,0.0283333333333333,0.0433333333333333,-0.01,0.0800000000000001,-0.00381212162477602,-0.13
"none",3.6,"SVP MedianMood",1,1,1,1,0.0129875994455825,1,0.996666666666667,0.995,1,0.99,0.0134517272042648,1.01,0.0033333333333333,0.005,0,0.01,-0.000464127758682325,-0.01
"none",3.6,"SVP Wilcoxon",1,1,1,1,0.0129875994455825,1,0.996666666666667,0.995,1,0.99,0.0134517272042648,1.01,0.0033333333333333,0.005,0,0.01,-0.000464127758682325,-0.01
"none",3.7,"PELT",0,0,0,0,78.9651293166898,78.72,0.0256944274566596,0.0130191989484801,1,0,78.9651293166898,78.72,-0.0256944274566596,-0.0130191989484801,-1,0,0,0
"none",3.7,"RFPOP",1,1,1,1,0.00288653352062951,1,0.938333333333333,0.915,1,0.86,0.0106650688632471,1.23,0.0616666666666666,0.085,0,0.14,-0.00777853534261758,-0.23
"none",3.7,"SVP MedianMood",1,1,1,1,0.0751878531586947,1,0.991666666666667,0.988333333333333,1,0.98,0.0762233455567265,1.03,0.0083333333333333,0.0116666666666667,0,0.02,-0.00103549239803184,-0.03
"none",3.7,"SVP Wilcoxon",1,1,1,1,0.0751878531586947,1,0.996666666666667,0.995,1,0.99,0.0754788381019112,1.01,0.0033333333333333,0.005,0,0.01,-0.000290984943216471,-0.01
"none",3.8,"PELT",0,0,0,0,17.4889720760789,77.22,0.0261248800984558,0.0132393615565546,1,0,17.4889720760789,77.22,-0.0261248800984558,-0.0132393615565546,-1,0,0,0
"none",3.8,"RFPOP",0.99,0.99,0.99,0.99,0.00249971261541627,1.01,0.957333333333333,0.9425,1,0.91,0.0082284302130844,1.17,0.0326666666666666,0.0475,-0.01,0.0800000000000001,-0.00572871759766813,-0.16
"none",3.8,"SVP MedianMood",1,1,1,1,0.0177855046129471,1,0.996666666666667,0.995,1,0.99,0.0183966865671603,1.01,0.0033333333333333,0.005,0,0.01,-0.000611181954213183,-0.01
"none",3.8,"SVP Wilcoxon",1,1,1,1,0.0177855046129471,1,0.996666666666667,0.995,1,0.99,0.0183909856952076,1.01,0.0033333333333333,0.005,0,0.01,-0.000605481082260422,-0.01
"none",3.9,"PELT",0,0,0,0,14.8787781238735,79.5,0.0254483818299686,0.0128924377778949,1,0,14.8787781238735,79.5,-0.0254483818299686,-0.0128924377778949,-1,0,0,0
"none",3.9,"RFPOP",0.99,0.99,0.99,0.99,0.00214890297476444,1.01,0.943333333333333,0.923666666666667,1,0.88,0.00884699875148075,1.23,0.0466666666666666,0.0663333333333334,-0.01,0.11,-0.00669809577671631,-0.22
"none",3.9,"SVP MedianMood",1,1,1,1,0.0234859288585043,1,0.993333333333333,0.99,1,0.98,0.0242047026713443,1.02,0.00666666666666671,0.01,0,0.02,-0.000718773812840003,-0.02
"none",3.9,"SVP Wilcoxon",1,1,1,1,0.0234859288585043,1,1,1,1,1,0.0234859288585043,1,0,0,0,0,0,0
"none",4,"PELT",0,0,0,0,7.75076096699128,77.58,0.0259108803933481,0.013128958378343,1,0,7.75076096699128,77.58,-0.0259108803933481,-0.013128958378343,-1,0,0,0
"none",4,"RFPOP",0.99,0.99,0.99,0.99,0.00316363150960542,1.01,0.931666666666667,0.905,1,0.84,0.0121116866666713,1.25,0.0583333333333333,0.085,-0.01,0.15,-0.00894805515706585,-0.24
"none",4,"SVP MedianMood",1,1,1,1,0.0095868134151788,1,0.996666666666667,0.995,1,0.99,0.00972149374747757,1.01,0.0033333333333333,0.005,0,0.01,-0.000134680332298772,-0.01
"none",4,"SVP Wilcoxon",1,1,1,1,0.0095868134151788,1,1,1,1,1,0.0095868134151788,1,0,0,0,0,0,0
"rand1",0.1,"PELT",0.0370378508945288,0.0202552950480902,0.22,0,9.9527009441572,77.57,0.0599644886980549,0.0331752673447936,0.3175,0,9.9527009441572,77.57,-0.0229266378035261,-0.0129199722967034,-0.0975,0,0,0
"rand1",0.1,"RFPOP",0,0,0,0,0.00859887828623739,1.01,0.215932400932401,0.897833333333333,0.125,0,0.0174465013485019,1.32,-0.215932400932401,-0.897833333333333,-0.125,0,-0.00884762306226449,-0.31
"rand1",0.1,"SVP MedianMood",0.0025,0.01,0.00142857142857143,0,0.0166377263165584,1.04,0.222222222222222,1,0.125,0,0.0153826700331982,1,-0.219722222222222,-0.99,-0.123571428571429,0,0.00125505628336017,0.04
"rand1",0.1,"SVP Wilcoxon",0.0238578088578089,0.03,0.02,0,0.127083645406163,5.47,0.180234432234432,0.21152380952381,0.1575,0,0.153936717423758,5.97,-0.156376623376623,-0.18152380952381,-0.1375,0,-0.0268530720175948,-0.5
"rand1",0.2,"PELT",0.0447101599225172,0.0244931064186513,0.261428571428571,0,8.69264946564243,76.91,0.0676277929786498,0.0374692666117268,0.35375,0,8.69264946564243,76.91,-0.0229176330561326,-0.0129761601930755,-0.0923214285714286,0,0,0
"rand1",0.2,"RFPOP",0,0,0,0,0.0279497728143676,1.08,0.223304584304584,0.843166666666667,0.13375,0,0.0376163965369968,1.55,-0.223304584304584,-0.843166666666667,-0.13375,0,-0.00966662372262923,-0.47
"rand1",0.2,"SVP MedianMood",0,0,0,0,0.03707743753423,1.08,0.222,0.995,0.125,0,0.0347164673924058,1.01,-0.222,-0.995,-0.125,0,0.00236097014182413,0.0700000000000001
"rand1",0.2,"SVP Wilcoxon",0.036993006993007,0.0451666666666667,0.0314285714285714,0,0.139218153756523,5.76,0.180754578754579,0.208428571428571,0.16,0,0.136319571003964,6.18,-0.143761571761572,-0.163261904761905,-0.128571428571429,0,0.00289858275255872,-0.42
"rand1",0.3,"PELT",0.0390579473317936,0.0213019262609806,0.238571428571429,0,9.63823333610574,80.32,0.0610938360826998,0.0336775915713606,0.33375,0,9.63823333610574,80.32,-0.0220358887509062,-0.01237566531038,-0.0951785714285714,0,0,0
"rand1",0.3,"RFPOP",0.0025,0.01,0.00142857142857143,0,0.0569007095760863,1.1,0.221367188367188,0.619690476190476,0.14625,0,0.073385713260117,2.55,-0.218867188367188,-0.609690476190476,-0.144821428571429,0,-0.0164850036840307,-1.45
"rand1",0.3,"SVP MedianMood",0,0,0,0,0.0785483989258031,1.5,0.221333333333333,0.98,0.125,0,0.0636078331990159,1.04,-0.221333333333333,-0.98,-0.125,0,0.0149405657267872,0.46
"rand1",0.3,"SVP Wilcoxon",0.0551748251748252,0.0643333333333333,0.0485714285714286,0,0.165793982950289,6.22,0.196071428571429,0.216071428571429,0.18,0.03,0.159232136328204,6.67,-0.140896603396603,-0.151738095238095,-0.131428571428571,-0.03,0.00656184662208531,-0.45
"rand1",0.4,"PELT",0.0465396106620105,0.0253984549900155,0.281428571428571,0,6.75726439139006,79.66,0.0685475470215394,0.037810314505653,0.37125,0,6.75726439139006,79.66,-0.0220079363595289,-0.0124118595156375,-0.0898214285714286,0,0,0
"rand1",0.4,"RFPOP",0.0293333333333333,0.08,0.0185714285714286,0,0.0917165895507568,1.61,0.273213924963925,0.514035714285714,0.20375,0.01,0.0941529849539657,3.75,-0.243880591630592,-0.434035714285714,-0.185178571428571,-0.01,-0.00243639540320893,-2.14
"rand1",0.4,"SVP MedianMood",0.0292777777777778,0.0766666666666667,0.0185714285714286,0,0.114038860812445,2.14,0.224222222222222,0.925,0.12875,0,0.115092377739354,1.18,-0.194944444444444,-0.848333333333333,-0.110178571428571,0,-0.00105351692690876,0.96
"rand1",0.4,"SVP Wilcoxon",0.0869230769230769,0.0976666666666667,0.0785714285714286,0,0.138262972911909,6.59,0.22997619047619,0.245833333333333,0.21625,0.08,0.14432782161462,7.04,-0.143053113553114,-0.148166666666667,-0.137678571428571,-0.08,-0.00606484870271079,-0.45
"rand1",0.5,"PELT",0.0465730043158008,0.0254394070853487,0.281428571428571,0,22.092677572636,79.59,0.0687622840375445,0.0379753281763848,0.37125,0,22.092677572636,79.59,-0.0221892797217436,-0.0125359210910361,-0.0898214285714286,0,0,0
"rand1",0.5,"RFPOP",0.0772777777777778,0.159,0.0528571428571429,0,0.11716837846279,2.49,0.326096153846154,0.474178571428571,0.2625,0.03,0.0994436509791255,4.81,-0.248818376068376,-0.315178571428571,-0.209642857142857,-0.03,0.0177247274836644,-2.32
"rand1",0.5,"SVP MedianMood",0.0546363636363636,0.125,0.0357142857142857,0,0.197721547328026,3.05,0.219535353535354,0.698333333333333,0.13375,0,0.180056018844084,1.76,-0.16489898989899,-0.573333333333333,-0.0980357142857143,0,0.0176655284839412,1.29
"rand1",0.5,"SVP Wilcoxon",0.119120879120879,0.130095238095238,0.11,0.01,0.267668035706749,6.84,0.25102380952381,0.266547619047619,0.2375,0.14,0.247235935585706,7.12,-0.13190293040293,-0.136452380952381,-0.1275,-0.13,0.0204321001210427,-0.28
"rand1",0.6,"PELT",0.0545945581317061,0.029844557457539,0.331428571428571,0,7.91183066949337,80,0.0767013839171679,0.0424091040594871,0.415,0,7.91183066949337,80,-0.0221068257854618,-0.012564546601948,-0.0835714285714286,0,0,0
"rand1",0.6,"RFPOP",0.195166666666667,0.335,0.142857142857143,0,0.115565916604693,3.77,0.379848151848152,0.479214285714286,0.32125,0.01,0.094974966839015,5.42,-0.184681485181485,-0.144214285714286,-0.178392857142857,-0.01,0.0205909497656779,-1.65
"rand1",0.6,"SVP MedianMood",0.0875555555555556,0.160833333333333,0.0614285714285714,0,0.178029189834653,3.62,0.234646464646465,0.545,0.1525,0,0.201358512929405,2.35,-0.147090909090909,-0.384166666666667,-0.0910714285714286,0,-0.0233293230947519,1.27
"rand1",0.6,"SVP Wilcoxon",0.168021978021978,0.180714285714286,0.157142857142857,0.07,0.163274256400568,7.04,0.273166666666667,0.288214285714286,0.26,0.23,0.15955022948036,7.23,-0.105144688644689,-0.1075,-0.102857142857143,-0.16,0.00372402692020846,-0.19
"rand1",0.7,"PELT",0.0598530749966965,0.0325991075636091,0.371428571428571,0,22.2086584005964,81.18,0.0812891035065738,0.0447588506716879,0.45,0,22.2086584005964,81.18,-0.0214360285098773,-0.0121597431080789,-0.0785714285714286,0,0,0
"rand1",0.7,"RFPOP",0.315272727272727,0.451,0.251428571428571,0,0.105866018369819,4.74,0.455841491841492,0.534190476190476,0.4,0,0.0787834887126729,5.98,-0.140568764568765,-0.0831904761904762,-0.148571428571429,0,0.0270825296571457,-1.24
"rand1",0.7,"SVP MedianMood",0.147242424242424,0.215,0.114285714285714,0,0.232016065286519,4.58,0.25458818958819,0.482166666666667,0.175,0,0.244293268841407,2.93,-0.107345765345765,-0.267166666666667,-0.0607142857142857,0,-0.0122772035548881,1.65
"rand1",0.7,"SVP Wilcoxon",0.215622710622711,0.232238095238095,0.201428571428571,0.12,0.351030240187243,7.11,0.318333333333333,0.333571428571429,0.305,0.36,0.343397753958763,7.36,-0.102710622710623,-0.101333333333333,-0.103571428571429,-0.24,0.00763248622847973,-0.25
"rand1",0.8,"PELT",0.0676642071784916,0.0369417642386282,0.408571428571429,0,8.08968953996315,79.41,0.0892740245826692,0.0492663393524272,0.4825,0,8.08968953996315,79.41,-0.0216098174041776,-0.012324575113799,-0.0739285714285715,0,0,0
"rand1",0.8,"RFPOP",0.402030303030303,0.5525,0.324285714285714,0,0.0984189952859507,5.18,0.518621794871795,0.599083333333333,0.45875,0.04,0.0705263250832555,6.15,-0.116591491841492,-0.0465833333333333,-0.134464285714286,-0.04,0.0278926702026952,-0.970000000000001
"rand1",0.8,"SVP MedianMood",0.244242424242424,0.3195,0.2,0,0.187374075812147,5.24,0.284792540792541,0.489333333333333,0.2025,0,0.253104949529229,3.32,-0.0405501165501166,-0.169833333333333,-0.00250000000000003,0,-0.065730873717082,1.92
"rand1",0.8,"SVP Wilcoxon",0.264835164835165,0.283809523809524,0.248571428571429,0.13,0.168966975262496,7.13,0.365666666666667,0.382142857142857,0.35125,0.35,0.161475818693799,7.35,-0.100831501831502,-0.0983333333333333,-0.102678571428571,-0.22,0.00749115656869742,-0.22
"rand1",0.9,"PELT",0.0676954286277691,0.0369381736801495,0.411428571428571,0,13.7367056499477,80.84,0.0889978916946617,0.0490792316260425,0.485,0,13.7367056499477,80.84,-0.0213024630668926,-0.012141057945893,-0.0735714285714286,0,0,0
"rand1",0.9,"RFPOP",0.482636363636364,0.607333333333333,0.405714285714286,0,0.0748392230334699,5.71,0.561385531135531,0.649678571428571,0.495,0.01,0.0678320594280532,6.11,-0.0787491674991675,-0.042345238095238,-0.0892857142857143,-0.01,0.0070071636054167,-0.4
"rand1",0.9,"SVP MedianMood",0.287212121212121,0.3535,0.242857142857143,0,0.232393601484131,5.69,0.284219114219114,0.451,0.21,0,0.343434245154617,3.74,0.00299300699300697,-0.0975,0.0328571428571429,0,-0.111040643670486,1.95
"rand1",0.9,"SVP Wilcoxon",0.303736263736264,0.326428571428571,0.284285714285714,0.12,0.199642366933769,7.12,0.39025,0.407678571428571,0.375,0.38,0.194153145465984,7.38,-0.0865137362637363,-0.08125,-0.0907142857142857,-0.26,0.00548922146778483,-0.26
"rand1",1,"PELT",0.0821477305656547,0.044774292613801,0.504285714285714,0,10.4874084790065,80.85,0.103059823215948,0.0567706007320148,0.56625,0,10.4874084790065,80.85,-0.020912092650293,-0.0119963081182138,-0.0619642857142858,0,0,0
"rand1",1,"RFPOP",0.524,0.635333333333333,0.447142857142857,0,0.0661725734596813,5.92,0.593607142857143,0.686369047619048,0.52375,0.03,0.0670752093648309,6.12,-0.0696071428571429,-0.0510357142857143,-0.0766071428571429,-0.03,-0.000902635905149649,-0.2
"rand1",1,"SVP MedianMood",0.383986013986014,0.462333333333333,0.328571428571429,0,0.203239305019351,5.95,0.336363636363636,0.482,0.26125,0,0.313662992252541,4.39,0.0476223776223776,-0.0196666666666666,0.0673214285714286,0,-0.11042368723319,1.56
"rand1",1,"SVP Wilcoxon",0.349340659340659,0.368571428571429,0.332857142857143,0.3,0.195005416727834,7.3,0.451166666666667,0.461071428571429,0.4425,0.68,0.215208181281406,7.68,-0.101826007326007,-0.0925,-0.109642857142857,-0.38,-0.0202027645535728,-0.38
"rand1",1.1,"PELT",0.0888324874515932,0.048382812506024,0.55,0,12.9474744729226,81.95,0.109341832569443,0.0601779123675465,0.60625,0,12.9474744729226,81.95,-0.0205093451178497,-0.0117950998615225,-0.05625,0,0,0
"rand1",1.1,"RFPOP",0.582948717948718,0.699,0.5,0,0.0629216157408136,6.01,0.640535714285714,0.744345238095238,0.5625,0.00999999999999999,0.0664803084924228,6.06,-0.0575869963369964,-0.045345238095238,-0.0625,-0.00999999999999999,-0.00355869275160918,-0.0499999999999998
"rand1",1.1,"SVP MedianMood",0.435174825174825,0.522666666666667,0.372857142857143,0,0.167805789511402,5.99,0.370934065934066,0.478833333333333,0.305,0,0.316699281187109,5.01,0.0642407592407592,0.0438333333333334,0.0678571428571428,0,-0.148893491675707,0.98
"rand1",1.1,"SVP Wilcoxon",0.393296703296703,0.413809523809524,0.375714285714286,0.34,0.226053483039223,7.34,0.461436274509804,0.473115079365079,0.45125,0.62,0.263461371707027,7.64,-0.0681395712131007,-0.0593055555555556,-0.0755357142857144,-0.28,-0.0374078886678046,-0.3
"rand1",1.2,"PELT",0.0953460274259328,0.0519158115288852,0.592857142857143,0,12.1292314375095,81.92,0.115738445587345,0.0636846655724232,0.64375,0,12.1292314375095,81.92,-0.0203924181614124,-0.011768854043538,-0.0508928571428572,0,0,0
"rand1",1.2,"RFPOP",0.605,0.726,0.518571428571429,0,0.0674661866171886,6,0.658285714285714,0.765714285714286,0.5775,0,0.0709167566215222,6.04,-0.0532857142857143,-0.0397142857142857,-0.0589285714285714,0,-0.00345057000433352,-0.04
"rand1",1.2,"SVP MedianMood",0.464615384615385,0.557,0.398571428571429,0,0.22451075183751,6.01,0.452142857142857,0.5565,0.3825,0,0.321904084160002,5.46,0.0124725274725274,0.000500000000000056,0.0160714285714286,0,-0.0973933323224922,0.55
"rand1",1.2,"SVP Wilcoxon",0.390989010989011,0.408809523809524,0.375714285714286,0.4,0.269244953087079,7.4,0.474308823529412,0.483630952380952,0.46625,0.69,0.250539214386156,7.71,-0.0833198125404008,-0.0748214285714285,-0.0905357142857143,-0.29,0.0187057387009228,-0.31
"rand1",1.3,"PELT",0.0946462008444294,0.0514239578428816,0.604285714285714,0,9.52783880257553,83.92,0.11465832994994,0.0629470660968881,0.65375,0,9.52783880257553,83.92,-0.020012129105511,-0.0115231082540064,-0.0494642857142857,0,0,0
"rand1",1.3,"RFPOP",0.621,0.748,0.531428571428571,0,0.0748269502945164,5.98,0.67552380952381,0.784047619047619,0.59375,0,0.0787233709320363,6.07,-0.0545238095238095,-0.0360476190476191,-0.0623214285714286,0,-0.00389642063751997,-0.0899999999999999
"rand1",1.3,"SVP MedianMood",0.501794871794872,0.6,0.431428571428571,0,0.156479836911097,6.05,0.510714285714286,0.616833333333333,0.4375,0,0.248101021503238,5.61,-0.00891941391941387,-0.0168333333333334,-0.00607142857142862,0,-0.0916211845921406,0.44
"rand1",1.3,"SVP Wilcoxon",0.427531135531135,0.444761904761905,0.412857142857143,0.48,0.201746688136769,7.5,0.488872549019608,0.495119047619048,0.48375,0.73,0.211166313770246,7.81,-0.0613414134884724,-0.0503571428571429,-0.0708928571428572,-0.25,-0.00941962563347745,-0.31
"rand1",1.4,"PELT",0.100814708764288,0.0548264011804981,0.634285714285714,0,9.46420192008123,82.83,0.120824872187844,0.066391338806563,0.68,0,9.46420192008123,82.83,-0.0200101634235556,-0.0115649376260649,-0.0457142857142858,0,0,0
"rand1",1.4,"RFPOP",0.651666666666667,0.782,0.558571428571428,0,0.0743893390818563,6,0.699535714285714,0.813869047619048,0.61375,0.02,0.0776608432182663,6.05,-0.0478690476190476,-0.0318690476190476,-0.0551785714285715,-0.02,-0.00327150413640999,-0.0499999999999998
"rand1",1.4,"SVP MedianMood",0.553205128205128,0.661333333333333,0.475714285714286,0,0.163397779813823,6.04,0.551538461538462,0.654333333333333,0.4775,0,0.24240442367472,5.78,0.0016666666666667,0.00700000000000001,-0.00178571428571428,0,-0.0790066438608971,0.26
"rand1",1.4,"SVP Wilcoxon",0.484835164835165,0.502142857142857,0.47,0.54,0.204846319637775,7.54,0.544519607843137,0.551468253968254,0.53875,0.73,0.222147105704221,7.81,-0.0596844430079724,-0.0493253968253968,-0.06875,-0.19,-0.017300786066446,-0.27
"rand1",1.5,"PELT",0.110290026210934,0.0602079003847439,0.668571428571429,0,17.2501616167678,80.44,0.130686033053242,0.0721028648581911,0.71,0,17.2501616167678,80.44,-0.020396006842308,-0.0118949644734472,-0.0414285714285714,0,0,0
"rand1",1.5,"RFPOP",0.696666666666667,0.836,0.597142857142857,0,0.0764648597932648,6,0.733321428571429,0.848988095238095,0.64625,0.03,0.0832707296093104,6.11,-0.0366547619047619,-0.0129880952380953,-0.0491071428571429,-0.03,-0.00680586981604567,-0.11
"rand1",1.5,"SVP MedianMood",0.55974358974359,0.666666666666667,0.482857142857143,0,0.24913696412457,6.07,0.596043956043956,0.701333333333333,0.51875,0,0.349981632428096,5.88,-0.0363003663003664,-0.0346666666666667,-0.0358928571428572,0,-0.100844668303526,0.19
"rand1",1.5,"SVP Wilcoxon",0.5,0.511666666666667,0.49,0.68,0.301420942560073,7.68,0.569348039215686,0.571646825396825,0.5675,0.89,0.28568700296811,7.93,-0.0693480392156862,-0.0599801587301588,-0.0775,-0.21,0.0157339395919634,-0.25
"rand1",1.6,"PELT",0.107536768815908,0.0585971890692256,0.665714285714286,0,8.37847023251403,82,0.127646206149879,0.0702869735118442,0.7075,0,8.37847023251403,82,-0.020109437333971,-0.0116897844426186,-0.0417857142857143,0,0,0
"rand1",1.6,"RFPOP",0.683333333333333,0.82,0.585714285714286,0,0.0820488939164409,6,0.728571428571429,0.85,0.6375,0,0.0820488939164409,6,-0.0452380952380953,-0.0299999999999999,-0.0517857142857142,0,0,0
"rand1",1.6,"SVP MedianMood",0.559230769230769,0.667666666666667,0.481428571428571,0,0.18467814912109,6.06,0.639010989010989,0.746333333333333,0.55875,0,0.195636860707933,5.98,-0.0797802197802199,-0.0786666666666667,-0.0773214285714285,0,-0.0109587115868433,0.0799999999999992
"rand1",1.6,"SVP Wilcoxon",0.508630036630037,0.52047619047619,0.498571428571429,0.63,0.207957837909582,7.65,0.567622549019608,0.569583333333333,0.56625,0.85,0.197685562108908,7.95,-0.0589925123895713,-0.0491071428571429,-0.0676785714285715,-0.22,0.0102722758006742,-0.3
"rand1",1.7,"PELT",0.112953881032529,0.0614851129188202,0.705714285714286,0,13.4006641987494,82.72,0.132777102013729,0.0730306138419761,0.7425,0,13.4006641987494,82.72,-0.0198232209811996,-0.0115455009231559,-0.0367857142857143,0,0,0
"rand1",1.7,"RFPOP",0.71,0.852,0.608571428571429,0,0.0899891957414834,6,0.751428571428571,0.876666666666667,0.6575,0,0.0899891957414834,6,-0.0414285714285715,-0.0246666666666667,-0.0489285714285714,0,0,0
"rand1",1.7,"SVP MedianMood",0.573369963369963,0.678857142857143,0.497142857142857,0.00999999999999999,0.228819980553017,6.14,0.652857142857143,0.761666666666667,0.57125,0,0.256546799306668,6,-0.0794871794871795,-0.0828095238095239,-0.0741071428571429,0.00999999999999999,-0.0277268187536508,0.14
"rand1",1.7,"SVP Wilcoxon",0.520989010989011,0.528809523809524,0.514285714285714,0.78,0.263306138793128,7.78,0.596926470588235,0.598035714285714,0.59625,0.89,0.242228959033767,7.97,-0.0759374595992244,-0.0692261904761905,-0.0819642857142857,-0.11,0.0210771797593612,-0.19
"rand1",1.8,"PELT",0.114767807118302,0.0625205735083851,0.711428571428571,0,11.3945807385324,81.95,0.134745724039172,0.0741784638977734,0.7475,0,11.3945807385324,81.95,-0.0199779169208702,-0.0116578903893883,-0.0360714285714286,0,0,0
"rand1",1.8,"RFPOP",0.733333333333333,0.88,0.628571428571429,0,0.0867220379148932,6,0.770380952380952,0.897380952380952,0.675,0,0.0874370685389392,6.02,-0.0370476190476191,-0.0173809523809524,-0.0464285714285715,0,-0.000715030624046001,-0.0199999999999996
"rand1",1.8,"SVP MedianMood",0.601208791208791,0.704619047619048,0.525714285714286,0.01,0.209066748732837,6.25,0.675714285714286,0.788333333333333,0.59125,0,0.207530000957168,6,-0.0745054945054945,-0.0837142857142857,-0.0655357142857144,0.01,0.00153674777566934,0.25
"rand1",1.8,"SVP Wilcoxon",0.5723663003663,0.578571428571429,0.567142857142857,0.82,0.220688031473016,7.84,0.629200980392157,0.628829365079365,0.63,0.9,0.233141021708012,8.02,-0.0568346800258566,-0.0502579365079365,-0.0628571428571428,-0.08,-0.0124529902349968,-0.18
"rand1",1.9,"PELT",0.118587216860769,0.0647151006150089,0.721428571428571,0,9.42358430918012,80.37,0.138820027711777,0.0765676973892343,0.75625,0,9.42358430918012,80.37,-0.0202328108510073,-0.0118525967742254,-0.0348214285714286,0,0,0
"rand1",1.9,"RFPOP",0.74,0.888,0.634285714285714,0,0.0921669918613554,6,0.774559523809524,0.900416666666667,0.68,0.00999999999999999,0.096826618450003,6.05,-0.0345595238095238,-0.0124166666666666,-0.0457142857142858,-0.00999999999999999,-0.00465962658864763,-0.0499999999999998
"rand1",1.9,"SVP MedianMood",0.609908424908425,0.715857142857143,0.532857142857143,0.02,0.194026561493419,6.23,0.7,0.816666666666667,0.6125,0,0.183088746870895,6,-0.0900915750915752,-0.100809523809524,-0.0796428571428572,0.02,0.0109378146225242,0.23
"rand1",1.9,"SVP Wilcoxon",0.580827838827839,0.585238095238095,0.577142857142857,0.88,0.22779605721883,7.9,0.62453431372549,0.622003968253968,0.6275,0.9,0.22625010530369,8.08,-0.0437064748976513,-0.0367658730158731,-0.0503571428571428,-0.02,0.00154595191513968,-0.18
"rand1",2,"PELT",0.121426431740284,0.0661992539935845,0.745714285714286,0,13.1463754948485,81.3,0.141342652714447,0.0778709554990398,0.7775,0,13.1463754948485,81.3,-0.0199162209741629,-0.0116717015054553,-0.0317857142857143,0,0,0
"rand1",2,"RFPOP",0.758333333333333,0.91,0.65,0,0.0990952774434014,6,0.791809523809524,0.922380952380952,0.69375,0,0.099553038999297,6.02,-0.0334761904761904,-0.0123809523809524,-0.04375,0,-0.000457761555895622,-0.0199999999999996
"rand1",2,"SVP MedianMood",0.628754578754579,0.729857142857143,0.554285714285714,0.03,0.308966615164713,6.35,0.708095238095238,0.82547619047619,0.62,0,0.214845060235498,6.01,-0.0793406593406594,-0.0956190476190476,-0.0657142857142857,0.03,0.0941215549292151,0.34
"rand1",2,"SVP Wilcoxon",0.608131868131868,0.609285714285714,0.607142857142857,0.97,0.291132194740946,7.97,0.641584967320261,0.638611111111111,0.645,0.92,0.288781987684848,8.09,-0.0334530991883933,-0.0293253968253968,-0.0378571428571429,0.0499999999999999,0.0023502070560979,-0.12
"rand1",2.1,"PELT",0.121065734681784,0.065965945294066,0.748571428571429,0,7.85949793916546,81.74,0.140935652398019,0.0776041343942253,0.78,0,7.85949793916546,81.74,-0.0198699177162346,-0.0116381891001593,-0.0314285714285715,0,0,0
"rand1",2.1,"RFPOP",0.756666666666667,0.908,0.648571428571429,0,0.105471399765793,6,0.790952380952381,0.922142857142857,0.6925,0,0.106438911524282,6.01,-0.0342857142857144,-0.0141428571428571,-0.0439285714285714,0,-0.000967511758488374,-0.00999999999999979
"rand1",2.1,"SVP MedianMood",0.626739926739927,0.727380952380952,0.552857142857143,0.04,0.217574879943124,6.35,0.712857142857143,0.831666666666667,0.62375,0,0.206657944928922,6,-0.0861172161172161,-0.104285714285714,-0.0708928571428572,0.04,0.0109169350142023,0.35
"rand1",2.1,"SVP Wilcoxon",0.624893772893773,0.625714285714286,0.624285714285714,0.96,0.190351768900478,7.98,0.658529411764706,0.657222222222222,0.66,0.96,0.199214669094969,8.04,-0.033635638870933,-0.0315079365079366,-0.0357142857142858,0,-0.00886290019449129,-0.0599999999999987
"rand1",2.2,"PELT",0.126782027350101,0.069062338905201,0.782857142857143,0,11.5252733458056,81.55,0.146501277473274,0.0806432092540969,0.81,0,11.5252733458056,81.55,-0.0197192501231729,-0.0115808703488959,-0.0271428571428572,0,0,0
"rand1",2.2,"RFPOP",0.751666666666667,0.902,0.644285714285714,0,0.113402794123214,6,0.786571428571429,0.916904761904762,0.68875,0,0.113438097584984,6.01,-0.034904761904762,-0.0149047619047619,-0.0444642857142857,0,-3.53034617701781e-05,-0.00999999999999979
"rand1",2.2,"SVP MedianMood",0.637344322344322,0.731857142857143,0.567142857142857,0.05,0.23337143334842,6.43,0.724285714285714,0.845,0.63375,0,0.223690901859565,6,-0.086941391941392,-0.113142857142857,-0.0666071428571429,0.05,0.00968053148885525,0.43
"rand1",2.2,"SVP Wilcoxon",0.670915750915751,0.670595238095238,0.671428571428571,0.97,0.251432646891037,8.01,0.691102941176471,0.687638888888889,0.695,0.91,0.257728891586858,8.09,-0.0201871902607197,-0.0170436507936508,-0.0235714285714286,0.06,-0.00629624469582102,-0.0800000000000001
"rand1",2.3,"PELT",0.127604382332967,0.0695379213428018,0.787142857142857,0,7.97982152434506,81.6,0.14732964378646,0.0811345577182554,0.81375,0,7.97982152434506,81.6,-0.0197252614534928,-0.0115966363754536,-0.0266071428571428,0,0,0
"rand1",2.3,"RFPOP",0.78,0.936,0.668571428571429,0,0.114893891917436,6,0.811428571428571,0.946666666666667,0.71,0,0.114893891917436,6,-0.0314285714285715,-0.0106666666666666,-0.0414285714285714,0,0,0
"rand1",2.3,"SVP MedianMood",0.653095238095238,0.747761904761905,0.582857142857143,0.07,0.21798301854674,6.45,0.730857142857143,0.851904761904762,0.64,0,0.20996736934168,6.01,-0.0777619047619048,-0.104142857142857,-0.0571428571428572,0.07,0.00801564920506012,0.44
"rand1",2.3,"SVP Wilcoxon",0.650659340659341,0.651428571428571,0.65,0.98,0.240524933261604,7.98,0.686544117647059,0.682361111111111,0.69125,0.89,0.215662352117973,8.11,-0.0358847769877182,-0.0309325396825396,-0.04125,0.0900000000000001,0.0248625811436301,-0.129999999999999
"rand1",2.4,"PELT",0.127806477528139,0.0695346969435905,0.8,0,7.33791917026567,82.91,0.147190729948284,0.0809100023389302,0.825,0,7.33791917026567,82.91,-0.0193842524201449,-0.0113753053953397,-0.0249999999999999,0,0,0
"rand1",2.4,"RFPOP",0.78,0.936,0.668571428571429,0,0.12043846084622,6,0.811428571428571,0.946666666666667,0.71,0,0.12043846084622,6,-0.0314285714285715,-0.0106666666666666,-0.0414285714285714,0,0,0
"rand1",2.4,"SVP MedianMood",0.668296703296703,0.753142857142857,0.604285714285714,0.1,0.220530259807907,6.62,0.732285714285714,0.853571428571429,0.64125,0,0.215955811918393,6.01,-0.0639890109890111,-0.100428571428571,-0.0369642857142857,0.1,0.00457444788951408,0.61
"rand1",2.4,"SVP Wilcoxon",0.680827838827839,0.681904761904762,0.68,0.96,0.194106395804056,7.98,0.707612745098039,0.705575396825397,0.71,0.92,0.207849345822794,8.06,-0.0267849062702004,-0.0236706349206349,-0.03,0.0399999999999999,-0.0137429500187375,-0.0800000000000001
"rand1",2.5,"PELT",0.129692928676213,0.0706580979821654,0.807142857142857,0,10.8713521599286,82.92,0.14915897561867,0.0821152791997975,0.83125,0,10.8713521599286,82.92,-0.0194660469424564,-0.0114571812176321,-0.0241071428571429,0,0,0
"rand1",2.5,"RFPOP",0.773333333333333,0.928,0.662857142857143,0,0.128316858711789,6,0.805142857142857,0.938571428571429,0.705,0,0.129608313410152,6.01,-0.0318095238095238,-0.0105714285714286,-0.0421428571428571,0,-0.00129145469836328,-0.00999999999999979
"rand1",2.5,"SVP MedianMood",0.670695970695971,0.743285714285714,0.615714285714286,0.2,0.24703535323181,6.79,0.725238095238095,0.843571428571429,0.63625,0,0.259442177249359,6.04,-0.0545421245421246,-0.100285714285714,-0.0205357142857143,0.2,-0.0124068240175483,0.75
"rand1",2.5,"SVP Wilcoxon",0.69952380952381,0.699107142857143,0.7,0.99,0.224067596465329,8.01,0.729795751633987,0.725305555555556,0.735,0.89,0.223250469442755,8.13,-0.0302719421101774,-0.0261984126984127,-0.035,0.1,0.000817127022574804,-0.120000000000001
"rand1",2.6,"PELT",0.12599239074517,0.0685496936460078,0.792857142857143,0,8.74848558506587,83.82,0.145304078142905,0.0798737853251563,0.81875,0,8.74848558506587,83.82,-0.0193116873977344,-0.0113240916791486,-0.0258928571428572,0,0,0
"rand1",2.6,"RFPOP",0.773333333333333,0.928,0.662857142857143,0,0.146954662192978,6,0.805714285714286,0.94,0.705,0,0.146954662192978,6,-0.0323809523809524,-0.012,-0.0421428571428571,0,0,0
"rand1",2.6,"SVP MedianMood",0.682875457875458,0.754285714285714,0.627142857142857,0.13,0.238044787559677,6.83,0.715047619047619,0.833333333333333,0.62625,0,0.270670361677879,6.01,-0.0321721611721613,-0.079047619047619,0.00089285714285714,0.13,-0.0326255741182028,0.82
"rand1",2.6,"SVP Wilcoxon",0.69752380952381,0.696607142857143,0.698571428571429,0.98,0.206994489742139,8.02,0.713088235294118,0.709166666666667,0.7175,0.88,0.223132583396833,8.12,-0.0155644257703081,-0.0125595238095237,-0.0189285714285715,0.0999999999999999,-0.0161380936546948,-0.0999999999999996
"rand1",2.7,"PELT",0.130243112115854,0.0709065336693012,0.81,0,9.32382432806703,82.01,0.149790191534824,0.0824041312834613,0.83375,0,9.32382432806703,82.01,-0.0195470794189706,-0.0114975976141601,-0.02375,0,0,0
"rand1",2.7,"RFPOP",0.788333333333333,0.946,0.675714285714286,0,0.136880361190324,6,0.818571428571429,0.955,0.71625,0,0.136880361190324,6,-0.0302380952380953,-0.0089999999999999,-0.0405357142857143,0,0,0
"rand1",2.7,"SVP MedianMood",0.678369963369963,0.740857142857143,0.63,0.26,0.244675857798597,6.98,0.724571428571429,0.841904761904762,0.63625,0,0.300455969393831,6.05,-0.0462014652014652,-0.101047619047619,-0.00624999999999998,0.26,-0.0557801115952333,0.930000000000001
"rand1",2.7,"SVP Wilcoxon",0.689619047619048,0.689285714285714,0.69,0.99,0.246777616188264,8.01,0.710735294117647,0.706944444444444,0.715,0.9,0.250036566190191,8.1,-0.0211162464985994,-0.0176587301587302,-0.025,0.09,-0.00325895000192752,-0.0899999999999999
"rand1",2.8,"PELT",0.131868308074267,0.0717404192343668,0.828571428571429,0,12.212410324056,83.44,0.15109092708098,0.0830482839087624,0.85,0,12.212410324056,83.44,-0.0192226190067129,-0.0113078646743956,-0.0214285714285715,0,0,0
"rand1",2.8,"RFPOP",0.803333333333333,0.964,0.688571428571429,0,0.144139056748932,6,0.831428571428571,0.97,0.7275,0,0.144139056748932,6,-0.0280952380952382,-0.006,-0.0389285714285714,0,0,0
"rand1",2.8,"SVP MedianMood",0.68952380952381,0.73552380952381,0.652857142857143,0.37,0.269124710347891,7.21,0.712285714285714,0.826428571428571,0.62625,0,0.359236986697606,6.06,-0.0227619047619048,-0.0909047619047618,0.0266071428571428,0.37,-0.0901122763497149,1.15
"rand1",2.8,"SVP Wilcoxon",0.713619047619048,0.713035714285714,0.714285714285714,0.99,0.277686568306576,8.01,0.752148692810457,0.746416666666667,0.75875,0.87,0.278836627050348,8.15,-0.0385296451914099,-0.0333809523809523,-0.0444642857142857,0.12,-0.00115005874377222,-0.140000000000001
"rand1",2.9,"PELT",0.13251053139689,0.0720570774861055,0.837142857142857,0,7.81285045841427,83.49,0.151718048191668,0.0833566287369684,0.8575,0,7.81285045841427,83.49,-0.019207516794778,-0.0112995512508629,-0.020357142857143,0,0,0
"rand1",2.9,"RFPOP",0.788333333333333,0.946,0.675714285714286,0,0.15932922844347,6,0.818571428571429,0.955,0.71625,0,0.15932922844347,6,-0.0302380952380953,-0.0089999999999999,-0.0405357142857143,0,0,0
"rand1",2.9,"SVP MedianMood",0.693186813186813,0.745238095238095,0.651428571428571,0.28,0.248478893836375,7.12,0.711047619047619,0.825238095238095,0.625,0,0.337326914304265,6.06,-0.0178608058608059,-0.08,0.0264285714285715,0.28,-0.0888480204678906,1.06
"rand1",2.9,"SVP Wilcoxon",0.73047619047619,0.729642857142857,0.731428571428571,0.98,0.207172258984078,8.02,0.744485294117647,0.740694444444444,0.74875,0.9,0.228735566253161,8.1,-0.0140091036414566,-0.0110515873015873,-0.0173214285714286,0.08,-0.0215633072690829,-0.0800000000000001
"rand1",3,"PELT",0.13415601343548,0.0731465843775893,0.827142857142857,0,10.5861116414775,82.04,0.153716820087354,0.0846983738189205,0.84875,0,10.5861116414775,82.04,-0.0195608066518741,-0.0115517894413313,-0.0216071428571429,0,0,0
"rand1",3,"RFPOP",0.813333333333333,0.976,0.697142857142857,0,0.159770893177239,6,0.84,0.98,0.735,0,0.159770893177239,6,-0.0266666666666667,-0.004,-0.0378571428571428,0,0,0
"rand1",3,"SVP MedianMood",0.703406593406593,0.742380952380952,0.671428571428571,0.42,0.278628406762536,7.34,0.716190476190476,0.83047619047619,0.63,0,0.362935292034138,6.07,-0.0127838827838828,-0.0880952380952381,0.0414285714285714,0.42,-0.0843068852716017,1.27
"rand1",3,"SVP Wilcoxon",0.756285714285714,0.754285714285714,0.758571428571429,0.96,0.216611651145927,8.04,0.765171568627451,0.758805555555556,0.7725,0.86,0.236436769010471,8.16,-0.00888585434173672,-0.00451984126984128,-0.0139285714285714,0.1,-0.0198251178645442,-0.120000000000001
"rand1",3.1,"PELT",0.131871954471187,0.0718184431547544,0.824285714285714,0,7.41049675010243,83.18,0.151219694112235,0.0832153015500722,0.84625,0,7.41049675010243,83.18,-0.0193477396410489,-0.0113968583953178,-0.0219642857142857,0,0,0
"rand1",3.1,"RFPOP",0.801666666666667,0.962,0.687142857142857,0,0.169019096491847,6,0.83,0.968333333333333,0.72625,0,0.169019096491847,6,-0.0283333333333333,-0.00633333333333341,-0.0391071428571428,0,0,0
"rand1",3.1,"SVP MedianMood",0.72543956043956,0.749619047619048,0.705714285714286,0.64,0.226292822152074,7.58,0.71147619047619,0.819047619047619,0.63,0.02,0.379272063388297,6.16,0.0139633699633699,-0.0694285714285714,0.0757142857142857,0.62,-0.152979241236222,1.42
"rand1",3.1,"SVP Wilcoxon",0.747714285714286,0.746964285714286,0.748571428571429,0.98,0.195606440506371,8.02,0.759705882352941,0.757222222222222,0.7625,0.93,0.226598443745033,8.07,-0.0119915966386556,-0.0102579365079365,-0.0139285714285714,0.05,-0.030992003238662,-0.0500000000000007
"rand1",3.2,"PELT",0.132977128406139,0.0723330759920408,0.84,0,12.1036713288135,84.03,0.152115437465376,0.0836002842395201,0.86,0,12.1036713288135,84.03,-0.0191383090592363,-0.0112672082474793,-0.02,0,0,0
"rand1",3.2,"RFPOP",0.806666666666667,0.968,0.691428571428571,0,0.170305932376168,6,0.834285714285714,0.973333333333333,0.73,0,0.170305932376168,6,-0.0276190476190477,-0.00533333333333341,-0.0385714285714286,0,0,0
"rand1",3.2,"SVP MedianMood",0.722307692307692,0.753,0.697142857142857,0.55,0.271644298355517,7.49,0.699785714285714,0.803214285714286,0.62125,0.02,0.438701404439181,6.18,0.022521978021978,-0.0502142857142858,0.0758928571428572,0.53,-0.167057106083664,1.31
"rand1",3.2,"SVP Wilcoxon",0.738190476190476,0.737857142857143,0.738571428571429,0.99,0.235385751336043,8.01,0.757924836601307,0.753944444444444,0.7625,0.91,0.255613027925648,8.1,-0.019734360410831,-0.0160873015873015,-0.0239285714285714,0.0800000000000001,-0.0202272765896053,-0.0899999999999999
"rand1",3.3,"PELT",0.13338614928085,0.0726848073054007,0.825714285714286,0,29.4232359464667,82.24,0.152853405976704,0.084166659211493,0.8475,0,29.4232359464667,82.24,-0.019467256695854,-0.0114818519060923,-0.0217857142857143,0,0,0
"rand1",3.3,"RFPOP",0.813333333333333,0.976,0.697142857142857,0,0.183748360173496,6,0.84,0.98,0.735,0,0.183748360173496,6,-0.0266666666666667,-0.004,-0.0378571428571428,0,0,0
"rand1",3.3,"SVP MedianMood",0.729652014652015,0.75177380952381,0.711428571428571,0.64,0.602863048298975,7.63,0.708547619047619,0.811547619047619,0.63,0.01,0.760825489054452,6.21,0.0211043956043955,-0.0597738095238095,0.0814285714285714,0.63,-0.157962440755477,1.42
"rand1",3.3,"SVP Wilcoxon",0.754285714285714,0.753035714285714,0.755714285714286,0.97,0.484530384600266,8.03,0.758954248366013,0.754777777777778,0.76375,0.9,0.552187263549292,8.11,-0.00466853408029888,-0.00174206349206352,-0.00803571428571437,0.07,-0.0676568789490254,-0.0800000000000001
"rand1",3.4,"PELT",0.13946454023834,0.075874361205717,0.874285714285714,0,11.1969294879246,82.9,0.158594802819694,0.0871763521241239,0.89,0,11.1969294879246,82.9,-0.0191302625813546,-0.0113019909184069,-0.0157142857142858,0,0,0
"rand1",3.4,"RFPOP",0.81,0.972,0.694285714285714,0,0.190473386406296,6,0.837142857142857,0.976666666666667,0.7325,0,0.190473386406296,6,-0.0271428571428571,-0.00466666666666671,-0.0382142857142858,0,0,0
"rand1",3.4,"SVP MedianMood",0.754505494505495,0.770345238095238,0.741428571428571,0.73,0.275752471503671,7.73,0.708666666666667,0.804285714285714,0.635,0.01,0.529696296180446,6.31,0.0458388278388279,-0.0339404761904761,0.106428571428571,0.72,-0.253943824676776,1.42
"rand1",3.4,"SVP Wilcoxon",0.752952380952381,0.751785714285714,0.754285714285714,0.97,0.287559924362704,8.03,0.756764705882353,0.752777777777778,0.76125,0.9,0.316079212739298,8.1,-0.00381232492997197,-0.000992063492063489,-0.00696428571428565,0.07,-0.028519288376594,-0.0700000000000003
"rand1",3.5,"PELT",0.136662656916229,0.074351125433155,0.86,0,8.99655275880773,83.87,0.155691941720334,0.085576434096281,0.8775,0,8.99655275880773,83.87,-0.019029284804105,-0.011225308663126,-0.0175,0,0,0
"rand1",3.5,"RFPOP",0.81,0.972,0.694285714285714,0,0.196436021416985,6,0.837142857142857,0.976666666666667,0.7325,0,0.196436021416985,6,-0.0271428571428571,-0.00466666666666671,-0.0382142857142858,0,0,0
"rand1",3.5,"SVP MedianMood",0.761794871794872,0.776,0.75,0.78,0.216250051982595,7.76,0.708119047619048,0.801547619047619,0.63625,0.04,0.479157324764901,6.35,0.0536758241758242,-0.025547619047619,0.11375,0.74,-0.262907272782307,1.41
"rand1",3.5,"SVP Wilcoxon",0.78,0.78,0.78,1,0.216365566004545,8,0.787132352941176,0.78125,0.79375,0.86,0.239113128095047,8.14,-0.00713235294117642,-0.00124999999999997,-0.0137499999999999,0.14,-0.0227475620905018,-0.140000000000001
"rand1",3.6,"PELT",0.140267745815965,0.0765004138707255,0.864285714285714,0,8.9760550816533,81.97,0.159720025197009,0.0880345071738428,0.88125,0,8.9760550816533,81.97,-0.019452279381044,-0.0115340933031173,-0.0169642857142857,0,0,0
"rand1",3.6,"RFPOP",0.821666666666667,0.986,0.704285714285714,0,0.199271448213226,6,0.847142857142857,0.988333333333333,0.74125,0,0.199271448213226,6,-0.0254761904761905,-0.0023333333333333,-0.0369642857142857,0,0,0
"rand1",3.6,"SVP MedianMood",0.776666666666667,0.788,0.767142857142857,0.82,0.223865679256605,7.81,0.718154761904762,0.808392857142857,0.64875,0.08,0.514274691959362,6.43,0.0585119047619047,-0.0203928571428571,0.118392857142857,0.74,-0.290409012702757,1.38
"rand1",3.6,"SVP Wilcoxon",0.791904761904762,0.791071428571429,0.792857142857143,0.98,0.2095924966535,8.02,0.790294117647059,0.785,0.79625,0.87,0.249265877761004,8.13,0.00161064425770308,0.0060714285714285,-0.0033928571428572,0.11,-0.0396733811075039,-0.110000000000001
"rand1",3.7,"PELT",0.138691956826074,0.0755232635807395,0.862857142857143,0,9.34388872650956,82.76,0.1579183065533,0.0868890407697916,0.88,0,9.34388872650956,82.76,-0.0192263497272258,-0.0113657771890521,-0.0171428571428571,0,0,0
"rand1",3.7,"RFPOP",0.816666666666667,0.98,0.7,0,0.221403658768965,6,0.842857142857143,0.983333333333333,0.7375,0,0.221403658768965,6,-0.0261904761904762,-0.0033333333333333,-0.0375,0,0,0
"rand1",3.7,"SVP MedianMood",0.775677655677656,0.784190476190476,0.768571428571429,0.87,0.230987255586223,7.86,0.727464285714286,0.810892857142857,0.6625,0.09,0.488458814255266,6.55,0.04821336996337,-0.026702380952381,0.106071428571429,0.78,-0.257471558669044,1.31
"rand1",3.7,"SVP Wilcoxon",0.767904761904762,0.766071428571429,0.77,0.96,0.233421365962389,8.04,0.78718954248366,0.783666666666667,0.79125,0.93,0.247529165799058,8.08,-0.0192847805788983,-0.0175952380952382,-0.02125,0.03,-0.014107799836669,-0.0400000000000009
"rand1",3.8,"PELT",0.141346542847011,0.0770638330422932,0.872857142857143,0,16.4389918092494,82.41,0.160662758811964,0.0885193040313943,0.88875,0,16.4389918092494,82.41,-0.0193162159649533,-0.0114554709891011,-0.0158928571428572,0,0,0
"rand1",3.8,"RFPOP",0.816666666666667,0.98,0.7,0,0.223301320568003,6,0.842857142857143,0.983333333333333,0.7375,0,0.222991598427117,6,-0.0261904761904762,-0.00333333333333341,-0.0375000000000001,0,0.000309722140886176,0
"rand1",3.8,"SVP MedianMood",0.781095238095238,0.787845238095238,0.775714285714286,0.86,0.263996326419436,7.89,0.723904761904762,0.803809523809524,0.66125,0.09,0.555008329856481,6.58,0.0571904761904761,-0.0159642857142858,0.114464285714286,0.77,-0.291012003437045,1.31
"rand1",3.8,"SVP Wilcoxon",0.774190476190476,0.772857142857143,0.775714285714286,0.97,0.285809311266352,8.03,0.795416666666667,0.789194444444444,0.8025,0.86,0.297237908717836,8.15,-0.0212261904761905,-0.0163373015873016,-0.0267857142857143,0.11,-0.011428597451484,-0.120000000000001
"rand1",3.9,"PELT",0.141910688444001,0.077299367885788,0.882857142857143,0,13.06994050732,82.91,0.161076626873458,0.0886563553548764,0.8975,0,13.06994050732,82.91,-0.0191659384294567,-0.0113569874690885,-0.0146428571428572,0,0,0
"rand1",3.9,"RFPOP",0.816666666666667,0.98,0.7,0,0.233955197992184,6,0.842857142857143,0.983333333333333,0.7375,0,0.233955197992184,6,-0.0261904761904762,-0.00333333333333341,-0.0375000000000001,0,0,0
"rand1",3.9,"SVP MedianMood",0.795384615384615,0.796666666666667,0.794285714285714,0.98,0.231213290682995,7.98,0.738357142857143,0.815595238095238,0.6775,0.1,0.528956069024963,6.63,0.0570274725274725,-0.0189285714285714,0.116785714285714,0.88,-0.297742778341969,1.35
"rand1",3.9,"SVP Wilcoxon",0.788571428571429,0.788571428571429,0.788571428571429,1,0.257278686302425,8,0.78860294117647,0.785138888888889,0.7925,0.92,0.29375791335771,8.08,-3.15126050419723e-05,0.00343253968253965,-0.00392857142857139,0.08,-0.0364792270552851,-0.0800000000000001
"rand1",4,"PELT",0.140928176217922,0.0767190969093323,0.885714285714286,0,13.3361444293985,84.03,0.159923669023225,0.0879641532518093,0.9,0,13.3361444293985,84.03,-0.0189954928053035,-0.011245056342477,-0.0142857142857143,0,0,0
"rand1",4,"RFPOP",0.82,0.984,0.702857142857143,0,0.234741120355559,6,0.845714285714286,0.986666666666667,0.74,0,0.234741120355559,6,-0.0257142857142857,-0.00266666666666671,-0.0371428571428571,0,0,0
"rand1",4,"SVP MedianMood",0.825934065934066,0.827857142857143,0.824285714285714,0.97,0.27040096046847,7.97,0.738833333333333,0.805119047619048,0.68625,0.18,0.648940651162172,6.8,0.0871007326007326,0.0227380952380952,0.138035714285714,0.79,-0.378539690693702,1.17
"rand1",4,"SVP Wilcoxon",0.816190476190476,0.815357142857143,0.817142857142857,0.98,0.284264107840193,8.02,0.808308823529412,0.802361111111111,0.815,0.86,0.340659087483459,8.14,0.00788165266106433,0.0129960317460318,0.00214285714285722,0.12,-0.056394979643266,-0.120000000000001
"up",0.1,"PELT",0.0382230464842454,0.0208922202687883,0.228571428571429,0,10.1446787395937,76.97,0.061270118300778,0.0338942467636794,0.325,0,10.1446787395937,76.97,-0.0230470718165325,-0.0130020264948911,-0.0964285714285714,0,0,0
"up",0.1,"RFPOP",0.0175,0.07,0.01,0,0.0292193369913002,1.88,0.201709401709402,0.461333333333333,0.13125,0,0.041721859693433,2.46,-0.184209401709402,-0.391333333333333,-0.12125,0,-0.0125025227021328,-0.58
"up",0.1,"SVP MedianMood",0.005,0.02,0.00285714285714285,0,0.0652751838333307,1.86,0.214888888888889,0.795,0.12625,0,0.0743141119630129,1.42,-0.209888888888889,-0.775,-0.123392857142857,0,-0.00903892812968224,0.44
"up",0.1,"SVP Wilcoxon",0.043030303030303,0.0545,0.0357142857142857,0,0.138104033347123,5.46,0.174080586080586,0.20352380952381,0.1525,0,0.148113807323601,6.01,-0.131050283050283,-0.14902380952381,-0.116785714285714,0,-0.0100097739764784,-0.55
"up",0.2,"PELT",0.0355238403811881,0.0194183456754642,0.211428571428571,0,9.50322170144674,76.17,0.0588404692939869,0.0325624156456292,0.31,0,9.50322170144674,76.17,-0.0233166289127989,-0.0131440699701649,-0.0985714285714285,0,0,0
"up",0.2,"RFPOP",0.0330555555555555,0.105,0.02,0,0.0572171663265301,2.38,0.221722610722611,0.4325,0.15125,0,0.064589484063487,2.95,-0.188667055167055,-0.3275,-0.13125,0,-0.00737231773695692,-0.57
"up",0.2,"SVP MedianMood",0.0213888888888889,0.07,0.0128571428571429,0,0.136887029226756,2.27,0.207818181818182,0.518333333333333,0.13,0,0.0939061483575001,2.01,-0.186429292929293,-0.448333333333333,-0.117142857142857,0,0.042980880869256,0.26
"up",0.2,"SVP Wilcoxon",0.0396969696969697,0.0505,0.0328571428571429,0,0.151532062849931,5.6,0.177084249084249,0.205142857142857,0.15625,0,0.225405107629716,6.12,-0.137387279387279,-0.154642857142857,-0.123392857142857,0,-0.0738730447797855,-0.52
"up",0.3,"PELT",0.0421863937049998,0.0231033925912312,0.247142857142857,0,147.97793327662,76.39,0.0653286763612649,0.0361987890289227,0.34125,0,147.97793327662,76.39,-0.0231422826562651,-0.0130953964376915,-0.0941071428571429,0,0,0
"up",0.3,"RFPOP",0.0311111111111111,0.07,0.02,0,0.083097929571026,2.87,0.203254079254079,0.354,0.14375,0,0.0841905967612485,3.33,-0.172142968142968,-0.284,-0.12375,0,-0.00109266719022244,-0.46
"up",0.3,"SVP MedianMood",0.0536111111111111,0.125,0.0342857142857143,0,1.0636650432492,2.96,0.223454545454545,0.515,0.14375,0,0.508031794908267,2.29,-0.169843434343434,-0.39,-0.109464285714286,0,0.555633248340933,0.67
"up",0.3,"SVP Wilcoxon",0.0502680652680653,0.0613333333333333,0.0428571428571429,0,0.680507375653246,5.87,0.187758241758242,0.214333333333333,0.1675,0,2.88405288654085,6.3,-0.137490176490177,-0.153,-0.124642857142857,0,-2.2035455108876,-0.43
"up",0.4,"PELT",0.0449701263111473,0.0245331983561349,0.274285714285714,0,8.99854929175641,79.88,0.0670143806475318,0.036959244480722,0.365,0,8.99854929175641,79.88,-0.0220442543363845,-0.0124260461245871,-0.0907142857142857,0,0,0
"up",0.4,"RFPOP",0.0809444444444444,0.178333333333333,0.0528571428571429,0,0.116276671570918,3.09,0.244335664335664,0.404666666666667,0.17625,0,0.0992079795204656,3.56,-0.16339121989122,-0.226333333333333,-0.123392857142857,0,0.017068692050452,-0.47
"up",0.4,"SVP MedianMood",0.0537777777777778,0.111666666666667,0.0357142857142857,0,0.137733899971727,3.3,0.221454545454545,0.416666666666667,0.15125,0,0.159438271172216,2.93,-0.167676767676768,-0.305,-0.115535714285714,0,-0.021704371200489,0.37
"up",0.4,"SVP Wilcoxon",0.0757925407925408,0.0898333333333333,0.0657142857142857,0,0.13558565764312,6.11,0.210857142857143,0.233809523809524,0.1925,0,0.141453237229736,6.61,-0.135064602064602,-0.14397619047619,-0.126785714285714,0,-0.00586757958661582,-0.5
"up",0.5,"PELT",0.0454614171780062,0.0248332445402318,0.274285714285714,0,19.6856656614553,78.65,0.0678874969502577,0.037503319122731,0.365,0,19.6856656614553,78.65,-0.0224260797722514,-0.0126700745824992,-0.0907142857142857,0,0,0
"up",0.5,"RFPOP",0.0922222222222222,0.19,0.0614285714285714,0,0.147976032457258,3.38,0.24993006993007,0.39,0.185,0,0.128364507879899,3.86,-0.157707847707848,-0.2,-0.123571428571429,0,0.0196115245773593,-0.48
"up",0.5,"SVP MedianMood",0.0817575757575758,0.1375,0.0585714285714286,0,0.202658106598974,3.89,0.226060606060606,0.41,0.15625,0,0.240764142558791,3.07,-0.14430303030303,-0.2725,-0.0976785714285714,0,-0.0381060359598162,0.82
"up",0.5,"SVP Wilcoxon",0.0955311355311355,0.106095238095238,0.0871428571428571,0.01,0.463401418985558,6.64,0.205166666666667,0.220119047619048,0.1925,0.12,0.298759089490257,7.03,-0.109635531135531,-0.11402380952381,-0.105357142857143,-0.11,0.164642329495301,-0.390000000000001
"up",0.6,"PELT",0.0474990071914907,0.0259936952338896,0.28,0,7.45843472720398,78.52,0.0698469043669558,0.0386330880590604,0.37,0,7.45843472720398,78.52,-0.0223478971754651,-0.0126393928251708,-0.09,0,0,0
"up",0.6,"RFPOP",0.131555555555556,0.251666666666667,0.09,0,0.195683300861924,3.52,0.279382284382284,0.4205,0.21,0,0.155436232984682,4.02,-0.147826728826729,-0.168833333333333,-0.12,0,0.040247067877242,-0.5
"up",0.6,"SVP MedianMood",0.120545454545455,0.190833333333333,0.0885714285714286,0,0.179354030160932,4.23,0.257878787878788,0.431666666666667,0.185,0,0.243089258779464,3.45,-0.137333333333333,-0.240833333333333,-0.0964285714285714,0,-0.0637352286185323,0.78
"up",0.6,"SVP Wilcoxon",0.101520146520147,0.110238095238095,0.0942857142857143,0.07,0.170191615545425,6.92,0.242333333333333,0.252142857142857,0.23375,0.39,0.154566524209169,7.39,-0.140813186813187,-0.141904761904762,-0.139464285714286,-0.32,0.0156250913362563,-0.47
"up",0.7,"PELT",0.0481450750094054,0.0262857146458158,0.291428571428571,0,21.9226468526826,78.86,0.0704445109361211,0.0388959161264668,0.38,0,21.9226468526826,78.86,-0.0222994359267157,-0.012610201480651,-0.0885714285714286,0,0,0
"up",0.7,"RFPOP",0.103555555555556,0.193333333333333,0.0714285714285714,0,0.239345772374742,3.62,0.262332667332667,0.3885,0.19875,0,0.201958254435436,4.12,-0.158777111777112,-0.195166666666667,-0.127321428571429,0,0.037387517939306,-0.5
"up",0.7,"SVP MedianMood",0.101545454545455,0.145166666666667,0.0785714285714286,0,0.503821571202705,4.71,0.228100233100233,0.3485,0.17,0,0.403146907581766,3.91,-0.126554778554779,-0.203333333333333,-0.0914285714285714,0,0.100674663620939,0.8
"up",0.7,"SVP Wilcoxon",0.128369963369963,0.134857142857143,0.122857142857143,0.27,0.444514288724296,7.25,0.25552380952381,0.26047619047619,0.25125,0.71,0.48149892585263,7.7,-0.127153846153846,-0.125619047619048,-0.128392857142857,-0.44,-0.0369846371283337,-0.45
"up",0.8,"PELT",0.0545693275718808,0.0298080940411331,0.328571428571429,0,10.6657810954638,78.04,0.0768783959940267,0.0424697824440121,0.4125,0,10.6657810954638,78.04,-0.0223090684221459,-0.012661688402879,-0.0839285714285714,0,0,0
"up",0.8,"RFPOP",0.124666666666667,0.223333333333333,0.0871428571428571,0,0.286431069839636,3.7,0.288296703296703,0.420833333333333,0.22,0,0.244771470937801,4.2,-0.163630036630037,-0.1975,-0.132857142857143,0,0.0416595989018357,-0.5
"up",0.8,"SVP MedianMood",0.134083916083916,0.1775,0.108571428571429,0,0.30242023090784,5.28,0.263426573426573,0.392333333333333,0.19875,0,0.298008201076782,4.07,-0.129342657342657,-0.214833333333333,-0.0901785714285714,0,0.00441202983105715,1.21
"up",0.8,"SVP Wilcoxon",0.170989010989011,0.173809523809524,0.168571428571429,0.65,0.21166769338317,7.65,0.298416666666667,0.299464285714286,0.2975,0.92,0.204089876696847,7.92,-0.127427655677656,-0.125654761904762,-0.128928571428571,-0.27,0.00757781668632296,-0.27
"up",0.9,"PELT",0.056861310376959,0.0310038746112532,0.348571428571429,0,8.5765080134677,81.45,0.0782951441231805,0.0431460459911558,0.43,0,8.5765080134677,81.45,-0.0214338337462215,-0.0121421713799026,-0.0814285714285715,0,0,0
"up",0.9,"RFPOP",0.165333333333333,0.295,0.115714285714286,0,0.359328461148741,3.69,0.323068598068598,0.468833333333333,0.2475,0,0.282072881700766,4.25,-0.157735264735265,-0.173833333333333,-0.131785714285714,0,0.0772555794479753,-0.56
"up",0.9,"SVP MedianMood",0.16451048951049,0.207333333333333,0.137142857142857,0,0.246967361622965,5.58,0.292692307692308,0.4135,0.2275,0,0.301449362211442,4.39,-0.128181818181818,-0.206166666666667,-0.0903571428571429,0,-0.0544820005884764,1.19
"up",0.9,"SVP Wilcoxon",0.225054945054945,0.225952380952381,0.224285714285714,0.88,0.237352849968976,7.88,0.36,0.36,0.36,1,0.178142466757072,8,-0.134945054945055,-0.134047619047619,-0.135714285714286,-0.12,0.0592103832119041,-0.12
"up",1,"PELT",0.0606242458249057,0.0330883275358122,0.368571428571429,0,8.93181131949656,80.57,0.0822041324029499,0.0453502150336886,0.4475,0,8.93181131949656,80.57,-0.0215798865780442,-0.0122618874978764,-0.0789285714285715,0,0,0
"up",1,"RFPOP",0.205232323232323,0.350833333333333,0.145714285714286,0,0.383213388183312,3.88,0.351208791208791,0.502,0.27125,0,0.314254720913455,4.34,-0.145976467976468,-0.151166666666667,-0.125535714285714,0,0.0689586672698573,-0.46
"up",1,"SVP MedianMood",0.176272061272061,0.207357142857143,0.154285714285714,0.00999999999999999,0.280859616671402,6.11,0.289761904761905,0.398166666666667,0.22875,0,0.339508025065628,4.62,-0.113489843489844,-0.190809523809524,-0.0744642857142857,0.00999999999999999,-0.0586484083942259,1.49
"up",1,"SVP Wilcoxon",0.262967032967033,0.263095238095238,0.262857142857143,0.98,0.215927198153019,7.98,0.3725,0.3725,0.3725,1,0.178364736291753,8,-0.109532967032967,-0.109404761904762,-0.109642857142857,-0.02,0.0375624618612665,-0.0199999999999996
"up",1.1,"PELT",0.0712271627910602,0.0389246620846716,0.427142857142857,0,7.50826082319415,79.49,0.0928104009762897,0.0512698160377763,0.49875,0,7.50826082319415,79.49,-0.0215832381852295,-0.0123451539531048,-0.0716071428571429,0,0,0
"up",1.1,"RFPOP",0.224909090909091,0.395,0.158571428571429,0,0.454508924118067,3.85,0.346666666666667,0.504,0.265,0,0.376493129380784,4.22,-0.121757575757576,-0.109,-0.106428571428571,0,0.078015794737283,-0.37
"up",1.1,"SVP MedianMood",0.240805860805861,0.263190476190476,0.222857142857143,0.11,0.241194285315997,6.79,0.275311355311355,0.356,0.225,0,0.358417494317248,5.03,-0.0345054945054945,-0.0928095238095238,-0.00214285714285717,0.11,-0.117223209001251,1.76
"up",1.1,"SVP Wilcoxon",0.324395604395604,0.32452380952381,0.324285714285714,0.98,0.141621853614208,7.98,0.42375,0.42375,0.42375,1,0.130259727846102,8,-0.0993543956043956,-0.0992261904761905,-0.0994642857142857,-0.02,0.0113621257681062,-0.0199999999999996
"up",1.2,"PELT",0.0786038954418159,0.0428159544327775,0.487142857142857,0,15.8575867609417,81.48,0.0994845171012871,0.0547662689094953,0.55125,0,15.8575867609417,81.48,-0.0208806216594713,-0.0119503144767178,-0.0641071428571429,0,0,0
"up",1.2,"RFPOP",0.207858585858586,0.358333333333333,0.147142857142857,0,0.531229650480219,3.86,0.371282051282051,0.528,0.2875,0,0.428040323174652,4.36,-0.163423465423465,-0.169666666666667,-0.140357142857143,0,0.103189327305567,-0.5
"up",1.2,"SVP MedianMood",0.281585081585082,0.3,0.267142857142857,0.33,0.300088361582005,7.14,0.294644688644689,0.365857142857143,0.2475,0,0.442482219200758,5.41,-0.0130596070596071,-0.0658571428571429,0.0196428571428571,0.33,-0.142393857618752,1.73
"up",1.2,"SVP Wilcoxon",0.37,0.37,0.37,1,0.237798626507019,8,0.45875,0.45875,0.45875,1,0.221887265095907,8,-0.08875,-0.08875,-0.08875,0,0.015911361411112,0
"up",1.3,"PELT",0.0793999402248072,0.0432949174545165,0.488571428571429,0,8.87491573426079,81.26,0.100352607244993,0.0553033030125601,0.5525,0,8.87491573426079,81.26,-0.0209526670201861,-0.0120083855580436,-0.0639285714285714,0,0,0
"up",1.3,"RFPOP",0.271454545454545,0.4625,0.192857142857143,0,0.5955651335332,3.9,0.390815850815851,0.564666666666667,0.3,0,0.488735749360737,4.31,-0.119361305361305,-0.102166666666667,-0.107142857142857,0,0.106829384172463,-0.41
"up",1.3,"SVP MedianMood",0.382600732600733,0.394190476190476,0.372857142857143,0.56,0.231268506359181,7.53,0.323142857142857,0.388809523809524,0.2775,0,0.432252509330564,5.65,0.0594578754578754,0.00538095238095238,0.0953571428571428,0.56,-0.200984002971383,1.88
"up",1.3,"SVP Wilcoxon",0.435714285714286,0.435714285714286,0.435714285714286,1,0.158209656631456,8,0.50875,0.50875,0.50875,1,0.154694980269962,8,-0.0730357142857143,-0.0730357142857143,-0.0730357142857143,0,0.00351467636149352,0
"up",1.4,"PELT",0.0954779289177268,0.0520482182691777,0.585714285714286,0,11.1072863263979,81.05,0.116029279006195,0.063920004958945,0.6375,0,11.1072863263979,81.05,-0.0205513500884679,-0.0118717866897673,-0.0517857142857142,0,0,0
"up",1.4,"RFPOP",0.280606060606061,0.473333333333333,0.2,0,0.650259851777104,3.95,0.407948717948718,0.587,0.31375,0,0.559302418669163,4.29,-0.127342657342657,-0.113666666666667,-0.11375,0,0.0909574331079418,-0.34
"up",1.4,"SVP MedianMood",0.421117216117216,0.425809523809524,0.417142857142857,0.85,0.286756443446762,7.84,0.367479853479854,0.418333333333333,0.32875,0,0.445152617791334,6.22,0.0536373626373626,0.00747619047619047,0.0883928571428571,0.85,-0.158396174344572,1.62
"up",1.4,"SVP Wilcoxon",0.458571428571429,0.458571428571429,0.458571428571429,1,0.192829405437923,8,0.535,0.535,0.535,1,0.178752202433314,8,-0.0764285714285715,-0.0764285714285715,-0.0764285714285715,0,0.0140772030046088,0
"up",1.5,"PELT",0.0929957969210431,0.0507019928316764,0.571428571428571,0,12.8856900941429,80.81,0.113754564800475,0.0626874501719519,0.625,0,12.8856900941429,80.81,-0.0207587678794321,-0.0119854573402756,-0.0535714285714286,0,0,0
"up",1.5,"RFPOP",0.289757575757576,0.495833333333333,0.205714285714286,0,0.752285379001109,3.91,0.427600732600733,0.615833333333333,0.32875,0,0.631203386206689,4.29,-0.137843156843157,-0.12,-0.123035714285714,0,0.12108199279442,-0.38
"up",1.5,"SVP MedianMood",0.450879120879121,0.453571428571429,0.448571428571429,0.91,0.267332970925632,7.91,0.369054029304029,0.413130952380952,0.335,0.04,0.444978578261015,6.44,0.0818250915750915,0.0404404761904762,0.113571428571429,0.87,-0.177645607335383,1.47
"up",1.5,"SVP Wilcoxon",0.481428571428571,0.481428571428571,0.481428571428571,1,0.222247367466664,8,0.5575,0.5575,0.5575,1,0.204045596789183,8,-0.0760714285714286,-0.0760714285714286,-0.0760714285714286,0,0.0182017706774809,0
"up",1.6,"PELT",0.0991394532941038,0.0539408300233623,0.622857142857143,0,11.1229376902367,83.14,0.11918387950024,0.0655213843675024,0.67,0,11.1229376902367,83.14,-0.0200444262061363,-0.0115805543441401,-0.0471428571428572,0,0,0
"up",1.6,"RFPOP",0.301232323232323,0.510833333333333,0.214285714285714,0,0.828838267614947,3.93,0.431923076923077,0.6205,0.3325,0,0.699713096078672,4.3,-0.130690753690754,-0.109666666666667,-0.118214285714286,0,0.129125171536274,-0.37
"up",1.6,"SVP MedianMood",0.507472527472527,0.507857142857143,0.507142857142857,0.97,0.245265263373361,7.97,0.420845238095238,0.449464285714286,0.3975,0.21,0.431738521418052,6.93,0.0866272893772894,0.0583928571428572,0.109642857142857,0.76,-0.186473258044692,1.04
"up",1.6,"SVP Wilcoxon",0.524285714285714,0.524285714285714,0.524285714285714,1,0.207321122116906,8,0.5875,0.5875,0.5875,1,0.194321468630556,8,-0.0632142857142858,-0.0632142857142858,-0.0632142857142858,0,0.0129996534863494,0
"up",1.7,"PELT",0.101416459817588,0.055233937169756,0.628571428571429,0,13.8177168053276,81.83,0.121663302801728,0.0669563552401472,0.675,0,13.8177168053276,81.83,-0.0202468429841397,-0.0117224180703912,-0.0464285714285715,0,0,0
"up",1.7,"RFPOP",0.335050505050505,0.566666666666667,0.238571428571429,0,0.894495517790189,3.94,0.458846153846154,0.6615,0.3525,0,0.778249656745492,4.28,-0.123795648795649,-0.0948333333333333,-0.113928571428571,0,0.116245861044696,-0.34
"up",1.7,"SVP MedianMood",0.54,0.54,0.54,1,0.229307341944033,8,0.496309523809524,0.512738095238095,0.4825,0.49,0.350302765387395,7.39,0.0436904761904762,0.0272619047619048,0.0575,0.51,-0.120995423443362,0.61
"up",1.7,"SVP Wilcoxon",0.542857142857143,0.542857142857143,0.542857142857143,1,0.222070585129285,8,0.60875,0.60875,0.60875,1,0.210002957742954,8,-0.0658928571428572,-0.0658928571428572,-0.0658928571428572,0,0.0120676273863304,0
"up",1.8,"PELT",0.106747506180765,0.058173005647975,0.664285714285714,0,12.22658194327,82.58,0.126848096123078,0.0698587311757281,0.70625,0,12.22658194327,82.58,-0.0201005899423123,-0.0116857255277531,-0.0419642857142858,0,0,0
"up",1.8,"RFPOP",0.366888888888889,0.616666666666667,0.261428571428571,0,0.96406717880149,3.96,0.478333333333333,0.6975,0.365,0,0.868203309687084,4.21,-0.111444444444444,-0.0808333333333333,-0.103571428571429,0,0.0958638691144054,-0.25
"up",1.8,"SVP MedianMood",0.564285714285714,0.564285714285714,0.564285714285714,1,0.234498169111212,8,0.54302380952381,0.553690476190476,0.53375,0.64,0.37637171089692,7.62,0.0212619047619047,0.0105952380952381,0.0305357142857143,0.36,-0.141873541785708,0.38
"up",1.8,"SVP Wilcoxon",0.588571428571429,0.588571428571429,0.588571428571429,1,0.207474483827825,8,0.6325,0.6325,0.6325,1,0.200203098703098,8,-0.0439285714285714,-0.0439285714285714,-0.0439285714285714,0,0.00727138512472739,0
"up",1.9,"PELT",0.111751766874519,0.060804350400162,0.698571428571429,0,8.53402669231901,82.29,0.131660159213923,0.0723875747520828,0.73625,0,8.53402669231901,82.29,-0.019908392339404,-0.0115832243519208,-0.0376785714285715,0,0,0
"up",1.9,"RFPOP",0.33789898989899,0.564166666666667,0.241428571428571,0,1.08280555439973,3.98,0.478076923076923,0.6845,0.36875,0,0.95862924461037,4.32,-0.140177933177933,-0.120333333333333,-0.127321428571429,0,0.124176309789363,-0.34
"up",1.9,"SVP MedianMood",0.574285714285714,0.574285714285714,0.574285714285714,1,0.191663853292598,8,0.585666666666667,0.590714285714286,0.58125,0.83,0.263438652178283,7.83,-0.0113809523809524,-0.0164285714285715,-0.00696428571428576,0.17,-0.0717747988856848,0.17
"up",1.9,"SVP Wilcoxon",0.578571428571429,0.578571428571429,0.578571428571429,1,0.184918259990932,8,0.644558823529412,0.644166666666667,0.645,0.99,0.172122313120409,8.01,-0.0659873949579832,-0.0655952380952382,-0.0664285714285715,0.01,0.0127959468705226,-0.00999999999999979
"up",2,"PELT",0.116230057182175,0.0632227163759726,0.734285714285714,0,8.74915772886544,84.12,0.135698336748223,0.0745736543579669,0.7675,0,8.74915772886544,84.12,-0.0194682795660481,-0.0113509379819942,-0.0332142857142856,0,0,0
"up",2,"RFPOP",0.401111111111111,0.675,0.285714285714286,0,1.15672504356251,3.96,0.493333333333333,0.724,0.375,0,1.05020015986521,4.17,-0.0922222222222222,-0.049,-0.0892857142857143,0,0.106524883697301,-0.21
"up",2,"SVP MedianMood",0.635714285714286,0.635714285714286,0.635714285714286,1,0.186489426359584,8,0.65275,0.654464285714286,0.65125,0.95,0.226388673690912,7.95,-0.0170357142857144,-0.01875,-0.0155357142857143,0.05,-0.0398992473313279,0.0499999999999998
"up",2,"SVP Wilcoxon",0.64,0.64,0.64,1,0.173356481583627,8,0.679558823529412,0.679166666666667,0.68,0.99,0.17216892638014,8.01,-0.0395588235294118,-0.0391666666666667,-0.0399999999999999,0.01,0.0011875552034874,-0.00999999999999979
"up",2.1,"PELT",0.117935093780724,0.0642275747752902,0.731428571428571,0,993.899214026633,81.99,0.137784682244231,0.0758255645094909,0.765,0,993.899214026633,81.99,-0.0198495884635073,-0.0115979897342007,-0.0335714285714286,0,0,0
"up",2.1,"RFPOP",0.359333333333333,0.606666666666667,0.255714285714286,0,1.3073494649556,3.94,0.462051282051282,0.67,0.35375,0,1.15515940583675,4.26,-0.102717948717949,-0.0633333333333334,-0.0980357142857143,0,0.152190059118848,-0.32
"up",2.1,"SVP MedianMood",0.595714285714286,0.595714285714286,0.595714285714286,1,10.4708100082307,8,0.628166666666667,0.628928571428571,0.6275,0.98,13.2430685258416,7.98,-0.0324523809523809,-0.0332142857142856,-0.0317857142857142,0.02,-2.7722585176109,0.0199999999999996
"up",2.1,"SVP Wilcoxon",0.598571428571429,0.598571428571429,0.598571428571429,1,11.0198851067041,8,0.662058823529412,0.661666666666667,0.6625,0.98,10.1529148275122,8.02,-0.0634873949579832,-0.0630952380952382,-0.0639285714285714,0.02,0.866970279191969,-0.0199999999999996
"up",2.2,"PELT",0.123584357456927,0.0672875969560174,0.771428571428571,0,8.29144005089006,82.59,0.143209438365113,0.078789779319479,0.8,0,8.29144005089006,82.59,-0.0196250809081861,-0.0115021823634616,-0.0285714285714286,0,0,0
"up",2.2,"RFPOP",0.414747474747475,0.696666666666667,0.295714285714286,0,1.38238610096048,3.98,0.521025641025641,0.756,0.39875,0,1.24691284730093,4.23,-0.106278166278166,-0.0593333333333333,-0.103035714285714,0,0.135473253659552,-0.25
"up",2.2,"SVP MedianMood",0.684285714285714,0.684285714285714,0.684285714285714,1,0.18016668770678,8,0.71,0.71,0.71,1,0.212591740945273,8,-0.0257142857142857,-0.0257142857142857,-0.0257142857142857,0,-0.0324250532384932,0
"up",2.2,"SVP Wilcoxon",0.691428571428571,0.691428571428571,0.691428571428571,1,0.166892469219162,8,0.745,0.745,0.745,1,0.153243913721162,8,-0.0535714285714286,-0.0535714285714286,-0.0535714285714286,0,0.0136485554980005,0
"up",2.3,"PELT",0.125744513602655,0.068373479170491,0.795714285714286,0,8.05194788616812,84.03,0.144990241000797,0.0796492909467687,0.82125,0,8.05194788616812,84.03,-0.0192457273981423,-0.0112758117762777,-0.0255357142857143,0,0,0
"up",2.3,"RFPOP",0.441757575757576,0.7375,0.315714285714286,0,1.43381627270956,4,0.545128205128205,0.798,0.415,0,1.34696646437779,4.18,-0.103370629370629,-0.0605000000000001,-0.0992857142857143,0,0.0868498083317712,-0.18
"up",2.3,"SVP MedianMood",0.696666666666667,0.69625,0.697142857142857,0.99,0.169003415774714,8.01,0.7275,0.7275,0.7275,1,0.183874861038095,8,-0.0308333333333334,-0.03125,-0.0303571428571429,-0.01,-0.0148714452633807,0.00999999999999979
"up",2.3,"SVP Wilcoxon",0.704285714285714,0.704285714285714,0.704285714285714,1,0.158562276736665,8,0.753382352941177,0.753055555555556,0.75375,0.99,0.152116644122641,8.01,-0.0490966386554622,-0.0487698412698413,-0.0494642857142857,0.01,0.00644563261402376,-0.00999999999999979
"up",2.4,"PELT",0.12787939648882,0.0694549009701217,0.817142857142857,0,9.8033505805061,84.47,0.146947844295786,0.0806269726160885,0.84,0,9.8033505805061,84.47,-0.0190684478069666,-0.0111720716459668,-0.0228571428571428,0,0,0
"up",2.4,"RFPOP",0.406222222222222,0.678333333333333,0.29,0,1.60128695329994,3.99,0.518205128205128,0.761,0.39375,0,1.51224177676524,4.15,-0.111982905982906,-0.0826666666666667,-0.10375,0,0.0890451765347058,-0.16
"up",2.4,"SVP MedianMood",0.688571428571429,0.688571428571429,0.688571428571429,1,0.210870786041064,8,0.72,0.72,0.72,1,0.230345764335733,8,-0.0314285714285714,-0.0314285714285714,-0.0314285714285714,0,-0.019474978294669,0
"up",2.4,"SVP Wilcoxon",0.7,0.7,0.7,1,0.196280656690843,8,0.73625,0.73625,0.73625,1,0.195494414522218,8,-0.03625,-0.03625,-0.03625,0,0.000786242168624884,0
"up",2.5,"PELT",0.132353919165047,0.0719323889140596,0.84,0,8.98872401668525,84.13,0.151382869875122,0.0831162678091348,0.86,0,8.98872401668525,84.13,-0.019028950710075,-0.0111838788950752,-0.02,0,0,0
"up",2.5,"RFPOP",0.452666666666667,0.758333333333333,0.322857142857143,0,1.70400166659059,3.98,0.539871794871795,0.7975,0.40875,0,1.61611470240191,4.12,-0.0872051282051282,-0.0391666666666667,-0.0858928571428572,0,0.087886964188685,-0.14
"up",2.5,"SVP MedianMood",0.731428571428571,0.731428571428571,0.731428571428571,1,0.178170659051413,8,0.7475,0.7475,0.7475,1,0.209472243826202,8,-0.0160714285714286,-0.0160714285714286,-0.0160714285714286,0,-0.0313015847747889,0
"up",2.5,"SVP Wilcoxon",0.744285714285714,0.744285714285714,0.744285714285714,1,0.166000125135158,8,0.78375,0.78375,0.78375,1,0.160095960232409,8,-0.0394642857142857,-0.0394642857142857,-0.0394642857142857,0,0.0059041649027482,0
"up",2.6,"PELT",0.141158045796534,0.0768379260467014,0.881428571428571,0,8.60065189509109,82.72,0.160327804468433,0.0881833343644596,0.89625,0,8.60065189509109,82.72,-0.0191697586718984,-0.0113454083177583,-0.0148214285714285,0,0,0
"up",2.6,"RFPOP",0.444222222222222,0.741666666666667,0.317142857142857,0,1.83994133498368,3.98,0.561923076923077,0.8235,0.4275,0,1.73658382035268,4.15,-0.117700854700855,-0.0818333333333333,-0.110357142857143,0,0.103357514630998,-0.17
"up",2.6,"SVP MedianMood",0.781428571428571,0.781428571428571,0.781428571428571,1,0.172729261489548,8,0.7975,0.7975,0.7975,1,0.195235565327397,8,-0.0160714285714286,-0.0160714285714286,-0.0160714285714286,0,-0.0225063038378494,0
"up",2.6,"SVP Wilcoxon",0.787142857142857,0.787142857142857,0.787142857142857,1,0.165130943327423,8,0.815882352941177,0.815555555555556,0.81625,0.99,0.159673036949729,8.01,-0.0287394957983194,-0.0284126984126984,-0.0291071428571429,0.01,0.00545790637769378,-0.00999999999999979
"up",2.7,"PELT",0.138639146967054,0.0753855482708141,0.875714285714286,0,8.40636487426522,83.85,0.15762153332466,0.0865898745753175,0.89125,0,8.40636487426522,83.85,-0.0189823863576067,-0.0112043263045035,-0.0155357142857143,0,0,0
"up",2.7,"RFPOP",0.48,0.8,0.342857142857143,0,1.91009355674305,4,0.568461538461538,0.841,0.43,0,1.86159760413451,4.11,-0.0884615384615385,-0.041,-0.0871428571428571,0,0.048495952608538,-0.11
"up",2.7,"SVP MedianMood",0.77,0.77,0.77,1,0.169154880525954,8,0.79625,0.79625,0.79625,1,0.176632096504107,8,-0.02625,-0.02625,-0.02625,0,-0.00747721597815257,0
"up",2.7,"SVP Wilcoxon",0.775714285714286,0.775714285714286,0.775714285714286,1,0.163001783328656,8,0.8075,0.8075,0.8075,1,0.160414796024192,8,-0.0317857142857143,-0.0317857142857143,-0.0317857142857143,0,0.00258698730446466,0
"up",2.8,"PELT",0.143266356914763,0.0780679510294168,0.884285714285714,0,7.39835788045664,81.72,0.162607823383762,0.0895409875548876,0.89875,0,7.39835788045664,81.72,-0.0193414664689989,-0.0114730365254708,-0.0144642857142858,0,0,0
"up",2.8,"RFPOP",0.487454545454545,0.810833333333333,0.348571428571429,0,2.06472502794655,4.01,0.583205128205128,0.8545,0.44375,0,1.97446157637703,4.16,-0.0957505827505827,-0.0436666666666667,-0.0951785714285714,0,0.0902634515695169,-0.15
"up",2.8,"SVP MedianMood",0.791428571428571,0.791428571428571,0.791428571428571,1,0.15829826994291,8,0.81,0.81,0.81,1,0.174487278257149,8,-0.0185714285714287,-0.0185714285714287,-0.0185714285714287,0,-0.0161890083142385,0
"up",2.8,"SVP Wilcoxon",0.802857142857143,0.802857142857143,0.802857142857143,1,0.148588743673881,8,0.820294117647059,0.819444444444444,0.82125,0.98,0.152917543727047,8.02,-0.017436974789916,-0.0165873015873016,-0.0183928571428572,0.02,-0.00432880005316594,-0.0199999999999996
"up",2.9,"PELT",0.13938778258185,0.0758010108425063,0.881428571428571,0,12.3686945194658,83.85,0.158387463572486,0.0870239162804239,0.89625,0,12.3686945194658,83.85,-0.018999680990636,-0.0112229054379176,-0.0148214285714285,0,0,0
"up",2.9,"RFPOP",0.484444444444444,0.81,0.345714285714286,0,2.2247601323495,3.99,0.563974358974359,0.8355,0.42625,0,2.18692622701109,4.1,-0.0795299145299145,-0.0255000000000001,-0.0805357142857143,0,0.0378339053384074,-0.109999999999999
"up",2.9,"SVP MedianMood",0.791428571428571,0.791428571428571,0.791428571428571,1,0.21462875821616,8,0.81125,0.81125,0.81125,1,0.232392217681356,8,-0.0198214285714287,-0.0198214285714287,-0.0198214285714287,0,-0.0177634594651965,0
"up",2.9,"SVP Wilcoxon",0.798571428571429,0.798571428571429,0.798571428571429,1,0.207252834855837,8,0.826985294117647,0.826527777777778,0.8275,0.99,0.256216939915123,8.01,-0.0284138655462185,-0.0279563492063492,-0.0289285714285714,0.01,-0.0489641050592866,-0.00999999999999979
"up",3,"PELT",0.148453692531815,0.0809144928598279,0.914285714285714,0,7.26563581813582,81.46,0.167743741053713,0.092396044861417,0.925,0,7.26563581813582,81.46,-0.0192900485218987,-0.0114815520015891,-0.0107142857142858,0,0,0
"up",3,"RFPOP",0.494444444444444,0.826666666666667,0.352857142857143,0,2.39051282815265,3.99,0.581794871794872,0.857,0.44125,0,2.28580210856228,4.13,-0.0873504273504273,-0.0303333333333333,-0.0883928571428572,0,0.104710719590364,-0.14
"up",3,"SVP MedianMood",0.81,0.81,0.81,1,0.171670449971766,8,0.82875,0.82875,0.82875,1,0.180188318171509,8,-0.01875,-0.01875,-0.01875,0,-0.00851786819974312,0
"up",3,"SVP Wilcoxon",0.815714285714286,0.815714285714286,0.815714285714286,1,0.163437734432849,8,0.829485294117647,0.829027777777778,0.83,0.99,0.162978830188117,8.01,-0.0137710084033613,-0.0133134920634921,-0.0142857142857142,0.01,0.000458904244731967,-0.00999999999999979
"up",3.1,"PELT",0.141692872733586,0.0770553892359197,0.895714285714286,0,15.3992731954992,84.1,0.160575697763611,0.0882233604838212,0.90875,0,15.3992731954992,84.1,-0.018882825030025,-0.0111679712479015,-0.0130357142857143,0,0,0
"up",3.1,"RFPOP",0.508,0.846666666666667,0.362857142857143,0,2.49025618014884,4,0.608205128205128,0.9,0.46,0,2.42976329271784,4.09,-0.100205128205128,-0.0533333333333333,-0.0971428571428572,0,0.0604928874309931,-0.0899999999999999
"up",3.1,"SVP MedianMood",0.8,0.8,0.8,1,0.255486513568999,8,0.8175,0.8175,0.8175,1,0.278755190232568,8,-0.0175000000000001,-0.0175000000000001,-0.0175000000000001,0,-0.0232686766635695,0
"up",3.1,"SVP Wilcoxon",0.797142857142857,0.797142857142857,0.797142857142857,1,0.245667890016456,8,0.82375,0.82375,0.82375,1,0.239771347674376,8,-0.0266071428571428,-0.0266071428571428,-0.0266071428571428,0,0.00589654234208026,0
"up",3.2,"PELT",0.151359602690328,0.0823689585337737,0.947142857142857,0,8.11634215434597,83.03,0.170221176146006,0.0935945676505415,0.95375,0,8.11634215434597,83.03,-0.0188615734556781,-0.0112256091167678,-0.00660714285714281,0,0,0
"up",3.2,"RFPOP",0.54,0.9,0.385714285714286,0,2.64624034138066,4,0.618333333333333,0.9155,0.4675,0,2.59316478401203,4.09,-0.0783333333333333,-0.0155,-0.0817857142857144,0,0.0530755573686283,-0.0899999999999999
"up",3.2,"SVP MedianMood",0.835714285714286,0.835714285714286,0.835714285714286,1,0.189551981409311,8,0.85375,0.85375,0.85375,1,0.202183520688427,8,-0.0180357142857143,-0.0180357142857143,-0.0180357142857143,0,-0.0126315392791158,0
"up",3.2,"SVP Wilcoxon",0.848571428571429,0.848571428571429,0.848571428571429,1,0.178147176766953,8,0.8725,0.8725,0.8725,1,0.167603977074677,8,-0.0239285714285715,-0.0239285714285715,-0.0239285714285715,0,0.0105431996922758,0
"up",3.3,"PELT",0.150002074504453,0.0815924931842597,0.941428571428571,0,8.35925642747084,83.18,0.168827952486214,0.0927809271175843,0.94875,0,8.35925642747084,83.18,-0.0188258779817611,-0.0111884339333247,-0.00732142857142859,0,0,0
"up",3.3,"RFPOP",0.52,0.866666666666667,0.371428571428571,0,2.8039365393891,4,0.606923076923077,0.903,0.4575,0,2.76950416623826,4.05,-0.0869230769230769,-0.0363333333333333,-0.0860714285714286,0,0.034432373150842,-0.0499999999999998
"up",3.3,"SVP MedianMood",0.852857142857143,0.852857142857143,0.852857142857143,1,0.171897940825647,8,0.86625,0.86625,0.86625,1,0.179263633780271,8,-0.0133928571428571,-0.0133928571428571,-0.0133928571428571,0,-0.0073656929546235,0
"up",3.3,"SVP Wilcoxon",0.855714285714286,0.855714285714286,0.855714285714286,1,0.166076268321149,8,0.873014705882353,0.872361111111111,0.87375,0.98,0.162939532956984,8.02,-0.0173004201680673,-0.0166468253968255,-0.0180357142857144,0.02,0.00313673536416539,-0.0199999999999996
"up",3.4,"PELT",0.147053899706192,0.0798709707177987,0.941428571428571,0,15.5790232184206,85.2,0.165595592246947,0.0908572894801661,0.94875,0,15.5790232184206,85.2,-0.0185416925407546,-0.0109863187623674,-0.00732142857142859,0,0,0
"up",3.4,"RFPOP",0.524,0.873333333333333,0.374285714285714,0,2.9884311045463,4,0.60448717948718,0.8935,0.4575,0,2.92139515187318,4.1,-0.0804871794871794,-0.0201666666666667,-0.0832142857142857,0,0.0670359526731246,-0.0999999999999996
"up",3.4,"SVP MedianMood",0.832857142857143,0.832857142857143,0.832857142857143,1,0.280206645868148,8,0.8475,0.8475,0.8475,1,0.308196317519457,8,-0.0146428571428572,-0.0146428571428572,-0.0146428571428572,0,-0.0279896716513095,0
"up",3.4,"SVP Wilcoxon",0.844285714285714,0.844285714285714,0.844285714285714,1,0.258360671584176,8,0.86375,0.86375,0.86375,1,0.251702124571444,8,-0.0194642857142857,-0.0194642857142857,-0.0194642857142857,0,0.00665854701273166,0
"up",3.5,"PELT",0.150951716526862,0.0819462750841332,0.971428571428571,0,10.5815711416925,85.35,0.169333480508642,0.092856253722216,0.975,0,10.5815711416925,85.35,-0.0183817639817799,-0.0109099786380828,-0.00357142857142856,0,0,0
"up",3.5,"RFPOP",0.528161616161616,0.883333333333333,0.377142857142857,0,3.22111919175317,3.99,0.613076923076923,0.907,0.46375,0,3.09156121832705,4.09,-0.0849153069153069,-0.0236666666666667,-0.0866071428571429,0,0.129557973426123,-0.0999999999999996
"up",3.5,"SVP MedianMood",0.871428571428571,0.871428571428571,0.871428571428571,1,0.203874246458806,8,0.88125,0.88125,0.88125,1,0.225505392316794,8,-0.00982142857142854,-0.00982142857142854,-0.00982142857142854,0,-0.0216311458579882,0
"up",3.5,"SVP Wilcoxon",0.875714285714286,0.875714285714286,0.875714285714286,1,0.196966864266235,8,0.884558823529412,0.884166666666667,0.885,0.99,0.196978328028822,8.01,-0.00884453781512606,-0.00845238095238099,-0.00928571428571434,0.01,-1.14637625862613e-05,-0.00999999999999979
"up",3.6,"PELT",0.155468352043784,0.0848164540411677,0.952857142857143,0,50.7674938227856,81.58,0.174616783377333,0.0962739844114172,0.95875,0,50.7674938227856,81.58,-0.0191484313335487,-0.0114575303702495,-0.00589285714285714,0,0,0
"up",3.6,"RFPOP",0.536,0.893333333333333,0.382857142857143,0,3.33294101547194,4,0.619230769230769,0.919,0.4675,0,3.28013368103931,4.07,-0.0832307692307692,-0.0256666666666667,-0.0846428571428572,0,0.0528073344326279,-0.0700000000000003
"up",3.6,"SVP MedianMood",0.877142857142857,0.877142857142857,0.877142857142857,1,0.608540883544281,8,0.885,0.885,0.885,1,0.661164909866736,8,-0.0078571428571429,-0.0078571428571429,-0.0078571428571429,0,-0.0526240263224549,0
"up",3.6,"SVP Wilcoxon",0.882857142857143,0.882857142857143,0.882857142857143,1,0.600009166653283,8,0.89125,0.89125,0.89125,1,0.578661336194389,8,-0.00839285714285709,-0.00839285714285709,-0.00839285714285709,0,0.0213478304588939,0
"up",3.7,"PELT",0.151994722511626,0.0826579200801344,0.958571428571429,0,8.3466837516276,83.51,0.170748584340561,0.0938161919813598,0.96375,0,8.3466837516276,83.51,-0.0187538618289356,-0.0111582719012254,-0.00517857142857148,0,0,0
"up",3.7,"RFPOP",0.532,0.886666666666667,0.38,0,3.51715015851524,4,0.607948717948718,0.907,0.4575,0,3.48792858995059,4.04,-0.0759487179487179,-0.0203333333333334,-0.0775000000000001,0,0.0292215685646502,-0.04
"up",3.7,"SVP MedianMood",0.881428571428571,0.881428571428571,0.881428571428571,1,0.173495555476015,8,0.89125,0.89125,0.89125,1,0.187338544436789,8,-0.00982142857142854,-0.00982142857142854,-0.00982142857142854,0,-0.0138429889607741,0
"up",3.7,"SVP Wilcoxon",0.884285714285714,0.884285714285714,0.884285714285714,1,0.168355184365683,8,0.89625,0.89625,0.89625,1,0.167102980063325,8,-0.0119642857142858,-0.0119642857142858,-0.0119642857142858,0,0.00125220430235809,0
"up",3.8,"PELT",0.151379701372275,0.0823344409895485,0.957142857142857,0,7.95152949581216,84.06,0.170084701106019,0.093464150891235,0.9625,0,7.95152949581216,84.06,-0.0187049997337444,-0.0111297099016865,-0.00535714285714284,0,0,0
"up",3.8,"RFPOP",0.534,0.89,0.381428571428571,0,3.72563504055822,4,0.618205128205128,0.919,0.46625,0,3.66121897390231,4.06,-0.0842051282051282,-0.029,-0.0848214285714286,0,0.0644160666559075,-0.0599999999999996
"up",3.8,"SVP MedianMood",0.897904761904762,0.897321428571429,0.898571428571429,0.99,0.173481838165269,8.01,0.90375,0.90375,0.90375,1,0.19375747971547,8,-0.00584523809523818,-0.00642857142857145,-0.00517857142857148,-0.01,-0.0202756415502006,0.00999999999999979
"up",3.8,"SVP Wilcoxon",0.898571428571429,0.898571428571429,0.898571428571429,1,0.170940589091701,8,0.905,0.905,0.905,1,0.171529515441252,8,-0.00642857142857145,-0.00642857142857145,-0.00642857142857145,0,-0.00058892634955035,0
"up",3.9,"PELT",0.157858188493117,0.0861529106262067,0.961428571428571,0,7.26783931522931,80.96,0.177042325913043,0.0976507940790382,0.96625,0,7.26783931522931,80.96,-0.0191841374199257,-0.0114978834528314,-0.00482142857142864,0,0,0
"up",3.9,"RFPOP",0.526222222222222,0.878333333333333,0.375714285714286,0,3.94744767920501,3.99,0.617692307692308,0.917,0.46625,0,3.83445659693432,4.07,-0.0914700854700854,-0.0386666666666667,-0.0905357142857143,0,0.112991082270693,-0.0800000000000001
"up",3.9,"SVP MedianMood",0.875714285714286,0.875714285714286,0.875714285714286,1,0.175412068333881,8,0.88,0.88,0.88,1,0.197144279449907,8,-0.00428571428571434,-0.00428571428571434,-0.00428571428571434,0,-0.021732211116026,0
"up",3.9,"SVP Wilcoxon",0.874285714285714,0.874285714285714,0.874285714285714,1,0.171420504275798,8,0.878970588235294,0.878055555555556,0.88,0.98,0.1755292086985,8.02,-0.00468487394957995,-0.00376984126984137,-0.00571428571428578,0.02,-0.00410870442270284,-0.0199999999999996
"up",4,"PELT",0.154327329596315,0.0838563356753884,0.981428571428571,0,8.37453372623976,84.31,0.172845147721078,0.0948791591356723,0.98375,0,8.37453372623976,84.31,-0.0185178181247635,-0.0110228234602839,-0.00232142857142859,0,0,0
"up",4,"RFPOP",0.536,0.893333333333333,0.382857142857143,0,4.11581435019303,4,0.613076923076923,0.915,0.46125,0,4.07517117478688,4.04,-0.077076923076923,-0.0216666666666667,-0.0783928571428572,0,0.0406431754061503,-0.04
"up",4,"SVP MedianMood",0.885714285714286,0.885714285714286,0.885714285714286,1,0.189102997792728,8,0.895,0.895,0.895,1,0.21163931818039,8,-0.00928571428571434,-0.00928571428571434,-0.00928571428571434,0,-0.0225363203876614,0
"up",4,"SVP Wilcoxon",0.89,0.89,0.89,1,0.179068578821869,8,0.899411764705882,0.898888888888889,0.9,0.99,0.18122763727179,8.01,-0.00941176470588234,-0.00888888888888884,-0.01,0.01,-0.00215905844992095,-0.00999999999999979
"updown",0.1,"PELT",0.0366463575291557,0.0200282098406406,0.22,0,12.8803291905562,79.3,0.059109750814011,0.0326604041701695,0.3175,0,12.8803291905562,79.3,-0.0224633932848553,-0.0126321943295288,-0.0975,0,0,0
"updown",0.1,"RFPOP",0,0,0,0,0.00542568012269747,1.02,0.21949494949495,0.948333333333333,0.125,0,0.00868694725387535,1.13,-0.21949494949495,-0.948333333333333,-0.125,0,-0.00326126713117788,-0.11
"updown",0.1,"SVP MedianMood",0,0,0,0,0.0160460066296824,1.02,0.222222222222222,1,0.125,0,0.0152077575440105,1,-0.222222222222222,-1,-0.125,0,0.000838249085671858,0.02
"updown",0.1,"SVP Wilcoxon",0.0265151515151515,0.035,0.0214285714285714,0,0.197817566894528,5.4,0.165413919413919,0.193285714285714,0.145,0,0.173204188062192,6,-0.138898767898768,-0.158285714285714,-0.123571428571429,0,0.0246133788323368,-0.6
"updown",0.2,"PELT",0.0399441064302083,0.0218320030789806,0.24,0,9.12449636182482,78.2,0.0626688542795073,0.0346505091947772,0.335,0,9.12449636182482,78.2,-0.022724747849299,-0.0128185061157966,-0.095,0,0,0
"updown",0.2,"RFPOP",0,0,0,0,0.0138064723592075,1.02,0.217157731157731,0.872333333333333,0.1275,0,0.0256884067917912,1.42,-0.217157731157731,-0.872333333333333,-0.1275,0,-0.0118819344325838,-0.4
"updown",0.2,"SVP MedianMood",0,0,0,0,0.0244936555216612,1.03,0.222222222222222,1,0.125,0,0.023854172707386,1,-0.222222222222222,-1,-0.125,0,0.000639482814275175,0.03
"updown",0.2,"SVP Wilcoxon",0.0204545454545455,0.0255,0.0171428571428571,0,0.123998299741386,5.63,0.174685897435897,0.200964285714286,0.155,0.01,0.137268390757071,6.2,-0.154231351981352,-0.175464285714286,-0.137857142857143,-0.01,-0.0132700910156854,-0.57
"updown",0.3,"PELT",0.0402804385837403,0.0219528102875976,0.247142857142857,0,47.7943559347236,79.27,0.0625323011666844,0.0344647274236241,0.34125,0,47.7943559347236,79.27,-0.0222518625829441,-0.0125119171360265,-0.0941071428571429,0,0,0
"updown",0.3,"RFPOP",0,0,0,0,0.0250046843649437,1.02,0.217707070707071,0.8625,0.1275,0,0.0345681882619756,1.39,-0.217707070707071,-0.8625,-0.1275,0,-0.00956350389703192,-0.37
"updown",0.3,"SVP MedianMood",0,0,0,0,0.0757763266074946,1.06,0.222222222222222,1,0.125,0,0.0744592976086033,1,-0.222222222222222,-1,-0.125,0,0.00131702899889129,0.06
"updown",0.3,"SVP Wilcoxon",0.03004662004662,0.0363333333333333,0.0257142857142857,0,0.48591831576316,5.85,0.172514652014652,0.193309523809524,0.15625,0.02,0.814395664324078,6.5,-0.142468031968032,-0.15697619047619,-0.130535714285714,-0.02,-0.328477348560918,-0.65
"updown",0.4,"PELT",0.0422138290301842,0.0230268203013486,0.257142857142857,0,12.1311131473523,78.64,0.0646405205472386,0.035664225853665,0.35,0,12.1311131473523,78.64,-0.0224266915170544,-0.0126374055523164,-0.0928571428571429,0,0,0
"updown",0.4,"RFPOP",0.00222222222222223,0.005,0.00142857142857143,0,0.0454714923848451,1.08,0.219458319458319,0.752761904761905,0.13625,0,0.0624887066924043,1.93,-0.217236097236097,-0.747761904761905,-0.134821428571429,0,-0.0170172143075593,-0.85
"updown",0.4,"SVP MedianMood",0.00472222222222222,0.015,0.00285714285714286,0,0.0614959056814363,1.29,0.222,0.995,0.125,0,0.0657606734336868,1.01,-0.217277777777778,-0.98,-0.122142857142857,0,-0.00426476775225051,0.28
"updown",0.4,"SVP Wilcoxon",0.0435897435897436,0.0503333333333333,0.0385714285714286,0.00999999999999999,0.250904310218659,6.25,0.172392857142857,0.187440476190476,0.16,0.04,0.231407385595567,6.82,-0.128803113553114,-0.137107142857143,-0.121428571428571,-0.03,0.0194969246230921,-0.57
"updown",0.5,"PELT",0.0418019055202745,0.0228177626859699,0.252857142857143,0,8.42615700194541,78.23,0.0643960229813269,0.0355603754002482,0.34625,0,8.42615700194541,78.23,-0.0225941174610524,-0.0127426127142783,-0.0933928571428572,0,0,0
"updown",0.5,"RFPOP",0.00972222222222222,0.035,0.0057142857142857,0,0.0658578337807434,1.09,0.223018572071204,0.710008658008658,0.1425,0,0.0833228751783145,2.29,-0.213296349848981,-0.675008658008658,-0.136785714285714,0,-0.0174650413975711,-1.2
"updown",0.5,"SVP MedianMood",0.0075,0.03,0.00428571428571429,0,0.0837348564106227,1.34,0.222,0.995,0.125,0,0.0741677592347988,1.01,-0.2145,-0.965,-0.120714285714286,0,0.00956709717582382,0.33
"updown",0.5,"SVP Wilcoxon",0.0522893772893773,0.0569047619047619,0.0485714285714286,0.04,0.185666490105428,6.76,0.184630952380952,0.194583333333333,0.17625,0.3,0.19767666109767,7.2,-0.132341575091575,-0.137678571428571,-0.127678571428571,-0.26,-0.0120101709922422,-0.44
"updown",0.6,"PELT",0.0433873198875833,0.0236551595109834,0.268571428571429,0,8.35270960373949,80.19,0.065548836501056,0.0361501913731926,0.36,0,8.35270960373949,80.19,-0.0221615166134727,-0.0124950318622092,-0.0914285714285715,0,0,0
"updown",0.6,"RFPOP",0.00422222222222222,0.00833333333333333,0.00285714285714285,0,0.0931606161293357,1.07,0.254469696969697,0.677190476190476,0.17375,0.01,0.107024241902211,2.73,-0.250247474747475,-0.668857142857143,-0.170892857142857,-0.01,-0.0138636257728758,-1.66
"updown",0.6,"SVP MedianMood",0.0144444444444444,0.05,0.00857142857142858,0,0.125938136008257,1.67,0.222888888888889,0.975,0.12625,0,0.102124199715492,1.06,-0.208444444444444,-0.925,-0.117678571428571,0,0.0238139362927654,0.61
"updown",0.6,"SVP Wilcoxon",0.072014652014652,0.0761428571428571,0.0685714285714286,0.2,0.184093255019519,7.08,0.219261904761905,0.224166666666667,0.215,0.61,0.174845001761103,7.6,-0.147247252747253,-0.14802380952381,-0.146428571428571,-0.41,0.00924825325841619,-0.52
"updown",0.7,"PELT",0.048294061418337,0.0264081620324651,0.288571428571429,0,8.14688912262731,78.26,0.070755978306953,0.0391251270539968,0.3775,0,8.14688912262731,78.26,-0.022461916888616,-0.0127169650215317,-0.0889285714285715,0,0,0
"updown",0.7,"RFPOP",0.0214444444444444,0.0733333333333334,0.0128571428571429,0,0.125171828832428,1.3,0.26176492625022,0.499559523809524,0.2,0.08,0.13136581488694,4.04,-0.240320481805776,-0.42622619047619,-0.187142857142857,-0.08,-0.0061939860545111,-2.74
"updown",0.7,"SVP MedianMood",0.0112222222222222,0.0316666666666667,0.00714285714285714,0,0.145969039229206,2.12,0.222222222222222,0.96,0.12625,0,0.135704917232551,1.09,-0.211,-0.928333333333333,-0.119107142857143,0,0.0102641219966542,1.03
"updown",0.7,"SVP Wilcoxon",0.0718681318681319,0.074047619047619,0.07,0.42,0.218191030163648,7.42,0.257666666666667,0.259285714285714,0.25625,0.86,0.186540738794312,7.86,-0.185798534798535,-0.185238095238095,-0.18625,-0.44,0.0316502913693366,-0.44
"updown",0.8,"PELT",0.0532403895086829,0.0290262022450904,0.327142857142857,0,6.58905421771507,79.83,0.07516362391636,0.0414400442007851,0.41125,0,6.58905421771507,79.83,-0.0219232344076771,-0.0124138419556946,-0.0841071428571429,0,0,0
"updown",0.8,"RFPOP",0.0486487956487956,0.111666666666667,0.0342857142857143,0,0.157090526924247,1.8,0.320551242874772,0.465222222222222,0.27125,0.21,0.140983496745523,5.21,-0.271902447225977,-0.353555555555556,-0.236964285714286,-0.21,0.0161070301787239,-3.41
"updown",0.8,"SVP MedianMood",0.0397424242424243,0.0883333333333333,0.0271428571428571,0,0.179500941708124,2.76,0.221555555555556,0.865,0.12875,0,0.17290287625277,1.3,-0.181813131313131,-0.776666666666667,-0.101607142857143,0,0.00659806545535366,1.46
"updown",0.8,"SVP Wilcoxon",0.184065934065934,0.18547619047619,0.182857142857143,0.75,0.176321313406785,7.75,0.330166666666667,0.330357142857143,0.33,0.98,0.150685943836003,7.98,-0.146100732600733,-0.144880952380952,-0.147142857142857,-0.23,0.0256353695707823,-0.23
"updown",0.9,"PELT",0.056169541908432,0.0306550744497111,0.342857142857143,0,13.1905834297192,79.79,0.0780153710999003,0.0430435595195684,0.425,0,13.1905834297192,79.79,-0.0218458291914682,-0.0123884850698573,-0.0821428571428571,0,0,0
"updown",0.9,"RFPOP",0.0616854256854257,0.124190476190476,0.0442857142857143,0.00999999999999999,0.189245373638731,2.22,0.37074448917096,0.428892857142857,0.345,0.39,0.124362996912545,6.64,-0.309059063485534,-0.304702380952381,-0.300714285714286,-0.38,0.0648823767261861,-4.42
"updown",0.9,"SVP MedianMood",0.0458232323232323,0.0836666666666667,0.0328571428571428,0,0.313579014276312,3.41,0.22430303030303,0.811666666666667,0.1325,0,0.23655154263675,1.45,-0.178479797979798,-0.728,-0.0996428571428572,0,0.0770274716395625,1.96
"updown",0.9,"SVP Wilcoxon",0.221538461538462,0.221666666666667,0.221428571428571,0.94,0.318617536493893,7.94,0.34125,0.34125,0.34125,1,0.252539705678108,8,-0.119711538461538,-0.119583333333333,-0.119821428571429,-0.06,0.0660778308157848,-0.0599999999999996
"updown",1,"PELT",0.0660037936463783,0.0360016016561618,0.402857142857143,0,7.24669502425312,80.16,0.0874877185126675,0.0482354926547516,0.4775,0,7.24669502425312,80.16,-0.0214839248662891,-0.0122338909985898,-0.0746428571428571,0,0,0
"updown",1,"RFPOP",0.172603285603286,0.292404761904762,0.137142857142857,0.06,0.202397852285405,3.41,0.437529896574014,0.464805555555556,0.42375,0.51,0.120814243471482,7.33,-0.264926610970729,-0.172400793650794,-0.286607142857143,-0.45,0.0815836088139231,-3.92
"updown",1,"SVP MedianMood",0.116698301698302,0.163785714285714,0.0942857142857143,0.03,0.250080310778872,4.39,0.219353535353535,0.67,0.13375,0,0.25409091124543,1.76,-0.102655233655234,-0.506214285714286,-0.0394642857142857,0.03,-0.00401060046655782,2.63
"updown",1,"SVP Wilcoxon",0.292857142857143,0.292857142857143,0.292857142857143,0.99,0.162761421017492,7.99,0.395,0.395,0.395,1,0.151374763221598,8,-0.102142857142857,-0.102142857142857,-0.102142857142857,-0.01,0.0113866577958937,-0.00999999999999979
"updown",1.1,"PELT",0.0731589700797342,0.0398783317109931,0.45,0,9.38803603629562,81.95,0.0940309616227638,0.0517892247341036,0.51875,0,9.38803603629562,81.95,-0.0208719915430296,-0.0119108930231105,-0.0687500000000001,0,0,0
"updown",1.1,"RFPOP",0.315517926517926,0.429595238095238,0.275714285714286,0.27,0.182357305469477,5.04,0.530108458277189,0.539202741702742,0.5275,0.71,0.0971027645442905,7.89,-0.214590531759262,-0.109607503607504,-0.251785714285714,-0.44,0.0852545409251865,-2.85
"updown",1.1,"SVP MedianMood",0.167222555222555,0.205238095238095,0.144285714285714,0.03,0.285253148366219,5.74,0.215040404040404,0.559166666666667,0.13625,0,0.323628751891528,2.12,-0.0478178488178488,-0.353928571428571,0.00803571428571426,0.03,-0.0383756035253091,3.62
"updown",1.1,"SVP Wilcoxon",0.358571428571429,0.358571428571429,0.358571428571429,1,0.175471142288174,8,0.4475,0.4475,0.4475,1,0.162161434582507,8,-0.0889285714285715,-0.0889285714285715,-0.0889285714285715,0,0.0133097077056669,0
"updown",1.2,"PELT",0.0768287690885875,0.0419242690455167,0.467142857142857,0,9.4434260514254,80.41,0.0979927298308939,0.0540426461619054,0.53375,0,9.4434260514254,80.41,-0.0211639607423063,-0.0121183771163887,-0.0666071428571428,0,0,0
"updown",1.2,"RFPOP",0.398914973914974,0.459261904761905,0.372857142857143,0.46,0.149622148226636,6.37,0.542485832794656,0.546051587301587,0.54375,0.74,0.0938554731277398,7.97,-0.143570858879682,-0.0867896825396826,-0.170892857142857,-0.28,0.0557666750988959,-1.6
"updown",1.2,"SVP MedianMood",0.229255522255522,0.256809523809524,0.211428571428571,0.22,0.29271163118268,6.53,0.229164724164724,0.506166666666667,0.15125,0,0.353010940189333,2.54,9.07980907980666e-05,-0.249357142857143,0.0601785714285714,0.22,-0.060299309006652,3.99
"updown",1.2,"SVP Wilcoxon",0.35,0.35,0.35,1,0.214863736376374,8,0.4325,0.4325,0.4325,1,0.195413342506638,8,-0.0825,-0.0825,-0.0825,0,0.019450393869736,0
"updown",1.3,"PELT",0.0830941332165037,0.0453367744573306,0.505714285714286,0,12.2806215286723,80.64,0.104064105301446,0.0573806399191213,0.5675,0,12.2806215286723,80.64,-0.0209699720849428,-0.0120438654617907,-0.0617857142857143,0,0,0
"updown",1.3,"RFPOP",0.504864468864469,0.535761904761905,0.485714285714286,0.68,0.115862231822425,7.24,0.595975723622783,0.591666666666667,0.60125,0.84,0.086355231111835,8.14,-0.0911112547583137,-0.0559047619047619,-0.115535714285714,-0.16,0.0295070007105899,-0.9
"updown",1.3,"SVP MedianMood",0.307547452547453,0.321428571428571,0.297142857142857,0.53,0.316549346699666,7.35,0.204510600510601,0.380666666666667,0.14375,0,0.465219965878943,3.23,0.103036852036852,-0.0592380952380953,0.153392857142857,0.53,-0.148670619179277,4.12
"updown",1.3,"SVP Wilcoxon",0.405714285714286,0.405714285714286,0.405714285714286,1,0.222812497447152,8,0.49875,0.49875,0.49875,1,0.204397047216926,8,-0.0930357142857143,-0.0930357142857143,-0.0930357142857143,0,0.0184154502302258,0
"updown",1.4,"PELT",0.0865288510884413,0.047210536290976,0.527142857142857,0,18.9749616484505,80.9,0.107381057527904,0.0592097738707383,0.58625,0,18.9749616484505,80.9,-0.0208522064394623,-0.0119992375797622,-0.0591071428571428,0,0,0
"updown",1.4,"RFPOP",0.582897435897436,0.597333333333333,0.572857142857143,0.81,0.0990354879318421,7.57,0.652542250233427,0.649821428571429,0.65625,0.83,0.0826764925676194,8.06,-0.0696448143359908,-0.0524880952380952,-0.0833928571428572,-0.0199999999999999,0.0163589953642227,-0.49
"updown",1.4,"SVP MedianMood",0.401030636030636,0.407738095238095,0.395714285714286,0.74,0.362691066443526,7.61,0.255382284382284,0.396309523809524,0.195,0,0.553677665349255,4.01,0.145648351648352,0.0114285714285714,0.200714285714286,0.74,-0.190986598905728,3.6
"updown",1.4,"SVP Wilcoxon",0.471428571428571,0.471428571428571,0.471428571428571,1,0.287111603202964,8,0.5475,0.5475,0.5475,1,0.263775902363227,8,-0.0760714285714286,-0.0760714285714286,-0.0760714285714286,0,0.0233357008397367,0
"updown",1.5,"PELT",0.0941330339076394,0.0513408848407495,0.578571428571429,0,9.07730215627385,81.24,0.114750434619551,0.063251827830687,0.63125,0,9.07730215627385,81.24,-0.0206174007119113,-0.0119109429899375,-0.0526785714285715,0,0,0
"updown",1.5,"RFPOP",0.608160173160173,0.615857142857143,0.602857142857143,0.92,0.0867423184515971,7.83,0.660857843137255,0.65725,0.665,0.91,0.0813739910932118,8.1,-0.0526976699770818,-0.0413928571428571,-0.0621428571428572,0.0100000000000001,0.00536832735838529,-0.27
"updown",1.5,"SVP MedianMood",0.444029304029304,0.447285714285714,0.441428571428571,0.89,0.252358863725456,7.87,0.279796453546454,0.380535714285714,0.22875,0.00999999999999999,0.471907340393513,4.85,0.16423285048285,0.06675,0.212678571428571,0.88,-0.219548476668057,3.02
"updown",1.5,"SVP Wilcoxon",0.495714285714286,0.495714285714286,0.495714285714286,1,0.187336269160735,8,0.5625,0.5625,0.5625,1,0.178748924563768,8,-0.0667857142857143,-0.0667857142857143,-0.0667857142857143,0,0.00858734459696722,0
"updown",1.6,"PELT",0.102537520186026,0.0559110820177945,0.631428571428571,0,10.2612847045448,81.85,0.122802421205949,0.0676645835188427,0.6775,0,10.2612847045448,81.85,-0.020264901019923,-0.0117535015010482,-0.0460714285714285,0,0,0
"updown",1.6,"RFPOP",0.665238095238095,0.670571428571429,0.661428571428571,0.95,0.0772575753952967,7.9,0.710808823529412,0.708194444444444,0.71375,0.93,0.0738531384049778,8.07,-0.0455707282913166,-0.0376230158730159,-0.0523214285714286,0.02,0.00340443699031893,-0.17
"updown",1.6,"SVP MedianMood",0.504505494505495,0.506428571428571,0.502857142857143,0.95,0.238882910866118,7.95,0.353335830835831,0.427857142857143,0.30875,0.08,0.529811260312895,5.58,0.151169663669664,0.0785714285714286,0.194107142857143,0.87,-0.290928349446777,2.37
"updown",1.6,"SVP Wilcoxon",0.531428571428571,0.531428571428571,0.531428571428571,1,0.190545234219391,8,0.59125,0.59125,0.59125,1,0.181929012069159,8,-0.0598214285714287,-0.0598214285714287,-0.0598214285714287,0,0.00861622215023158,0
"updown",1.7,"PELT",0.104363224002666,0.0568196839410728,0.65,0,8.92040774629692,82.32,0.124450882755638,0.0684663799072362,0.69375,0,8.92040774629692,82.32,-0.0200876587529714,-0.0116466959661634,-0.04375,0,0,0
"updown",1.7,"RFPOP",0.713142857142857,0.712142857142857,0.714285714285714,0.98,0.0668293049400258,8.02,0.74327614379085,0.738472222222222,0.74875,0.88,0.0749315185053724,8.13,-0.0301332866479926,-0.0263293650793651,-0.0344642857142857,0.0999999999999999,-0.00810221356534663,-0.110000000000001
"updown",1.7,"SVP MedianMood",0.53043956043956,0.530952380952381,0.53,0.99,0.19081992834678,7.99,0.418214285714286,0.46402380952381,0.3875,0.25,0.428416992169794,6.5,0.112225274725275,0.0669285714285714,0.1425,0.74,-0.237597063823014,1.49
"updown",1.7,"SVP Wilcoxon",0.552857142857143,0.552857142857143,0.552857142857143,1,0.170941238679576,8,0.624705882352941,0.624444444444444,0.625,0.99,0.16182400918848,8.01,-0.0718487394957984,-0.0715873015873016,-0.0721428571428572,0.01,0.00911722949109581,-0.00999999999999979
"updown",1.8,"PELT",0.109157016132564,0.0595568572755696,0.665714285714286,0,13.1035754185088,80.87,0.129495810589247,0.0714058753656144,0.7075,0,13.1035754185088,80.87,-0.0203387944566835,-0.0118490180900448,-0.0417857142857143,0,0,0
"updown",1.8,"RFPOP",0.72,0.72,0.72,1,0.0674961124528967,8,0.752426470588235,0.750138888888889,0.755,0.94,0.0710087105151503,8.06,-0.0324264705882353,-0.0301388888888889,-0.035,0.06,-0.00351259806225365,-0.0600000000000005
"updown",1.8,"SVP MedianMood",0.594725274725275,0.595238095238095,0.594285714285714,0.99,0.247085680251438,7.99,0.493949633699634,0.524345238095238,0.47125,0.39,0.523945276878397,7.01,0.100775641025641,0.0708928571428571,0.123035714285714,0.6,-0.276859596626959,0.98
"updown",1.8,"SVP Wilcoxon",0.604285714285714,0.604285714285714,0.604285714285714,1,0.219383161475219,8,0.66875,0.66875,0.66875,1,0.205088307474877,8,-0.0644642857142856,-0.0644642857142856,-0.0644642857142856,0,0.0142948540003415,0
"updown",1.9,"PELT",0.111269789579794,0.0605973770849741,0.691428571428571,0,7.97529431923322,82.39,0.131181036130334,0.0721879369275909,0.73,0,7.97529431923322,82.39,-0.0199112465505404,-0.0115905598426168,-0.0385714285714286,0,0,0
"updown",1.9,"RFPOP",0.730714285714286,0.731714285714286,0.73,0.99,0.0734429826876906,7.98,0.767058823529412,0.764444444444444,0.77,0.94,0.0746606124465021,8.06,-0.0363445378151261,-0.0327301587301587,-0.04,0.05,-0.00121762975881154,-0.0800000000000001
"updown",1.9,"SVP MedianMood",0.584285714285714,0.584285714285714,0.584285714285714,1,0.184210718248523,8,0.554037545787546,0.571964285714286,0.54,0.59,0.32243699144839,7.44,0.0302481684981686,0.0123214285714286,0.0442857142857143,0.41,-0.138226273199868,0.56
"updown",1.9,"SVP Wilcoxon",0.59,0.59,0.59,1,0.172345663986025,8,0.635,0.635,0.635,1,0.169218097689586,8,-0.045,-0.045,-0.045,0,0.00312756629643934,0
"updown",2,"PELT",0.119861709451914,0.0652321494396006,0.751428571428571,0,15.0236746695897,83.19,0.13945144592189,0.0766842203912262,0.7825,0,15.0236746695897,83.19,-0.0195897364699766,-0.0114520709516256,-0.0310714285714285,0,0,0
"updown",2,"RFPOP",0.778571428571429,0.778571428571429,0.778571428571429,1,0.0699303943756742,8,0.801397058823529,0.798194444444444,0.805,0.92,0.0780918681666142,8.08,-0.0228256302521008,-0.0196230158730158,-0.0264285714285715,0.08,-0.00816147379094002,-0.0800000000000001
"updown",2,"SVP MedianMood",0.638571428571429,0.638571428571429,0.638571428571429,1,0.258911607670607,8,0.625154761904762,0.634107142857143,0.6175,0.76,0.403452958240968,7.74,0.0134166666666666,0.0044642857142857,0.0210714285714285,0.24,-0.144541350570361,0.26
"updown",2,"SVP Wilcoxon",0.651428571428571,0.651428571428571,0.651428571428571,1,0.238666469167159,8,0.69375,0.69375,0.69375,1,0.233147463286365,8,-0.0423214285714285,-0.0423214285714285,-0.0423214285714285,0,0.00551900588079382,0
"updown",2.1,"PELT",0.120815350151073,0.065864556951686,0.742857142857143,0,7.68382281838077,81.55,0.140741748048252,0.0775406426239223,0.775,0,7.68382281838077,81.55,-0.0199263978971794,-0.0116760856722363,-0.0321428571428571,0,0,0
"updown",2.1,"RFPOP",0.78,0.78,0.78,1,0.0733505456051785,8,0.806911764705882,0.806388888888889,0.8075,0.99,0.0743186601769199,8.01,-0.0269117647058824,-0.026388888888889,-0.0275000000000001,0.01,-0.00096811457174141,-0.00999999999999979
"updown",2.1,"SVP MedianMood",0.648571428571429,0.648571428571429,0.648571428571429,1,0.169561835185052,8,0.645285714285714,0.65,0.64125,0.88,0.238014521735681,7.87,0.00328571428571434,-0.00142857142857145,0.00732142857142859,0.12,-0.0684526865506289,0.13
"updown",2.1,"SVP Wilcoxon",0.664285714285714,0.664285714285714,0.664285714285714,1,0.157651863616493,8,0.714338235294118,0.71375,0.715,0.98,0.151650926583793,8.02,-0.0500525210084034,-0.0494642857142857,-0.0507142857142857,0.02,0.0060009370327006,-0.0199999999999996
"updown",2.2,"PELT",0.132463700778396,0.0722105992604529,0.815714285714286,0,24.8623519010016,81.67,0.152061560182551,0.0837671551294619,0.83875,0,24.8623519010016,81.67,-0.019597859404155,-0.011556555869009,-0.0230357142857143,0,0,0
"updown",2.2,"RFPOP",0.831428571428571,0.831428571428571,0.831428571428571,1,0.0641091677225044,8,0.851985294117647,0.851527777777778,0.8525,0.99,0.0653507901394067,8.01,-0.0205567226890756,-0.0200992063492064,-0.0210714285714286,0.01,-0.0012416224169023,-0.00999999999999979
"updown",2.2,"SVP MedianMood",0.681428571428571,0.681428571428571,0.681428571428571,1,0.357444353421455,8,0.710333333333333,0.710714285714286,0.71,0.99,0.603879033964078,7.99,-0.028904761904762,-0.0292857142857142,-0.0285714285714286,0.01,-0.246434680542623,0.00999999999999979
"updown",2.2,"SVP Wilcoxon",0.692857142857143,0.692857142857143,0.692857142857143,1,0.316005945916178,8,0.725808823529412,0.725416666666667,0.72625,0.99,0.309192045685,8.01,-0.0329516806722689,-0.0325595238095238,-0.0333928571428572,0.01,0.00681390023117767,-0.00999999999999979
"updown",2.3,"PELT",0.125562239617563,0.068206832023429,0.804285714285714,0,9.1931152440918,85.22,0.144581362538499,0.0793384507920231,0.82875,0,9.1931152440918,85.22,-0.019019122920936,-0.0111316187685941,-0.0244642857142857,0,0,0
"updown",2.3,"RFPOP",0.81,0.81,0.81,1,0.0754851258423531,8,0.833161764705882,0.832638888888889,0.83375,0.99,0.076592719570422,8.01,-0.0231617647058824,-0.022638888888889,-0.02375,0.01,-0.00110759372806894,-0.00999999999999979
"updown",2.3,"SVP MedianMood",0.684285714285714,0.684285714285714,0.684285714285714,1,0.196622238535373,8,0.71125,0.71125,0.71125,1,0.220349165753134,8,-0.0269642857142858,-0.0269642857142858,-0.0269642857142858,0,-0.0237269272177608,0
"updown",2.3,"SVP Wilcoxon",0.685333333333333,0.685,0.685714285714286,0.99,0.189429736960501,8.01,0.722426470588235,0.72125,0.72375,0.97,0.182439089111108,8.03,-0.0370931372549019,-0.03625,-0.0380357142857143,0.02,0.00699064784939263,-0.0199999999999996
"updown",2.4,"PELT",0.131117896799358,0.0712844513923773,0.828571428571429,0,15.3076993920016,83.47,0.150339258478427,0.0825790273657054,0.85,0,15.3076993920016,83.47,-0.0192213616790694,-0.0112945759733282,-0.0214285714285715,0,0,0
"updown",2.4,"RFPOP",0.791428571428571,0.791428571428571,0.791428571428571,1,0.0824389463422101,8,0.816985294117647,0.816527777777778,0.8175,0.99,0.0830096187329207,8.01,-0.0255567226890757,-0.0250992063492064,-0.0260714285714286,0.01,-0.000570672390710625,-0.00999999999999979
"updown",2.4,"SVP MedianMood",0.687142857142857,0.687142857142857,0.687142857142857,1,0.268240679796847,8,0.71,0.71,0.71,1,0.335418678717711,8,-0.0228571428571428,-0.0228571428571428,-0.0228571428571428,0,-0.0671779989208639,0
"updown",2.4,"SVP Wilcoxon",0.698571428571429,0.698571428571429,0.698571428571429,1,0.248426638315103,8,0.73,0.73,0.73,1,0.239462153023412,8,-0.0314285714285715,-0.0314285714285715,-0.0314285714285715,0,0.0089644852916903,0
"updown",2.5,"PELT",0.134318062399588,0.0731094482700319,0.838571428571429,0,8.71392877377029,82.88,0.153581635074508,0.0844619138380288,0.85875,0,8.71392877377029,82.88,-0.0192635726749199,-0.0113524655679969,-0.0201785714285715,0,0,0
"updown",2.5,"RFPOP",0.85,0.85,0.85,1,0.0744521455608594,8,0.86875,0.86875,0.86875,1,0.0744521455608594,8,-0.01875,-0.01875,-0.01875,0,0,0
"updown",2.5,"SVP MedianMood",0.752857142857143,0.752857142857143,0.752857142857143,1,0.179251297755982,8,0.78,0.78,0.78,1,0.188012273646475,8,-0.0271428571428571,-0.0271428571428571,-0.0271428571428571,0,-0.00876097589049249,0
"updown",2.5,"SVP Wilcoxon",0.768571428571429,0.768571428571429,0.768571428571429,1,0.159956961953154,8,0.785,0.785,0.785,1,0.16052762167226,8,-0.0164285714285715,-0.0164285714285715,-0.0164285714285715,0,-0.000570659719105776,0
"updown",2.6,"PELT",0.134494109407228,0.0730307688449256,0.865714285714286,0,9.56023791306732,85.6,0.153228259572437,0.0840478277158198,0.8825,0,9.56023791306732,85.6,-0.0187341501652096,-0.0110170588708942,-0.0167857142857143,0,0,0
"updown",2.6,"RFPOP",0.857142857142857,0.857142857142857,0.857142857142857,1,0.0758706797623864,8,0.874117647058824,0.873333333333333,0.875,0.98,0.0788459478498406,8.02,-0.0169747899159665,-0.0161904761904762,-0.0178571428571429,0.02,-0.0029752680874542,-0.0199999999999996
"updown",2.6,"SVP MedianMood",0.752857142857143,0.752857142857143,0.752857142857143,1,0.202484474423804,8,0.7725,0.7725,0.7725,1,0.230427386951661,8,-0.0196428571428571,-0.0196428571428571,-0.0196428571428571,0,-0.0279429125278576,0
"updown",2.6,"SVP Wilcoxon",0.768571428571429,0.768571428571429,0.768571428571429,1,0.18606244657978,8,0.80625,0.80625,0.80625,1,0.182005853264519,8,-0.0376785714285715,-0.0376785714285715,-0.0376785714285715,0,0.0040565933152607,0
"updown",2.7,"PELT",0.139794180588514,0.0760783114832909,0.875714285714286,0,8.96275965980719,83.26,0.158882659010602,0.0873632388293683,0.89125,0,8.96275965980719,83.26,-0.0190884784220879,-0.0112849273460773,-0.0155357142857143,0,0,0
"updown",2.7,"RFPOP",0.865714285714286,0.865714285714286,0.865714285714286,1,0.0743111193437377,8,0.8825,0.8825,0.8825,1,0.0743111193437377,8,-0.0167857142857144,-0.0167857142857144,-0.0167857142857144,0,0,0
"updown",2.7,"SVP MedianMood",0.762857142857143,0.762857142857143,0.762857142857143,1,0.185315950175635,8,0.78375,0.78375,0.78375,1,0.211589153825413,8,-0.0208928571428572,-0.0208928571428572,-0.0208928571428572,0,-0.0262732036497774,0
"updown",2.7,"SVP Wilcoxon",0.774285714285714,0.774285714285714,0.774285714285714,1,0.172665827060536,8,0.81625,0.81625,0.81625,1,0.163632330446838,8,-0.0419642857142857,-0.0419642857142857,-0.0419642857142857,0,0.00903349661369807,0
"updown",2.8,"PELT",0.137082612438619,0.074417795206821,0.882857142857143,0,10.6273943063257,85.37,0.155803213821151,0.0854404821493469,0.8975,0,10.6273943063257,85.37,-0.0187206013825326,-0.0110226869425259,-0.0146428571428572,0,0,0
"updown",2.8,"RFPOP",0.858571428571429,0.858571428571429,0.858571428571429,1,0.0812502372132447,8,0.87625,0.87625,0.87625,1,0.0812502372132447,8,-0.0176785714285714,-0.0176785714285714,-0.0176785714285714,0,0,0
"updown",2.8,"SVP MedianMood",0.76,0.76,0.76,1,0.218942918622517,8,0.78375,0.78375,0.78375,1,0.234403186939526,8,-0.0237499999999999,-0.0237499999999999,-0.0237499999999999,0,-0.0154602683170088,0
"updown",2.8,"SVP Wilcoxon",0.767142857142857,0.767142857142857,0.767142857142857,1,0.203901506039052,8,0.795808823529412,0.795416666666667,0.79625,0.99,0.198866860182794,8.01,-0.0286659663865546,-0.0282738095238095,-0.0291071428571429,0.01,0.00503464585625754,-0.00999999999999979
"updown",2.9,"PELT",0.145434064283698,0.0792639008749084,0.9,0,8.23185580617814,82.08,0.164680252291711,0.0906993887820223,0.9125,0,8.23185580617814,82.08,-0.0192461880080131,-0.0114354879071139,-0.0125,0,0,0
"updown",2.9,"RFPOP",0.892857142857143,0.892857142857143,0.892857142857143,1,0.0786645002421665,8,0.904485294117647,0.904027777777778,0.905,0.99,0.0812591643506214,8.01,-0.0116281512605043,-0.011170634920635,-0.0121428571428572,0.01,-0.00259466410845495,-0.00999999999999979
"updown",2.9,"SVP MedianMood",0.808571428571428,0.808571428571428,0.808571428571428,1,0.175848031829899,8,0.8225,0.8225,0.8225,1,0.191497317489411,8,-0.0139285714285715,-0.0139285714285715,-0.0139285714285715,0,-0.0156492856595122,0
"updown",2.9,"SVP Wilcoxon",0.815714285714286,0.815714285714286,0.815714285714286,1,0.168410272636084,8,0.829044117647059,0.828194444444444,0.83,0.98,0.1669913682687,8.02,-0.0133298319327732,-0.0124801587301587,-0.0142857142857142,0.02,0.00141890436738351,-0.0199999999999996
"updown",3,"PELT",0.142217716231542,0.0773754009967289,0.895714285714286,0,8.39562796826775,83.52,0.161225043155401,0.0886270899507409,0.90875,0,8.39562796826775,83.52,-0.0190073269238589,-0.011251688954012,-0.0130357142857143,0,0,0
"updown",3,"RFPOP",0.892857142857143,0.892857142857143,0.892857142857143,1,0.0722702899816229,8,0.905661764705882,0.905138888888889,0.90625,0.99,0.0731617750422771,8.01,-0.0128046218487395,-0.0122817460317461,-0.0133928571428572,0.01,-0.000891485060654229,-0.00999999999999979
"updown",3,"SVP MedianMood",0.818571428571429,0.818571428571429,0.818571428571429,1,0.174687409932963,8,0.82625,0.82625,0.82625,1,0.202103754655833,8,-0.00767857142857153,-0.00767857142857153,-0.00767857142857153,0,-0.0274163447228701,0
"updown",3,"SVP Wilcoxon",0.82,0.82,0.82,1,0.170411255602004,8,0.849558823529412,0.849166666666667,0.85,0.99,0.161353877351181,8.01,-0.0295588235294119,-0.0291666666666667,-0.03,0.01,0.00905737825082284,-0.00999999999999979
"updown",3.1,"PELT",0.147075577857512,0.0799366646109383,0.934285714285714,0,13.6488785858073,84.27,0.165785541133052,0.0910304337226911,0.9425,0,13.6488785858073,84.27,-0.01870996327554,-0.0110937691117528,-0.00821428571428573,0,0,0
"updown",3.1,"RFPOP",0.905714285714286,0.905714285714286,0.905714285714286,1,0.0790073948937115,8,0.9175,0.9175,0.9175,1,0.0789129133893864,8,-0.0117857142857143,-0.0117857142857143,-0.0117857142857143,0,9.44815043250335e-05,0
"updown",3.1,"SVP MedianMood",0.826666666666667,0.82625,0.827142857142857,0.99,0.235730720908575,8.01,0.8375,0.8375,0.8375,1,0.273112480932305,8,-0.0108333333333334,-0.0112500000000001,-0.010357142857143,-0.01,-0.0373817600237303,0.00999999999999979
"updown",3.1,"SVP Wilcoxon",0.83,0.83,0.83,1,0.227276906134795,8,0.848161764705882,0.847638888888889,0.84875,0.99,0.223074497407455,8.01,-0.0181617647058824,-0.017638888888889,-0.01875,0.01,0.00420240872734029,-0.00999999999999979
"updown",3.2,"PELT",0.147396238778909,0.0801046325321952,0.938571428571429,0,7.01299359852067,84.59,0.166060196582943,0.0911735696299832,0.94625,0,7.01299359852067,84.59,-0.0186639578040346,-0.011068937097788,-0.00767857142857142,0,0,0
"updown",3.2,"RFPOP",0.904285714285714,0.904285714285714,0.904285714285714,1,0.0792163602290333,8,0.91625,0.91625,0.91625,1,0.0792163602290333,8,-0.0119642857142858,-0.0119642857142858,-0.0119642857142858,0,0,0
"updown",3.2,"SVP MedianMood",0.837142857142857,0.837142857142857,0.837142857142857,1,0.15865282482562,8,0.84125,0.84125,0.84125,1,0.188272103548695,8,-0.00410714285714298,-0.00410714285714298,-0.00410714285714298,0,-0.0296192787230753,0
"updown",3.2,"SVP Wilcoxon",0.844285714285714,0.844285714285714,0.844285714285714,1,0.15514447126085,8,0.855,0.855,0.855,1,0.157971842676645,8,-0.0107142857142857,-0.0107142857142857,-0.0107142857142857,0,-0.00282737141579445,0
"updown",3.3,"PELT",0.147057323122824,0.0799552300802955,0.932857142857143,0,9.61238137094244,84.56,0.165731697346534,0.09103269098572,0.94125,0,9.61238137094244,84.56,-0.0186743742237096,-0.0110774609054246,-0.0083928571428572,0,0,0
"updown",3.3,"RFPOP",0.92,0.92,0.92,1,0.078054993706334,8,0.929485294117647,0.929027777777778,0.93,0.99,0.0818056081129237,8.01,-0.00948529411764709,-0.00902777777777786,-0.0100000000000001,0.01,-0.00375061440658965,-0.00999999999999979
"updown",3.3,"SVP MedianMood",0.837142857142857,0.837142857142857,0.837142857142857,1,0.196920517829041,8,0.8525,0.8525,0.8525,1,0.218177938747929,8,-0.015357142857143,-0.015357142857143,-0.015357142857143,0,-0.0212574209188877,0
"updown",3.3,"SVP Wilcoxon",0.838571428571429,0.838571428571429,0.838571428571429,1,0.193921857900011,8,0.849632352941176,0.848194444444444,0.85125,0.97,0.197642739386532,8.03,-0.0110609243697479,-0.00962301587301595,-0.0126785714285715,0.03,-0.00372088148652092,-0.0299999999999994
"updown",3.4,"PELT",0.151335609525864,0.0823719570853376,0.945714285714286,0,8.91786696370945,82.77,0.170256596422317,0.0936355021589138,0.9525,0,8.91786696370945,82.77,-0.0189209868964529,-0.0112635450735762,-0.00678571428571428,0,0,0
"updown",3.4,"RFPOP",0.914285714285714,0.914285714285714,0.914285714285714,1,0.0834260595877491,8,0.925,0.925,0.925,1,0.0834260595877491,8,-0.0107142857142858,-0.0107142857142858,-0.0107142857142858,0,0,0
"updown",3.4,"SVP MedianMood",0.850857142857143,0.850357142857143,0.851428571428571,0.99,0.193146750180081,8.01,0.8625,0.8625,0.8625,1,0.218431865241295,8,-0.0116428571428572,-0.0121428571428572,-0.0110714285714286,-0.01,-0.025285115061214,0.00999999999999979
"updown",3.4,"SVP Wilcoxon",0.86,0.86,0.86,1,0.177673952561001,8,0.874411764705882,0.873888888888889,0.875,0.99,0.178944784154219,8.01,-0.0144117647058823,-0.013888888888889,-0.015,0.01,-0.00127083159321814,-0.00999999999999979
"updown",3.5,"PELT",0.154660431986844,0.0843081652029796,0.955714285714286,0,9.65281620088398,82.25,0.173645783818766,0.0956518030120836,0.96125,0,9.65281620088398,82.25,-0.0189853518319222,-0.011343637809104,-0.00553571428571431,0,0,0
"updown",3.5,"RFPOP",0.941428571428571,0.941428571428571,0.941428571428571,1,0.0741594011239183,8,0.94875,0.94875,0.94875,1,0.0740328377139347,8,-0.00732142857142859,-0.00732142857142859,-0.00732142857142859,0,0.000126563409983599,0
"updown",3.5,"SVP MedianMood",0.885714285714286,0.885714285714286,0.885714285714286,1,0.1833785743368,8,0.895,0.895,0.895,1,0.194879256751486,8,-0.00928571428571434,-0.00928571428571434,-0.00928571428571434,0,-0.0115006824146864,0
"updown",3.5,"SVP Wilcoxon",0.888571428571429,0.888571428571429,0.888571428571429,1,0.174243692668244,8,0.904558823529412,0.904166666666667,0.905,0.99,0.171274360871825,8.01,-0.0159873949579832,-0.0155952380952381,-0.0164285714285715,0.01,0.00296933179641862,-0.00999999999999979
"updown",3.6,"PELT",0.152670250583602,0.0830526231912797,0.961428571428571,0,33.1003277265118,83.68,0.171379691744239,0.0941937766571068,0.96625,0,33.1003277265118,83.68,-0.0187094411606367,-0.0111411534658271,-0.00482142857142864,0,0,0
"updown",3.6,"RFPOP",0.94,0.94,0.94,1,0.0778732289232725,8,0.946985294117647,0.946527777777778,0.9475,0.99,0.0799458430238031,8.01,-0.00698529411764715,-0.0065277777777778,-0.00750000000000006,0.01,-0.00207261410053067,-0.00999999999999979
"updown",3.6,"SVP MedianMood",0.871428571428571,0.871428571428571,0.871428571428571,1,0.427482113005256,8,0.88125,0.88125,0.88125,1,0.508206299272181,8,-0.00982142857142854,-0.00982142857142854,-0.00982142857142854,0,-0.080724186266925,0
"updown",3.6,"SVP Wilcoxon",0.874285714285714,0.874285714285714,0.874285714285714,1,0.413656881153006,8,0.891397058823529,0.890416666666667,0.8925,0.98,0.39649610212018,8.02,-0.0171113445378152,-0.0161309523809524,-0.0182142857142857,0.02,0.0171607790328258,-0.0199999999999996
"updown",3.7,"PELT",0.156447229507578,0.0852995784034923,0.967142857142857,0,9.88896103326733,82.48,0.175395290679207,0.0966380508008287,0.97125,0,9.88896103326733,82.48,-0.0189480611716287,-0.0113384723973364,-0.00410714285714286,0,0,0
"updown",3.7,"RFPOP",0.957142857142857,0.957142857142857,0.957142857142857,1,0.0727013800499648,8,0.9625,0.9625,0.9625,1,0.0727013800499648,8,-0.00535714285714284,-0.00535714285714284,-0.00535714285714284,0,0,0
"updown",3.7,"SVP MedianMood",0.885714285714286,0.885714285714286,0.885714285714286,1,0.190315135507021,8,0.90125,0.90125,0.90125,1,0.184345738886139,8,-0.0155357142857143,-0.0155357142857143,-0.0155357142857143,0,0.00596939662088236,0
"updown",3.7,"SVP Wilcoxon",0.89,0.89,0.89,1,0.179516289085999,8,0.90375,0.90375,0.90375,1,0.170450062172763,8,-0.01375,-0.01375,-0.01375,0,0.00906622691323539,0
"updown",3.8,"PELT",0.153373091732026,0.0833947239121103,0.971428571428571,0,39.9041467039206,84.17,0.171974500790483,0.0944709528749406,0.975,0,39.9041467039206,84.17,-0.0186014090584569,-0.0110762289628303,-0.00357142857142856,0,0,0
"updown",3.8,"RFPOP",0.951428571428571,0.951428571428571,0.951428571428571,1,0.076734628473876,8,0.956911764705882,0.956388888888889,0.9575,0.99,0.0806326112371288,8.01,-0.00548319327731095,-0.00496031746031744,-0.00607142857142862,0.01,-0.00389798276325276,-0.00999999999999979
"updown",3.8,"SVP MedianMood",0.872857142857143,0.872857142857143,0.872857142857143,1,0.516207743485256,8,0.88375,0.88375,0.88375,1,0.566201899364594,8,-0.0108928571428571,-0.0108928571428571,-0.0108928571428571,0,-0.0499941558793385,0
"updown",3.8,"SVP Wilcoxon",0.887142857142857,0.887142857142857,0.887142857142857,1,0.473511158430839,8,0.8925,0.8925,0.8925,1,0.468223453720809,8,-0.00535714285714284,-0.00535714285714284,-0.00535714285714284,0,0.00528770471003026,0
"updown",3.9,"PELT",0.156564912388742,0.0852421442332323,0.975714285714286,0,8.89255473952836,82.57,0.175403338701986,0.0964946052895318,0.97875,0,8.89255473952836,82.57,-0.0188384263132435,-0.0112524610562995,-0.00303571428571425,0,0,0
"updown",3.9,"RFPOP",0.947142857142857,0.947142857142857,0.947142857142857,1,0.0811617424636245,8,0.95375,0.95375,0.95375,1,0.0811617424636245,8,-0.00660714285714281,-0.00660714285714281,-0.00660714285714281,0,0,0
"updown",3.9,"SVP MedianMood",0.882857142857143,0.882857142857143,0.882857142857143,1,0.197484791160649,8,0.895,0.895,0.895,1,0.202119118599578,8,-0.0121428571428572,-0.0121428571428572,-0.0121428571428572,0,-0.0046343274389295,0
"updown",3.9,"SVP Wilcoxon",0.885714285714286,0.885714285714286,0.885714285714286,1,0.188964954048233,8,0.888161764705882,0.887638888888889,0.88875,0.99,0.19619522790837,8.01,-0.0024474789915967,-0.00192460317460319,-0.00303571428571436,0.01,-0.00723027386013753,-0.00999999999999979
"updown",4,"PELT",0.155048142105238,0.0843659823005217,0.974285714285714,0,12.1608532250546,83.58,0.173758569344718,0.0955271467966745,0.9775,0,12.1608532250546,83.58,-0.0187104272394791,-0.0111611644961528,-0.00321428571428573,0,0,0
"updown",4,"RFPOP",0.95,0.95,0.95,1,0.0787540066209553,8,0.95625,0.95625,0.95625,1,0.0787540066209553,8,-0.00625000000000009,-0.00625000000000009,-0.00625000000000009,0,0,0
"updown",4,"SVP MedianMood",0.89,0.89,0.89,1,0.235660428853798,8,0.89875,0.89875,0.89875,1,0.265083096904901,8,-0.00875000000000004,-0.00875000000000004,-0.00875000000000004,0,-0.029422668051103,0
"updown",4,"SVP Wilcoxon",0.897142857142857,0.897142857142857,0.897142857142857,1,0.212078022304664,8,0.910735294117647,0.909166666666667,0.9125,0.97,0.206803887848571,8.03,-0.01359243697479,-0.0120238095238095,-0.0153571428571428,0.03,0.00527413445609359,-0.0299999999999994
